Timing Analyzer report for de2_115_setup
Thu Aug 27 10:28:34 2026
Quartus Prime Version 25.1std.0 Build 1129 10/21/2025 SC Lite Edition


---------------------
; Table of Contents ;
---------------------
  1. Legal Notice
  2. Timing Analyzer Summary
  3. Parallel Compilation
  4. SDC File List
  5. Clocks
  6. Slow 1200mV 85C Model Fmax Summary
  7. Timing Closure Recommendations
  8. Slow 1200mV 85C Model Setup Summary
  9. Slow 1200mV 85C Model Hold Summary
 10. Slow 1200mV 85C Model Recovery Summary
 11. Slow 1200mV 85C Model Removal Summary
 12. Slow 1200mV 85C Model Minimum Pulse Width Summary
 13. Slow 1200mV 85C Model Setup: 'altera_reserved_tck'
 14. Slow 1200mV 85C Model Hold: 'altera_reserved_tck'
 15. Slow 1200mV 85C Model Recovery: 'altera_reserved_tck'
 16. Slow 1200mV 85C Model Removal: 'altera_reserved_tck'
 17. Slow 1200mV 85C Model Metastability Summary
 18. Slow 1200mV 0C Model Fmax Summary
 19. Slow 1200mV 0C Model Setup Summary
 20. Slow 1200mV 0C Model Hold Summary
 21. Slow 1200mV 0C Model Recovery Summary
 22. Slow 1200mV 0C Model Removal Summary
 23. Slow 1200mV 0C Model Minimum Pulse Width Summary
 24. Slow 1200mV 0C Model Setup: 'altera_reserved_tck'
 25. Slow 1200mV 0C Model Hold: 'altera_reserved_tck'
 26. Slow 1200mV 0C Model Recovery: 'altera_reserved_tck'
 27. Slow 1200mV 0C Model Removal: 'altera_reserved_tck'
 28. Slow 1200mV 0C Model Metastability Summary
 29. Fast 1200mV 0C Model Setup Summary
 30. Fast 1200mV 0C Model Hold Summary
 31. Fast 1200mV 0C Model Recovery Summary
 32. Fast 1200mV 0C Model Removal Summary
 33. Fast 1200mV 0C Model Minimum Pulse Width Summary
 34. Fast 1200mV 0C Model Setup: 'altera_reserved_tck'
 35. Fast 1200mV 0C Model Hold: 'altera_reserved_tck'
 36. Fast 1200mV 0C Model Recovery: 'altera_reserved_tck'
 37. Fast 1200mV 0C Model Removal: 'altera_reserved_tck'
 38. Fast 1200mV 0C Model Metastability Summary
 39. Multicorner Timing Analysis Summary
 40. Board Trace Model Assignments
 41. Input Transition Times
 42. Signal Integrity Metrics (Slow 1200mv 0c Model)
 43. Signal Integrity Metrics (Slow 1200mv 85c Model)
 44. Signal Integrity Metrics (Fast 1200mv 0c Model)
 45. Setup Transfers
 46. Hold Transfers
 47. Recovery Transfers
 48. Removal Transfers
 49. Report TCCS
 50. Report RSKM
 51. Unconstrained Paths Summary
 52. Clock Status Summary
 53. Unconstrained Input Ports
 54. Unconstrained Output Ports
 55. Unconstrained Input Ports
 56. Unconstrained Output Ports
 57. Timing Analyzer Messages



----------------
; Legal Notice ;
----------------
Copyright (C) 2025  Altera Corporation. All rights reserved.
Your use of Altera Corporation's design tools, logic functions 
and other software and tools, and any partner logic 
functions, and any output files from any of the foregoing 
(including device programming or simulation files), and any 
associated documentation or information are expressly subject 
to the terms and conditions of the Altera Program License 
Subscription Agreement, the Altera Quartus Prime License Agreement,
the Altera IP License Agreement, or other applicable license
agreement, including, without limitation, that your use is for
the sole purpose of programming logic devices manufactured by
Altera and sold by Altera or its authorized distributors.  Please
refer to the Altera Software License Subscription Agreements 
on the Quartus Prime software download page.



+---------------------------------------------------------------------------------+
; Timing Analyzer Summary                                                         ;
+-----------------------+---------------------------------------------------------+
; Quartus Prime Version ; Version 25.1std.0 Build 1129 10/21/2025 SC Lite Edition ;
; Timing Analyzer       ; Legacy Timing Analyzer                                  ;
; Revision Name         ; de2_115_setup                                           ;
; Device Family         ; Cyclone IV E                                            ;
; Device Name           ; EP4CE115F29C7                                           ;
; Timing Models         ; Final                                                   ;
; Delay Model           ; Combined                                                ;
; Rise/Fall Delays      ; Enabled                                                 ;
+-----------------------+---------------------------------------------------------+


+------------------------------------------+
; Parallel Compilation                     ;
+----------------------------+-------------+
; Processors                 ; Number      ;
+----------------------------+-------------+
; Number detected on machine ; 16          ;
; Maximum allowed            ; 10          ;
;                            ;             ;
; Average used               ; 1.64        ;
; Maximum used               ; 10          ;
;                            ;             ;
; Usage by Processor         ; % Time Used ;
;     Processor 1            ; 100.0%      ;
;     Processor 2            ;   7.1%      ;
;     Processors 3-10        ;   7.1%      ;
+----------------------------+-------------+


+----------------------------------------------------------------------------------------------------------------------------------------------------------------------------------------------------------------+
; SDC File List                                                                                                                                                                                                  ;
+----------------------------------------------------------------------------------------------------------------------------------------------------------------------------+--------+--------------------------+
; SDC File Path                                                                                                                                                              ; Status ; Read at                  ;
+----------------------------------------------------------------------------------------------------------------------------------------------------------------------------+--------+--------------------------+
; jtag_to_avalon_mst_brg_01/synthesis/submodules/altera_reset_controller.sdc                                                                                                 ; OK     ; Thu Aug 27 10:28:32 2026 ;
; jtag_to_avalon_mst_brg_01/synthesis/submodules/altera_avalon_st_jtag_interface.sdc                                                                                         ; OK     ; Thu Aug 27 10:28:32 2026 ;
; /media/nisitha/My_Passport/MOODLE/P4_Networking/Compiler_design/quartus_setup/de2_115_setup/db/ip/jtag_to_avalon_mst_brg_01/submodules/altera_avalon_st_jtag_interface.sdc ; OK     ; Thu Aug 27 10:28:32 2026 ;
; /media/nisitha/My_Passport/MOODLE/P4_Networking/Compiler_design/quartus_setup/de2_115_setup/db/ip/jtag_to_avalon_mst_brg_01/submodules/altera_reset_controller.sdc         ; OK     ; Thu Aug 27 10:28:32 2026 ;
+----------------------------------------------------------------------------------------------------------------------------------------------------------------------------+--------+--------------------------+


+-----------------------------------------------------------------------------------------------------------------------------------------------------------------------------------------------------------+
; Clocks                                                                                                                                                                                                    ;
+---------------------+------+---------+-----------+-------+--------+------------+-----------+-------------+-------+--------+-----------+------------+----------+--------+--------+-------------------------+
; Clock Name          ; Type ; Period  ; Frequency ; Rise  ; Fall   ; Duty Cycle ; Divide by ; Multiply by ; Phase ; Offset ; Edge List ; Edge Shift ; Inverted ; Master ; Source ; Targets                 ;
+---------------------+------+---------+-----------+-------+--------+------------+-----------+-------------+-------+--------+-----------+------------+----------+--------+--------+-------------------------+
; altera_reserved_tck ; Base ; 100.000 ; 10.0 MHz  ; 0.000 ; 50.000 ;            ;           ;             ;       ;        ;           ;            ;          ;        ;        ; { altera_reserved_tck } ;
+---------------------+------+---------+-----------+-------+--------+------------+-----------+-------------+-------+--------+-----------+------------+----------+--------+--------+-------------------------+


+----------------------------------------------------------+
; Slow 1200mV 85C Model Fmax Summary                       ;
+-----------+-----------------+---------------------+------+
; Fmax      ; Restricted Fmax ; Clock Name          ; Note ;
+-----------+-----------------+---------------------+------+
; 98.25 MHz ; 98.25 MHz       ; altera_reserved_tck ;      ;
+-----------+-----------------+---------------------+------+
This panel reports FMAX for every clock in the design, regardless of the user-specified clock periods.  FMAX is only computed for paths where the source and destination registers or ports are driven by the same clock.  Paths of different clocks, including generated clocks, are ignored.  For paths between a clock and its inversion, FMAX is computed as if the rising and falling edges are scaled along with FMAX, such that the duty cycle (in terms of a percentage) is maintained. Altera recommends that you always use clock constraints and other slack reports for sign-off analysis.


----------------------------------
; Timing Closure Recommendations ;
----------------------------------
HTML report is unavailable in plain text report export.


+----------------------------------------------+
; Slow 1200mV 85C Model Setup Summary          ;
+---------------------+--------+---------------+
; Clock               ; Slack  ; End Point TNS ;
+---------------------+--------+---------------+
; altera_reserved_tck ; 44.911 ; 0.000         ;
+---------------------+--------+---------------+


+---------------------------------------------+
; Slow 1200mV 85C Model Hold Summary          ;
+---------------------+-------+---------------+
; Clock               ; Slack ; End Point TNS ;
+---------------------+-------+---------------+
; altera_reserved_tck ; 0.403 ; 0.000         ;
+---------------------+-------+---------------+


+----------------------------------------------+
; Slow 1200mV 85C Model Recovery Summary       ;
+---------------------+--------+---------------+
; Clock               ; Slack  ; End Point TNS ;
+---------------------+--------+---------------+
; altera_reserved_tck ; 97.643 ; 0.000         ;
+---------------------+--------+---------------+


+---------------------------------------------+
; Slow 1200mV 85C Model Removal Summary       ;
+---------------------+-------+---------------+
; Clock               ; Slack ; End Point TNS ;
+---------------------+-------+---------------+
; altera_reserved_tck ; 1.203 ; 0.000         ;
+---------------------+-------+---------------+


+---------------------------------------------------+
; Slow 1200mV 85C Model Minimum Pulse Width Summary ;
+---------------------+--------+--------------------+
; Clock               ; Slack  ; End Point TNS      ;
+---------------------+--------+--------------------+
; altera_reserved_tck ; 49.620 ; 0.000              ;
+---------------------+--------+--------------------+


+--------------------------------------------------------------------------------------------------------------------------------------------------------------------------------------------------------------------------------------------------------------------------------------------------------------------------------------------------------------------------------------------------------------------------------------------------------------------------------------------------------------------------------------------------------------------------------------------------------------------------------------------------------------------------------------------------------------------------------------------------------------------------+
; Slow 1200mV 85C Model Setup: 'altera_reserved_tck'                                                                                                                                                                                                                                                                                                                                                                                                                                                                                                                                                                                                                                                                                                                       ;
+--------+-----------------------------------------------------------------------------------------------------------------------------------------------------------------------------------------------------------------------------------------------------------------------------------------------------------------------------------------------------+----------------------------------------------------------------------------------------------------------------------------------------------------------------------------------------------------------------------------------------------------------------------------------------------------------------------+---------------------+---------------------+--------------+------------+------------+
; Slack  ; From Node                                                                                                                                                                                                                                                                                                                                           ; To Node                                                                                                                                                                                                                                                                                                              ; Launch Clock        ; Latch Clock         ; Relationship ; Clock Skew ; Data Delay ;
+--------+-----------------------------------------------------------------------------------------------------------------------------------------------------------------------------------------------------------------------------------------------------------------------------------------------------------------------------------------------------+----------------------------------------------------------------------------------------------------------------------------------------------------------------------------------------------------------------------------------------------------------------------------------------------------------------------+---------------------+---------------------+--------------+------------+------------+
; 44.911 ; sld_hub:auto_hub|alt_sld_fab_with_jtag_input:\instrumentation_fabric_with_node_gen:fabric_gen_new_way:with_jtag_input_gen:instrumentation_fabric|alt_sld_fab:instrumentation_fabric|alt_sld_fab_alt_sld_fab:alt_sld_fab|alt_sld_fab_alt_sld_fab_sldfabric:sldfabric|sld_jtag_hub:\jtag_hub_gen:real_sld_jtag_hub|virtual_ir_scan_reg                ; sld_hub:auto_hub|alt_sld_fab_with_jtag_input:\instrumentation_fabric_with_node_gen:fabric_gen_new_way:with_jtag_input_gen:instrumentation_fabric|alt_sld_fab:instrumentation_fabric|alt_sld_fab_alt_sld_fab:alt_sld_fab|alt_sld_fab_alt_sld_fab_sldfabric:sldfabric|sld_jtag_hub:\jtag_hub_gen:real_sld_jtag_hub|tdo ; altera_reserved_tck ; altera_reserved_tck ; 50.000       ; 0.110      ; 5.217      ;
; 45.436 ; sld_hub:auto_hub|alt_sld_fab_with_jtag_input:\instrumentation_fabric_with_node_gen:fabric_gen_new_way:with_jtag_input_gen:instrumentation_fabric|alt_sld_fab:instrumentation_fabric|alt_sld_fab_alt_sld_fab:alt_sld_fab|splitter_nodes_receive_0[3]                                                                                                 ; sld_hub:auto_hub|alt_sld_fab_with_jtag_input:\instrumentation_fabric_with_node_gen:fabric_gen_new_way:with_jtag_input_gen:instrumentation_fabric|alt_sld_fab:instrumentation_fabric|alt_sld_fab_alt_sld_fab:alt_sld_fab|alt_sld_fab_alt_sld_fab_sldfabric:sldfabric|sld_jtag_hub:\jtag_hub_gen:real_sld_jtag_hub|tdo ; altera_reserved_tck ; altera_reserved_tck ; 50.000       ; 0.111      ; 4.693      ;
; 45.504 ; sld_hub:auto_hub|alt_sld_fab_with_jtag_input:\instrumentation_fabric_with_node_gen:fabric_gen_new_way:with_jtag_input_gen:instrumentation_fabric|alt_sld_fab:instrumentation_fabric|alt_sld_fab_alt_sld_fab:alt_sld_fab|alt_sld_fab_alt_sld_fab_sldfabric:sldfabric|sld_jtag_hub:\jtag_hub_gen:real_sld_jtag_hub|sld_shadow_jsm:shadow_jsm|state[4] ; sld_hub:auto_hub|alt_sld_fab_with_jtag_input:\instrumentation_fabric_with_node_gen:fabric_gen_new_way:with_jtag_input_gen:instrumentation_fabric|alt_sld_fab:instrumentation_fabric|alt_sld_fab_alt_sld_fab:alt_sld_fab|alt_sld_fab_alt_sld_fab_sldfabric:sldfabric|sld_jtag_hub:\jtag_hub_gen:real_sld_jtag_hub|tdo ; altera_reserved_tck ; altera_reserved_tck ; 50.000       ; 0.097      ; 4.611      ;
; 45.811 ; sld_hub:auto_hub|alt_sld_fab_with_jtag_input:\instrumentation_fabric_with_node_gen:fabric_gen_new_way:with_jtag_input_gen:instrumentation_fabric|alt_sld_fab:instrumentation_fabric|alt_sld_fab_alt_sld_fab:alt_sld_fab|alt_sld_fab_alt_sld_fab_sldfabric:sldfabric|sld_jtag_hub:\jtag_hub_gen:real_sld_jtag_hub|irf_reg[1][1]                      ; sld_hub:auto_hub|alt_sld_fab_with_jtag_input:\instrumentation_fabric_with_node_gen:fabric_gen_new_way:with_jtag_input_gen:instrumentation_fabric|alt_sld_fab:instrumentation_fabric|alt_sld_fab_alt_sld_fab:alt_sld_fab|alt_sld_fab_alt_sld_fab_sldfabric:sldfabric|sld_jtag_hub:\jtag_hub_gen:real_sld_jtag_hub|tdo ; altera_reserved_tck ; altera_reserved_tck ; 50.000       ; 0.126      ; 4.333      ;
; 46.064 ; sld_hub:auto_hub|alt_sld_fab_with_jtag_input:\instrumentation_fabric_with_node_gen:fabric_gen_new_way:with_jtag_input_gen:instrumentation_fabric|alt_sld_fab:instrumentation_fabric|alt_sld_fab_alt_sld_fab:alt_sld_fab|alt_sld_fab_alt_sld_fab_sldfabric:sldfabric|sld_jtag_hub:\jtag_hub_gen:real_sld_jtag_hub|irf_reg[1][2]                      ; sld_hub:auto_hub|alt_sld_fab_with_jtag_input:\instrumentation_fabric_with_node_gen:fabric_gen_new_way:with_jtag_input_gen:instrumentation_fabric|alt_sld_fab:instrumentation_fabric|alt_sld_fab_alt_sld_fab:alt_sld_fab|alt_sld_fab_alt_sld_fab_sldfabric:sldfabric|sld_jtag_hub:\jtag_hub_gen:real_sld_jtag_hub|tdo ; altera_reserved_tck ; altera_reserved_tck ; 50.000       ; 0.126      ; 4.080      ;
; 46.215 ; sld_hub:auto_hub|alt_sld_fab_with_jtag_input:\instrumentation_fabric_with_node_gen:fabric_gen_new_way:with_jtag_input_gen:instrumentation_fabric|alt_sld_fab:instrumentation_fabric|alt_sld_fab_alt_sld_fab:alt_sld_fab|alt_sld_fab_alt_sld_fab_sldfabric:sldfabric|sld_jtag_hub:\jtag_hub_gen:real_sld_jtag_hub|irf_reg[1][0]                      ; sld_hub:auto_hub|alt_sld_fab_with_jtag_input:\instrumentation_fabric_with_node_gen:fabric_gen_new_way:with_jtag_input_gen:instrumentation_fabric|alt_sld_fab:instrumentation_fabric|alt_sld_fab_alt_sld_fab:alt_sld_fab|alt_sld_fab_alt_sld_fab_sldfabric:sldfabric|sld_jtag_hub:\jtag_hub_gen:real_sld_jtag_hub|tdo ; altera_reserved_tck ; altera_reserved_tck ; 50.000       ; 0.126      ; 3.929      ;
; 46.264 ; sld_hub:auto_hub|alt_sld_fab_with_jtag_input:\instrumentation_fabric_with_node_gen:fabric_gen_new_way:with_jtag_input_gen:instrumentation_fabric|alt_sld_fab:instrumentation_fabric|alt_sld_fab_alt_sld_fab:alt_sld_fab|alt_sld_fab_alt_sld_fab_sldfabric:sldfabric|sld_jtag_hub:\jtag_hub_gen:real_sld_jtag_hub|irsr_reg[0]                        ; sld_hub:auto_hub|alt_sld_fab_with_jtag_input:\instrumentation_fabric_with_node_gen:fabric_gen_new_way:with_jtag_input_gen:instrumentation_fabric|alt_sld_fab:instrumentation_fabric|alt_sld_fab_alt_sld_fab:alt_sld_fab|alt_sld_fab_alt_sld_fab_sldfabric:sldfabric|sld_jtag_hub:\jtag_hub_gen:real_sld_jtag_hub|tdo ; altera_reserved_tck ; altera_reserved_tck ; 50.000       ; 0.113      ; 3.867      ;
; 46.312 ; sld_hub:auto_hub|alt_sld_fab_with_jtag_input:\instrumentation_fabric_with_node_gen:fabric_gen_new_way:with_jtag_input_gen:instrumentation_fabric|alt_sld_fab:instrumentation_fabric|alt_sld_fab_alt_sld_fab:alt_sld_fab|alt_sld_fab_alt_sld_fab_sldfabric:sldfabric|sld_jtag_hub:\jtag_hub_gen:real_sld_jtag_hub|sld_shadow_jsm:shadow_jsm|state[3] ; sld_hub:auto_hub|alt_sld_fab_with_jtag_input:\instrumentation_fabric_with_node_gen:fabric_gen_new_way:with_jtag_input_gen:instrumentation_fabric|alt_sld_fab:instrumentation_fabric|alt_sld_fab_alt_sld_fab:alt_sld_fab|alt_sld_fab_alt_sld_fab_sldfabric:sldfabric|sld_jtag_hub:\jtag_hub_gen:real_sld_jtag_hub|tdo ; altera_reserved_tck ; altera_reserved_tck ; 50.000       ; 0.097      ; 3.803      ;
; 46.345 ; sld_hub:auto_hub|alt_sld_fab_with_jtag_input:\instrumentation_fabric_with_node_gen:fabric_gen_new_way:with_jtag_input_gen:instrumentation_fabric|alt_sld_fab:instrumentation_fabric|alt_sld_fab_alt_sld_fab:alt_sld_fab|alt_sld_fab_alt_sld_fab_sldfabric:sldfabric|sld_jtag_hub:\jtag_hub_gen:real_sld_jtag_hub|irsr_reg[1]                        ; sld_hub:auto_hub|alt_sld_fab_with_jtag_input:\instrumentation_fabric_with_node_gen:fabric_gen_new_way:with_jtag_input_gen:instrumentation_fabric|alt_sld_fab:instrumentation_fabric|alt_sld_fab_alt_sld_fab:alt_sld_fab|alt_sld_fab_alt_sld_fab_sldfabric:sldfabric|sld_jtag_hub:\jtag_hub_gen:real_sld_jtag_hub|tdo ; altera_reserved_tck ; altera_reserved_tck ; 50.000       ; 0.113      ; 3.786      ;
; 46.350 ; jtag_to_avalon_mst_brg_01:u_jtag_avmm|jtag_to_avalon_mst_brg_01_master_0:master_0|altera_avalon_st_jtag_interface:jtag_phy_embedded_in_jtag_master|altera_jtag_dc_streaming:normal.jtag_dc_streaming|altera_jtag_streaming:jtag_streaming|dr_data_out[0]                                                                                            ; sld_hub:auto_hub|alt_sld_fab_with_jtag_input:\instrumentation_fabric_with_node_gen:fabric_gen_new_way:with_jtag_input_gen:instrumentation_fabric|alt_sld_fab:instrumentation_fabric|alt_sld_fab_alt_sld_fab:alt_sld_fab|alt_sld_fab_alt_sld_fab_sldfabric:sldfabric|sld_jtag_hub:\jtag_hub_gen:real_sld_jtag_hub|tdo ; altera_reserved_tck ; altera_reserved_tck ; 50.000       ; 0.111      ; 3.779      ;
; 46.422 ; jtag_to_avalon_mst_brg_01:u_jtag_avmm|jtag_to_avalon_mst_brg_01_master_0:master_0|altera_avalon_st_jtag_interface:jtag_phy_embedded_in_jtag_master|altera_jtag_dc_streaming:normal.jtag_dc_streaming|altera_jtag_streaming:jtag_streaming|dr_info[0]                                                                                                ; sld_hub:auto_hub|alt_sld_fab_with_jtag_input:\instrumentation_fabric_with_node_gen:fabric_gen_new_way:with_jtag_input_gen:instrumentation_fabric|alt_sld_fab:instrumentation_fabric|alt_sld_fab_alt_sld_fab:alt_sld_fab|alt_sld_fab_alt_sld_fab_sldfabric:sldfabric|sld_jtag_hub:\jtag_hub_gen:real_sld_jtag_hub|tdo ; altera_reserved_tck ; altera_reserved_tck ; 50.000       ; 0.107      ; 3.703      ;
; 46.434 ; sld_hub:auto_hub|alt_sld_fab_with_jtag_input:\instrumentation_fabric_with_node_gen:fabric_gen_new_way:with_jtag_input_gen:instrumentation_fabric|alt_sld_fab:instrumentation_fabric|alt_sld_fab_alt_sld_fab:alt_sld_fab|alt_sld_fab_alt_sld_fab_sldfabric:sldfabric|sld_jtag_hub:\jtag_hub_gen:real_sld_jtag_hub|irsr_reg[2]                        ; sld_hub:auto_hub|alt_sld_fab_with_jtag_input:\instrumentation_fabric_with_node_gen:fabric_gen_new_way:with_jtag_input_gen:instrumentation_fabric|alt_sld_fab:instrumentation_fabric|alt_sld_fab_alt_sld_fab:alt_sld_fab|alt_sld_fab_alt_sld_fab_sldfabric:sldfabric|sld_jtag_hub:\jtag_hub_gen:real_sld_jtag_hub|tdo ; altera_reserved_tck ; altera_reserved_tck ; 50.000       ; 0.113      ; 3.697      ;
; 46.435 ; jtag_to_avalon_mst_brg_01:u_jtag_avmm|jtag_to_avalon_mst_brg_01_master_0:master_0|altera_avalon_st_jtag_interface:jtag_phy_embedded_in_jtag_master|altera_jtag_dc_streaming:normal.jtag_dc_streaming|altera_jtag_streaming:jtag_streaming|dr_control[0]                                                                                             ; sld_hub:auto_hub|alt_sld_fab_with_jtag_input:\instrumentation_fabric_with_node_gen:fabric_gen_new_way:with_jtag_input_gen:instrumentation_fabric|alt_sld_fab:instrumentation_fabric|alt_sld_fab_alt_sld_fab:alt_sld_fab|alt_sld_fab_alt_sld_fab_sldfabric:sldfabric|sld_jtag_hub:\jtag_hub_gen:real_sld_jtag_hub|tdo ; altera_reserved_tck ; altera_reserved_tck ; 50.000       ; 0.127      ; 3.710      ;
; 46.549 ; jtag_to_avalon_mst_brg_01:u_jtag_avmm|jtag_to_avalon_mst_brg_01_master_0:master_0|altera_avalon_st_jtag_interface:jtag_phy_embedded_in_jtag_master|altera_jtag_dc_streaming:normal.jtag_dc_streaming|altera_jtag_streaming:jtag_streaming|dr_loopback                                                                                               ; sld_hub:auto_hub|alt_sld_fab_with_jtag_input:\instrumentation_fabric_with_node_gen:fabric_gen_new_way:with_jtag_input_gen:instrumentation_fabric|alt_sld_fab:instrumentation_fabric|alt_sld_fab_alt_sld_fab:alt_sld_fab|alt_sld_fab_alt_sld_fab_sldfabric:sldfabric|sld_jtag_hub:\jtag_hub_gen:real_sld_jtag_hub|tdo ; altera_reserved_tck ; altera_reserved_tck ; 50.000       ; 0.123      ; 3.592      ;
; 47.014 ; sld_hub:auto_hub|alt_sld_fab_with_jtag_input:\instrumentation_fabric_with_node_gen:fabric_gen_new_way:with_jtag_input_gen:instrumentation_fabric|alt_sld_fab:instrumentation_fabric|alt_sld_fab_alt_sld_fab:alt_sld_fab|alt_sld_fab_alt_sld_fab_sldfabric:sldfabric|sld_jtag_hub:\jtag_hub_gen:real_sld_jtag_hub|irsr_reg[4]                        ; sld_hub:auto_hub|alt_sld_fab_with_jtag_input:\instrumentation_fabric_with_node_gen:fabric_gen_new_way:with_jtag_input_gen:instrumentation_fabric|alt_sld_fab:instrumentation_fabric|alt_sld_fab_alt_sld_fab:alt_sld_fab|alt_sld_fab_alt_sld_fab_sldfabric:sldfabric|sld_jtag_hub:\jtag_hub_gen:real_sld_jtag_hub|tdo ; altera_reserved_tck ; altera_reserved_tck ; 50.000       ; 0.113      ; 3.117      ;
; 47.068 ; jtag_to_avalon_mst_brg_01:u_jtag_avmm|jtag_to_avalon_mst_brg_01_master_0:master_0|altera_avalon_st_jtag_interface:jtag_phy_embedded_in_jtag_master|altera_jtag_dc_streaming:normal.jtag_dc_streaming|altera_jtag_streaming:jtag_streaming|dr_debug[0]                                                                                               ; sld_hub:auto_hub|alt_sld_fab_with_jtag_input:\instrumentation_fabric_with_node_gen:fabric_gen_new_way:with_jtag_input_gen:instrumentation_fabric|alt_sld_fab:instrumentation_fabric|alt_sld_fab_alt_sld_fab:alt_sld_fab|alt_sld_fab_alt_sld_fab_sldfabric:sldfabric|sld_jtag_hub:\jtag_hub_gen:real_sld_jtag_hub|tdo ; altera_reserved_tck ; altera_reserved_tck ; 50.000       ; 0.123      ; 3.073      ;
; 47.177 ; sld_hub:auto_hub|alt_sld_fab_with_jtag_input:\instrumentation_fabric_with_node_gen:fabric_gen_new_way:with_jtag_input_gen:instrumentation_fabric|alt_sld_fab:instrumentation_fabric|alt_sld_fab_alt_sld_fab:alt_sld_fab|alt_sld_fab_alt_sld_fab_sldfabric:sldfabric|sld_jtag_hub:\jtag_hub_gen:real_sld_jtag_hub|tdo_bypass_reg                     ; sld_hub:auto_hub|alt_sld_fab_with_jtag_input:\instrumentation_fabric_with_node_gen:fabric_gen_new_way:with_jtag_input_gen:instrumentation_fabric|alt_sld_fab:instrumentation_fabric|alt_sld_fab_alt_sld_fab:alt_sld_fab|alt_sld_fab_alt_sld_fab_sldfabric:sldfabric|sld_jtag_hub:\jtag_hub_gen:real_sld_jtag_hub|tdo ; altera_reserved_tck ; altera_reserved_tck ; 50.000       ; 0.097      ; 2.938      ;
; 47.694 ; sld_hub:auto_hub|alt_sld_fab_with_jtag_input:\instrumentation_fabric_with_node_gen:fabric_gen_new_way:with_jtag_input_gen:instrumentation_fabric|alt_sld_fab:instrumentation_fabric|alt_sld_fab_alt_sld_fab:alt_sld_fab|alt_sld_fab_alt_sld_fab_sldfabric:sldfabric|sld_jtag_hub:\jtag_hub_gen:real_sld_jtag_hub|hub_minor_ver_reg[0]               ; sld_hub:auto_hub|alt_sld_fab_with_jtag_input:\instrumentation_fabric_with_node_gen:fabric_gen_new_way:with_jtag_input_gen:instrumentation_fabric|alt_sld_fab:instrumentation_fabric|alt_sld_fab_alt_sld_fab:alt_sld_fab|alt_sld_fab_alt_sld_fab_sldfabric:sldfabric|sld_jtag_hub:\jtag_hub_gen:real_sld_jtag_hub|tdo ; altera_reserved_tck ; altera_reserved_tck ; 50.000       ; 0.126      ; 2.450      ;
; 47.800 ; sld_hub:auto_hub|alt_sld_fab_with_jtag_input:\instrumentation_fabric_with_node_gen:fabric_gen_new_way:with_jtag_input_gen:instrumentation_fabric|alt_sld_fab:instrumentation_fabric|alt_sld_fab_alt_sld_fab:alt_sld_fab|alt_sld_fab_alt_sld_fab_sldfabric:sldfabric|sld_jtag_hub:\jtag_hub_gen:real_sld_jtag_hub|sld_rom_sr:hub_info_reg|WORD_SR[0] ; sld_hub:auto_hub|alt_sld_fab_with_jtag_input:\instrumentation_fabric_with_node_gen:fabric_gen_new_way:with_jtag_input_gen:instrumentation_fabric|alt_sld_fab:instrumentation_fabric|alt_sld_fab_alt_sld_fab:alt_sld_fab|alt_sld_fab_alt_sld_fab_sldfabric:sldfabric|sld_jtag_hub:\jtag_hub_gen:real_sld_jtag_hub|tdo ; altera_reserved_tck ; altera_reserved_tck ; 50.000       ; 0.108      ; 2.326      ;
; 47.916 ; sld_hub:auto_hub|alt_sld_fab_with_jtag_input:\instrumentation_fabric_with_node_gen:fabric_gen_new_way:with_jtag_input_gen:instrumentation_fabric|alt_sld_fab:instrumentation_fabric|alt_sld_fab_alt_sld_fab:alt_sld_fab|alt_sld_fab_alt_sld_fab_sldfabric:sldfabric|sld_jtag_hub:\jtag_hub_gen:real_sld_jtag_hub|sld_shadow_jsm:shadow_jsm|state[8] ; sld_hub:auto_hub|alt_sld_fab_with_jtag_input:\instrumentation_fabric_with_node_gen:fabric_gen_new_way:with_jtag_input_gen:instrumentation_fabric|alt_sld_fab:instrumentation_fabric|alt_sld_fab_alt_sld_fab:alt_sld_fab|alt_sld_fab_alt_sld_fab_sldfabric:sldfabric|sld_jtag_hub:\jtag_hub_gen:real_sld_jtag_hub|tdo ; altera_reserved_tck ; altera_reserved_tck ; 50.000       ; 0.097      ; 2.199      ;
; 48.126 ; sld_hub:auto_hub|alt_sld_fab_with_jtag_input:\instrumentation_fabric_with_node_gen:fabric_gen_new_way:with_jtag_input_gen:instrumentation_fabric|alt_sld_fab:instrumentation_fabric|alt_sld_fab_alt_sld_fab:alt_sld_fab|alt_sld_fab_alt_sld_fab_sldfabric:sldfabric|sld_jtag_hub:\jtag_hub_gen:real_sld_jtag_hub|design_hash_reg[0]                 ; sld_hub:auto_hub|alt_sld_fab_with_jtag_input:\instrumentation_fabric_with_node_gen:fabric_gen_new_way:with_jtag_input_gen:instrumentation_fabric|alt_sld_fab:instrumentation_fabric|alt_sld_fab_alt_sld_fab:alt_sld_fab|alt_sld_fab_alt_sld_fab_sldfabric:sldfabric|sld_jtag_hub:\jtag_hub_gen:real_sld_jtag_hub|tdo ; altera_reserved_tck ; altera_reserved_tck ; 50.000       ; 0.126      ; 2.018      ;
; 92.431 ; sld_hub:auto_hub|alt_sld_fab_with_jtag_input:\instrumentation_fabric_with_node_gen:fabric_gen_new_way:with_jtag_input_gen:instrumentation_fabric|alt_sld_fab:instrumentation_fabric|alt_sld_fab_alt_sld_fab:alt_sld_fab|alt_sld_fab_alt_sld_fab_sldfabric:sldfabric|sld_jtag_hub:\jtag_hub_gen:real_sld_jtag_hub|virtual_ir_scan_reg                ; jtag_to_avalon_mst_brg_01:u_jtag_avmm|jtag_to_avalon_mst_brg_01_master_0:master_0|altera_avalon_st_jtag_interface:jtag_phy_embedded_in_jtag_master|altera_jtag_dc_streaming:normal.jtag_dc_streaming|altera_jtag_streaming:jtag_streaming|valid_write_data_length_byte_counter[3]                                    ; altera_reserved_tck ; altera_reserved_tck ; 100.000      ; -0.075     ; 7.512      ;
; 92.431 ; sld_hub:auto_hub|alt_sld_fab_with_jtag_input:\instrumentation_fabric_with_node_gen:fabric_gen_new_way:with_jtag_input_gen:instrumentation_fabric|alt_sld_fab:instrumentation_fabric|alt_sld_fab_alt_sld_fab:alt_sld_fab|alt_sld_fab_alt_sld_fab_sldfabric:sldfabric|sld_jtag_hub:\jtag_hub_gen:real_sld_jtag_hub|virtual_ir_scan_reg                ; jtag_to_avalon_mst_brg_01:u_jtag_avmm|jtag_to_avalon_mst_brg_01_master_0:master_0|altera_avalon_st_jtag_interface:jtag_phy_embedded_in_jtag_master|altera_jtag_dc_streaming:normal.jtag_dc_streaming|altera_jtag_streaming:jtag_streaming|valid_write_data_length_byte_counter[4]                                    ; altera_reserved_tck ; altera_reserved_tck ; 100.000      ; -0.075     ; 7.512      ;
; 92.431 ; sld_hub:auto_hub|alt_sld_fab_with_jtag_input:\instrumentation_fabric_with_node_gen:fabric_gen_new_way:with_jtag_input_gen:instrumentation_fabric|alt_sld_fab:instrumentation_fabric|alt_sld_fab_alt_sld_fab:alt_sld_fab|alt_sld_fab_alt_sld_fab_sldfabric:sldfabric|sld_jtag_hub:\jtag_hub_gen:real_sld_jtag_hub|virtual_ir_scan_reg                ; jtag_to_avalon_mst_brg_01:u_jtag_avmm|jtag_to_avalon_mst_brg_01_master_0:master_0|altera_avalon_st_jtag_interface:jtag_phy_embedded_in_jtag_master|altera_jtag_dc_streaming:normal.jtag_dc_streaming|altera_jtag_streaming:jtag_streaming|valid_write_data_length_byte_counter[6]                                    ; altera_reserved_tck ; altera_reserved_tck ; 100.000      ; -0.075     ; 7.512      ;
; 92.442 ; sld_hub:auto_hub|alt_sld_fab_with_jtag_input:\instrumentation_fabric_with_node_gen:fabric_gen_new_way:with_jtag_input_gen:instrumentation_fabric|alt_sld_fab:instrumentation_fabric|alt_sld_fab_alt_sld_fab:alt_sld_fab|alt_sld_fab_alt_sld_fab_sldfabric:sldfabric|sld_jtag_hub:\jtag_hub_gen:real_sld_jtag_hub|virtual_ir_scan_reg                ; jtag_to_avalon_mst_brg_01:u_jtag_avmm|jtag_to_avalon_mst_brg_01_master_0:master_0|altera_avalon_st_jtag_interface:jtag_phy_embedded_in_jtag_master|altera_jtag_dc_streaming:normal.jtag_dc_streaming|altera_jtag_streaming:jtag_streaming|valid_write_data_length_byte_counter[0]                                    ; altera_reserved_tck ; altera_reserved_tck ; 100.000      ; -0.073     ; 7.503      ;
; 92.442 ; sld_hub:auto_hub|alt_sld_fab_with_jtag_input:\instrumentation_fabric_with_node_gen:fabric_gen_new_way:with_jtag_input_gen:instrumentation_fabric|alt_sld_fab:instrumentation_fabric|alt_sld_fab_alt_sld_fab:alt_sld_fab|alt_sld_fab_alt_sld_fab_sldfabric:sldfabric|sld_jtag_hub:\jtag_hub_gen:real_sld_jtag_hub|virtual_ir_scan_reg                ; jtag_to_avalon_mst_brg_01:u_jtag_avmm|jtag_to_avalon_mst_brg_01_master_0:master_0|altera_avalon_st_jtag_interface:jtag_phy_embedded_in_jtag_master|altera_jtag_dc_streaming:normal.jtag_dc_streaming|altera_jtag_streaming:jtag_streaming|valid_write_data_length_byte_counter[1]                                    ; altera_reserved_tck ; altera_reserved_tck ; 100.000      ; -0.073     ; 7.503      ;
; 92.442 ; sld_hub:auto_hub|alt_sld_fab_with_jtag_input:\instrumentation_fabric_with_node_gen:fabric_gen_new_way:with_jtag_input_gen:instrumentation_fabric|alt_sld_fab:instrumentation_fabric|alt_sld_fab_alt_sld_fab:alt_sld_fab|alt_sld_fab_alt_sld_fab_sldfabric:sldfabric|sld_jtag_hub:\jtag_hub_gen:real_sld_jtag_hub|virtual_ir_scan_reg                ; jtag_to_avalon_mst_brg_01:u_jtag_avmm|jtag_to_avalon_mst_brg_01_master_0:master_0|altera_avalon_st_jtag_interface:jtag_phy_embedded_in_jtag_master|altera_jtag_dc_streaming:normal.jtag_dc_streaming|altera_jtag_streaming:jtag_streaming|valid_write_data_length_byte_counter[2]                                    ; altera_reserved_tck ; altera_reserved_tck ; 100.000      ; -0.073     ; 7.503      ;
; 92.442 ; sld_hub:auto_hub|alt_sld_fab_with_jtag_input:\instrumentation_fabric_with_node_gen:fabric_gen_new_way:with_jtag_input_gen:instrumentation_fabric|alt_sld_fab:instrumentation_fabric|alt_sld_fab_alt_sld_fab:alt_sld_fab|alt_sld_fab_alt_sld_fab_sldfabric:sldfabric|sld_jtag_hub:\jtag_hub_gen:real_sld_jtag_hub|virtual_ir_scan_reg                ; jtag_to_avalon_mst_brg_01:u_jtag_avmm|jtag_to_avalon_mst_brg_01_master_0:master_0|altera_avalon_st_jtag_interface:jtag_phy_embedded_in_jtag_master|altera_jtag_dc_streaming:normal.jtag_dc_streaming|altera_jtag_streaming:jtag_streaming|valid_write_data_length_byte_counter[5]                                    ; altera_reserved_tck ; altera_reserved_tck ; 100.000      ; -0.073     ; 7.503      ;
; 92.442 ; sld_hub:auto_hub|alt_sld_fab_with_jtag_input:\instrumentation_fabric_with_node_gen:fabric_gen_new_way:with_jtag_input_gen:instrumentation_fabric|alt_sld_fab:instrumentation_fabric|alt_sld_fab_alt_sld_fab:alt_sld_fab|alt_sld_fab_alt_sld_fab_sldfabric:sldfabric|sld_jtag_hub:\jtag_hub_gen:real_sld_jtag_hub|virtual_ir_scan_reg                ; jtag_to_avalon_mst_brg_01:u_jtag_avmm|jtag_to_avalon_mst_brg_01_master_0:master_0|altera_avalon_st_jtag_interface:jtag_phy_embedded_in_jtag_master|altera_jtag_dc_streaming:normal.jtag_dc_streaming|altera_jtag_streaming:jtag_streaming|valid_write_data_length_byte_counter[7]                                    ; altera_reserved_tck ; altera_reserved_tck ; 100.000      ; -0.073     ; 7.503      ;
; 92.511 ; sld_hub:auto_hub|alt_sld_fab_with_jtag_input:\instrumentation_fabric_with_node_gen:fabric_gen_new_way:with_jtag_input_gen:instrumentation_fabric|alt_sld_fab:instrumentation_fabric|alt_sld_fab_alt_sld_fab:alt_sld_fab|alt_sld_fab_alt_sld_fab_sldfabric:sldfabric|sld_jtag_hub:\jtag_hub_gen:real_sld_jtag_hub|virtual_ir_scan_reg                ; jtag_to_avalon_mst_brg_01:u_jtag_avmm|jtag_to_avalon_mst_brg_01_master_0:master_0|altera_avalon_st_jtag_interface:jtag_phy_embedded_in_jtag_master|altera_jtag_dc_streaming:normal.jtag_dc_streaming|altera_jtag_streaming:jtag_streaming|valid_write_data_length_byte_counter[8]                                    ; altera_reserved_tck ; altera_reserved_tck ; 100.000      ; -0.077     ; 7.430      ;
; 92.511 ; sld_hub:auto_hub|alt_sld_fab_with_jtag_input:\instrumentation_fabric_with_node_gen:fabric_gen_new_way:with_jtag_input_gen:instrumentation_fabric|alt_sld_fab:instrumentation_fabric|alt_sld_fab_alt_sld_fab:alt_sld_fab|alt_sld_fab_alt_sld_fab_sldfabric:sldfabric|sld_jtag_hub:\jtag_hub_gen:real_sld_jtag_hub|virtual_ir_scan_reg                ; jtag_to_avalon_mst_brg_01:u_jtag_avmm|jtag_to_avalon_mst_brg_01_master_0:master_0|altera_avalon_st_jtag_interface:jtag_phy_embedded_in_jtag_master|altera_jtag_dc_streaming:normal.jtag_dc_streaming|altera_jtag_streaming:jtag_streaming|valid_write_data_length_byte_counter[9]                                    ; altera_reserved_tck ; altera_reserved_tck ; 100.000      ; -0.077     ; 7.430      ;
; 92.511 ; sld_hub:auto_hub|alt_sld_fab_with_jtag_input:\instrumentation_fabric_with_node_gen:fabric_gen_new_way:with_jtag_input_gen:instrumentation_fabric|alt_sld_fab:instrumentation_fabric|alt_sld_fab_alt_sld_fab:alt_sld_fab|alt_sld_fab_alt_sld_fab_sldfabric:sldfabric|sld_jtag_hub:\jtag_hub_gen:real_sld_jtag_hub|virtual_ir_scan_reg                ; jtag_to_avalon_mst_brg_01:u_jtag_avmm|jtag_to_avalon_mst_brg_01_master_0:master_0|altera_avalon_st_jtag_interface:jtag_phy_embedded_in_jtag_master|altera_jtag_dc_streaming:normal.jtag_dc_streaming|altera_jtag_streaming:jtag_streaming|valid_write_data_length_byte_counter[10]                                   ; altera_reserved_tck ; altera_reserved_tck ; 100.000      ; -0.077     ; 7.430      ;
; 92.511 ; sld_hub:auto_hub|alt_sld_fab_with_jtag_input:\instrumentation_fabric_with_node_gen:fabric_gen_new_way:with_jtag_input_gen:instrumentation_fabric|alt_sld_fab:instrumentation_fabric|alt_sld_fab_alt_sld_fab:alt_sld_fab|alt_sld_fab_alt_sld_fab_sldfabric:sldfabric|sld_jtag_hub:\jtag_hub_gen:real_sld_jtag_hub|virtual_ir_scan_reg                ; jtag_to_avalon_mst_brg_01:u_jtag_avmm|jtag_to_avalon_mst_brg_01_master_0:master_0|altera_avalon_st_jtag_interface:jtag_phy_embedded_in_jtag_master|altera_jtag_dc_streaming:normal.jtag_dc_streaming|altera_jtag_streaming:jtag_streaming|valid_write_data_length_byte_counter[11]                                   ; altera_reserved_tck ; altera_reserved_tck ; 100.000      ; -0.077     ; 7.430      ;
; 92.511 ; sld_hub:auto_hub|alt_sld_fab_with_jtag_input:\instrumentation_fabric_with_node_gen:fabric_gen_new_way:with_jtag_input_gen:instrumentation_fabric|alt_sld_fab:instrumentation_fabric|alt_sld_fab_alt_sld_fab:alt_sld_fab|alt_sld_fab_alt_sld_fab_sldfabric:sldfabric|sld_jtag_hub:\jtag_hub_gen:real_sld_jtag_hub|virtual_ir_scan_reg                ; jtag_to_avalon_mst_brg_01:u_jtag_avmm|jtag_to_avalon_mst_brg_01_master_0:master_0|altera_avalon_st_jtag_interface:jtag_phy_embedded_in_jtag_master|altera_jtag_dc_streaming:normal.jtag_dc_streaming|altera_jtag_streaming:jtag_streaming|valid_write_data_length_byte_counter[13]                                   ; altera_reserved_tck ; altera_reserved_tck ; 100.000      ; -0.077     ; 7.430      ;
; 92.676 ; sld_hub:auto_hub|alt_sld_fab_with_jtag_input:\instrumentation_fabric_with_node_gen:fabric_gen_new_way:with_jtag_input_gen:instrumentation_fabric|alt_sld_fab:instrumentation_fabric|alt_sld_fab_alt_sld_fab:alt_sld_fab|alt_sld_fab_alt_sld_fab_sldfabric:sldfabric|sld_jtag_hub:\jtag_hub_gen:real_sld_jtag_hub|virtual_ir_scan_reg                ; jtag_to_avalon_mst_brg_01:u_jtag_avmm|jtag_to_avalon_mst_brg_01_master_0:master_0|altera_avalon_st_jtag_interface:jtag_phy_embedded_in_jtag_master|altera_jtag_dc_streaming:normal.jtag_dc_streaming|altera_jtag_streaming:jtag_streaming|valid_write_data_length_byte_counter[12]                                   ; altera_reserved_tck ; altera_reserved_tck ; 100.000      ; -0.079     ; 7.263      ;
; 92.676 ; sld_hub:auto_hub|alt_sld_fab_with_jtag_input:\instrumentation_fabric_with_node_gen:fabric_gen_new_way:with_jtag_input_gen:instrumentation_fabric|alt_sld_fab:instrumentation_fabric|alt_sld_fab_alt_sld_fab:alt_sld_fab|alt_sld_fab_alt_sld_fab_sldfabric:sldfabric|sld_jtag_hub:\jtag_hub_gen:real_sld_jtag_hub|virtual_ir_scan_reg                ; jtag_to_avalon_mst_brg_01:u_jtag_avmm|jtag_to_avalon_mst_brg_01_master_0:master_0|altera_avalon_st_jtag_interface:jtag_phy_embedded_in_jtag_master|altera_jtag_dc_streaming:normal.jtag_dc_streaming|altera_jtag_streaming:jtag_streaming|valid_write_data_length_byte_counter[14]                                   ; altera_reserved_tck ; altera_reserved_tck ; 100.000      ; -0.079     ; 7.263      ;
; 92.704 ; sld_hub:auto_hub|alt_sld_fab_with_jtag_input:\instrumentation_fabric_with_node_gen:fabric_gen_new_way:with_jtag_input_gen:instrumentation_fabric|alt_sld_fab:instrumentation_fabric|alt_sld_fab_alt_sld_fab:alt_sld_fab|alt_sld_fab_alt_sld_fab_sldfabric:sldfabric|sld_jtag_hub:\jtag_hub_gen:real_sld_jtag_hub|virtual_ir_scan_reg                ; jtag_to_avalon_mst_brg_01:u_jtag_avmm|jtag_to_avalon_mst_brg_01_master_0:master_0|altera_avalon_st_jtag_interface:jtag_phy_embedded_in_jtag_master|altera_jtag_dc_streaming:normal.jtag_dc_streaming|altera_jtag_streaming:jtag_streaming|valid_write_data_length_byte_counter[17]                                   ; altera_reserved_tck ; altera_reserved_tck ; 100.000      ; -0.081     ; 7.233      ;
; 92.704 ; sld_hub:auto_hub|alt_sld_fab_with_jtag_input:\instrumentation_fabric_with_node_gen:fabric_gen_new_way:with_jtag_input_gen:instrumentation_fabric|alt_sld_fab:instrumentation_fabric|alt_sld_fab_alt_sld_fab:alt_sld_fab|alt_sld_fab_alt_sld_fab_sldfabric:sldfabric|sld_jtag_hub:\jtag_hub_gen:real_sld_jtag_hub|virtual_ir_scan_reg                ; jtag_to_avalon_mst_brg_01:u_jtag_avmm|jtag_to_avalon_mst_brg_01_master_0:master_0|altera_avalon_st_jtag_interface:jtag_phy_embedded_in_jtag_master|altera_jtag_dc_streaming:normal.jtag_dc_streaming|altera_jtag_streaming:jtag_streaming|valid_write_data_length_byte_counter[15]                                   ; altera_reserved_tck ; altera_reserved_tck ; 100.000      ; -0.081     ; 7.233      ;
; 92.704 ; sld_hub:auto_hub|alt_sld_fab_with_jtag_input:\instrumentation_fabric_with_node_gen:fabric_gen_new_way:with_jtag_input_gen:instrumentation_fabric|alt_sld_fab:instrumentation_fabric|alt_sld_fab_alt_sld_fab:alt_sld_fab|alt_sld_fab_alt_sld_fab_sldfabric:sldfabric|sld_jtag_hub:\jtag_hub_gen:real_sld_jtag_hub|virtual_ir_scan_reg                ; jtag_to_avalon_mst_brg_01:u_jtag_avmm|jtag_to_avalon_mst_brg_01_master_0:master_0|altera_avalon_st_jtag_interface:jtag_phy_embedded_in_jtag_master|altera_jtag_dc_streaming:normal.jtag_dc_streaming|altera_jtag_streaming:jtag_streaming|valid_write_data_length_byte_counter[16]                                   ; altera_reserved_tck ; altera_reserved_tck ; 100.000      ; -0.081     ; 7.233      ;
; 92.704 ; sld_hub:auto_hub|alt_sld_fab_with_jtag_input:\instrumentation_fabric_with_node_gen:fabric_gen_new_way:with_jtag_input_gen:instrumentation_fabric|alt_sld_fab:instrumentation_fabric|alt_sld_fab_alt_sld_fab:alt_sld_fab|alt_sld_fab_alt_sld_fab_sldfabric:sldfabric|sld_jtag_hub:\jtag_hub_gen:real_sld_jtag_hub|virtual_ir_scan_reg                ; jtag_to_avalon_mst_brg_01:u_jtag_avmm|jtag_to_avalon_mst_brg_01_master_0:master_0|altera_avalon_st_jtag_interface:jtag_phy_embedded_in_jtag_master|altera_jtag_dc_streaming:normal.jtag_dc_streaming|altera_jtag_streaming:jtag_streaming|valid_write_data_length_byte_counter[18]                                   ; altera_reserved_tck ; altera_reserved_tck ; 100.000      ; -0.081     ; 7.233      ;
; 92.932 ; sld_hub:auto_hub|alt_sld_fab_with_jtag_input:\instrumentation_fabric_with_node_gen:fabric_gen_new_way:with_jtag_input_gen:instrumentation_fabric|alt_sld_fab:instrumentation_fabric|alt_sld_fab_alt_sld_fab:alt_sld_fab|splitter_nodes_receive_0[3]                                                                                                 ; jtag_to_avalon_mst_brg_01:u_jtag_avmm|jtag_to_avalon_mst_brg_01_master_0:master_0|altera_avalon_st_jtag_interface:jtag_phy_embedded_in_jtag_master|altera_jtag_dc_streaming:normal.jtag_dc_streaming|altera_jtag_streaming:jtag_streaming|valid_write_data_length_byte_counter[3]                                    ; altera_reserved_tck ; altera_reserved_tck ; 100.000      ; -0.074     ; 7.012      ;
; 92.932 ; sld_hub:auto_hub|alt_sld_fab_with_jtag_input:\instrumentation_fabric_with_node_gen:fabric_gen_new_way:with_jtag_input_gen:instrumentation_fabric|alt_sld_fab:instrumentation_fabric|alt_sld_fab_alt_sld_fab:alt_sld_fab|splitter_nodes_receive_0[3]                                                                                                 ; jtag_to_avalon_mst_brg_01:u_jtag_avmm|jtag_to_avalon_mst_brg_01_master_0:master_0|altera_avalon_st_jtag_interface:jtag_phy_embedded_in_jtag_master|altera_jtag_dc_streaming:normal.jtag_dc_streaming|altera_jtag_streaming:jtag_streaming|valid_write_data_length_byte_counter[4]                                    ; altera_reserved_tck ; altera_reserved_tck ; 100.000      ; -0.074     ; 7.012      ;
; 92.932 ; sld_hub:auto_hub|alt_sld_fab_with_jtag_input:\instrumentation_fabric_with_node_gen:fabric_gen_new_way:with_jtag_input_gen:instrumentation_fabric|alt_sld_fab:instrumentation_fabric|alt_sld_fab_alt_sld_fab:alt_sld_fab|splitter_nodes_receive_0[3]                                                                                                 ; jtag_to_avalon_mst_brg_01:u_jtag_avmm|jtag_to_avalon_mst_brg_01_master_0:master_0|altera_avalon_st_jtag_interface:jtag_phy_embedded_in_jtag_master|altera_jtag_dc_streaming:normal.jtag_dc_streaming|altera_jtag_streaming:jtag_streaming|valid_write_data_length_byte_counter[6]                                    ; altera_reserved_tck ; altera_reserved_tck ; 100.000      ; -0.074     ; 7.012      ;
; 92.943 ; sld_hub:auto_hub|alt_sld_fab_with_jtag_input:\instrumentation_fabric_with_node_gen:fabric_gen_new_way:with_jtag_input_gen:instrumentation_fabric|alt_sld_fab:instrumentation_fabric|alt_sld_fab_alt_sld_fab:alt_sld_fab|splitter_nodes_receive_0[3]                                                                                                 ; jtag_to_avalon_mst_brg_01:u_jtag_avmm|jtag_to_avalon_mst_brg_01_master_0:master_0|altera_avalon_st_jtag_interface:jtag_phy_embedded_in_jtag_master|altera_jtag_dc_streaming:normal.jtag_dc_streaming|altera_jtag_streaming:jtag_streaming|valid_write_data_length_byte_counter[0]                                    ; altera_reserved_tck ; altera_reserved_tck ; 100.000      ; -0.072     ; 7.003      ;
; 92.943 ; sld_hub:auto_hub|alt_sld_fab_with_jtag_input:\instrumentation_fabric_with_node_gen:fabric_gen_new_way:with_jtag_input_gen:instrumentation_fabric|alt_sld_fab:instrumentation_fabric|alt_sld_fab_alt_sld_fab:alt_sld_fab|splitter_nodes_receive_0[3]                                                                                                 ; jtag_to_avalon_mst_brg_01:u_jtag_avmm|jtag_to_avalon_mst_brg_01_master_0:master_0|altera_avalon_st_jtag_interface:jtag_phy_embedded_in_jtag_master|altera_jtag_dc_streaming:normal.jtag_dc_streaming|altera_jtag_streaming:jtag_streaming|valid_write_data_length_byte_counter[1]                                    ; altera_reserved_tck ; altera_reserved_tck ; 100.000      ; -0.072     ; 7.003      ;
; 92.943 ; sld_hub:auto_hub|alt_sld_fab_with_jtag_input:\instrumentation_fabric_with_node_gen:fabric_gen_new_way:with_jtag_input_gen:instrumentation_fabric|alt_sld_fab:instrumentation_fabric|alt_sld_fab_alt_sld_fab:alt_sld_fab|splitter_nodes_receive_0[3]                                                                                                 ; jtag_to_avalon_mst_brg_01:u_jtag_avmm|jtag_to_avalon_mst_brg_01_master_0:master_0|altera_avalon_st_jtag_interface:jtag_phy_embedded_in_jtag_master|altera_jtag_dc_streaming:normal.jtag_dc_streaming|altera_jtag_streaming:jtag_streaming|valid_write_data_length_byte_counter[2]                                    ; altera_reserved_tck ; altera_reserved_tck ; 100.000      ; -0.072     ; 7.003      ;
; 92.943 ; sld_hub:auto_hub|alt_sld_fab_with_jtag_input:\instrumentation_fabric_with_node_gen:fabric_gen_new_way:with_jtag_input_gen:instrumentation_fabric|alt_sld_fab:instrumentation_fabric|alt_sld_fab_alt_sld_fab:alt_sld_fab|splitter_nodes_receive_0[3]                                                                                                 ; jtag_to_avalon_mst_brg_01:u_jtag_avmm|jtag_to_avalon_mst_brg_01_master_0:master_0|altera_avalon_st_jtag_interface:jtag_phy_embedded_in_jtag_master|altera_jtag_dc_streaming:normal.jtag_dc_streaming|altera_jtag_streaming:jtag_streaming|valid_write_data_length_byte_counter[5]                                    ; altera_reserved_tck ; altera_reserved_tck ; 100.000      ; -0.072     ; 7.003      ;
; 92.943 ; sld_hub:auto_hub|alt_sld_fab_with_jtag_input:\instrumentation_fabric_with_node_gen:fabric_gen_new_way:with_jtag_input_gen:instrumentation_fabric|alt_sld_fab:instrumentation_fabric|alt_sld_fab_alt_sld_fab:alt_sld_fab|splitter_nodes_receive_0[3]                                                                                                 ; jtag_to_avalon_mst_brg_01:u_jtag_avmm|jtag_to_avalon_mst_brg_01_master_0:master_0|altera_avalon_st_jtag_interface:jtag_phy_embedded_in_jtag_master|altera_jtag_dc_streaming:normal.jtag_dc_streaming|altera_jtag_streaming:jtag_streaming|valid_write_data_length_byte_counter[7]                                    ; altera_reserved_tck ; altera_reserved_tck ; 100.000      ; -0.072     ; 7.003      ;
; 93.000 ; sld_hub:auto_hub|alt_sld_fab_with_jtag_input:\instrumentation_fabric_with_node_gen:fabric_gen_new_way:with_jtag_input_gen:instrumentation_fabric|alt_sld_fab:instrumentation_fabric|alt_sld_fab_alt_sld_fab:alt_sld_fab|alt_sld_fab_alt_sld_fab_sldfabric:sldfabric|sld_jtag_hub:\jtag_hub_gen:real_sld_jtag_hub|sld_shadow_jsm:shadow_jsm|state[4] ; jtag_to_avalon_mst_brg_01:u_jtag_avmm|jtag_to_avalon_mst_brg_01_master_0:master_0|altera_avalon_st_jtag_interface:jtag_phy_embedded_in_jtag_master|altera_jtag_dc_streaming:normal.jtag_dc_streaming|altera_jtag_streaming:jtag_streaming|valid_write_data_length_byte_counter[3]                                    ; altera_reserved_tck ; altera_reserved_tck ; 100.000      ; -0.088     ; 6.930      ;
; 93.000 ; sld_hub:auto_hub|alt_sld_fab_with_jtag_input:\instrumentation_fabric_with_node_gen:fabric_gen_new_way:with_jtag_input_gen:instrumentation_fabric|alt_sld_fab:instrumentation_fabric|alt_sld_fab_alt_sld_fab:alt_sld_fab|alt_sld_fab_alt_sld_fab_sldfabric:sldfabric|sld_jtag_hub:\jtag_hub_gen:real_sld_jtag_hub|sld_shadow_jsm:shadow_jsm|state[4] ; jtag_to_avalon_mst_brg_01:u_jtag_avmm|jtag_to_avalon_mst_brg_01_master_0:master_0|altera_avalon_st_jtag_interface:jtag_phy_embedded_in_jtag_master|altera_jtag_dc_streaming:normal.jtag_dc_streaming|altera_jtag_streaming:jtag_streaming|valid_write_data_length_byte_counter[4]                                    ; altera_reserved_tck ; altera_reserved_tck ; 100.000      ; -0.088     ; 6.930      ;
; 93.000 ; sld_hub:auto_hub|alt_sld_fab_with_jtag_input:\instrumentation_fabric_with_node_gen:fabric_gen_new_way:with_jtag_input_gen:instrumentation_fabric|alt_sld_fab:instrumentation_fabric|alt_sld_fab_alt_sld_fab:alt_sld_fab|alt_sld_fab_alt_sld_fab_sldfabric:sldfabric|sld_jtag_hub:\jtag_hub_gen:real_sld_jtag_hub|sld_shadow_jsm:shadow_jsm|state[4] ; jtag_to_avalon_mst_brg_01:u_jtag_avmm|jtag_to_avalon_mst_brg_01_master_0:master_0|altera_avalon_st_jtag_interface:jtag_phy_embedded_in_jtag_master|altera_jtag_dc_streaming:normal.jtag_dc_streaming|altera_jtag_streaming:jtag_streaming|valid_write_data_length_byte_counter[6]                                    ; altera_reserved_tck ; altera_reserved_tck ; 100.000      ; -0.088     ; 6.930      ;
; 93.011 ; sld_hub:auto_hub|alt_sld_fab_with_jtag_input:\instrumentation_fabric_with_node_gen:fabric_gen_new_way:with_jtag_input_gen:instrumentation_fabric|alt_sld_fab:instrumentation_fabric|alt_sld_fab_alt_sld_fab:alt_sld_fab|alt_sld_fab_alt_sld_fab_sldfabric:sldfabric|sld_jtag_hub:\jtag_hub_gen:real_sld_jtag_hub|sld_shadow_jsm:shadow_jsm|state[4] ; jtag_to_avalon_mst_brg_01:u_jtag_avmm|jtag_to_avalon_mst_brg_01_master_0:master_0|altera_avalon_st_jtag_interface:jtag_phy_embedded_in_jtag_master|altera_jtag_dc_streaming:normal.jtag_dc_streaming|altera_jtag_streaming:jtag_streaming|valid_write_data_length_byte_counter[0]                                    ; altera_reserved_tck ; altera_reserved_tck ; 100.000      ; -0.086     ; 6.921      ;
; 93.011 ; sld_hub:auto_hub|alt_sld_fab_with_jtag_input:\instrumentation_fabric_with_node_gen:fabric_gen_new_way:with_jtag_input_gen:instrumentation_fabric|alt_sld_fab:instrumentation_fabric|alt_sld_fab_alt_sld_fab:alt_sld_fab|alt_sld_fab_alt_sld_fab_sldfabric:sldfabric|sld_jtag_hub:\jtag_hub_gen:real_sld_jtag_hub|sld_shadow_jsm:shadow_jsm|state[4] ; jtag_to_avalon_mst_brg_01:u_jtag_avmm|jtag_to_avalon_mst_brg_01_master_0:master_0|altera_avalon_st_jtag_interface:jtag_phy_embedded_in_jtag_master|altera_jtag_dc_streaming:normal.jtag_dc_streaming|altera_jtag_streaming:jtag_streaming|valid_write_data_length_byte_counter[1]                                    ; altera_reserved_tck ; altera_reserved_tck ; 100.000      ; -0.086     ; 6.921      ;
; 93.011 ; sld_hub:auto_hub|alt_sld_fab_with_jtag_input:\instrumentation_fabric_with_node_gen:fabric_gen_new_way:with_jtag_input_gen:instrumentation_fabric|alt_sld_fab:instrumentation_fabric|alt_sld_fab_alt_sld_fab:alt_sld_fab|alt_sld_fab_alt_sld_fab_sldfabric:sldfabric|sld_jtag_hub:\jtag_hub_gen:real_sld_jtag_hub|sld_shadow_jsm:shadow_jsm|state[4] ; jtag_to_avalon_mst_brg_01:u_jtag_avmm|jtag_to_avalon_mst_brg_01_master_0:master_0|altera_avalon_st_jtag_interface:jtag_phy_embedded_in_jtag_master|altera_jtag_dc_streaming:normal.jtag_dc_streaming|altera_jtag_streaming:jtag_streaming|valid_write_data_length_byte_counter[2]                                    ; altera_reserved_tck ; altera_reserved_tck ; 100.000      ; -0.086     ; 6.921      ;
; 93.011 ; sld_hub:auto_hub|alt_sld_fab_with_jtag_input:\instrumentation_fabric_with_node_gen:fabric_gen_new_way:with_jtag_input_gen:instrumentation_fabric|alt_sld_fab:instrumentation_fabric|alt_sld_fab_alt_sld_fab:alt_sld_fab|alt_sld_fab_alt_sld_fab_sldfabric:sldfabric|sld_jtag_hub:\jtag_hub_gen:real_sld_jtag_hub|sld_shadow_jsm:shadow_jsm|state[4] ; jtag_to_avalon_mst_brg_01:u_jtag_avmm|jtag_to_avalon_mst_brg_01_master_0:master_0|altera_avalon_st_jtag_interface:jtag_phy_embedded_in_jtag_master|altera_jtag_dc_streaming:normal.jtag_dc_streaming|altera_jtag_streaming:jtag_streaming|valid_write_data_length_byte_counter[5]                                    ; altera_reserved_tck ; altera_reserved_tck ; 100.000      ; -0.086     ; 6.921      ;
; 93.011 ; sld_hub:auto_hub|alt_sld_fab_with_jtag_input:\instrumentation_fabric_with_node_gen:fabric_gen_new_way:with_jtag_input_gen:instrumentation_fabric|alt_sld_fab:instrumentation_fabric|alt_sld_fab_alt_sld_fab:alt_sld_fab|alt_sld_fab_alt_sld_fab_sldfabric:sldfabric|sld_jtag_hub:\jtag_hub_gen:real_sld_jtag_hub|sld_shadow_jsm:shadow_jsm|state[4] ; jtag_to_avalon_mst_brg_01:u_jtag_avmm|jtag_to_avalon_mst_brg_01_master_0:master_0|altera_avalon_st_jtag_interface:jtag_phy_embedded_in_jtag_master|altera_jtag_dc_streaming:normal.jtag_dc_streaming|altera_jtag_streaming:jtag_streaming|valid_write_data_length_byte_counter[7]                                    ; altera_reserved_tck ; altera_reserved_tck ; 100.000      ; -0.086     ; 6.921      ;
; 93.012 ; sld_hub:auto_hub|alt_sld_fab_with_jtag_input:\instrumentation_fabric_with_node_gen:fabric_gen_new_way:with_jtag_input_gen:instrumentation_fabric|alt_sld_fab:instrumentation_fabric|alt_sld_fab_alt_sld_fab:alt_sld_fab|splitter_nodes_receive_0[3]                                                                                                 ; jtag_to_avalon_mst_brg_01:u_jtag_avmm|jtag_to_avalon_mst_brg_01_master_0:master_0|altera_avalon_st_jtag_interface:jtag_phy_embedded_in_jtag_master|altera_jtag_dc_streaming:normal.jtag_dc_streaming|altera_jtag_streaming:jtag_streaming|valid_write_data_length_byte_counter[8]                                    ; altera_reserved_tck ; altera_reserved_tck ; 100.000      ; -0.076     ; 6.930      ;
; 93.012 ; sld_hub:auto_hub|alt_sld_fab_with_jtag_input:\instrumentation_fabric_with_node_gen:fabric_gen_new_way:with_jtag_input_gen:instrumentation_fabric|alt_sld_fab:instrumentation_fabric|alt_sld_fab_alt_sld_fab:alt_sld_fab|splitter_nodes_receive_0[3]                                                                                                 ; jtag_to_avalon_mst_brg_01:u_jtag_avmm|jtag_to_avalon_mst_brg_01_master_0:master_0|altera_avalon_st_jtag_interface:jtag_phy_embedded_in_jtag_master|altera_jtag_dc_streaming:normal.jtag_dc_streaming|altera_jtag_streaming:jtag_streaming|valid_write_data_length_byte_counter[9]                                    ; altera_reserved_tck ; altera_reserved_tck ; 100.000      ; -0.076     ; 6.930      ;
; 93.012 ; sld_hub:auto_hub|alt_sld_fab_with_jtag_input:\instrumentation_fabric_with_node_gen:fabric_gen_new_way:with_jtag_input_gen:instrumentation_fabric|alt_sld_fab:instrumentation_fabric|alt_sld_fab_alt_sld_fab:alt_sld_fab|splitter_nodes_receive_0[3]                                                                                                 ; jtag_to_avalon_mst_brg_01:u_jtag_avmm|jtag_to_avalon_mst_brg_01_master_0:master_0|altera_avalon_st_jtag_interface:jtag_phy_embedded_in_jtag_master|altera_jtag_dc_streaming:normal.jtag_dc_streaming|altera_jtag_streaming:jtag_streaming|valid_write_data_length_byte_counter[10]                                   ; altera_reserved_tck ; altera_reserved_tck ; 100.000      ; -0.076     ; 6.930      ;
; 93.012 ; sld_hub:auto_hub|alt_sld_fab_with_jtag_input:\instrumentation_fabric_with_node_gen:fabric_gen_new_way:with_jtag_input_gen:instrumentation_fabric|alt_sld_fab:instrumentation_fabric|alt_sld_fab_alt_sld_fab:alt_sld_fab|splitter_nodes_receive_0[3]                                                                                                 ; jtag_to_avalon_mst_brg_01:u_jtag_avmm|jtag_to_avalon_mst_brg_01_master_0:master_0|altera_avalon_st_jtag_interface:jtag_phy_embedded_in_jtag_master|altera_jtag_dc_streaming:normal.jtag_dc_streaming|altera_jtag_streaming:jtag_streaming|valid_write_data_length_byte_counter[11]                                   ; altera_reserved_tck ; altera_reserved_tck ; 100.000      ; -0.076     ; 6.930      ;
; 93.012 ; sld_hub:auto_hub|alt_sld_fab_with_jtag_input:\instrumentation_fabric_with_node_gen:fabric_gen_new_way:with_jtag_input_gen:instrumentation_fabric|alt_sld_fab:instrumentation_fabric|alt_sld_fab_alt_sld_fab:alt_sld_fab|splitter_nodes_receive_0[3]                                                                                                 ; jtag_to_avalon_mst_brg_01:u_jtag_avmm|jtag_to_avalon_mst_brg_01_master_0:master_0|altera_avalon_st_jtag_interface:jtag_phy_embedded_in_jtag_master|altera_jtag_dc_streaming:normal.jtag_dc_streaming|altera_jtag_streaming:jtag_streaming|valid_write_data_length_byte_counter[13]                                   ; altera_reserved_tck ; altera_reserved_tck ; 100.000      ; -0.076     ; 6.930      ;
; 93.080 ; sld_hub:auto_hub|alt_sld_fab_with_jtag_input:\instrumentation_fabric_with_node_gen:fabric_gen_new_way:with_jtag_input_gen:instrumentation_fabric|alt_sld_fab:instrumentation_fabric|alt_sld_fab_alt_sld_fab:alt_sld_fab|alt_sld_fab_alt_sld_fab_sldfabric:sldfabric|sld_jtag_hub:\jtag_hub_gen:real_sld_jtag_hub|sld_shadow_jsm:shadow_jsm|state[4] ; jtag_to_avalon_mst_brg_01:u_jtag_avmm|jtag_to_avalon_mst_brg_01_master_0:master_0|altera_avalon_st_jtag_interface:jtag_phy_embedded_in_jtag_master|altera_jtag_dc_streaming:normal.jtag_dc_streaming|altera_jtag_streaming:jtag_streaming|valid_write_data_length_byte_counter[8]                                    ; altera_reserved_tck ; altera_reserved_tck ; 100.000      ; -0.090     ; 6.848      ;
; 93.080 ; sld_hub:auto_hub|alt_sld_fab_with_jtag_input:\instrumentation_fabric_with_node_gen:fabric_gen_new_way:with_jtag_input_gen:instrumentation_fabric|alt_sld_fab:instrumentation_fabric|alt_sld_fab_alt_sld_fab:alt_sld_fab|alt_sld_fab_alt_sld_fab_sldfabric:sldfabric|sld_jtag_hub:\jtag_hub_gen:real_sld_jtag_hub|sld_shadow_jsm:shadow_jsm|state[4] ; jtag_to_avalon_mst_brg_01:u_jtag_avmm|jtag_to_avalon_mst_brg_01_master_0:master_0|altera_avalon_st_jtag_interface:jtag_phy_embedded_in_jtag_master|altera_jtag_dc_streaming:normal.jtag_dc_streaming|altera_jtag_streaming:jtag_streaming|valid_write_data_length_byte_counter[9]                                    ; altera_reserved_tck ; altera_reserved_tck ; 100.000      ; -0.090     ; 6.848      ;
; 93.080 ; sld_hub:auto_hub|alt_sld_fab_with_jtag_input:\instrumentation_fabric_with_node_gen:fabric_gen_new_way:with_jtag_input_gen:instrumentation_fabric|alt_sld_fab:instrumentation_fabric|alt_sld_fab_alt_sld_fab:alt_sld_fab|alt_sld_fab_alt_sld_fab_sldfabric:sldfabric|sld_jtag_hub:\jtag_hub_gen:real_sld_jtag_hub|sld_shadow_jsm:shadow_jsm|state[4] ; jtag_to_avalon_mst_brg_01:u_jtag_avmm|jtag_to_avalon_mst_brg_01_master_0:master_0|altera_avalon_st_jtag_interface:jtag_phy_embedded_in_jtag_master|altera_jtag_dc_streaming:normal.jtag_dc_streaming|altera_jtag_streaming:jtag_streaming|valid_write_data_length_byte_counter[10]                                   ; altera_reserved_tck ; altera_reserved_tck ; 100.000      ; -0.090     ; 6.848      ;
; 93.080 ; sld_hub:auto_hub|alt_sld_fab_with_jtag_input:\instrumentation_fabric_with_node_gen:fabric_gen_new_way:with_jtag_input_gen:instrumentation_fabric|alt_sld_fab:instrumentation_fabric|alt_sld_fab_alt_sld_fab:alt_sld_fab|alt_sld_fab_alt_sld_fab_sldfabric:sldfabric|sld_jtag_hub:\jtag_hub_gen:real_sld_jtag_hub|sld_shadow_jsm:shadow_jsm|state[4] ; jtag_to_avalon_mst_brg_01:u_jtag_avmm|jtag_to_avalon_mst_brg_01_master_0:master_0|altera_avalon_st_jtag_interface:jtag_phy_embedded_in_jtag_master|altera_jtag_dc_streaming:normal.jtag_dc_streaming|altera_jtag_streaming:jtag_streaming|valid_write_data_length_byte_counter[11]                                   ; altera_reserved_tck ; altera_reserved_tck ; 100.000      ; -0.090     ; 6.848      ;
; 93.080 ; sld_hub:auto_hub|alt_sld_fab_with_jtag_input:\instrumentation_fabric_with_node_gen:fabric_gen_new_way:with_jtag_input_gen:instrumentation_fabric|alt_sld_fab:instrumentation_fabric|alt_sld_fab_alt_sld_fab:alt_sld_fab|alt_sld_fab_alt_sld_fab_sldfabric:sldfabric|sld_jtag_hub:\jtag_hub_gen:real_sld_jtag_hub|sld_shadow_jsm:shadow_jsm|state[4] ; jtag_to_avalon_mst_brg_01:u_jtag_avmm|jtag_to_avalon_mst_brg_01_master_0:master_0|altera_avalon_st_jtag_interface:jtag_phy_embedded_in_jtag_master|altera_jtag_dc_streaming:normal.jtag_dc_streaming|altera_jtag_streaming:jtag_streaming|valid_write_data_length_byte_counter[13]                                   ; altera_reserved_tck ; altera_reserved_tck ; 100.000      ; -0.090     ; 6.848      ;
; 93.177 ; sld_hub:auto_hub|alt_sld_fab_with_jtag_input:\instrumentation_fabric_with_node_gen:fabric_gen_new_way:with_jtag_input_gen:instrumentation_fabric|alt_sld_fab:instrumentation_fabric|alt_sld_fab_alt_sld_fab:alt_sld_fab|splitter_nodes_receive_0[3]                                                                                                 ; jtag_to_avalon_mst_brg_01:u_jtag_avmm|jtag_to_avalon_mst_brg_01_master_0:master_0|altera_avalon_st_jtag_interface:jtag_phy_embedded_in_jtag_master|altera_jtag_dc_streaming:normal.jtag_dc_streaming|altera_jtag_streaming:jtag_streaming|valid_write_data_length_byte_counter[12]                                   ; altera_reserved_tck ; altera_reserved_tck ; 100.000      ; -0.078     ; 6.763      ;
; 93.177 ; sld_hub:auto_hub|alt_sld_fab_with_jtag_input:\instrumentation_fabric_with_node_gen:fabric_gen_new_way:with_jtag_input_gen:instrumentation_fabric|alt_sld_fab:instrumentation_fabric|alt_sld_fab_alt_sld_fab:alt_sld_fab|splitter_nodes_receive_0[3]                                                                                                 ; jtag_to_avalon_mst_brg_01:u_jtag_avmm|jtag_to_avalon_mst_brg_01_master_0:master_0|altera_avalon_st_jtag_interface:jtag_phy_embedded_in_jtag_master|altera_jtag_dc_streaming:normal.jtag_dc_streaming|altera_jtag_streaming:jtag_streaming|valid_write_data_length_byte_counter[14]                                   ; altera_reserved_tck ; altera_reserved_tck ; 100.000      ; -0.078     ; 6.763      ;
; 93.205 ; sld_hub:auto_hub|alt_sld_fab_with_jtag_input:\instrumentation_fabric_with_node_gen:fabric_gen_new_way:with_jtag_input_gen:instrumentation_fabric|alt_sld_fab:instrumentation_fabric|alt_sld_fab_alt_sld_fab:alt_sld_fab|splitter_nodes_receive_0[3]                                                                                                 ; jtag_to_avalon_mst_brg_01:u_jtag_avmm|jtag_to_avalon_mst_brg_01_master_0:master_0|altera_avalon_st_jtag_interface:jtag_phy_embedded_in_jtag_master|altera_jtag_dc_streaming:normal.jtag_dc_streaming|altera_jtag_streaming:jtag_streaming|valid_write_data_length_byte_counter[17]                                   ; altera_reserved_tck ; altera_reserved_tck ; 100.000      ; -0.080     ; 6.733      ;
; 93.205 ; sld_hub:auto_hub|alt_sld_fab_with_jtag_input:\instrumentation_fabric_with_node_gen:fabric_gen_new_way:with_jtag_input_gen:instrumentation_fabric|alt_sld_fab:instrumentation_fabric|alt_sld_fab_alt_sld_fab:alt_sld_fab|splitter_nodes_receive_0[3]                                                                                                 ; jtag_to_avalon_mst_brg_01:u_jtag_avmm|jtag_to_avalon_mst_brg_01_master_0:master_0|altera_avalon_st_jtag_interface:jtag_phy_embedded_in_jtag_master|altera_jtag_dc_streaming:normal.jtag_dc_streaming|altera_jtag_streaming:jtag_streaming|valid_write_data_length_byte_counter[15]                                   ; altera_reserved_tck ; altera_reserved_tck ; 100.000      ; -0.080     ; 6.733      ;
; 93.205 ; sld_hub:auto_hub|alt_sld_fab_with_jtag_input:\instrumentation_fabric_with_node_gen:fabric_gen_new_way:with_jtag_input_gen:instrumentation_fabric|alt_sld_fab:instrumentation_fabric|alt_sld_fab_alt_sld_fab:alt_sld_fab|splitter_nodes_receive_0[3]                                                                                                 ; jtag_to_avalon_mst_brg_01:u_jtag_avmm|jtag_to_avalon_mst_brg_01_master_0:master_0|altera_avalon_st_jtag_interface:jtag_phy_embedded_in_jtag_master|altera_jtag_dc_streaming:normal.jtag_dc_streaming|altera_jtag_streaming:jtag_streaming|valid_write_data_length_byte_counter[16]                                   ; altera_reserved_tck ; altera_reserved_tck ; 100.000      ; -0.080     ; 6.733      ;
; 93.205 ; sld_hub:auto_hub|alt_sld_fab_with_jtag_input:\instrumentation_fabric_with_node_gen:fabric_gen_new_way:with_jtag_input_gen:instrumentation_fabric|alt_sld_fab:instrumentation_fabric|alt_sld_fab_alt_sld_fab:alt_sld_fab|splitter_nodes_receive_0[3]                                                                                                 ; jtag_to_avalon_mst_brg_01:u_jtag_avmm|jtag_to_avalon_mst_brg_01_master_0:master_0|altera_avalon_st_jtag_interface:jtag_phy_embedded_in_jtag_master|altera_jtag_dc_streaming:normal.jtag_dc_streaming|altera_jtag_streaming:jtag_streaming|valid_write_data_length_byte_counter[18]                                   ; altera_reserved_tck ; altera_reserved_tck ; 100.000      ; -0.080     ; 6.733      ;
; 93.245 ; sld_hub:auto_hub|alt_sld_fab_with_jtag_input:\instrumentation_fabric_with_node_gen:fabric_gen_new_way:with_jtag_input_gen:instrumentation_fabric|alt_sld_fab:instrumentation_fabric|alt_sld_fab_alt_sld_fab:alt_sld_fab|alt_sld_fab_alt_sld_fab_sldfabric:sldfabric|sld_jtag_hub:\jtag_hub_gen:real_sld_jtag_hub|sld_shadow_jsm:shadow_jsm|state[4] ; jtag_to_avalon_mst_brg_01:u_jtag_avmm|jtag_to_avalon_mst_brg_01_master_0:master_0|altera_avalon_st_jtag_interface:jtag_phy_embedded_in_jtag_master|altera_jtag_dc_streaming:normal.jtag_dc_streaming|altera_jtag_streaming:jtag_streaming|valid_write_data_length_byte_counter[12]                                   ; altera_reserved_tck ; altera_reserved_tck ; 100.000      ; -0.092     ; 6.681      ;
; 93.245 ; sld_hub:auto_hub|alt_sld_fab_with_jtag_input:\instrumentation_fabric_with_node_gen:fabric_gen_new_way:with_jtag_input_gen:instrumentation_fabric|alt_sld_fab:instrumentation_fabric|alt_sld_fab_alt_sld_fab:alt_sld_fab|alt_sld_fab_alt_sld_fab_sldfabric:sldfabric|sld_jtag_hub:\jtag_hub_gen:real_sld_jtag_hub|sld_shadow_jsm:shadow_jsm|state[4] ; jtag_to_avalon_mst_brg_01:u_jtag_avmm|jtag_to_avalon_mst_brg_01_master_0:master_0|altera_avalon_st_jtag_interface:jtag_phy_embedded_in_jtag_master|altera_jtag_dc_streaming:normal.jtag_dc_streaming|altera_jtag_streaming:jtag_streaming|valid_write_data_length_byte_counter[14]                                   ; altera_reserved_tck ; altera_reserved_tck ; 100.000      ; -0.092     ; 6.681      ;
; 93.273 ; sld_hub:auto_hub|alt_sld_fab_with_jtag_input:\instrumentation_fabric_with_node_gen:fabric_gen_new_way:with_jtag_input_gen:instrumentation_fabric|alt_sld_fab:instrumentation_fabric|alt_sld_fab_alt_sld_fab:alt_sld_fab|alt_sld_fab_alt_sld_fab_sldfabric:sldfabric|sld_jtag_hub:\jtag_hub_gen:real_sld_jtag_hub|sld_shadow_jsm:shadow_jsm|state[4] ; jtag_to_avalon_mst_brg_01:u_jtag_avmm|jtag_to_avalon_mst_brg_01_master_0:master_0|altera_avalon_st_jtag_interface:jtag_phy_embedded_in_jtag_master|altera_jtag_dc_streaming:normal.jtag_dc_streaming|altera_jtag_streaming:jtag_streaming|valid_write_data_length_byte_counter[17]                                   ; altera_reserved_tck ; altera_reserved_tck ; 100.000      ; -0.094     ; 6.651      ;
; 93.273 ; sld_hub:auto_hub|alt_sld_fab_with_jtag_input:\instrumentation_fabric_with_node_gen:fabric_gen_new_way:with_jtag_input_gen:instrumentation_fabric|alt_sld_fab:instrumentation_fabric|alt_sld_fab_alt_sld_fab:alt_sld_fab|alt_sld_fab_alt_sld_fab_sldfabric:sldfabric|sld_jtag_hub:\jtag_hub_gen:real_sld_jtag_hub|sld_shadow_jsm:shadow_jsm|state[4] ; jtag_to_avalon_mst_brg_01:u_jtag_avmm|jtag_to_avalon_mst_brg_01_master_0:master_0|altera_avalon_st_jtag_interface:jtag_phy_embedded_in_jtag_master|altera_jtag_dc_streaming:normal.jtag_dc_streaming|altera_jtag_streaming:jtag_streaming|valid_write_data_length_byte_counter[15]                                   ; altera_reserved_tck ; altera_reserved_tck ; 100.000      ; -0.094     ; 6.651      ;
; 93.273 ; sld_hub:auto_hub|alt_sld_fab_with_jtag_input:\instrumentation_fabric_with_node_gen:fabric_gen_new_way:with_jtag_input_gen:instrumentation_fabric|alt_sld_fab:instrumentation_fabric|alt_sld_fab_alt_sld_fab:alt_sld_fab|alt_sld_fab_alt_sld_fab_sldfabric:sldfabric|sld_jtag_hub:\jtag_hub_gen:real_sld_jtag_hub|sld_shadow_jsm:shadow_jsm|state[4] ; jtag_to_avalon_mst_brg_01:u_jtag_avmm|jtag_to_avalon_mst_brg_01_master_0:master_0|altera_avalon_st_jtag_interface:jtag_phy_embedded_in_jtag_master|altera_jtag_dc_streaming:normal.jtag_dc_streaming|altera_jtag_streaming:jtag_streaming|valid_write_data_length_byte_counter[16]                                   ; altera_reserved_tck ; altera_reserved_tck ; 100.000      ; -0.094     ; 6.651      ;
; 93.273 ; sld_hub:auto_hub|alt_sld_fab_with_jtag_input:\instrumentation_fabric_with_node_gen:fabric_gen_new_way:with_jtag_input_gen:instrumentation_fabric|alt_sld_fab:instrumentation_fabric|alt_sld_fab_alt_sld_fab:alt_sld_fab|alt_sld_fab_alt_sld_fab_sldfabric:sldfabric|sld_jtag_hub:\jtag_hub_gen:real_sld_jtag_hub|sld_shadow_jsm:shadow_jsm|state[4] ; jtag_to_avalon_mst_brg_01:u_jtag_avmm|jtag_to_avalon_mst_brg_01_master_0:master_0|altera_avalon_st_jtag_interface:jtag_phy_embedded_in_jtag_master|altera_jtag_dc_streaming:normal.jtag_dc_streaming|altera_jtag_streaming:jtag_streaming|valid_write_data_length_byte_counter[18]                                   ; altera_reserved_tck ; altera_reserved_tck ; 100.000      ; -0.094     ; 6.651      ;
; 93.549 ; sld_hub:auto_hub|alt_sld_fab_with_jtag_input:\instrumentation_fabric_with_node_gen:fabric_gen_new_way:with_jtag_input_gen:instrumentation_fabric|alt_sld_fab:instrumentation_fabric|alt_sld_fab_alt_sld_fab:alt_sld_fab|alt_sld_fab_alt_sld_fab_sldfabric:sldfabric|sld_jtag_hub:\jtag_hub_gen:real_sld_jtag_hub|virtual_ir_scan_reg                ; jtag_to_avalon_mst_brg_01:u_jtag_avmm|jtag_to_avalon_mst_brg_01_master_0:master_0|altera_avalon_st_jtag_interface:jtag_phy_embedded_in_jtag_master|altera_jtag_dc_streaming:normal.jtag_dc_streaming|altera_jtag_streaming:jtag_streaming|padded_bit_counter[7]                                                      ; altera_reserved_tck ; altera_reserved_tck ; 100.000      ; -0.085     ; 6.384      ;
; 93.549 ; sld_hub:auto_hub|alt_sld_fab_with_jtag_input:\instrumentation_fabric_with_node_gen:fabric_gen_new_way:with_jtag_input_gen:instrumentation_fabric|alt_sld_fab:instrumentation_fabric|alt_sld_fab_alt_sld_fab:alt_sld_fab|alt_sld_fab_alt_sld_fab_sldfabric:sldfabric|sld_jtag_hub:\jtag_hub_gen:real_sld_jtag_hub|virtual_ir_scan_reg                ; jtag_to_avalon_mst_brg_01:u_jtag_avmm|jtag_to_avalon_mst_brg_01_master_0:master_0|altera_avalon_st_jtag_interface:jtag_phy_embedded_in_jtag_master|altera_jtag_dc_streaming:normal.jtag_dc_streaming|altera_jtag_streaming:jtag_streaming|padded_bit_counter[6]                                                      ; altera_reserved_tck ; altera_reserved_tck ; 100.000      ; -0.085     ; 6.384      ;
; 93.549 ; sld_hub:auto_hub|alt_sld_fab_with_jtag_input:\instrumentation_fabric_with_node_gen:fabric_gen_new_way:with_jtag_input_gen:instrumentation_fabric|alt_sld_fab:instrumentation_fabric|alt_sld_fab_alt_sld_fab:alt_sld_fab|alt_sld_fab_alt_sld_fab_sldfabric:sldfabric|sld_jtag_hub:\jtag_hub_gen:real_sld_jtag_hub|virtual_ir_scan_reg                ; jtag_to_avalon_mst_brg_01:u_jtag_avmm|jtag_to_avalon_mst_brg_01_master_0:master_0|altera_avalon_st_jtag_interface:jtag_phy_embedded_in_jtag_master|altera_jtag_dc_streaming:normal.jtag_dc_streaming|altera_jtag_streaming:jtag_streaming|padded_bit_counter[5]                                                      ; altera_reserved_tck ; altera_reserved_tck ; 100.000      ; -0.085     ; 6.384      ;
; 93.549 ; sld_hub:auto_hub|alt_sld_fab_with_jtag_input:\instrumentation_fabric_with_node_gen:fabric_gen_new_way:with_jtag_input_gen:instrumentation_fabric|alt_sld_fab:instrumentation_fabric|alt_sld_fab_alt_sld_fab:alt_sld_fab|alt_sld_fab_alt_sld_fab_sldfabric:sldfabric|sld_jtag_hub:\jtag_hub_gen:real_sld_jtag_hub|virtual_ir_scan_reg                ; jtag_to_avalon_mst_brg_01:u_jtag_avmm|jtag_to_avalon_mst_brg_01_master_0:master_0|altera_avalon_st_jtag_interface:jtag_phy_embedded_in_jtag_master|altera_jtag_dc_streaming:normal.jtag_dc_streaming|altera_jtag_streaming:jtag_streaming|padded_bit_counter[4]                                                      ; altera_reserved_tck ; altera_reserved_tck ; 100.000      ; -0.085     ; 6.384      ;
; 93.549 ; sld_hub:auto_hub|alt_sld_fab_with_jtag_input:\instrumentation_fabric_with_node_gen:fabric_gen_new_way:with_jtag_input_gen:instrumentation_fabric|alt_sld_fab:instrumentation_fabric|alt_sld_fab_alt_sld_fab:alt_sld_fab|alt_sld_fab_alt_sld_fab_sldfabric:sldfabric|sld_jtag_hub:\jtag_hub_gen:real_sld_jtag_hub|virtual_ir_scan_reg                ; jtag_to_avalon_mst_brg_01:u_jtag_avmm|jtag_to_avalon_mst_brg_01_master_0:master_0|altera_avalon_st_jtag_interface:jtag_phy_embedded_in_jtag_master|altera_jtag_dc_streaming:normal.jtag_dc_streaming|altera_jtag_streaming:jtag_streaming|padded_bit_counter[3]                                                      ; altera_reserved_tck ; altera_reserved_tck ; 100.000      ; -0.085     ; 6.384      ;
; 93.549 ; sld_hub:auto_hub|alt_sld_fab_with_jtag_input:\instrumentation_fabric_with_node_gen:fabric_gen_new_way:with_jtag_input_gen:instrumentation_fabric|alt_sld_fab:instrumentation_fabric|alt_sld_fab_alt_sld_fab:alt_sld_fab|alt_sld_fab_alt_sld_fab_sldfabric:sldfabric|sld_jtag_hub:\jtag_hub_gen:real_sld_jtag_hub|virtual_ir_scan_reg                ; jtag_to_avalon_mst_brg_01:u_jtag_avmm|jtag_to_avalon_mst_brg_01_master_0:master_0|altera_avalon_st_jtag_interface:jtag_phy_embedded_in_jtag_master|altera_jtag_dc_streaming:normal.jtag_dc_streaming|altera_jtag_streaming:jtag_streaming|padded_bit_counter[0]                                                      ; altera_reserved_tck ; altera_reserved_tck ; 100.000      ; -0.085     ; 6.384      ;
; 93.585 ; jtag_to_avalon_mst_brg_01:u_jtag_avmm|jtag_to_avalon_mst_brg_01_master_0:master_0|altera_avalon_st_jtag_interface:jtag_phy_embedded_in_jtag_master|altera_jtag_dc_streaming:normal.jtag_dc_streaming|altera_jtag_streaming:jtag_streaming|padded_bit_counter[8]                                                                                     ; jtag_to_avalon_mst_brg_01:u_jtag_avmm|jtag_to_avalon_mst_brg_01_master_0:master_0|altera_avalon_st_jtag_interface:jtag_phy_embedded_in_jtag_master|altera_jtag_dc_streaming:normal.jtag_dc_streaming|altera_jtag_streaming:jtag_streaming|padded_bit_counter[7]                                                      ; altera_reserved_tck ; altera_reserved_tck ; 100.000      ; -0.070     ; 6.363      ;
; 93.585 ; jtag_to_avalon_mst_brg_01:u_jtag_avmm|jtag_to_avalon_mst_brg_01_master_0:master_0|altera_avalon_st_jtag_interface:jtag_phy_embedded_in_jtag_master|altera_jtag_dc_streaming:normal.jtag_dc_streaming|altera_jtag_streaming:jtag_streaming|padded_bit_counter[8]                                                                                     ; jtag_to_avalon_mst_brg_01:u_jtag_avmm|jtag_to_avalon_mst_brg_01_master_0:master_0|altera_avalon_st_jtag_interface:jtag_phy_embedded_in_jtag_master|altera_jtag_dc_streaming:normal.jtag_dc_streaming|altera_jtag_streaming:jtag_streaming|padded_bit_counter[6]                                                      ; altera_reserved_tck ; altera_reserved_tck ; 100.000      ; -0.070     ; 6.363      ;
; 93.585 ; jtag_to_avalon_mst_brg_01:u_jtag_avmm|jtag_to_avalon_mst_brg_01_master_0:master_0|altera_avalon_st_jtag_interface:jtag_phy_embedded_in_jtag_master|altera_jtag_dc_streaming:normal.jtag_dc_streaming|altera_jtag_streaming:jtag_streaming|padded_bit_counter[8]                                                                                     ; jtag_to_avalon_mst_brg_01:u_jtag_avmm|jtag_to_avalon_mst_brg_01_master_0:master_0|altera_avalon_st_jtag_interface:jtag_phy_embedded_in_jtag_master|altera_jtag_dc_streaming:normal.jtag_dc_streaming|altera_jtag_streaming:jtag_streaming|padded_bit_counter[5]                                                      ; altera_reserved_tck ; altera_reserved_tck ; 100.000      ; -0.070     ; 6.363      ;
; 93.585 ; jtag_to_avalon_mst_brg_01:u_jtag_avmm|jtag_to_avalon_mst_brg_01_master_0:master_0|altera_avalon_st_jtag_interface:jtag_phy_embedded_in_jtag_master|altera_jtag_dc_streaming:normal.jtag_dc_streaming|altera_jtag_streaming:jtag_streaming|padded_bit_counter[8]                                                                                     ; jtag_to_avalon_mst_brg_01:u_jtag_avmm|jtag_to_avalon_mst_brg_01_master_0:master_0|altera_avalon_st_jtag_interface:jtag_phy_embedded_in_jtag_master|altera_jtag_dc_streaming:normal.jtag_dc_streaming|altera_jtag_streaming:jtag_streaming|padded_bit_counter[4]                                                      ; altera_reserved_tck ; altera_reserved_tck ; 100.000      ; -0.070     ; 6.363      ;
; 93.585 ; jtag_to_avalon_mst_brg_01:u_jtag_avmm|jtag_to_avalon_mst_brg_01_master_0:master_0|altera_avalon_st_jtag_interface:jtag_phy_embedded_in_jtag_master|altera_jtag_dc_streaming:normal.jtag_dc_streaming|altera_jtag_streaming:jtag_streaming|padded_bit_counter[8]                                                                                     ; jtag_to_avalon_mst_brg_01:u_jtag_avmm|jtag_to_avalon_mst_brg_01_master_0:master_0|altera_avalon_st_jtag_interface:jtag_phy_embedded_in_jtag_master|altera_jtag_dc_streaming:normal.jtag_dc_streaming|altera_jtag_streaming:jtag_streaming|padded_bit_counter[3]                                                      ; altera_reserved_tck ; altera_reserved_tck ; 100.000      ; -0.070     ; 6.363      ;
; 93.585 ; jtag_to_avalon_mst_brg_01:u_jtag_avmm|jtag_to_avalon_mst_brg_01_master_0:master_0|altera_avalon_st_jtag_interface:jtag_phy_embedded_in_jtag_master|altera_jtag_dc_streaming:normal.jtag_dc_streaming|altera_jtag_streaming:jtag_streaming|padded_bit_counter[8]                                                                                     ; jtag_to_avalon_mst_brg_01:u_jtag_avmm|jtag_to_avalon_mst_brg_01_master_0:master_0|altera_avalon_st_jtag_interface:jtag_phy_embedded_in_jtag_master|altera_jtag_dc_streaming:normal.jtag_dc_streaming|altera_jtag_streaming:jtag_streaming|padded_bit_counter[0]                                                      ; altera_reserved_tck ; altera_reserved_tck ; 100.000      ; -0.070     ; 6.363      ;
; 93.686 ; sld_hub:auto_hub|alt_sld_fab_with_jtag_input:\instrumentation_fabric_with_node_gen:fabric_gen_new_way:with_jtag_input_gen:instrumentation_fabric|alt_sld_fab:instrumentation_fabric|alt_sld_fab_alt_sld_fab:alt_sld_fab|alt_sld_fab_alt_sld_fab_sldfabric:sldfabric|sld_jtag_hub:\jtag_hub_gen:real_sld_jtag_hub|virtual_ir_scan_reg                ; jtag_to_avalon_mst_brg_01:u_jtag_avmm|jtag_to_avalon_mst_brg_01_master_0:master_0|altera_avalon_st_jtag_interface:jtag_phy_embedded_in_jtag_master|altera_jtag_dc_streaming:normal.jtag_dc_streaming|altera_jtag_streaming:jtag_streaming|read_data_valid                                                            ; altera_reserved_tck ; altera_reserved_tck ; 100.000      ; -0.066     ; 6.266      ;
; 93.687 ; jtag_to_avalon_mst_brg_01:u_jtag_avmm|jtag_to_avalon_mst_brg_01_master_0:master_0|altera_avalon_st_jtag_interface:jtag_phy_embedded_in_jtag_master|altera_jtag_dc_streaming:normal.jtag_dc_streaming|altera_jtag_streaming:jtag_streaming|padded_bit_counter[5]                                                                                     ; jtag_to_avalon_mst_brg_01:u_jtag_avmm|jtag_to_avalon_mst_brg_01_master_0:master_0|altera_avalon_st_jtag_interface:jtag_phy_embedded_in_jtag_master|altera_jtag_dc_streaming:normal.jtag_dc_streaming|altera_jtag_streaming:jtag_streaming|padded_bit_counter[7]                                                      ; altera_reserved_tck ; altera_reserved_tck ; 100.000      ; -0.078     ; 6.253      ;
; 93.687 ; jtag_to_avalon_mst_brg_01:u_jtag_avmm|jtag_to_avalon_mst_brg_01_master_0:master_0|altera_avalon_st_jtag_interface:jtag_phy_embedded_in_jtag_master|altera_jtag_dc_streaming:normal.jtag_dc_streaming|altera_jtag_streaming:jtag_streaming|padded_bit_counter[5]                                                                                     ; jtag_to_avalon_mst_brg_01:u_jtag_avmm|jtag_to_avalon_mst_brg_01_master_0:master_0|altera_avalon_st_jtag_interface:jtag_phy_embedded_in_jtag_master|altera_jtag_dc_streaming:normal.jtag_dc_streaming|altera_jtag_streaming:jtag_streaming|padded_bit_counter[6]                                                      ; altera_reserved_tck ; altera_reserved_tck ; 100.000      ; -0.078     ; 6.253      ;
; 93.687 ; jtag_to_avalon_mst_brg_01:u_jtag_avmm|jtag_to_avalon_mst_brg_01_master_0:master_0|altera_avalon_st_jtag_interface:jtag_phy_embedded_in_jtag_master|altera_jtag_dc_streaming:normal.jtag_dc_streaming|altera_jtag_streaming:jtag_streaming|padded_bit_counter[5]                                                                                     ; jtag_to_avalon_mst_brg_01:u_jtag_avmm|jtag_to_avalon_mst_brg_01_master_0:master_0|altera_avalon_st_jtag_interface:jtag_phy_embedded_in_jtag_master|altera_jtag_dc_streaming:normal.jtag_dc_streaming|altera_jtag_streaming:jtag_streaming|padded_bit_counter[5]                                                      ; altera_reserved_tck ; altera_reserved_tck ; 100.000      ; -0.078     ; 6.253      ;
; 93.687 ; jtag_to_avalon_mst_brg_01:u_jtag_avmm|jtag_to_avalon_mst_brg_01_master_0:master_0|altera_avalon_st_jtag_interface:jtag_phy_embedded_in_jtag_master|altera_jtag_dc_streaming:normal.jtag_dc_streaming|altera_jtag_streaming:jtag_streaming|padded_bit_counter[5]                                                                                     ; jtag_to_avalon_mst_brg_01:u_jtag_avmm|jtag_to_avalon_mst_brg_01_master_0:master_0|altera_avalon_st_jtag_interface:jtag_phy_embedded_in_jtag_master|altera_jtag_dc_streaming:normal.jtag_dc_streaming|altera_jtag_streaming:jtag_streaming|padded_bit_counter[4]                                                      ; altera_reserved_tck ; altera_reserved_tck ; 100.000      ; -0.078     ; 6.253      ;
; 93.687 ; jtag_to_avalon_mst_brg_01:u_jtag_avmm|jtag_to_avalon_mst_brg_01_master_0:master_0|altera_avalon_st_jtag_interface:jtag_phy_embedded_in_jtag_master|altera_jtag_dc_streaming:normal.jtag_dc_streaming|altera_jtag_streaming:jtag_streaming|padded_bit_counter[5]                                                                                     ; jtag_to_avalon_mst_brg_01:u_jtag_avmm|jtag_to_avalon_mst_brg_01_master_0:master_0|altera_avalon_st_jtag_interface:jtag_phy_embedded_in_jtag_master|altera_jtag_dc_streaming:normal.jtag_dc_streaming|altera_jtag_streaming:jtag_streaming|padded_bit_counter[3]                                                      ; altera_reserved_tck ; altera_reserved_tck ; 100.000      ; -0.078     ; 6.253      ;
; 93.687 ; jtag_to_avalon_mst_brg_01:u_jtag_avmm|jtag_to_avalon_mst_brg_01_master_0:master_0|altera_avalon_st_jtag_interface:jtag_phy_embedded_in_jtag_master|altera_jtag_dc_streaming:normal.jtag_dc_streaming|altera_jtag_streaming:jtag_streaming|padded_bit_counter[5]                                                                                     ; jtag_to_avalon_mst_brg_01:u_jtag_avmm|jtag_to_avalon_mst_brg_01_master_0:master_0|altera_avalon_st_jtag_interface:jtag_phy_embedded_in_jtag_master|altera_jtag_dc_streaming:normal.jtag_dc_streaming|altera_jtag_streaming:jtag_streaming|padded_bit_counter[0]                                                      ; altera_reserved_tck ; altera_reserved_tck ; 100.000      ; -0.078     ; 6.253      ;
; 93.690 ; jtag_to_avalon_mst_brg_01:u_jtag_avmm|jtag_to_avalon_mst_brg_01_master_0:master_0|altera_avalon_st_jtag_interface:jtag_phy_embedded_in_jtag_master|altera_jtag_dc_streaming:normal.jtag_dc_streaming|altera_jtag_streaming:jtag_streaming|padded_bit_counter[7]                                                                                     ; jtag_to_avalon_mst_brg_01:u_jtag_avmm|jtag_to_avalon_mst_brg_01_master_0:master_0|altera_avalon_st_jtag_interface:jtag_phy_embedded_in_jtag_master|altera_jtag_dc_streaming:normal.jtag_dc_streaming|altera_jtag_streaming:jtag_streaming|padded_bit_counter[7]                                                      ; altera_reserved_tck ; altera_reserved_tck ; 100.000      ; -0.078     ; 6.250      ;
; 93.690 ; jtag_to_avalon_mst_brg_01:u_jtag_avmm|jtag_to_avalon_mst_brg_01_master_0:master_0|altera_avalon_st_jtag_interface:jtag_phy_embedded_in_jtag_master|altera_jtag_dc_streaming:normal.jtag_dc_streaming|altera_jtag_streaming:jtag_streaming|padded_bit_counter[7]                                                                                     ; jtag_to_avalon_mst_brg_01:u_jtag_avmm|jtag_to_avalon_mst_brg_01_master_0:master_0|altera_avalon_st_jtag_interface:jtag_phy_embedded_in_jtag_master|altera_jtag_dc_streaming:normal.jtag_dc_streaming|altera_jtag_streaming:jtag_streaming|padded_bit_counter[6]                                                      ; altera_reserved_tck ; altera_reserved_tck ; 100.000      ; -0.078     ; 6.250      ;
; 93.690 ; jtag_to_avalon_mst_brg_01:u_jtag_avmm|jtag_to_avalon_mst_brg_01_master_0:master_0|altera_avalon_st_jtag_interface:jtag_phy_embedded_in_jtag_master|altera_jtag_dc_streaming:normal.jtag_dc_streaming|altera_jtag_streaming:jtag_streaming|padded_bit_counter[7]                                                                                     ; jtag_to_avalon_mst_brg_01:u_jtag_avmm|jtag_to_avalon_mst_brg_01_master_0:master_0|altera_avalon_st_jtag_interface:jtag_phy_embedded_in_jtag_master|altera_jtag_dc_streaming:normal.jtag_dc_streaming|altera_jtag_streaming:jtag_streaming|padded_bit_counter[5]                                                      ; altera_reserved_tck ; altera_reserved_tck ; 100.000      ; -0.078     ; 6.250      ;
+--------+-----------------------------------------------------------------------------------------------------------------------------------------------------------------------------------------------------------------------------------------------------------------------------------------------------------------------------------------------------+----------------------------------------------------------------------------------------------------------------------------------------------------------------------------------------------------------------------------------------------------------------------------------------------------------------------+---------------------+---------------------+--------------+------------+------------+


+------------------------------------------------------------------------------------------------------------------------------------------------------------------------------------------------------------------------------------------------------------------------------------------------------------------------------------------------------------------------------------------------------------------------------------------------------------------------------------------------------------------------------------------------------------------------------------------------------------------------------------------------------------------------------------------------------------------------------------------------------------------------------------------------------------+
; Slow 1200mV 85C Model Hold: 'altera_reserved_tck'                                                                                                                                                                                                                                                                                                                                                                                                                                                                                                                                                                                                                                                                                                                                                          ;
+-------+-------------------------------------------------------------------------------------------------------------------------------------------------------------------------------------------------------------------------------------------------------------------------------------------------------------------------------------------------------+-------------------------------------------------------------------------------------------------------------------------------------------------------------------------------------------------------------------------------------------------------------------------------------------------------------------------------------------------------+---------------------+---------------------+--------------+------------+------------+
; Slack ; From Node                                                                                                                                                                                                                                                                                                                                             ; To Node                                                                                                                                                                                                                                                                                                                                               ; Launch Clock        ; Latch Clock         ; Relationship ; Clock Skew ; Data Delay ;
+-------+-------------------------------------------------------------------------------------------------------------------------------------------------------------------------------------------------------------------------------------------------------------------------------------------------------------------------------------------------------+-------------------------------------------------------------------------------------------------------------------------------------------------------------------------------------------------------------------------------------------------------------------------------------------------------------------------------------------------------+---------------------+---------------------+--------------+------------+------------+
; 0.403 ; jtag_to_avalon_mst_brg_01:u_jtag_avmm|jtag_to_avalon_mst_brg_01_master_0:master_0|altera_avalon_st_jtag_interface:jtag_phy_embedded_in_jtag_master|altera_jtag_dc_streaming:normal.jtag_dc_streaming|altera_jtag_streaming:jtag_streaming|scan_length_byte_counter[18]                                                                                ; jtag_to_avalon_mst_brg_01:u_jtag_avmm|jtag_to_avalon_mst_brg_01_master_0:master_0|altera_avalon_st_jtag_interface:jtag_phy_embedded_in_jtag_master|altera_jtag_dc_streaming:normal.jtag_dc_streaming|altera_jtag_streaming:jtag_streaming|scan_length_byte_counter[18]                                                                                ; altera_reserved_tck ; altera_reserved_tck ; 0.000        ; 0.080      ; 0.669      ;
; 0.403 ; sld_hub:auto_hub|alt_sld_fab_with_jtag_input:\instrumentation_fabric_with_node_gen:fabric_gen_new_way:with_jtag_input_gen:instrumentation_fabric|alt_sld_fab:instrumentation_fabric|alt_sld_fab_alt_sld_fab:alt_sld_fab|alt_sld_fab_alt_sld_fab_sldfabric:sldfabric|sld_jtag_hub:\jtag_hub_gen:real_sld_jtag_hub|hub_mode_reg[2]                      ; sld_hub:auto_hub|alt_sld_fab_with_jtag_input:\instrumentation_fabric_with_node_gen:fabric_gen_new_way:with_jtag_input_gen:instrumentation_fabric|alt_sld_fab:instrumentation_fabric|alt_sld_fab_alt_sld_fab:alt_sld_fab|alt_sld_fab_alt_sld_fab_sldfabric:sldfabric|sld_jtag_hub:\jtag_hub_gen:real_sld_jtag_hub|hub_mode_reg[2]                      ; altera_reserved_tck ; altera_reserved_tck ; 0.000        ; 0.080      ; 0.669      ;
; 0.403 ; sld_hub:auto_hub|alt_sld_fab_with_jtag_input:\instrumentation_fabric_with_node_gen:fabric_gen_new_way:with_jtag_input_gen:instrumentation_fabric|alt_sld_fab:instrumentation_fabric|alt_sld_fab_alt_sld_fab:alt_sld_fab|alt_sld_fab_alt_sld_fab_sldfabric:sldfabric|sld_jtag_hub:\jtag_hub_gen:real_sld_jtag_hub|hub_mode_reg[1]                      ; sld_hub:auto_hub|alt_sld_fab_with_jtag_input:\instrumentation_fabric_with_node_gen:fabric_gen_new_way:with_jtag_input_gen:instrumentation_fabric|alt_sld_fab:instrumentation_fabric|alt_sld_fab_alt_sld_fab:alt_sld_fab|alt_sld_fab_alt_sld_fab_sldfabric:sldfabric|sld_jtag_hub:\jtag_hub_gen:real_sld_jtag_hub|hub_mode_reg[1]                      ; altera_reserved_tck ; altera_reserved_tck ; 0.000        ; 0.080      ; 0.669      ;
; 0.403 ; sld_hub:auto_hub|alt_sld_fab_with_jtag_input:\instrumentation_fabric_with_node_gen:fabric_gen_new_way:with_jtag_input_gen:instrumentation_fabric|alt_sld_fab:instrumentation_fabric|alt_sld_fab_alt_sld_fab:alt_sld_fab|alt_sld_fab_alt_sld_fab_sldfabric:sldfabric|sld_jtag_hub:\jtag_hub_gen:real_sld_jtag_hub|tdo_bypass_reg                       ; sld_hub:auto_hub|alt_sld_fab_with_jtag_input:\instrumentation_fabric_with_node_gen:fabric_gen_new_way:with_jtag_input_gen:instrumentation_fabric|alt_sld_fab:instrumentation_fabric|alt_sld_fab_alt_sld_fab:alt_sld_fab|alt_sld_fab_alt_sld_fab_sldfabric:sldfabric|sld_jtag_hub:\jtag_hub_gen:real_sld_jtag_hub|tdo_bypass_reg                       ; altera_reserved_tck ; altera_reserved_tck ; 0.000        ; 0.080      ; 0.669      ;
; 0.403 ; sld_hub:auto_hub|alt_sld_fab_with_jtag_input:\instrumentation_fabric_with_node_gen:fabric_gen_new_way:with_jtag_input_gen:instrumentation_fabric|alt_sld_fab:instrumentation_fabric|alt_sld_fab_alt_sld_fab:alt_sld_fab|alt_sld_fab_alt_sld_fab_sldfabric:sldfabric|sld_jtag_hub:\jtag_hub_gen:real_sld_jtag_hub|sld_shadow_jsm:shadow_jsm|state[4]   ; sld_hub:auto_hub|alt_sld_fab_with_jtag_input:\instrumentation_fabric_with_node_gen:fabric_gen_new_way:with_jtag_input_gen:instrumentation_fabric|alt_sld_fab:instrumentation_fabric|alt_sld_fab_alt_sld_fab:alt_sld_fab|alt_sld_fab_alt_sld_fab_sldfabric:sldfabric|sld_jtag_hub:\jtag_hub_gen:real_sld_jtag_hub|sld_shadow_jsm:shadow_jsm|state[4]   ; altera_reserved_tck ; altera_reserved_tck ; 0.000        ; 0.080      ; 0.669      ;
; 0.403 ; sld_hub:auto_hub|alt_sld_fab_with_jtag_input:\instrumentation_fabric_with_node_gen:fabric_gen_new_way:with_jtag_input_gen:instrumentation_fabric|alt_sld_fab:instrumentation_fabric|alt_sld_fab_alt_sld_fab:alt_sld_fab|alt_sld_fab_alt_sld_fab_sldfabric:sldfabric|sld_jtag_hub:\jtag_hub_gen:real_sld_jtag_hub|sld_shadow_jsm:shadow_jsm|state[6]   ; sld_hub:auto_hub|alt_sld_fab_with_jtag_input:\instrumentation_fabric_with_node_gen:fabric_gen_new_way:with_jtag_input_gen:instrumentation_fabric|alt_sld_fab:instrumentation_fabric|alt_sld_fab_alt_sld_fab:alt_sld_fab|alt_sld_fab_alt_sld_fab_sldfabric:sldfabric|sld_jtag_hub:\jtag_hub_gen:real_sld_jtag_hub|sld_shadow_jsm:shadow_jsm|state[6]   ; altera_reserved_tck ; altera_reserved_tck ; 0.000        ; 0.080      ; 0.669      ;
; 0.404 ; jtag_to_avalon_mst_brg_01:u_jtag_avmm|jtag_to_avalon_mst_brg_01_master_0:master_0|altera_avalon_st_jtag_interface:jtag_phy_embedded_in_jtag_master|altera_jtag_dc_streaming:normal.jtag_dc_streaming|altera_avalon_st_clock_crosser:sink_crosser|altera_avalon_st_pipeline_base:output_stage|full1                                                    ; jtag_to_avalon_mst_brg_01:u_jtag_avmm|jtag_to_avalon_mst_brg_01_master_0:master_0|altera_avalon_st_jtag_interface:jtag_phy_embedded_in_jtag_master|altera_jtag_dc_streaming:normal.jtag_dc_streaming|altera_avalon_st_clock_crosser:sink_crosser|altera_avalon_st_pipeline_base:output_stage|full1                                                    ; altera_reserved_tck ; altera_reserved_tck ; 0.000        ; 0.079      ; 0.669      ;
; 0.404 ; jtag_to_avalon_mst_brg_01:u_jtag_avmm|jtag_to_avalon_mst_brg_01_master_0:master_0|altera_avalon_st_jtag_interface:jtag_phy_embedded_in_jtag_master|altera_jtag_dc_streaming:normal.jtag_dc_streaming|altera_jtag_streaming:jtag_streaming|altera_avalon_st_idle_inserter:idle_inserter|received_esc                                                   ; jtag_to_avalon_mst_brg_01:u_jtag_avmm|jtag_to_avalon_mst_brg_01_master_0:master_0|altera_avalon_st_jtag_interface:jtag_phy_embedded_in_jtag_master|altera_jtag_dc_streaming:normal.jtag_dc_streaming|altera_jtag_streaming:jtag_streaming|altera_avalon_st_idle_inserter:idle_inserter|received_esc                                                   ; altera_reserved_tck ; altera_reserved_tck ; 0.000        ; 0.079      ; 0.669      ;
; 0.404 ; jtag_to_avalon_mst_brg_01:u_jtag_avmm|jtag_to_avalon_mst_brg_01_master_0:master_0|altera_avalon_st_jtag_interface:jtag_phy_embedded_in_jtag_master|altera_jtag_dc_streaming:normal.jtag_dc_streaming|altera_avalon_st_clock_crosser:sink_crosser|altera_avalon_st_pipeline_base:output_stage|full0                                                    ; jtag_to_avalon_mst_brg_01:u_jtag_avmm|jtag_to_avalon_mst_brg_01_master_0:master_0|altera_avalon_st_jtag_interface:jtag_phy_embedded_in_jtag_master|altera_jtag_dc_streaming:normal.jtag_dc_streaming|altera_avalon_st_clock_crosser:sink_crosser|altera_avalon_st_pipeline_base:output_stage|full0                                                    ; altera_reserved_tck ; altera_reserved_tck ; 0.000        ; 0.079      ; 0.669      ;
; 0.404 ; jtag_to_avalon_mst_brg_01:u_jtag_avmm|jtag_to_avalon_mst_brg_01_master_0:master_0|altera_avalon_st_jtag_interface:jtag_phy_embedded_in_jtag_master|altera_jtag_dc_streaming:normal.jtag_dc_streaming|altera_jtag_streaming:jtag_streaming|scan_length_byte_counter[0]                                                                                 ; jtag_to_avalon_mst_brg_01:u_jtag_avmm|jtag_to_avalon_mst_brg_01_master_0:master_0|altera_avalon_st_jtag_interface:jtag_phy_embedded_in_jtag_master|altera_jtag_dc_streaming:normal.jtag_dc_streaming|altera_jtag_streaming:jtag_streaming|scan_length_byte_counter[0]                                                                                 ; altera_reserved_tck ; altera_reserved_tck ; 0.000        ; 0.079      ; 0.669      ;
; 0.404 ; jtag_to_avalon_mst_brg_01:u_jtag_avmm|jtag_to_avalon_mst_brg_01_master_0:master_0|altera_avalon_st_jtag_interface:jtag_phy_embedded_in_jtag_master|altera_jtag_dc_streaming:normal.jtag_dc_streaming|altera_jtag_streaming:jtag_streaming|scan_length_byte_counter[1]                                                                                 ; jtag_to_avalon_mst_brg_01:u_jtag_avmm|jtag_to_avalon_mst_brg_01_master_0:master_0|altera_avalon_st_jtag_interface:jtag_phy_embedded_in_jtag_master|altera_jtag_dc_streaming:normal.jtag_dc_streaming|altera_jtag_streaming:jtag_streaming|scan_length_byte_counter[1]                                                                                 ; altera_reserved_tck ; altera_reserved_tck ; 0.000        ; 0.079      ; 0.669      ;
; 0.404 ; jtag_to_avalon_mst_brg_01:u_jtag_avmm|jtag_to_avalon_mst_brg_01_master_0:master_0|altera_avalon_st_jtag_interface:jtag_phy_embedded_in_jtag_master|altera_jtag_dc_streaming:normal.jtag_dc_streaming|altera_jtag_streaming:jtag_streaming|scan_length_byte_counter[2]                                                                                 ; jtag_to_avalon_mst_brg_01:u_jtag_avmm|jtag_to_avalon_mst_brg_01_master_0:master_0|altera_avalon_st_jtag_interface:jtag_phy_embedded_in_jtag_master|altera_jtag_dc_streaming:normal.jtag_dc_streaming|altera_jtag_streaming:jtag_streaming|scan_length_byte_counter[2]                                                                                 ; altera_reserved_tck ; altera_reserved_tck ; 0.000        ; 0.079      ; 0.669      ;
; 0.404 ; jtag_to_avalon_mst_brg_01:u_jtag_avmm|jtag_to_avalon_mst_brg_01_master_0:master_0|altera_avalon_st_jtag_interface:jtag_phy_embedded_in_jtag_master|altera_jtag_dc_streaming:normal.jtag_dc_streaming|altera_jtag_streaming:jtag_streaming|scan_length_byte_counter[3]                                                                                 ; jtag_to_avalon_mst_brg_01:u_jtag_avmm|jtag_to_avalon_mst_brg_01_master_0:master_0|altera_avalon_st_jtag_interface:jtag_phy_embedded_in_jtag_master|altera_jtag_dc_streaming:normal.jtag_dc_streaming|altera_jtag_streaming:jtag_streaming|scan_length_byte_counter[3]                                                                                 ; altera_reserved_tck ; altera_reserved_tck ; 0.000        ; 0.079      ; 0.669      ;
; 0.404 ; jtag_to_avalon_mst_brg_01:u_jtag_avmm|jtag_to_avalon_mst_brg_01_master_0:master_0|altera_avalon_st_jtag_interface:jtag_phy_embedded_in_jtag_master|altera_jtag_dc_streaming:normal.jtag_dc_streaming|altera_jtag_streaming:jtag_streaming|scan_length_byte_counter[4]                                                                                 ; jtag_to_avalon_mst_brg_01:u_jtag_avmm|jtag_to_avalon_mst_brg_01_master_0:master_0|altera_avalon_st_jtag_interface:jtag_phy_embedded_in_jtag_master|altera_jtag_dc_streaming:normal.jtag_dc_streaming|altera_jtag_streaming:jtag_streaming|scan_length_byte_counter[4]                                                                                 ; altera_reserved_tck ; altera_reserved_tck ; 0.000        ; 0.079      ; 0.669      ;
; 0.404 ; jtag_to_avalon_mst_brg_01:u_jtag_avmm|jtag_to_avalon_mst_brg_01_master_0:master_0|altera_avalon_st_jtag_interface:jtag_phy_embedded_in_jtag_master|altera_jtag_dc_streaming:normal.jtag_dc_streaming|altera_jtag_streaming:jtag_streaming|scan_length_byte_counter[5]                                                                                 ; jtag_to_avalon_mst_brg_01:u_jtag_avmm|jtag_to_avalon_mst_brg_01_master_0:master_0|altera_avalon_st_jtag_interface:jtag_phy_embedded_in_jtag_master|altera_jtag_dc_streaming:normal.jtag_dc_streaming|altera_jtag_streaming:jtag_streaming|scan_length_byte_counter[5]                                                                                 ; altera_reserved_tck ; altera_reserved_tck ; 0.000        ; 0.079      ; 0.669      ;
; 0.404 ; jtag_to_avalon_mst_brg_01:u_jtag_avmm|jtag_to_avalon_mst_brg_01_master_0:master_0|altera_avalon_st_jtag_interface:jtag_phy_embedded_in_jtag_master|altera_jtag_dc_streaming:normal.jtag_dc_streaming|altera_jtag_streaming:jtag_streaming|scan_length_byte_counter[6]                                                                                 ; jtag_to_avalon_mst_brg_01:u_jtag_avmm|jtag_to_avalon_mst_brg_01_master_0:master_0|altera_avalon_st_jtag_interface:jtag_phy_embedded_in_jtag_master|altera_jtag_dc_streaming:normal.jtag_dc_streaming|altera_jtag_streaming:jtag_streaming|scan_length_byte_counter[6]                                                                                 ; altera_reserved_tck ; altera_reserved_tck ; 0.000        ; 0.079      ; 0.669      ;
; 0.404 ; jtag_to_avalon_mst_brg_01:u_jtag_avmm|jtag_to_avalon_mst_brg_01_master_0:master_0|altera_avalon_st_jtag_interface:jtag_phy_embedded_in_jtag_master|altera_jtag_dc_streaming:normal.jtag_dc_streaming|altera_jtag_streaming:jtag_streaming|scan_length_byte_counter[7]                                                                                 ; jtag_to_avalon_mst_brg_01:u_jtag_avmm|jtag_to_avalon_mst_brg_01_master_0:master_0|altera_avalon_st_jtag_interface:jtag_phy_embedded_in_jtag_master|altera_jtag_dc_streaming:normal.jtag_dc_streaming|altera_jtag_streaming:jtag_streaming|scan_length_byte_counter[7]                                                                                 ; altera_reserved_tck ; altera_reserved_tck ; 0.000        ; 0.079      ; 0.669      ;
; 0.404 ; jtag_to_avalon_mst_brg_01:u_jtag_avmm|jtag_to_avalon_mst_brg_01_master_0:master_0|altera_avalon_st_jtag_interface:jtag_phy_embedded_in_jtag_master|altera_jtag_dc_streaming:normal.jtag_dc_streaming|altera_jtag_streaming:jtag_streaming|read_data_bit_counter[1]                                                                                    ; jtag_to_avalon_mst_brg_01:u_jtag_avmm|jtag_to_avalon_mst_brg_01_master_0:master_0|altera_avalon_st_jtag_interface:jtag_phy_embedded_in_jtag_master|altera_jtag_dc_streaming:normal.jtag_dc_streaming|altera_jtag_streaming:jtag_streaming|read_data_bit_counter[1]                                                                                    ; altera_reserved_tck ; altera_reserved_tck ; 0.000        ; 0.079      ; 0.669      ;
; 0.404 ; jtag_to_avalon_mst_brg_01:u_jtag_avmm|jtag_to_avalon_mst_brg_01_master_0:master_0|altera_avalon_st_jtag_interface:jtag_phy_embedded_in_jtag_master|altera_jtag_dc_streaming:normal.jtag_dc_streaming|altera_jtag_streaming:jtag_streaming|header_out_bit_counter[1]                                                                                   ; jtag_to_avalon_mst_brg_01:u_jtag_avmm|jtag_to_avalon_mst_brg_01_master_0:master_0|altera_avalon_st_jtag_interface:jtag_phy_embedded_in_jtag_master|altera_jtag_dc_streaming:normal.jtag_dc_streaming|altera_jtag_streaming:jtag_streaming|header_out_bit_counter[1]                                                                                   ; altera_reserved_tck ; altera_reserved_tck ; 0.000        ; 0.079      ; 0.669      ;
; 0.405 ; jtag_to_avalon_mst_brg_01:u_jtag_avmm|jtag_to_avalon_mst_brg_01_master_0:master_0|altera_avalon_st_jtag_interface:jtag_phy_embedded_in_jtag_master|altera_jtag_dc_streaming:normal.jtag_dc_streaming|altera_jtag_streaming:jtag_streaming|altera_avalon_st_idle_remover:idle_remover|received_esc                                                     ; jtag_to_avalon_mst_brg_01:u_jtag_avmm|jtag_to_avalon_mst_brg_01_master_0:master_0|altera_avalon_st_jtag_interface:jtag_phy_embedded_in_jtag_master|altera_jtag_dc_streaming:normal.jtag_dc_streaming|altera_jtag_streaming:jtag_streaming|altera_avalon_st_idle_remover:idle_remover|received_esc                                                     ; altera_reserved_tck ; altera_reserved_tck ; 0.000        ; 0.078      ; 0.669      ;
; 0.405 ; jtag_to_avalon_mst_brg_01:u_jtag_avmm|jtag_to_avalon_mst_brg_01_master_0:master_0|altera_avalon_st_jtag_interface:jtag_phy_embedded_in_jtag_master|altera_jtag_dc_streaming:normal.jtag_dc_streaming|altera_jtag_streaming:jtag_streaming|write_data_bit_counter[1]                                                                                   ; jtag_to_avalon_mst_brg_01:u_jtag_avmm|jtag_to_avalon_mst_brg_01_master_0:master_0|altera_avalon_st_jtag_interface:jtag_phy_embedded_in_jtag_master|altera_jtag_dc_streaming:normal.jtag_dc_streaming|altera_jtag_streaming:jtag_streaming|write_data_bit_counter[1]                                                                                   ; altera_reserved_tck ; altera_reserved_tck ; 0.000        ; 0.078      ; 0.669      ;
; 0.405 ; jtag_to_avalon_mst_brg_01:u_jtag_avmm|jtag_to_avalon_mst_brg_01_master_0:master_0|altera_avalon_st_jtag_interface:jtag_phy_embedded_in_jtag_master|altera_jtag_dc_streaming:normal.jtag_dc_streaming|altera_jtag_streaming:jtag_streaming|header_in_bit_counter[3]                                                                                    ; jtag_to_avalon_mst_brg_01:u_jtag_avmm|jtag_to_avalon_mst_brg_01_master_0:master_0|altera_avalon_st_jtag_interface:jtag_phy_embedded_in_jtag_master|altera_jtag_dc_streaming:normal.jtag_dc_streaming|altera_jtag_streaming:jtag_streaming|header_in_bit_counter[3]                                                                                    ; altera_reserved_tck ; altera_reserved_tck ; 0.000        ; 0.078      ; 0.669      ;
; 0.405 ; jtag_to_avalon_mst_brg_01:u_jtag_avmm|jtag_to_avalon_mst_brg_01_master_0:master_0|altera_avalon_st_jtag_interface:jtag_phy_embedded_in_jtag_master|altera_jtag_dc_streaming:normal.jtag_dc_streaming|altera_jtag_streaming:jtag_streaming|header_in_bit_counter[2]                                                                                    ; jtag_to_avalon_mst_brg_01:u_jtag_avmm|jtag_to_avalon_mst_brg_01_master_0:master_0|altera_avalon_st_jtag_interface:jtag_phy_embedded_in_jtag_master|altera_jtag_dc_streaming:normal.jtag_dc_streaming|altera_jtag_streaming:jtag_streaming|header_in_bit_counter[2]                                                                                    ; altera_reserved_tck ; altera_reserved_tck ; 0.000        ; 0.078      ; 0.669      ;
; 0.405 ; jtag_to_avalon_mst_brg_01:u_jtag_avmm|jtag_to_avalon_mst_brg_01_master_0:master_0|altera_avalon_st_jtag_interface:jtag_phy_embedded_in_jtag_master|altera_jtag_dc_streaming:normal.jtag_dc_streaming|altera_jtag_streaming:jtag_streaming|header_in_bit_counter[1]                                                                                    ; jtag_to_avalon_mst_brg_01:u_jtag_avmm|jtag_to_avalon_mst_brg_01_master_0:master_0|altera_avalon_st_jtag_interface:jtag_phy_embedded_in_jtag_master|altera_jtag_dc_streaming:normal.jtag_dc_streaming|altera_jtag_streaming:jtag_streaming|header_in_bit_counter[1]                                                                                    ; altera_reserved_tck ; altera_reserved_tck ; 0.000        ; 0.078      ; 0.669      ;
; 0.405 ; jtag_to_avalon_mst_brg_01:u_jtag_avmm|jtag_to_avalon_mst_brg_01_master_0:master_0|altera_avalon_st_jtag_interface:jtag_phy_embedded_in_jtag_master|altera_jtag_dc_streaming:normal.jtag_dc_streaming|altera_jtag_streaming:jtag_streaming|dr_info[8]                                                                                                  ; jtag_to_avalon_mst_brg_01:u_jtag_avmm|jtag_to_avalon_mst_brg_01_master_0:master_0|altera_avalon_st_jtag_interface:jtag_phy_embedded_in_jtag_master|altera_jtag_dc_streaming:normal.jtag_dc_streaming|altera_jtag_streaming:jtag_streaming|dr_info[8]                                                                                                  ; altera_reserved_tck ; altera_reserved_tck ; 0.000        ; 0.078      ; 0.669      ;
; 0.405 ; jtag_to_avalon_mst_brg_01:u_jtag_avmm|jtag_to_avalon_mst_brg_01_master_0:master_0|altera_avalon_st_jtag_interface:jtag_phy_embedded_in_jtag_master|altera_jtag_dc_streaming:normal.jtag_dc_streaming|altera_jtag_streaming:jtag_streaming|dr_debug[2]                                                                                                 ; jtag_to_avalon_mst_brg_01:u_jtag_avmm|jtag_to_avalon_mst_brg_01_master_0:master_0|altera_avalon_st_jtag_interface:jtag_phy_embedded_in_jtag_master|altera_jtag_dc_streaming:normal.jtag_dc_streaming|altera_jtag_streaming:jtag_streaming|dr_debug[2]                                                                                                 ; altera_reserved_tck ; altera_reserved_tck ; 0.000        ; 0.078      ; 0.669      ;
; 0.405 ; jtag_to_avalon_mst_brg_01:u_jtag_avmm|jtag_to_avalon_mst_brg_01_master_0:master_0|altera_avalon_st_jtag_interface:jtag_phy_embedded_in_jtag_master|altera_jtag_dc_streaming:normal.jtag_dc_streaming|altera_jtag_streaming:jtag_streaming|dr_loopback                                                                                                 ; jtag_to_avalon_mst_brg_01:u_jtag_avmm|jtag_to_avalon_mst_brg_01_master_0:master_0|altera_avalon_st_jtag_interface:jtag_phy_embedded_in_jtag_master|altera_jtag_dc_streaming:normal.jtag_dc_streaming|altera_jtag_streaming:jtag_streaming|dr_loopback                                                                                                 ; altera_reserved_tck ; altera_reserved_tck ; 0.000        ; 0.078      ; 0.669      ;
; 0.405 ; sld_hub:auto_hub|alt_sld_fab_with_jtag_input:\instrumentation_fabric_with_node_gen:fabric_gen_new_way:with_jtag_input_gen:instrumentation_fabric|alt_sld_fab:instrumentation_fabric|alt_sld_fab_alt_sld_fab:alt_sld_fab|splitter_nodes_receive_0[3]                                                                                                   ; sld_hub:auto_hub|alt_sld_fab_with_jtag_input:\instrumentation_fabric_with_node_gen:fabric_gen_new_way:with_jtag_input_gen:instrumentation_fabric|alt_sld_fab:instrumentation_fabric|alt_sld_fab_alt_sld_fab:alt_sld_fab|splitter_nodes_receive_0[3]                                                                                                   ; altera_reserved_tck ; altera_reserved_tck ; 0.000        ; 0.078      ; 0.669      ;
; 0.405 ; sld_hub:auto_hub|alt_sld_fab_with_jtag_input:\instrumentation_fabric_with_node_gen:fabric_gen_new_way:with_jtag_input_gen:instrumentation_fabric|alt_sld_fab:instrumentation_fabric|alt_sld_fab_alt_sld_fab:alt_sld_fab|alt_sld_fab_alt_sld_fab_sldfabric:sldfabric|sld_jtag_hub:\jtag_hub_gen:real_sld_jtag_hub|hub_mode_reg[0]                      ; sld_hub:auto_hub|alt_sld_fab_with_jtag_input:\instrumentation_fabric_with_node_gen:fabric_gen_new_way:with_jtag_input_gen:instrumentation_fabric|alt_sld_fab:instrumentation_fabric|alt_sld_fab_alt_sld_fab:alt_sld_fab|alt_sld_fab_alt_sld_fab_sldfabric:sldfabric|sld_jtag_hub:\jtag_hub_gen:real_sld_jtag_hub|hub_mode_reg[0]                      ; altera_reserved_tck ; altera_reserved_tck ; 0.000        ; 0.078      ; 0.669      ;
; 0.405 ; sld_hub:auto_hub|alt_sld_fab_with_jtag_input:\instrumentation_fabric_with_node_gen:fabric_gen_new_way:with_jtag_input_gen:instrumentation_fabric|alt_sld_fab:instrumentation_fabric|alt_sld_fab_alt_sld_fab:alt_sld_fab|alt_sld_fab_alt_sld_fab_sldfabric:sldfabric|sld_jtag_hub:\jtag_hub_gen:real_sld_jtag_hub|irsr_reg[3]                          ; sld_hub:auto_hub|alt_sld_fab_with_jtag_input:\instrumentation_fabric_with_node_gen:fabric_gen_new_way:with_jtag_input_gen:instrumentation_fabric|alt_sld_fab:instrumentation_fabric|alt_sld_fab_alt_sld_fab:alt_sld_fab|alt_sld_fab_alt_sld_fab_sldfabric:sldfabric|sld_jtag_hub:\jtag_hub_gen:real_sld_jtag_hub|irsr_reg[3]                          ; altera_reserved_tck ; altera_reserved_tck ; 0.000        ; 0.078      ; 0.669      ;
; 0.405 ; sld_hub:auto_hub|alt_sld_fab_with_jtag_input:\instrumentation_fabric_with_node_gen:fabric_gen_new_way:with_jtag_input_gen:instrumentation_fabric|alt_sld_fab:instrumentation_fabric|alt_sld_fab_alt_sld_fab:alt_sld_fab|alt_sld_fab_alt_sld_fab_sldfabric:sldfabric|sld_jtag_hub:\jtag_hub_gen:real_sld_jtag_hub|sld_shadow_jsm:shadow_jsm|state[13]  ; sld_hub:auto_hub|alt_sld_fab_with_jtag_input:\instrumentation_fabric_with_node_gen:fabric_gen_new_way:with_jtag_input_gen:instrumentation_fabric|alt_sld_fab:instrumentation_fabric|alt_sld_fab_alt_sld_fab:alt_sld_fab|alt_sld_fab_alt_sld_fab_sldfabric:sldfabric|sld_jtag_hub:\jtag_hub_gen:real_sld_jtag_hub|sld_shadow_jsm:shadow_jsm|state[13]  ; altera_reserved_tck ; altera_reserved_tck ; 0.000        ; 0.078      ; 0.669      ;
; 0.405 ; sld_hub:auto_hub|alt_sld_fab_with_jtag_input:\instrumentation_fabric_with_node_gen:fabric_gen_new_way:with_jtag_input_gen:instrumentation_fabric|alt_sld_fab:instrumentation_fabric|alt_sld_fab_alt_sld_fab:alt_sld_fab|alt_sld_fab_alt_sld_fab_sldfabric:sldfabric|sld_jtag_hub:\jtag_hub_gen:real_sld_jtag_hub|sld_shadow_jsm:shadow_jsm|state[11]  ; sld_hub:auto_hub|alt_sld_fab_with_jtag_input:\instrumentation_fabric_with_node_gen:fabric_gen_new_way:with_jtag_input_gen:instrumentation_fabric|alt_sld_fab:instrumentation_fabric|alt_sld_fab_alt_sld_fab:alt_sld_fab|alt_sld_fab_alt_sld_fab_sldfabric:sldfabric|sld_jtag_hub:\jtag_hub_gen:real_sld_jtag_hub|sld_shadow_jsm:shadow_jsm|state[11]  ; altera_reserved_tck ; altera_reserved_tck ; 0.000        ; 0.078      ; 0.669      ;
; 0.405 ; sld_hub:auto_hub|alt_sld_fab_with_jtag_input:\instrumentation_fabric_with_node_gen:fabric_gen_new_way:with_jtag_input_gen:instrumentation_fabric|alt_sld_fab:instrumentation_fabric|alt_sld_fab_alt_sld_fab:alt_sld_fab|alt_sld_fab_alt_sld_fab_sldfabric:sldfabric|sld_jtag_hub:\jtag_hub_gen:real_sld_jtag_hub|sld_shadow_jsm:shadow_jsm|state[1]   ; sld_hub:auto_hub|alt_sld_fab_with_jtag_input:\instrumentation_fabric_with_node_gen:fabric_gen_new_way:with_jtag_input_gen:instrumentation_fabric|alt_sld_fab:instrumentation_fabric|alt_sld_fab_alt_sld_fab:alt_sld_fab|alt_sld_fab_alt_sld_fab_sldfabric:sldfabric|sld_jtag_hub:\jtag_hub_gen:real_sld_jtag_hub|sld_shadow_jsm:shadow_jsm|state[1]   ; altera_reserved_tck ; altera_reserved_tck ; 0.000        ; 0.078      ; 0.669      ;
; 0.405 ; sld_hub:auto_hub|alt_sld_fab_with_jtag_input:\instrumentation_fabric_with_node_gen:fabric_gen_new_way:with_jtag_input_gen:instrumentation_fabric|alt_sld_fab:instrumentation_fabric|alt_sld_fab_alt_sld_fab:alt_sld_fab|alt_sld_fab_alt_sld_fab_sldfabric:sldfabric|sld_jtag_hub:\jtag_hub_gen:real_sld_jtag_hub|sld_shadow_jsm:shadow_jsm|state[0]   ; sld_hub:auto_hub|alt_sld_fab_with_jtag_input:\instrumentation_fabric_with_node_gen:fabric_gen_new_way:with_jtag_input_gen:instrumentation_fabric|alt_sld_fab:instrumentation_fabric|alt_sld_fab_alt_sld_fab:alt_sld_fab|alt_sld_fab_alt_sld_fab_sldfabric:sldfabric|sld_jtag_hub:\jtag_hub_gen:real_sld_jtag_hub|sld_shadow_jsm:shadow_jsm|state[0]   ; altera_reserved_tck ; altera_reserved_tck ; 0.000        ; 0.078      ; 0.669      ;
; 0.405 ; sld_hub:auto_hub|alt_sld_fab_with_jtag_input:\instrumentation_fabric_with_node_gen:fabric_gen_new_way:with_jtag_input_gen:instrumentation_fabric|alt_sld_fab:instrumentation_fabric|alt_sld_fab_alt_sld_fab:alt_sld_fab|alt_sld_fab_alt_sld_fab_sldfabric:sldfabric|sld_jtag_hub:\jtag_hub_gen:real_sld_jtag_hub|sld_shadow_jsm:shadow_jsm|tms_cnt[2] ; sld_hub:auto_hub|alt_sld_fab_with_jtag_input:\instrumentation_fabric_with_node_gen:fabric_gen_new_way:with_jtag_input_gen:instrumentation_fabric|alt_sld_fab:instrumentation_fabric|alt_sld_fab_alt_sld_fab:alt_sld_fab|alt_sld_fab_alt_sld_fab_sldfabric:sldfabric|sld_jtag_hub:\jtag_hub_gen:real_sld_jtag_hub|sld_shadow_jsm:shadow_jsm|tms_cnt[2] ; altera_reserved_tck ; altera_reserved_tck ; 0.000        ; 0.078      ; 0.669      ;
; 0.405 ; sld_hub:auto_hub|alt_sld_fab_with_jtag_input:\instrumentation_fabric_with_node_gen:fabric_gen_new_way:with_jtag_input_gen:instrumentation_fabric|alt_sld_fab:instrumentation_fabric|alt_sld_fab_alt_sld_fab:alt_sld_fab|alt_sld_fab_alt_sld_fab_sldfabric:sldfabric|sld_jtag_hub:\jtag_hub_gen:real_sld_jtag_hub|sld_shadow_jsm:shadow_jsm|tms_cnt[1] ; sld_hub:auto_hub|alt_sld_fab_with_jtag_input:\instrumentation_fabric_with_node_gen:fabric_gen_new_way:with_jtag_input_gen:instrumentation_fabric|alt_sld_fab:instrumentation_fabric|alt_sld_fab_alt_sld_fab:alt_sld_fab|alt_sld_fab_alt_sld_fab_sldfabric:sldfabric|sld_jtag_hub:\jtag_hub_gen:real_sld_jtag_hub|sld_shadow_jsm:shadow_jsm|tms_cnt[1] ; altera_reserved_tck ; altera_reserved_tck ; 0.000        ; 0.078      ; 0.669      ;
; 0.409 ; jtag_to_avalon_mst_brg_01:u_jtag_avmm|jtag_to_avalon_mst_brg_01_master_0:master_0|altera_avalon_st_jtag_interface:jtag_phy_embedded_in_jtag_master|altera_jtag_dc_streaming:normal.jtag_dc_streaming|altera_jtag_streaming:jtag_streaming|read_data_bit_counter[0]                                                                                    ; jtag_to_avalon_mst_brg_01:u_jtag_avmm|jtag_to_avalon_mst_brg_01_master_0:master_0|altera_avalon_st_jtag_interface:jtag_phy_embedded_in_jtag_master|altera_jtag_dc_streaming:normal.jtag_dc_streaming|altera_jtag_streaming:jtag_streaming|read_data_bit_counter[0]                                                                                    ; altera_reserved_tck ; altera_reserved_tck ; 0.000        ; 0.079      ; 0.674      ;
; 0.409 ; jtag_to_avalon_mst_brg_01:u_jtag_avmm|jtag_to_avalon_mst_brg_01_master_0:master_0|altera_avalon_st_jtag_interface:jtag_phy_embedded_in_jtag_master|altera_jtag_dc_streaming:normal.jtag_dc_streaming|altera_jtag_streaming:jtag_streaming|read_state.ST_PADDED                                                                                        ; jtag_to_avalon_mst_brg_01:u_jtag_avmm|jtag_to_avalon_mst_brg_01_master_0:master_0|altera_avalon_st_jtag_interface:jtag_phy_embedded_in_jtag_master|altera_jtag_dc_streaming:normal.jtag_dc_streaming|altera_jtag_streaming:jtag_streaming|read_state.ST_PADDED                                                                                        ; altera_reserved_tck ; altera_reserved_tck ; 0.000        ; 0.079      ; 0.674      ;
; 0.409 ; jtag_to_avalon_mst_brg_01:u_jtag_avmm|jtag_to_avalon_mst_brg_01_master_0:master_0|altera_avalon_st_jtag_interface:jtag_phy_embedded_in_jtag_master|altera_jtag_dc_streaming:normal.jtag_dc_streaming|altera_jtag_streaming:jtag_streaming|header_out_bit_counter[0]                                                                                   ; jtag_to_avalon_mst_brg_01:u_jtag_avmm|jtag_to_avalon_mst_brg_01_master_0:master_0|altera_avalon_st_jtag_interface:jtag_phy_embedded_in_jtag_master|altera_jtag_dc_streaming:normal.jtag_dc_streaming|altera_jtag_streaming:jtag_streaming|header_out_bit_counter[0]                                                                                   ; altera_reserved_tck ; altera_reserved_tck ; 0.000        ; 0.079      ; 0.674      ;
; 0.410 ; jtag_to_avalon_mst_brg_01:u_jtag_avmm|jtag_to_avalon_mst_brg_01_master_0:master_0|altera_avalon_st_jtag_interface:jtag_phy_embedded_in_jtag_master|altera_jtag_dc_streaming:normal.jtag_dc_streaming|altera_jtag_streaming:jtag_streaming|write_data_bit_counter[0]                                                                                   ; jtag_to_avalon_mst_brg_01:u_jtag_avmm|jtag_to_avalon_mst_brg_01_master_0:master_0|altera_avalon_st_jtag_interface:jtag_phy_embedded_in_jtag_master|altera_jtag_dc_streaming:normal.jtag_dc_streaming|altera_jtag_streaming:jtag_streaming|write_data_bit_counter[0]                                                                                   ; altera_reserved_tck ; altera_reserved_tck ; 0.000        ; 0.078      ; 0.674      ;
; 0.410 ; jtag_to_avalon_mst_brg_01:u_jtag_avmm|jtag_to_avalon_mst_brg_01_master_0:master_0|altera_avalon_st_jtag_interface:jtag_phy_embedded_in_jtag_master|altera_jtag_dc_streaming:normal.jtag_dc_streaming|altera_jtag_streaming:jtag_streaming|header_in_bit_counter[0]                                                                                    ; jtag_to_avalon_mst_brg_01:u_jtag_avmm|jtag_to_avalon_mst_brg_01_master_0:master_0|altera_avalon_st_jtag_interface:jtag_phy_embedded_in_jtag_master|altera_jtag_dc_streaming:normal.jtag_dc_streaming|altera_jtag_streaming:jtag_streaming|header_in_bit_counter[0]                                                                                    ; altera_reserved_tck ; altera_reserved_tck ; 0.000        ; 0.078      ; 0.674      ;
; 0.410 ; sld_hub:auto_hub|alt_sld_fab_with_jtag_input:\instrumentation_fabric_with_node_gen:fabric_gen_new_way:with_jtag_input_gen:instrumentation_fabric|alt_sld_fab:instrumentation_fabric|alt_sld_fab_alt_sld_fab:alt_sld_fab|alt_sld_fab_alt_sld_fab_sldfabric:sldfabric|sld_jtag_hub:\jtag_hub_gen:real_sld_jtag_hub|sld_shadow_jsm:shadow_jsm|tms_cnt[0] ; sld_hub:auto_hub|alt_sld_fab_with_jtag_input:\instrumentation_fabric_with_node_gen:fabric_gen_new_way:with_jtag_input_gen:instrumentation_fabric|alt_sld_fab:instrumentation_fabric|alt_sld_fab_alt_sld_fab:alt_sld_fab|alt_sld_fab_alt_sld_fab_sldfabric:sldfabric|sld_jtag_hub:\jtag_hub_gen:real_sld_jtag_hub|sld_shadow_jsm:shadow_jsm|tms_cnt[0] ; altera_reserved_tck ; altera_reserved_tck ; 0.000        ; 0.078      ; 0.674      ;
; 0.424 ; sld_hub:auto_hub|alt_sld_fab_with_jtag_input:\instrumentation_fabric_with_node_gen:fabric_gen_new_way:with_jtag_input_gen:instrumentation_fabric|alt_sld_fab:instrumentation_fabric|alt_sld_fab_alt_sld_fab:alt_sld_fab|alt_sld_fab_alt_sld_fab_sldfabric:sldfabric|sld_jtag_hub:\jtag_hub_gen:real_sld_jtag_hub|sld_shadow_jsm:shadow_jsm|tms_cnt[1] ; sld_hub:auto_hub|alt_sld_fab_with_jtag_input:\instrumentation_fabric_with_node_gen:fabric_gen_new_way:with_jtag_input_gen:instrumentation_fabric|alt_sld_fab:instrumentation_fabric|alt_sld_fab_alt_sld_fab:alt_sld_fab|alt_sld_fab_alt_sld_fab_sldfabric:sldfabric|sld_jtag_hub:\jtag_hub_gen:real_sld_jtag_hub|sld_shadow_jsm:shadow_jsm|tms_cnt[2] ; altera_reserved_tck ; altera_reserved_tck ; 0.000        ; 0.078      ; 0.688      ;
; 0.430 ; sld_hub:auto_hub|alt_sld_fab_with_jtag_input:\instrumentation_fabric_with_node_gen:fabric_gen_new_way:with_jtag_input_gen:instrumentation_fabric|alt_sld_fab:instrumentation_fabric|alt_sld_fab_alt_sld_fab:alt_sld_fab|alt_sld_fab_alt_sld_fab_sldfabric:sldfabric|sld_jtag_hub:\jtag_hub_gen:real_sld_jtag_hub|sld_shadow_jsm:shadow_jsm|state[9]   ; sld_hub:auto_hub|alt_sld_fab_with_jtag_input:\instrumentation_fabric_with_node_gen:fabric_gen_new_way:with_jtag_input_gen:instrumentation_fabric|alt_sld_fab:instrumentation_fabric|alt_sld_fab_alt_sld_fab:alt_sld_fab|alt_sld_fab_alt_sld_fab_sldfabric:sldfabric|sld_jtag_hub:\jtag_hub_gen:real_sld_jtag_hub|sld_shadow_jsm:shadow_jsm|state[0]   ; altera_reserved_tck ; altera_reserved_tck ; 0.000        ; 0.078      ; 0.694      ;
; 0.430 ; sld_hub:auto_hub|alt_sld_fab_with_jtag_input:\instrumentation_fabric_with_node_gen:fabric_gen_new_way:with_jtag_input_gen:instrumentation_fabric|alt_sld_fab:instrumentation_fabric|alt_sld_fab_alt_sld_fab:alt_sld_fab|alt_sld_fab_alt_sld_fab_sldfabric:sldfabric|sld_jtag_hub:\jtag_hub_gen:real_sld_jtag_hub|sld_shadow_jsm:shadow_jsm|tms_cnt[0] ; sld_hub:auto_hub|alt_sld_fab_with_jtag_input:\instrumentation_fabric_with_node_gen:fabric_gen_new_way:with_jtag_input_gen:instrumentation_fabric|alt_sld_fab:instrumentation_fabric|alt_sld_fab_alt_sld_fab:alt_sld_fab|alt_sld_fab_alt_sld_fab_sldfabric:sldfabric|sld_jtag_hub:\jtag_hub_gen:real_sld_jtag_hub|sld_shadow_jsm:shadow_jsm|tms_cnt[1] ; altera_reserved_tck ; altera_reserved_tck ; 0.000        ; 0.078      ; 0.694      ;
; 0.431 ; jtag_to_avalon_mst_brg_01:u_jtag_avmm|jtag_to_avalon_mst_brg_01_master_0:master_0|altera_avalon_st_jtag_interface:jtag_phy_embedded_in_jtag_master|altera_jtag_dc_streaming:normal.jtag_dc_streaming|altera_std_synchronizer:synchronizer|dreg[0]                                                                                                     ; jtag_to_avalon_mst_brg_01:u_jtag_avmm|jtag_to_avalon_mst_brg_01_master_0:master_0|altera_avalon_st_jtag_interface:jtag_phy_embedded_in_jtag_master|altera_jtag_dc_streaming:normal.jtag_dc_streaming|altera_std_synchronizer:synchronizer|dreg[1]                                                                                                     ; altera_reserved_tck ; altera_reserved_tck ; 0.000        ; 0.079      ; 0.696      ;
; 0.431 ; sld_hub:auto_hub|alt_sld_fab_with_jtag_input:\instrumentation_fabric_with_node_gen:fabric_gen_new_way:with_jtag_input_gen:instrumentation_fabric|alt_sld_fab:instrumentation_fabric|alt_sld_fab_alt_sld_fab:alt_sld_fab|alt_sld_fab_alt_sld_fab_sldfabric:sldfabric|sld_jtag_hub:\jtag_hub_gen:real_sld_jtag_hub|sld_rom_sr:hub_info_reg|WORD_SR[2]   ; sld_hub:auto_hub|alt_sld_fab_with_jtag_input:\instrumentation_fabric_with_node_gen:fabric_gen_new_way:with_jtag_input_gen:instrumentation_fabric|alt_sld_fab:instrumentation_fabric|alt_sld_fab_alt_sld_fab:alt_sld_fab|alt_sld_fab_alt_sld_fab_sldfabric:sldfabric|sld_jtag_hub:\jtag_hub_gen:real_sld_jtag_hub|sld_rom_sr:hub_info_reg|WORD_SR[1]   ; altera_reserved_tck ; altera_reserved_tck ; 0.000        ; 0.079      ; 0.696      ;
; 0.431 ; sld_hub:auto_hub|alt_sld_fab_with_jtag_input:\instrumentation_fabric_with_node_gen:fabric_gen_new_way:with_jtag_input_gen:instrumentation_fabric|alt_sld_fab:instrumentation_fabric|alt_sld_fab_alt_sld_fab:alt_sld_fab|alt_sld_fab_alt_sld_fab_sldfabric:sldfabric|sld_jtag_hub:\jtag_hub_gen:real_sld_jtag_hub|hub_minor_ver_reg[1]                 ; sld_hub:auto_hub|alt_sld_fab_with_jtag_input:\instrumentation_fabric_with_node_gen:fabric_gen_new_way:with_jtag_input_gen:instrumentation_fabric|alt_sld_fab:instrumentation_fabric|alt_sld_fab_alt_sld_fab:alt_sld_fab|alt_sld_fab_alt_sld_fab_sldfabric:sldfabric|sld_jtag_hub:\jtag_hub_gen:real_sld_jtag_hub|hub_minor_ver_reg[0]                 ; altera_reserved_tck ; altera_reserved_tck ; 0.000        ; 0.078      ; 0.695      ;
; 0.431 ; jtag_to_avalon_mst_brg_01:u_jtag_avmm|jtag_to_avalon_mst_brg_01_master_0:master_0|altera_avalon_st_jtag_interface:jtag_phy_embedded_in_jtag_master|altera_jtag_dc_streaming:normal.jtag_dc_streaming|altera_jtag_streaming:jtag_streaming|altera_std_synchronizer:clock_to_sample_div2_synchronizer|dreg[0]                                           ; jtag_to_avalon_mst_brg_01:u_jtag_avmm|jtag_to_avalon_mst_brg_01_master_0:master_0|altera_avalon_st_jtag_interface:jtag_phy_embedded_in_jtag_master|altera_jtag_dc_streaming:normal.jtag_dc_streaming|altera_jtag_streaming:jtag_streaming|altera_std_synchronizer:clock_to_sample_div2_synchronizer|dreg[1]                                           ; altera_reserved_tck ; altera_reserved_tck ; 0.000        ; 0.079      ; 0.696      ;
; 0.431 ; jtag_to_avalon_mst_brg_01:u_jtag_avmm|jtag_to_avalon_mst_brg_01_master_0:master_0|altera_avalon_st_jtag_interface:jtag_phy_embedded_in_jtag_master|altera_jtag_dc_streaming:normal.jtag_dc_streaming|altera_jtag_streaming:jtag_streaming|altera_std_synchronizer:clock_to_sample_div2_synchronizer|din_s1                                            ; jtag_to_avalon_mst_brg_01:u_jtag_avmm|jtag_to_avalon_mst_brg_01_master_0:master_0|altera_avalon_st_jtag_interface:jtag_phy_embedded_in_jtag_master|altera_jtag_dc_streaming:normal.jtag_dc_streaming|altera_jtag_streaming:jtag_streaming|altera_std_synchronizer:clock_to_sample_div2_synchronizer|dreg[0]                                           ; altera_reserved_tck ; altera_reserved_tck ; 0.000        ; 0.079      ; 0.696      ;
; 0.431 ; sld_hub:auto_hub|alt_sld_fab_with_jtag_input:\instrumentation_fabric_with_node_gen:fabric_gen_new_way:with_jtag_input_gen:instrumentation_fabric|alt_sld_fab:instrumentation_fabric|alt_sld_fab_alt_sld_fab:alt_sld_fab|alt_sld_fab_alt_sld_fab_sldfabric:sldfabric|sld_jtag_hub:\jtag_hub_gen:real_sld_jtag_hub|hub_mode_reg[2]                      ; sld_hub:auto_hub|alt_sld_fab_with_jtag_input:\instrumentation_fabric_with_node_gen:fabric_gen_new_way:with_jtag_input_gen:instrumentation_fabric|alt_sld_fab:instrumentation_fabric|alt_sld_fab_alt_sld_fab:alt_sld_fab|alt_sld_fab_alt_sld_fab_sldfabric:sldfabric|sld_jtag_hub:\jtag_hub_gen:real_sld_jtag_hub|clr_reg                              ; altera_reserved_tck ; altera_reserved_tck ; 0.000        ; 0.080      ; 0.697      ;
; 0.431 ; sld_hub:auto_hub|alt_sld_fab_with_jtag_input:\instrumentation_fabric_with_node_gen:fabric_gen_new_way:with_jtag_input_gen:instrumentation_fabric|alt_sld_fab:instrumentation_fabric|alt_sld_fab_alt_sld_fab:alt_sld_fab|alt_sld_fab_alt_sld_fab_sldfabric:sldfabric|sld_jtag_hub:\jtag_hub_gen:real_sld_jtag_hub|sld_shadow_jsm:shadow_jsm|state[6]   ; sld_hub:auto_hub|alt_sld_fab_with_jtag_input:\instrumentation_fabric_with_node_gen:fabric_gen_new_way:with_jtag_input_gen:instrumentation_fabric|alt_sld_fab:instrumentation_fabric|alt_sld_fab_alt_sld_fab:alt_sld_fab|alt_sld_fab_alt_sld_fab_sldfabric:sldfabric|sld_jtag_hub:\jtag_hub_gen:real_sld_jtag_hub|sld_shadow_jsm:shadow_jsm|state[7]   ; altera_reserved_tck ; altera_reserved_tck ; 0.000        ; 0.080      ; 0.697      ;
; 0.432 ; jtag_to_avalon_mst_brg_01:u_jtag_avmm|jtag_to_avalon_mst_brg_01_master_0:master_0|altera_avalon_st_jtag_interface:jtag_phy_embedded_in_jtag_master|altera_jtag_dc_streaming:normal.jtag_dc_streaming|altera_avalon_st_clock_crosser:sink_crosser|altera_avalon_st_pipeline_base:output_stage|data0[0]                                                 ; jtag_to_avalon_mst_brg_01:u_jtag_avmm|jtag_to_avalon_mst_brg_01_master_0:master_0|altera_avalon_st_jtag_interface:jtag_phy_embedded_in_jtag_master|altera_jtag_dc_streaming:normal.jtag_dc_streaming|altera_avalon_st_clock_crosser:sink_crosser|altera_avalon_st_pipeline_base:output_stage|data1[0]                                                 ; altera_reserved_tck ; altera_reserved_tck ; 0.000        ; 0.078      ; 0.696      ;
; 0.432 ; jtag_to_avalon_mst_brg_01:u_jtag_avmm|jtag_to_avalon_mst_brg_01_master_0:master_0|altera_avalon_st_jtag_interface:jtag_phy_embedded_in_jtag_master|altera_jtag_dc_streaming:normal.jtag_dc_streaming|altera_avalon_st_clock_crosser:sink_crosser|altera_avalon_st_pipeline_base:output_stage|data0[4]                                                 ; jtag_to_avalon_mst_brg_01:u_jtag_avmm|jtag_to_avalon_mst_brg_01_master_0:master_0|altera_avalon_st_jtag_interface:jtag_phy_embedded_in_jtag_master|altera_jtag_dc_streaming:normal.jtag_dc_streaming|altera_avalon_st_clock_crosser:sink_crosser|altera_avalon_st_pipeline_base:output_stage|data1[4]                                                 ; altera_reserved_tck ; altera_reserved_tck ; 0.000        ; 0.078      ; 0.696      ;
; 0.432 ; jtag_to_avalon_mst_brg_01:u_jtag_avmm|jtag_to_avalon_mst_brg_01_master_0:master_0|altera_avalon_st_jtag_interface:jtag_phy_embedded_in_jtag_master|altera_jtag_dc_streaming:normal.jtag_dc_streaming|altera_jtag_streaming:jtag_streaming|idle_remover_sink_data[3]                                                                                   ; jtag_to_avalon_mst_brg_01:u_jtag_avmm|jtag_to_avalon_mst_brg_01_master_0:master_0|altera_avalon_st_jtag_interface:jtag_phy_embedded_in_jtag_master|altera_jtag_dc_streaming:normal.jtag_dc_streaming|altera_jtag_src_crosser:source_crosser|sink_data_buffer[3]                                                                                       ; altera_reserved_tck ; altera_reserved_tck ; 0.000        ; 0.078      ; 0.696      ;
; 0.432 ; jtag_to_avalon_mst_brg_01:u_jtag_avmm|jtag_to_avalon_mst_brg_01_master_0:master_0|altera_avalon_st_jtag_interface:jtag_phy_embedded_in_jtag_master|altera_jtag_dc_streaming:normal.jtag_dc_streaming|altera_std_synchronizer:synchronizer|din_s1                                                                                                      ; jtag_to_avalon_mst_brg_01:u_jtag_avmm|jtag_to_avalon_mst_brg_01_master_0:master_0|altera_avalon_st_jtag_interface:jtag_phy_embedded_in_jtag_master|altera_jtag_dc_streaming:normal.jtag_dc_streaming|altera_std_synchronizer:synchronizer|dreg[0]                                                                                                     ; altera_reserved_tck ; altera_reserved_tck ; 0.000        ; 0.079      ; 0.697      ;
; 0.432 ; sld_hub:auto_hub|alt_sld_fab_with_jtag_input:\instrumentation_fabric_with_node_gen:fabric_gen_new_way:with_jtag_input_gen:instrumentation_fabric|alt_sld_fab:instrumentation_fabric|alt_sld_fab_alt_sld_fab:alt_sld_fab|alt_sld_fab_alt_sld_fab_sldfabric:sldfabric|sld_jtag_hub:\jtag_hub_gen:real_sld_jtag_hub|sld_rom_sr:hub_info_reg|WORD_SR[3]   ; sld_hub:auto_hub|alt_sld_fab_with_jtag_input:\instrumentation_fabric_with_node_gen:fabric_gen_new_way:with_jtag_input_gen:instrumentation_fabric|alt_sld_fab:instrumentation_fabric|alt_sld_fab_alt_sld_fab:alt_sld_fab|alt_sld_fab_alt_sld_fab_sldfabric:sldfabric|sld_jtag_hub:\jtag_hub_gen:real_sld_jtag_hub|sld_rom_sr:hub_info_reg|WORD_SR[2]   ; altera_reserved_tck ; altera_reserved_tck ; 0.000        ; 0.079      ; 0.697      ;
; 0.432 ; jtag_to_avalon_mst_brg_01:u_jtag_avmm|jtag_to_avalon_mst_brg_01_master_0:master_0|altera_avalon_st_jtag_interface:jtag_phy_embedded_in_jtag_master|altera_jtag_dc_streaming:normal.jtag_dc_streaming|altera_jtag_streaming:jtag_streaming|dr_info[5]                                                                                                  ; jtag_to_avalon_mst_brg_01:u_jtag_avmm|jtag_to_avalon_mst_brg_01_master_0:master_0|altera_avalon_st_jtag_interface:jtag_phy_embedded_in_jtag_master|altera_jtag_dc_streaming:normal.jtag_dc_streaming|altera_jtag_streaming:jtag_streaming|dr_info[4]                                                                                                  ; altera_reserved_tck ; altera_reserved_tck ; 0.000        ; 0.078      ; 0.696      ;
; 0.432 ; jtag_to_avalon_mst_brg_01:u_jtag_avmm|jtag_to_avalon_mst_brg_01_master_0:master_0|altera_avalon_st_jtag_interface:jtag_phy_embedded_in_jtag_master|altera_jtag_dc_streaming:normal.jtag_dc_streaming|altera_jtag_streaming:jtag_streaming|dr_info[7]                                                                                                  ; jtag_to_avalon_mst_brg_01:u_jtag_avmm|jtag_to_avalon_mst_brg_01_master_0:master_0|altera_avalon_st_jtag_interface:jtag_phy_embedded_in_jtag_master|altera_jtag_dc_streaming:normal.jtag_dc_streaming|altera_jtag_streaming:jtag_streaming|dr_info[6]                                                                                                  ; altera_reserved_tck ; altera_reserved_tck ; 0.000        ; 0.078      ; 0.696      ;
; 0.432 ; sld_hub:auto_hub|alt_sld_fab_with_jtag_input:\instrumentation_fabric_with_node_gen:fabric_gen_new_way:with_jtag_input_gen:instrumentation_fabric|alt_sld_fab:instrumentation_fabric|alt_sld_fab_alt_sld_fab:alt_sld_fab|alt_sld_fab_alt_sld_fab_sldfabric:sldfabric|sld_jtag_hub:\jtag_hub_gen:real_sld_jtag_hub|hub_minor_ver_reg[3]                 ; sld_hub:auto_hub|alt_sld_fab_with_jtag_input:\instrumentation_fabric_with_node_gen:fabric_gen_new_way:with_jtag_input_gen:instrumentation_fabric|alt_sld_fab:instrumentation_fabric|alt_sld_fab_alt_sld_fab:alt_sld_fab|alt_sld_fab_alt_sld_fab_sldfabric:sldfabric|sld_jtag_hub:\jtag_hub_gen:real_sld_jtag_hub|hub_minor_ver_reg[2]                 ; altera_reserved_tck ; altera_reserved_tck ; 0.000        ; 0.078      ; 0.696      ;
; 0.432 ; sld_hub:auto_hub|alt_sld_fab_with_jtag_input:\instrumentation_fabric_with_node_gen:fabric_gen_new_way:with_jtag_input_gen:instrumentation_fabric|alt_sld_fab:instrumentation_fabric|alt_sld_fab_alt_sld_fab:alt_sld_fab|alt_sld_fab_alt_sld_fab_sldfabric:sldfabric|sld_jtag_hub:\jtag_hub_gen:real_sld_jtag_hub|identity_contrib_shift_reg[0]        ; sld_hub:auto_hub|alt_sld_fab_with_jtag_input:\instrumentation_fabric_with_node_gen:fabric_gen_new_way:with_jtag_input_gen:instrumentation_fabric|alt_sld_fab:instrumentation_fabric|alt_sld_fab_alt_sld_fab:alt_sld_fab|sldfabric_ident_writedata[0]                                                                                                  ; altera_reserved_tck ; altera_reserved_tck ; 0.000        ; 0.078      ; 0.696      ;
; 0.432 ; jtag_to_avalon_mst_brg_01:u_jtag_avmm|jtag_to_avalon_mst_brg_01_master_0:master_0|altera_avalon_st_jtag_interface:jtag_phy_embedded_in_jtag_master|altera_jtag_dc_streaming:normal.jtag_dc_streaming|altera_jtag_streaming:jtag_streaming|altera_std_synchronizer:reset_to_sample_synchronizer|din_s1                                                 ; jtag_to_avalon_mst_brg_01:u_jtag_avmm|jtag_to_avalon_mst_brg_01_master_0:master_0|altera_avalon_st_jtag_interface:jtag_phy_embedded_in_jtag_master|altera_jtag_dc_streaming:normal.jtag_dc_streaming|altera_jtag_streaming:jtag_streaming|altera_std_synchronizer:reset_to_sample_synchronizer|dreg[0]                                                ; altera_reserved_tck ; altera_reserved_tck ; 0.000        ; 0.078      ; 0.696      ;
; 0.433 ; jtag_to_avalon_mst_brg_01:u_jtag_avmm|jtag_to_avalon_mst_brg_01_master_0:master_0|altera_avalon_st_jtag_interface:jtag_phy_embedded_in_jtag_master|altera_jtag_dc_streaming:normal.jtag_dc_streaming|altera_avalon_st_clock_crosser:sink_crosser|altera_avalon_st_pipeline_base:output_stage|data0[6]                                                 ; jtag_to_avalon_mst_brg_01:u_jtag_avmm|jtag_to_avalon_mst_brg_01_master_0:master_0|altera_avalon_st_jtag_interface:jtag_phy_embedded_in_jtag_master|altera_jtag_dc_streaming:normal.jtag_dc_streaming|altera_avalon_st_clock_crosser:sink_crosser|altera_avalon_st_pipeline_base:output_stage|data1[6]                                                 ; altera_reserved_tck ; altera_reserved_tck ; 0.000        ; 0.078      ; 0.697      ;
; 0.433 ; jtag_to_avalon_mst_brg_01:u_jtag_avmm|jtag_to_avalon_mst_brg_01_master_0:master_0|altera_avalon_st_jtag_interface:jtag_phy_embedded_in_jtag_master|altera_jtag_dc_streaming:normal.jtag_dc_streaming|altera_jtag_streaming:jtag_streaming|idle_remover_sink_data[5]                                                                                   ; jtag_to_avalon_mst_brg_01:u_jtag_avmm|jtag_to_avalon_mst_brg_01_master_0:master_0|altera_avalon_st_jtag_interface:jtag_phy_embedded_in_jtag_master|altera_jtag_dc_streaming:normal.jtag_dc_streaming|altera_jtag_src_crosser:source_crosser|sink_data_buffer[5]                                                                                       ; altera_reserved_tck ; altera_reserved_tck ; 0.000        ; 0.078      ; 0.697      ;
; 0.433 ; sld_hub:auto_hub|alt_sld_fab_with_jtag_input:\instrumentation_fabric_with_node_gen:fabric_gen_new_way:with_jtag_input_gen:instrumentation_fabric|alt_sld_fab:instrumentation_fabric|alt_sld_fab_alt_sld_fab:alt_sld_fab|alt_sld_fab_alt_sld_fab_sldfabric:sldfabric|sld_jtag_hub:\jtag_hub_gen:real_sld_jtag_hub|hub_minor_ver_reg[2]                 ; sld_hub:auto_hub|alt_sld_fab_with_jtag_input:\instrumentation_fabric_with_node_gen:fabric_gen_new_way:with_jtag_input_gen:instrumentation_fabric|alt_sld_fab:instrumentation_fabric|alt_sld_fab_alt_sld_fab:alt_sld_fab|alt_sld_fab_alt_sld_fab_sldfabric:sldfabric|sld_jtag_hub:\jtag_hub_gen:real_sld_jtag_hub|hub_minor_ver_reg[1]                 ; altera_reserved_tck ; altera_reserved_tck ; 0.000        ; 0.078      ; 0.697      ;
; 0.433 ; jtag_to_avalon_mst_brg_01:u_jtag_avmm|jtag_to_avalon_mst_brg_01_master_0:master_0|altera_avalon_st_jtag_interface:jtag_phy_embedded_in_jtag_master|altera_jtag_dc_streaming:normal.jtag_dc_streaming|altera_jtag_streaming:jtag_streaming|altera_std_synchronizer:reset_to_sample_synchronizer|dreg[0]                                                ; jtag_to_avalon_mst_brg_01:u_jtag_avmm|jtag_to_avalon_mst_brg_01_master_0:master_0|altera_avalon_st_jtag_interface:jtag_phy_embedded_in_jtag_master|altera_jtag_dc_streaming:normal.jtag_dc_streaming|altera_jtag_streaming:jtag_streaming|altera_std_synchronizer:reset_to_sample_synchronizer|dreg[1]                                                ; altera_reserved_tck ; altera_reserved_tck ; 0.000        ; 0.078      ; 0.697      ;
; 0.434 ; jtag_to_avalon_mst_brg_01:u_jtag_avmm|jtag_to_avalon_mst_brg_01_master_0:master_0|altera_avalon_st_jtag_interface:jtag_phy_embedded_in_jtag_master|altera_jtag_dc_streaming:normal.jtag_dc_streaming|altera_avalon_st_clock_crosser:sink_crosser|altera_avalon_st_pipeline_base:output_stage|data0[3]                                                 ; jtag_to_avalon_mst_brg_01:u_jtag_avmm|jtag_to_avalon_mst_brg_01_master_0:master_0|altera_avalon_st_jtag_interface:jtag_phy_embedded_in_jtag_master|altera_jtag_dc_streaming:normal.jtag_dc_streaming|altera_avalon_st_clock_crosser:sink_crosser|altera_avalon_st_pipeline_base:output_stage|data1[3]                                                 ; altera_reserved_tck ; altera_reserved_tck ; 0.000        ; 0.078      ; 0.698      ;
; 0.434 ; jtag_to_avalon_mst_brg_01:u_jtag_avmm|jtag_to_avalon_mst_brg_01_master_0:master_0|altera_avalon_st_jtag_interface:jtag_phy_embedded_in_jtag_master|altera_jtag_dc_streaming:normal.jtag_dc_streaming|altera_avalon_st_clock_crosser:sink_crosser|altera_avalon_st_pipeline_base:output_stage|data0[5]                                                 ; jtag_to_avalon_mst_brg_01:u_jtag_avmm|jtag_to_avalon_mst_brg_01_master_0:master_0|altera_avalon_st_jtag_interface:jtag_phy_embedded_in_jtag_master|altera_jtag_dc_streaming:normal.jtag_dc_streaming|altera_avalon_st_clock_crosser:sink_crosser|altera_avalon_st_pipeline_base:output_stage|data1[5]                                                 ; altera_reserved_tck ; altera_reserved_tck ; 0.000        ; 0.078      ; 0.698      ;
; 0.434 ; jtag_to_avalon_mst_brg_01:u_jtag_avmm|jtag_to_avalon_mst_brg_01_master_0:master_0|altera_avalon_st_jtag_interface:jtag_phy_embedded_in_jtag_master|altera_jtag_dc_streaming:normal.jtag_dc_streaming|altera_jtag_streaming:jtag_streaming|dr_info[1]                                                                                                  ; jtag_to_avalon_mst_brg_01:u_jtag_avmm|jtag_to_avalon_mst_brg_01_master_0:master_0|altera_avalon_st_jtag_interface:jtag_phy_embedded_in_jtag_master|altera_jtag_dc_streaming:normal.jtag_dc_streaming|altera_jtag_streaming:jtag_streaming|dr_info[0]                                                                                                  ; altera_reserved_tck ; altera_reserved_tck ; 0.000        ; 0.078      ; 0.698      ;
; 0.434 ; sld_hub:auto_hub|alt_sld_fab_with_jtag_input:\instrumentation_fabric_with_node_gen:fabric_gen_new_way:with_jtag_input_gen:instrumentation_fabric|alt_sld_fab:instrumentation_fabric|alt_sld_fab_alt_sld_fab:alt_sld_fab|alt_sld_fab_alt_sld_fab_sldfabric:sldfabric|sld_jtag_hub:\jtag_hub_gen:real_sld_jtag_hub|sld_shadow_jsm:shadow_jsm|state[13]  ; sld_hub:auto_hub|alt_sld_fab_with_jtag_input:\instrumentation_fabric_with_node_gen:fabric_gen_new_way:with_jtag_input_gen:instrumentation_fabric|alt_sld_fab:instrumentation_fabric|alt_sld_fab_alt_sld_fab:alt_sld_fab|alt_sld_fab_alt_sld_fab_sldfabric:sldfabric|sld_jtag_hub:\jtag_hub_gen:real_sld_jtag_hub|sld_shadow_jsm:shadow_jsm|state[14]  ; altera_reserved_tck ; altera_reserved_tck ; 0.000        ; 0.078      ; 0.698      ;
; 0.434 ; jtag_to_avalon_mst_brg_01:u_jtag_avmm|jtag_to_avalon_mst_brg_01_master_0:master_0|altera_avalon_st_jtag_interface:jtag_phy_embedded_in_jtag_master|altera_jtag_dc_streaming:normal.jtag_dc_streaming|altera_jtag_streaming:jtag_streaming|altera_std_synchronizer:clock_sensor_synchronizer|din_s1                                                    ; jtag_to_avalon_mst_brg_01:u_jtag_avmm|jtag_to_avalon_mst_brg_01_master_0:master_0|altera_avalon_st_jtag_interface:jtag_phy_embedded_in_jtag_master|altera_jtag_dc_streaming:normal.jtag_dc_streaming|altera_jtag_streaming:jtag_streaming|altera_std_synchronizer:clock_sensor_synchronizer|dreg[0]                                                   ; altera_reserved_tck ; altera_reserved_tck ; 0.000        ; 0.078      ; 0.698      ;
; 0.436 ; sld_hub:auto_hub|alt_sld_fab_with_jtag_input:\instrumentation_fabric_with_node_gen:fabric_gen_new_way:with_jtag_input_gen:instrumentation_fabric|alt_sld_fab:instrumentation_fabric|alt_sld_fab_alt_sld_fab:alt_sld_fab|alt_sld_fab_alt_sld_fab_sldfabric:sldfabric|sld_jtag_hub:\jtag_hub_gen:real_sld_jtag_hub|jtag_ir_reg[1]                       ; sld_hub:auto_hub|alt_sld_fab_with_jtag_input:\instrumentation_fabric_with_node_gen:fabric_gen_new_way:with_jtag_input_gen:instrumentation_fabric|alt_sld_fab:instrumentation_fabric|alt_sld_fab_alt_sld_fab:alt_sld_fab|alt_sld_fab_alt_sld_fab_sldfabric:sldfabric|sld_jtag_hub:\jtag_hub_gen:real_sld_jtag_hub|jtag_ir_reg[0]                       ; altera_reserved_tck ; altera_reserved_tck ; 0.000        ; 0.079      ; 0.701      ;
; 0.436 ; sld_hub:auto_hub|alt_sld_fab_with_jtag_input:\instrumentation_fabric_with_node_gen:fabric_gen_new_way:with_jtag_input_gen:instrumentation_fabric|alt_sld_fab:instrumentation_fabric|alt_sld_fab_alt_sld_fab:alt_sld_fab|alt_sld_fab_alt_sld_fab_sldfabric:sldfabric|sld_jtag_hub:\jtag_hub_gen:real_sld_jtag_hub|jtag_ir_reg[4]                       ; sld_hub:auto_hub|alt_sld_fab_with_jtag_input:\instrumentation_fabric_with_node_gen:fabric_gen_new_way:with_jtag_input_gen:instrumentation_fabric|alt_sld_fab:instrumentation_fabric|alt_sld_fab_alt_sld_fab:alt_sld_fab|alt_sld_fab_alt_sld_fab_sldfabric:sldfabric|sld_jtag_hub:\jtag_hub_gen:real_sld_jtag_hub|jtag_ir_reg[3]                       ; altera_reserved_tck ; altera_reserved_tck ; 0.000        ; 0.079      ; 0.701      ;
; 0.439 ; jtag_to_avalon_mst_brg_01:u_jtag_avmm|jtag_to_avalon_mst_brg_01_master_0:master_0|altera_avalon_st_jtag_interface:jtag_phy_embedded_in_jtag_master|altera_jtag_dc_streaming:normal.jtag_dc_streaming|altera_jtag_streaming:jtag_streaming|idle_remover_sink_data[2]                                                                                   ; jtag_to_avalon_mst_brg_01:u_jtag_avmm|jtag_to_avalon_mst_brg_01_master_0:master_0|altera_avalon_st_jtag_interface:jtag_phy_embedded_in_jtag_master|altera_jtag_dc_streaming:normal.jtag_dc_streaming|altera_jtag_src_crosser:source_crosser|sink_data_buffer[2]                                                                                       ; altera_reserved_tck ; altera_reserved_tck ; 0.000        ; 0.078      ; 0.703      ;
; 0.439 ; sld_hub:auto_hub|alt_sld_fab_with_jtag_input:\instrumentation_fabric_with_node_gen:fabric_gen_new_way:with_jtag_input_gen:instrumentation_fabric|alt_sld_fab:instrumentation_fabric|alt_sld_fab_alt_sld_fab:alt_sld_fab|alt_sld_fab_alt_sld_fab_sldfabric:sldfabric|sld_jtag_hub:\jtag_hub_gen:real_sld_jtag_hub|jtag_ir_reg[2]                       ; sld_hub:auto_hub|alt_sld_fab_with_jtag_input:\instrumentation_fabric_with_node_gen:fabric_gen_new_way:with_jtag_input_gen:instrumentation_fabric|alt_sld_fab:instrumentation_fabric|alt_sld_fab_alt_sld_fab:alt_sld_fab|alt_sld_fab_alt_sld_fab_sldfabric:sldfabric|sld_jtag_hub:\jtag_hub_gen:real_sld_jtag_hub|jtag_ir_reg[1]                       ; altera_reserved_tck ; altera_reserved_tck ; 0.000        ; 0.079      ; 0.704      ;
; 0.439 ; sld_hub:auto_hub|alt_sld_fab_with_jtag_input:\instrumentation_fabric_with_node_gen:fabric_gen_new_way:with_jtag_input_gen:instrumentation_fabric|alt_sld_fab:instrumentation_fabric|alt_sld_fab_alt_sld_fab:alt_sld_fab|alt_sld_fab_alt_sld_fab_sldfabric:sldfabric|sld_jtag_hub:\jtag_hub_gen:real_sld_jtag_hub|identity_contrib_shift_reg[3]        ; sld_hub:auto_hub|alt_sld_fab_with_jtag_input:\instrumentation_fabric_with_node_gen:fabric_gen_new_way:with_jtag_input_gen:instrumentation_fabric|alt_sld_fab:instrumentation_fabric|alt_sld_fab_alt_sld_fab:alt_sld_fab|alt_sld_fab_alt_sld_fab_sldfabric:sldfabric|sld_jtag_hub:\jtag_hub_gen:real_sld_jtag_hub|identity_contrib_shift_reg[2]        ; altera_reserved_tck ; altera_reserved_tck ; 0.000        ; 0.078      ; 0.703      ;
; 0.440 ; jtag_to_avalon_mst_brg_01:u_jtag_avmm|jtag_to_avalon_mst_brg_01_master_0:master_0|altera_avalon_st_jtag_interface:jtag_phy_embedded_in_jtag_master|altera_jtag_dc_streaming:normal.jtag_dc_streaming|altera_jtag_streaming:jtag_streaming|idle_remover_sink_data[6]                                                                                   ; jtag_to_avalon_mst_brg_01:u_jtag_avmm|jtag_to_avalon_mst_brg_01_master_0:master_0|altera_avalon_st_jtag_interface:jtag_phy_embedded_in_jtag_master|altera_jtag_dc_streaming:normal.jtag_dc_streaming|altera_jtag_src_crosser:source_crosser|sink_data_buffer[6]                                                                                       ; altera_reserved_tck ; altera_reserved_tck ; 0.000        ; 0.078      ; 0.704      ;
; 0.440 ; jtag_to_avalon_mst_brg_01:u_jtag_avmm|jtag_to_avalon_mst_brg_01_master_0:master_0|altera_avalon_st_jtag_interface:jtag_phy_embedded_in_jtag_master|altera_jtag_dc_streaming:normal.jtag_dc_streaming|altera_jtag_streaming:jtag_streaming|idle_remover_sink_data[1]                                                                                   ; jtag_to_avalon_mst_brg_01:u_jtag_avmm|jtag_to_avalon_mst_brg_01_master_0:master_0|altera_avalon_st_jtag_interface:jtag_phy_embedded_in_jtag_master|altera_jtag_dc_streaming:normal.jtag_dc_streaming|altera_jtag_src_crosser:source_crosser|sink_data_buffer[1]                                                                                       ; altera_reserved_tck ; altera_reserved_tck ; 0.000        ; 0.078      ; 0.704      ;
; 0.440 ; sld_hub:auto_hub|alt_sld_fab_with_jtag_input:\instrumentation_fabric_with_node_gen:fabric_gen_new_way:with_jtag_input_gen:instrumentation_fabric|alt_sld_fab:instrumentation_fabric|alt_sld_fab_alt_sld_fab:alt_sld_fab|alt_sld_fab_alt_sld_fab_sldfabric:sldfabric|sld_jtag_hub:\jtag_hub_gen:real_sld_jtag_hub|irsr_reg[3]                          ; sld_hub:auto_hub|alt_sld_fab_with_jtag_input:\instrumentation_fabric_with_node_gen:fabric_gen_new_way:with_jtag_input_gen:instrumentation_fabric|alt_sld_fab:instrumentation_fabric|alt_sld_fab_alt_sld_fab:alt_sld_fab|alt_sld_fab_alt_sld_fab_sldfabric:sldfabric|sld_jtag_hub:\jtag_hub_gen:real_sld_jtag_hub|irsr_reg[2]                          ; altera_reserved_tck ; altera_reserved_tck ; 0.000        ; 0.078      ; 0.704      ;
; 0.440 ; sld_hub:auto_hub|alt_sld_fab_with_jtag_input:\instrumentation_fabric_with_node_gen:fabric_gen_new_way:with_jtag_input_gen:instrumentation_fabric|alt_sld_fab:instrumentation_fabric|alt_sld_fab_alt_sld_fab:alt_sld_fab|alt_sld_fab_alt_sld_fab_sldfabric:sldfabric|sld_jtag_hub:\jtag_hub_gen:real_sld_jtag_hub|identity_contrib_shift_reg[2]        ; sld_hub:auto_hub|alt_sld_fab_with_jtag_input:\instrumentation_fabric_with_node_gen:fabric_gen_new_way:with_jtag_input_gen:instrumentation_fabric|alt_sld_fab:instrumentation_fabric|alt_sld_fab_alt_sld_fab:alt_sld_fab|alt_sld_fab_alt_sld_fab_sldfabric:sldfabric|sld_jtag_hub:\jtag_hub_gen:real_sld_jtag_hub|identity_contrib_shift_reg[1]        ; altera_reserved_tck ; altera_reserved_tck ; 0.000        ; 0.078      ; 0.704      ;
; 0.440 ; sld_hub:auto_hub|alt_sld_fab_with_jtag_input:\instrumentation_fabric_with_node_gen:fabric_gen_new_way:with_jtag_input_gen:instrumentation_fabric|alt_sld_fab:instrumentation_fabric|alt_sld_fab_alt_sld_fab:alt_sld_fab|alt_sld_fab_alt_sld_fab_sldfabric:sldfabric|sld_jtag_hub:\jtag_hub_gen:real_sld_jtag_hub|identity_contrib_shift_reg[2]        ; sld_hub:auto_hub|alt_sld_fab_with_jtag_input:\instrumentation_fabric_with_node_gen:fabric_gen_new_way:with_jtag_input_gen:instrumentation_fabric|alt_sld_fab:instrumentation_fabric|alt_sld_fab_alt_sld_fab:alt_sld_fab|sldfabric_ident_writedata[2]                                                                                                  ; altera_reserved_tck ; altera_reserved_tck ; 0.000        ; 0.078      ; 0.704      ;
; 0.440 ; sld_hub:auto_hub|alt_sld_fab_with_jtag_input:\instrumentation_fabric_with_node_gen:fabric_gen_new_way:with_jtag_input_gen:instrumentation_fabric|alt_sld_fab:instrumentation_fabric|alt_sld_fab_alt_sld_fab:alt_sld_fab|alt_sld_fab_alt_sld_fab_sldfabric:sldfabric|sld_jtag_hub:\jtag_hub_gen:real_sld_jtag_hub|identity_contrib_shift_reg[3]        ; sld_hub:auto_hub|alt_sld_fab_with_jtag_input:\instrumentation_fabric_with_node_gen:fabric_gen_new_way:with_jtag_input_gen:instrumentation_fabric|alt_sld_fab:instrumentation_fabric|alt_sld_fab_alt_sld_fab:alt_sld_fab|sldfabric_ident_writedata[3]                                                                                                  ; altera_reserved_tck ; altera_reserved_tck ; 0.000        ; 0.078      ; 0.704      ;
; 0.440 ; sld_hub:auto_hub|alt_sld_fab_with_jtag_input:\instrumentation_fabric_with_node_gen:fabric_gen_new_way:with_jtag_input_gen:instrumentation_fabric|alt_sld_fab:instrumentation_fabric|alt_sld_fab_alt_sld_fab:alt_sld_fab|alt_sld_fab_alt_sld_fab_sldfabric:sldfabric|sld_jtag_hub:\jtag_hub_gen:real_sld_jtag_hub|sld_shadow_jsm:shadow_jsm|state[9]   ; sld_hub:auto_hub|alt_sld_fab_with_jtag_input:\instrumentation_fabric_with_node_gen:fabric_gen_new_way:with_jtag_input_gen:instrumentation_fabric|alt_sld_fab:instrumentation_fabric|alt_sld_fab_alt_sld_fab:alt_sld_fab|alt_sld_fab_alt_sld_fab_sldfabric:sldfabric|sld_jtag_hub:\jtag_hub_gen:real_sld_jtag_hub|sld_shadow_jsm:shadow_jsm|state[10]  ; altera_reserved_tck ; altera_reserved_tck ; 0.000        ; 0.078      ; 0.704      ;
; 0.441 ; jtag_to_avalon_mst_brg_01:u_jtag_avmm|jtag_to_avalon_mst_brg_01_master_0:master_0|altera_avalon_st_jtag_interface:jtag_phy_embedded_in_jtag_master|altera_jtag_dc_streaming:normal.jtag_dc_streaming|altera_jtag_streaming:jtag_streaming|dr_control[8]                                                                                               ; jtag_to_avalon_mst_brg_01:u_jtag_avmm|jtag_to_avalon_mst_brg_01_master_0:master_0|altera_avalon_st_jtag_interface:jtag_phy_embedded_in_jtag_master|altera_jtag_dc_streaming:normal.jtag_dc_streaming|altera_jtag_streaming:jtag_streaming|dr_control[7]                                                                                               ; altera_reserved_tck ; altera_reserved_tck ; 0.000        ; 0.077      ; 0.704      ;
; 0.441 ; sld_hub:auto_hub|alt_sld_fab_with_jtag_input:\instrumentation_fabric_with_node_gen:fabric_gen_new_way:with_jtag_input_gen:instrumentation_fabric|alt_sld_fab:instrumentation_fabric|alt_sld_fab_alt_sld_fab:alt_sld_fab|alt_sld_fab_alt_sld_fab_sldfabric:sldfabric|sld_jtag_hub:\jtag_hub_gen:real_sld_jtag_hub|jtag_ir_reg[7]                       ; sld_hub:auto_hub|alt_sld_fab_with_jtag_input:\instrumentation_fabric_with_node_gen:fabric_gen_new_way:with_jtag_input_gen:instrumentation_fabric|alt_sld_fab:instrumentation_fabric|alt_sld_fab_alt_sld_fab:alt_sld_fab|alt_sld_fab_alt_sld_fab_sldfabric:sldfabric|sld_jtag_hub:\jtag_hub_gen:real_sld_jtag_hub|jtag_ir_reg[6]                       ; altera_reserved_tck ; altera_reserved_tck ; 0.000        ; 0.079      ; 0.706      ;
; 0.442 ; sld_hub:auto_hub|alt_sld_fab_with_jtag_input:\instrumentation_fabric_with_node_gen:fabric_gen_new_way:with_jtag_input_gen:instrumentation_fabric|alt_sld_fab:instrumentation_fabric|alt_sld_fab_alt_sld_fab:alt_sld_fab|alt_sld_fab_alt_sld_fab_sldfabric:sldfabric|sld_jtag_hub:\jtag_hub_gen:real_sld_jtag_hub|sld_shadow_jsm:shadow_jsm|state[12]  ; sld_hub:auto_hub|alt_sld_fab_with_jtag_input:\instrumentation_fabric_with_node_gen:fabric_gen_new_way:with_jtag_input_gen:instrumentation_fabric|alt_sld_fab:instrumentation_fabric|alt_sld_fab_alt_sld_fab:alt_sld_fab|alt_sld_fab_alt_sld_fab_sldfabric:sldfabric|sld_jtag_hub:\jtag_hub_gen:real_sld_jtag_hub|sld_shadow_jsm:shadow_jsm|state[13]  ; altera_reserved_tck ; altera_reserved_tck ; 0.000        ; 0.078      ; 0.706      ;
; 0.442 ; sld_hub:auto_hub|alt_sld_fab_with_jtag_input:\instrumentation_fabric_with_node_gen:fabric_gen_new_way:with_jtag_input_gen:instrumentation_fabric|alt_sld_fab:instrumentation_fabric|alt_sld_fab_alt_sld_fab:alt_sld_fab|alt_sld_fab_alt_sld_fab_sldfabric:sldfabric|sld_jtag_hub:\jtag_hub_gen:real_sld_jtag_hub|sld_shadow_jsm:shadow_jsm|state[14]  ; sld_hub:auto_hub|alt_sld_fab_with_jtag_input:\instrumentation_fabric_with_node_gen:fabric_gen_new_way:with_jtag_input_gen:instrumentation_fabric|alt_sld_fab:instrumentation_fabric|alt_sld_fab_alt_sld_fab:alt_sld_fab|alt_sld_fab_alt_sld_fab_sldfabric:sldfabric|sld_jtag_hub:\jtag_hub_gen:real_sld_jtag_hub|sld_shadow_jsm:shadow_jsm|state[11]  ; altera_reserved_tck ; altera_reserved_tck ; 0.000        ; 0.078      ; 0.706      ;
; 0.443 ; sld_hub:auto_hub|alt_sld_fab_with_jtag_input:\instrumentation_fabric_with_node_gen:fabric_gen_new_way:with_jtag_input_gen:instrumentation_fabric|alt_sld_fab:instrumentation_fabric|alt_sld_fab_alt_sld_fab:alt_sld_fab|alt_sld_fab_alt_sld_fab_sldfabric:sldfabric|sld_jtag_hub:\jtag_hub_gen:real_sld_jtag_hub|sld_shadow_jsm:shadow_jsm|state[5]   ; sld_hub:auto_hub|alt_sld_fab_with_jtag_input:\instrumentation_fabric_with_node_gen:fabric_gen_new_way:with_jtag_input_gen:instrumentation_fabric|alt_sld_fab:instrumentation_fabric|alt_sld_fab_alt_sld_fab:alt_sld_fab|alt_sld_fab_alt_sld_fab_sldfabric:sldfabric|sld_jtag_hub:\jtag_hub_gen:real_sld_jtag_hub|reset_ena_reg                        ; altera_reserved_tck ; altera_reserved_tck ; 0.000        ; 0.080      ; 0.709      ;
; 0.444 ; jtag_to_avalon_mst_brg_01:u_jtag_avmm|jtag_to_avalon_mst_brg_01_master_0:master_0|altera_avalon_st_jtag_interface:jtag_phy_embedded_in_jtag_master|altera_jtag_dc_streaming:normal.jtag_dc_streaming|altera_jtag_streaming:jtag_streaming|dr_control[8]                                                                                               ; jtag_to_avalon_mst_brg_01:u_jtag_avmm|jtag_to_avalon_mst_brg_01_master_0:master_0|altera_avalon_st_jtag_interface:jtag_phy_embedded_in_jtag_master|altera_jtag_dc_streaming:normal.jtag_dc_streaming|altera_jtag_streaming:jtag_streaming|resetrequest                                                                                                ; altera_reserved_tck ; altera_reserved_tck ; 0.000        ; 0.077      ; 0.707      ;
; 0.444 ; sld_hub:auto_hub|alt_sld_fab_with_jtag_input:\instrumentation_fabric_with_node_gen:fabric_gen_new_way:with_jtag_input_gen:instrumentation_fabric|alt_sld_fab:instrumentation_fabric|alt_sld_fab_alt_sld_fab:alt_sld_fab|alt_sld_fab_alt_sld_fab_sldfabric:sldfabric|sld_jtag_hub:\jtag_hub_gen:real_sld_jtag_hub|sld_shadow_jsm:shadow_jsm|state[5]   ; sld_hub:auto_hub|alt_sld_fab_with_jtag_input:\instrumentation_fabric_with_node_gen:fabric_gen_new_way:with_jtag_input_gen:instrumentation_fabric|alt_sld_fab:instrumentation_fabric|alt_sld_fab_alt_sld_fab:alt_sld_fab|alt_sld_fab_alt_sld_fab_sldfabric:sldfabric|sld_jtag_hub:\jtag_hub_gen:real_sld_jtag_hub|sld_shadow_jsm:shadow_jsm|state[8]   ; altera_reserved_tck ; altera_reserved_tck ; 0.000        ; 0.080      ; 0.710      ;
; 0.444 ; sld_hub:auto_hub|alt_sld_fab_with_jtag_input:\instrumentation_fabric_with_node_gen:fabric_gen_new_way:with_jtag_input_gen:instrumentation_fabric|alt_sld_fab:instrumentation_fabric|alt_sld_fab_alt_sld_fab:alt_sld_fab|alt_sld_fab_alt_sld_fab_sldfabric:sldfabric|sld_jtag_hub:\jtag_hub_gen:real_sld_jtag_hub|sld_shadow_jsm:shadow_jsm|state[5]   ; sld_hub:auto_hub|alt_sld_fab_with_jtag_input:\instrumentation_fabric_with_node_gen:fabric_gen_new_way:with_jtag_input_gen:instrumentation_fabric|alt_sld_fab:instrumentation_fabric|alt_sld_fab_alt_sld_fab:alt_sld_fab|alt_sld_fab_alt_sld_fab_sldfabric:sldfabric|sld_jtag_hub:\jtag_hub_gen:real_sld_jtag_hub|sld_shadow_jsm:shadow_jsm|state[6]   ; altera_reserved_tck ; altera_reserved_tck ; 0.000        ; 0.080      ; 0.710      ;
; 0.446 ; sld_hub:auto_hub|alt_sld_fab_with_jtag_input:\instrumentation_fabric_with_node_gen:fabric_gen_new_way:with_jtag_input_gen:instrumentation_fabric|alt_sld_fab:instrumentation_fabric|alt_sld_fab_alt_sld_fab:alt_sld_fab|alt_sld_fab_alt_sld_fab_sldfabric:sldfabric|sld_jtag_hub:\jtag_hub_gen:real_sld_jtag_hub|jtag_ir_reg[3]                       ; sld_hub:auto_hub|alt_sld_fab_with_jtag_input:\instrumentation_fabric_with_node_gen:fabric_gen_new_way:with_jtag_input_gen:instrumentation_fabric|alt_sld_fab:instrumentation_fabric|alt_sld_fab_alt_sld_fab:alt_sld_fab|alt_sld_fab_alt_sld_fab_sldfabric:sldfabric|sld_jtag_hub:\jtag_hub_gen:real_sld_jtag_hub|jtag_ir_reg[2]                       ; altera_reserved_tck ; altera_reserved_tck ; 0.000        ; 0.079      ; 0.711      ;
; 0.447 ; jtag_to_avalon_mst_brg_01:u_jtag_avmm|jtag_to_avalon_mst_brg_01_master_0:master_0|altera_avalon_st_jtag_interface:jtag_phy_embedded_in_jtag_master|altera_jtag_dc_streaming:normal.jtag_dc_streaming|altera_jtag_streaming:jtag_streaming|idle_remover_sink_data[0]                                                                                   ; jtag_to_avalon_mst_brg_01:u_jtag_avmm|jtag_to_avalon_mst_brg_01_master_0:master_0|altera_avalon_st_jtag_interface:jtag_phy_embedded_in_jtag_master|altera_jtag_dc_streaming:normal.jtag_dc_streaming|altera_jtag_src_crosser:source_crosser|sink_data_buffer[0]                                                                                       ; altera_reserved_tck ; altera_reserved_tck ; 0.000        ; 0.078      ; 0.711      ;
; 0.447 ; sld_hub:auto_hub|alt_sld_fab_with_jtag_input:\instrumentation_fabric_with_node_gen:fabric_gen_new_way:with_jtag_input_gen:instrumentation_fabric|alt_sld_fab:instrumentation_fabric|alt_sld_fab_alt_sld_fab:alt_sld_fab|alt_sld_fab_alt_sld_fab_sldfabric:sldfabric|sld_jtag_hub:\jtag_hub_gen:real_sld_jtag_hub|sld_shadow_jsm:shadow_jsm|state[7]   ; sld_hub:auto_hub|alt_sld_fab_with_jtag_input:\instrumentation_fabric_with_node_gen:fabric_gen_new_way:with_jtag_input_gen:instrumentation_fabric|alt_sld_fab:instrumentation_fabric|alt_sld_fab_alt_sld_fab:alt_sld_fab|alt_sld_fab_alt_sld_fab_sldfabric:sldfabric|sld_jtag_hub:\jtag_hub_gen:real_sld_jtag_hub|sld_shadow_jsm:shadow_jsm|state[4]   ; altera_reserved_tck ; altera_reserved_tck ; 0.000        ; 0.080      ; 0.713      ;
; 0.451 ; jtag_to_avalon_mst_brg_01:u_jtag_avmm|jtag_to_avalon_mst_brg_01_master_0:master_0|altera_avalon_st_jtag_interface:jtag_phy_embedded_in_jtag_master|altera_jtag_dc_streaming:normal.jtag_dc_streaming|altera_jtag_streaming:jtag_streaming|header_in[7]                                                                                                ; jtag_to_avalon_mst_brg_01:u_jtag_avmm|jtag_to_avalon_mst_brg_01_master_0:master_0|altera_avalon_st_jtag_interface:jtag_phy_embedded_in_jtag_master|altera_jtag_dc_streaming:normal.jtag_dc_streaming|altera_jtag_streaming:jtag_streaming|header_in[6]                                                                                                ; altera_reserved_tck ; altera_reserved_tck ; 0.000        ; 0.079      ; 0.716      ;
; 0.452 ; sld_hub:auto_hub|alt_sld_fab_with_jtag_input:\instrumentation_fabric_with_node_gen:fabric_gen_new_way:with_jtag_input_gen:instrumentation_fabric|alt_sld_fab:instrumentation_fabric|alt_sld_fab_alt_sld_fab:alt_sld_fab|alt_sld_fab_alt_sld_fab_sldfabric:sldfabric|sld_jtag_hub:\jtag_hub_gen:real_sld_jtag_hub|sld_shadow_jsm:shadow_jsm|state[0]   ; sld_hub:auto_hub|alt_sld_fab_with_jtag_input:\instrumentation_fabric_with_node_gen:fabric_gen_new_way:with_jtag_input_gen:instrumentation_fabric|alt_sld_fab:instrumentation_fabric|alt_sld_fab_alt_sld_fab:alt_sld_fab|alt_sld_fab_alt_sld_fab_sldfabric:sldfabric|sld_jtag_hub:\jtag_hub_gen:real_sld_jtag_hub|sld_shadow_jsm:shadow_jsm|state[1]   ; altera_reserved_tck ; altera_reserved_tck ; 0.000        ; 0.078      ; 0.716      ;
; 0.453 ; jtag_to_avalon_mst_brg_01:u_jtag_avmm|jtag_to_avalon_mst_brg_01_master_0:master_0|altera_avalon_st_jtag_interface:jtag_phy_embedded_in_jtag_master|altera_jtag_dc_streaming:normal.jtag_dc_streaming|altera_jtag_streaming:jtag_streaming|dr_data_in[3]                                                                                               ; jtag_to_avalon_mst_brg_01:u_jtag_avmm|jtag_to_avalon_mst_brg_01_master_0:master_0|altera_avalon_st_jtag_interface:jtag_phy_embedded_in_jtag_master|altera_jtag_dc_streaming:normal.jtag_dc_streaming|altera_jtag_streaming:jtag_streaming|dr_data_in[2]                                                                                               ; altera_reserved_tck ; altera_reserved_tck ; 0.000        ; 0.078      ; 0.717      ;
; 0.453 ; jtag_to_avalon_mst_brg_01:u_jtag_avmm|jtag_to_avalon_mst_brg_01_master_0:master_0|altera_avalon_st_jtag_interface:jtag_phy_embedded_in_jtag_master|altera_jtag_dc_streaming:normal.jtag_dc_streaming|altera_jtag_streaming:jtag_streaming|dr_data_in[5]                                                                                               ; jtag_to_avalon_mst_brg_01:u_jtag_avmm|jtag_to_avalon_mst_brg_01_master_0:master_0|altera_avalon_st_jtag_interface:jtag_phy_embedded_in_jtag_master|altera_jtag_dc_streaming:normal.jtag_dc_streaming|altera_jtag_streaming:jtag_streaming|dr_data_in[4]                                                                                               ; altera_reserved_tck ; altera_reserved_tck ; 0.000        ; 0.078      ; 0.717      ;
; 0.453 ; jtag_to_avalon_mst_brg_01:u_jtag_avmm|jtag_to_avalon_mst_brg_01_master_0:master_0|altera_avalon_st_jtag_interface:jtag_phy_embedded_in_jtag_master|altera_jtag_dc_streaming:normal.jtag_dc_streaming|altera_jtag_streaming:jtag_streaming|header_in[11]                                                                                               ; jtag_to_avalon_mst_brg_01:u_jtag_avmm|jtag_to_avalon_mst_brg_01_master_0:master_0|altera_avalon_st_jtag_interface:jtag_phy_embedded_in_jtag_master|altera_jtag_dc_streaming:normal.jtag_dc_streaming|altera_jtag_streaming:jtag_streaming|header_in[10]                                                                                               ; altera_reserved_tck ; altera_reserved_tck ; 0.000        ; 0.078      ; 0.717      ;
; 0.454 ; jtag_to_avalon_mst_brg_01:u_jtag_avmm|jtag_to_avalon_mst_brg_01_master_0:master_0|altera_avalon_st_jtag_interface:jtag_phy_embedded_in_jtag_master|altera_jtag_dc_streaming:normal.jtag_dc_streaming|altera_jtag_streaming:jtag_streaming|dr_data_in[6]                                                                                               ; jtag_to_avalon_mst_brg_01:u_jtag_avmm|jtag_to_avalon_mst_brg_01_master_0:master_0|altera_avalon_st_jtag_interface:jtag_phy_embedded_in_jtag_master|altera_jtag_dc_streaming:normal.jtag_dc_streaming|altera_jtag_streaming:jtag_streaming|dr_data_in[5]                                                                                               ; altera_reserved_tck ; altera_reserved_tck ; 0.000        ; 0.078      ; 0.718      ;
+-------+-------------------------------------------------------------------------------------------------------------------------------------------------------------------------------------------------------------------------------------------------------------------------------------------------------------------------------------------------------+-------------------------------------------------------------------------------------------------------------------------------------------------------------------------------------------------------------------------------------------------------------------------------------------------------------------------------------------------------+---------------------+---------------------+--------------+------------+------------+


+------------------------------------------------------------------------------------------------------------------------------------------------------------------------------------------------------------------------------------------------------------------------------------------------------------------------------------------------------------------------------------------------------------------------------------------------------------------------------------------------------------------------------------------------------------------------------------------------------------------------------------------------------------------------------------------------------------------------------------------------------------------------------------------+
; Slow 1200mV 85C Model Recovery: 'altera_reserved_tck'                                                                                                                                                                                                                                                                                                                                                                                                                                                                                                                                                                                                                                                                                                                                    ;
+--------+-----------------------------------------------------------------------------------------------------------------------------------------------------------------------------------------------------------------------------------------------------------------------------------------------------------------------------------------------------+--------------------------------------------------------------------------------------------------------------------------------------------------------------------------------------------------------------------------------------------------------------------------------------------------------------------------------------+---------------------+---------------------+--------------+------------+------------+
; Slack  ; From Node                                                                                                                                                                                                                                                                                                                                           ; To Node                                                                                                                                                                                                                                                                                                                              ; Launch Clock        ; Latch Clock         ; Relationship ; Clock Skew ; Data Delay ;
+--------+-----------------------------------------------------------------------------------------------------------------------------------------------------------------------------------------------------------------------------------------------------------------------------------------------------------------------------------------------------+--------------------------------------------------------------------------------------------------------------------------------------------------------------------------------------------------------------------------------------------------------------------------------------------------------------------------------------+---------------------+---------------------+--------------+------------+------------+
; 97.643 ; sld_hub:auto_hub|alt_sld_fab_with_jtag_input:\instrumentation_fabric_with_node_gen:fabric_gen_new_way:with_jtag_input_gen:instrumentation_fabric|alt_sld_fab:instrumentation_fabric|alt_sld_fab_alt_sld_fab:alt_sld_fab|alt_sld_fab_alt_sld_fab_sldfabric:sldfabric|sld_jtag_hub:\jtag_hub_gen:real_sld_jtag_hub|virtual_ir_scan_reg                ; sld_hub:auto_hub|alt_sld_fab_with_jtag_input:\instrumentation_fabric_with_node_gen:fabric_gen_new_way:with_jtag_input_gen:instrumentation_fabric|alt_sld_fab:instrumentation_fabric|alt_sld_fab_alt_sld_fab:alt_sld_fab|alt_sld_fab_alt_sld_fab_sldfabric:sldfabric|sld_jtag_hub:\jtag_hub_gen:real_sld_jtag_hub|hub_mode_reg[2]     ; altera_reserved_tck ; altera_reserved_tck ; 100.000      ; -0.067     ; 2.308      ;
; 97.654 ; jtag_to_avalon_mst_brg_01:u_jtag_avmm|jtag_to_avalon_mst_brg_01_master_0:master_0|altera_avalon_st_jtag_interface:jtag_phy_embedded_in_jtag_master|altera_jtag_dc_streaming:normal.jtag_dc_streaming|altera_std_synchronizer:synchronizer|dreg[1]                                                                                                   ; jtag_to_avalon_mst_brg_01:u_jtag_avmm|jtag_to_avalon_mst_brg_01_master_0:master_0|altera_avalon_st_jtag_interface:jtag_phy_embedded_in_jtag_master|altera_jtag_dc_streaming:normal.jtag_dc_streaming|altera_avalon_st_clock_crosser:sink_crosser|out_data_buffer[4]                                                                  ; altera_reserved_tck ; altera_reserved_tck ; 100.000      ; -0.094     ; 2.270      ;
; 97.654 ; jtag_to_avalon_mst_brg_01:u_jtag_avmm|jtag_to_avalon_mst_brg_01_master_0:master_0|altera_avalon_st_jtag_interface:jtag_phy_embedded_in_jtag_master|altera_jtag_dc_streaming:normal.jtag_dc_streaming|altera_std_synchronizer:synchronizer|dreg[1]                                                                                                   ; jtag_to_avalon_mst_brg_01:u_jtag_avmm|jtag_to_avalon_mst_brg_01_master_0:master_0|altera_avalon_st_jtag_interface:jtag_phy_embedded_in_jtag_master|altera_jtag_dc_streaming:normal.jtag_dc_streaming|altera_avalon_st_clock_crosser:sink_crosser|out_data_buffer[0]                                                                  ; altera_reserved_tck ; altera_reserved_tck ; 100.000      ; -0.094     ; 2.270      ;
; 97.654 ; jtag_to_avalon_mst_brg_01:u_jtag_avmm|jtag_to_avalon_mst_brg_01_master_0:master_0|altera_avalon_st_jtag_interface:jtag_phy_embedded_in_jtag_master|altera_jtag_dc_streaming:normal.jtag_dc_streaming|altera_std_synchronizer:synchronizer|dreg[1]                                                                                                   ; jtag_to_avalon_mst_brg_01:u_jtag_avmm|jtag_to_avalon_mst_brg_01_master_0:master_0|altera_avalon_st_jtag_interface:jtag_phy_embedded_in_jtag_master|altera_jtag_dc_streaming:normal.jtag_dc_streaming|altera_avalon_st_clock_crosser:sink_crosser|out_data_buffer[2]                                                                  ; altera_reserved_tck ; altera_reserved_tck ; 100.000      ; -0.094     ; 2.270      ;
; 97.654 ; jtag_to_avalon_mst_brg_01:u_jtag_avmm|jtag_to_avalon_mst_brg_01_master_0:master_0|altera_avalon_st_jtag_interface:jtag_phy_embedded_in_jtag_master|altera_jtag_dc_streaming:normal.jtag_dc_streaming|altera_std_synchronizer:synchronizer|dreg[1]                                                                                                   ; jtag_to_avalon_mst_brg_01:u_jtag_avmm|jtag_to_avalon_mst_brg_01_master_0:master_0|altera_avalon_st_jtag_interface:jtag_phy_embedded_in_jtag_master|altera_jtag_dc_streaming:normal.jtag_dc_streaming|altera_avalon_st_clock_crosser:sink_crosser|out_data_buffer[1]                                                                  ; altera_reserved_tck ; altera_reserved_tck ; 100.000      ; -0.094     ; 2.270      ;
; 97.654 ; jtag_to_avalon_mst_brg_01:u_jtag_avmm|jtag_to_avalon_mst_brg_01_master_0:master_0|altera_avalon_st_jtag_interface:jtag_phy_embedded_in_jtag_master|altera_jtag_dc_streaming:normal.jtag_dc_streaming|altera_std_synchronizer:synchronizer|dreg[1]                                                                                                   ; jtag_to_avalon_mst_brg_01:u_jtag_avmm|jtag_to_avalon_mst_brg_01_master_0:master_0|altera_avalon_st_jtag_interface:jtag_phy_embedded_in_jtag_master|altera_jtag_dc_streaming:normal.jtag_dc_streaming|altera_avalon_st_clock_crosser:sink_crosser|out_data_buffer[7]                                                                  ; altera_reserved_tck ; altera_reserved_tck ; 100.000      ; -0.094     ; 2.270      ;
; 97.654 ; jtag_to_avalon_mst_brg_01:u_jtag_avmm|jtag_to_avalon_mst_brg_01_master_0:master_0|altera_avalon_st_jtag_interface:jtag_phy_embedded_in_jtag_master|altera_jtag_dc_streaming:normal.jtag_dc_streaming|altera_std_synchronizer:synchronizer|dreg[1]                                                                                                   ; jtag_to_avalon_mst_brg_01:u_jtag_avmm|jtag_to_avalon_mst_brg_01_master_0:master_0|altera_avalon_st_jtag_interface:jtag_phy_embedded_in_jtag_master|altera_jtag_dc_streaming:normal.jtag_dc_streaming|altera_avalon_st_clock_crosser:sink_crosser|out_data_buffer[6]                                                                  ; altera_reserved_tck ; altera_reserved_tck ; 100.000      ; -0.094     ; 2.270      ;
; 97.654 ; jtag_to_avalon_mst_brg_01:u_jtag_avmm|jtag_to_avalon_mst_brg_01_master_0:master_0|altera_avalon_st_jtag_interface:jtag_phy_embedded_in_jtag_master|altera_jtag_dc_streaming:normal.jtag_dc_streaming|altera_std_synchronizer:synchronizer|dreg[1]                                                                                                   ; jtag_to_avalon_mst_brg_01:u_jtag_avmm|jtag_to_avalon_mst_brg_01_master_0:master_0|altera_avalon_st_jtag_interface:jtag_phy_embedded_in_jtag_master|altera_jtag_dc_streaming:normal.jtag_dc_streaming|altera_avalon_st_clock_crosser:sink_crosser|out_data_buffer[5]                                                                  ; altera_reserved_tck ; altera_reserved_tck ; 100.000      ; -0.094     ; 2.270      ;
; 97.654 ; jtag_to_avalon_mst_brg_01:u_jtag_avmm|jtag_to_avalon_mst_brg_01_master_0:master_0|altera_avalon_st_jtag_interface:jtag_phy_embedded_in_jtag_master|altera_jtag_dc_streaming:normal.jtag_dc_streaming|altera_std_synchronizer:synchronizer|dreg[1]                                                                                                   ; jtag_to_avalon_mst_brg_01:u_jtag_avmm|jtag_to_avalon_mst_brg_01_master_0:master_0|altera_avalon_st_jtag_interface:jtag_phy_embedded_in_jtag_master|altera_jtag_dc_streaming:normal.jtag_dc_streaming|altera_avalon_st_clock_crosser:sink_crosser|out_data_buffer[3]                                                                  ; altera_reserved_tck ; altera_reserved_tck ; 100.000      ; -0.094     ; 2.270      ;
; 97.674 ; jtag_to_avalon_mst_brg_01:u_jtag_avmm|jtag_to_avalon_mst_brg_01_master_0:master_0|altera_avalon_st_jtag_interface:jtag_phy_embedded_in_jtag_master|altera_jtag_dc_streaming:normal.jtag_dc_streaming|altera_std_synchronizer:synchronizer|dreg[1]                                                                                                   ; jtag_to_avalon_mst_brg_01:u_jtag_avmm|jtag_to_avalon_mst_brg_01_master_0:master_0|altera_avalon_st_jtag_interface:jtag_phy_embedded_in_jtag_master|altera_jtag_dc_streaming:normal.jtag_dc_streaming|altera_jtag_streaming:jtag_streaming|altera_avalon_st_idle_remover:idle_remover|received_esc                                    ; altera_reserved_tck ; altera_reserved_tck ; 100.000      ; -0.090     ; 2.254      ;
; 97.674 ; jtag_to_avalon_mst_brg_01:u_jtag_avmm|jtag_to_avalon_mst_brg_01_master_0:master_0|altera_avalon_st_jtag_interface:jtag_phy_embedded_in_jtag_master|altera_jtag_dc_streaming:normal.jtag_dc_streaming|altera_std_synchronizer:synchronizer|dreg[1]                                                                                                   ; jtag_to_avalon_mst_brg_01:u_jtag_avmm|jtag_to_avalon_mst_brg_01_master_0:master_0|altera_avalon_st_jtag_interface:jtag_phy_embedded_in_jtag_master|altera_jtag_dc_streaming:normal.jtag_dc_streaming|altera_jtag_src_crosser:source_crosser|sink_valid_buffer                                                                        ; altera_reserved_tck ; altera_reserved_tck ; 100.000      ; -0.090     ; 2.254      ;
; 97.725 ; jtag_to_avalon_mst_brg_01:u_jtag_avmm|jtag_to_avalon_mst_brg_01_master_0:master_0|altera_avalon_st_jtag_interface:jtag_phy_embedded_in_jtag_master|altera_jtag_dc_streaming:normal.jtag_dc_streaming|altera_std_synchronizer:synchronizer|dreg[1]                                                                                                   ; jtag_to_avalon_mst_brg_01:u_jtag_avmm|jtag_to_avalon_mst_brg_01_master_0:master_0|altera_avalon_st_jtag_interface:jtag_phy_embedded_in_jtag_master|altera_jtag_dc_streaming:normal.jtag_dc_streaming|altera_avalon_st_clock_crosser:sink_crosser|altera_avalon_st_pipeline_base:output_stage|data1[3]                                ; altera_reserved_tck ; altera_reserved_tck ; 100.000      ; -0.082     ; 2.211      ;
; 97.725 ; jtag_to_avalon_mst_brg_01:u_jtag_avmm|jtag_to_avalon_mst_brg_01_master_0:master_0|altera_avalon_st_jtag_interface:jtag_phy_embedded_in_jtag_master|altera_jtag_dc_streaming:normal.jtag_dc_streaming|altera_std_synchronizer:synchronizer|dreg[1]                                                                                                   ; jtag_to_avalon_mst_brg_01:u_jtag_avmm|jtag_to_avalon_mst_brg_01_master_0:master_0|altera_avalon_st_jtag_interface:jtag_phy_embedded_in_jtag_master|altera_jtag_dc_streaming:normal.jtag_dc_streaming|altera_avalon_st_clock_crosser:sink_crosser|altera_avalon_st_pipeline_base:output_stage|data1[5]                                ; altera_reserved_tck ; altera_reserved_tck ; 100.000      ; -0.082     ; 2.211      ;
; 97.725 ; jtag_to_avalon_mst_brg_01:u_jtag_avmm|jtag_to_avalon_mst_brg_01_master_0:master_0|altera_avalon_st_jtag_interface:jtag_phy_embedded_in_jtag_master|altera_jtag_dc_streaming:normal.jtag_dc_streaming|altera_std_synchronizer:synchronizer|dreg[1]                                                                                                   ; jtag_to_avalon_mst_brg_01:u_jtag_avmm|jtag_to_avalon_mst_brg_01_master_0:master_0|altera_avalon_st_jtag_interface:jtag_phy_embedded_in_jtag_master|altera_jtag_dc_streaming:normal.jtag_dc_streaming|altera_avalon_st_clock_crosser:sink_crosser|altera_avalon_st_pipeline_base:output_stage|data1[6]                                ; altera_reserved_tck ; altera_reserved_tck ; 100.000      ; -0.082     ; 2.211      ;
; 97.725 ; jtag_to_avalon_mst_brg_01:u_jtag_avmm|jtag_to_avalon_mst_brg_01_master_0:master_0|altera_avalon_st_jtag_interface:jtag_phy_embedded_in_jtag_master|altera_jtag_dc_streaming:normal.jtag_dc_streaming|altera_std_synchronizer:synchronizer|dreg[1]                                                                                                   ; jtag_to_avalon_mst_brg_01:u_jtag_avmm|jtag_to_avalon_mst_brg_01_master_0:master_0|altera_avalon_st_jtag_interface:jtag_phy_embedded_in_jtag_master|altera_jtag_dc_streaming:normal.jtag_dc_streaming|altera_avalon_st_clock_crosser:sink_crosser|altera_avalon_st_pipeline_base:output_stage|data1[7]                                ; altera_reserved_tck ; altera_reserved_tck ; 100.000      ; -0.082     ; 2.211      ;
; 97.725 ; jtag_to_avalon_mst_brg_01:u_jtag_avmm|jtag_to_avalon_mst_brg_01_master_0:master_0|altera_avalon_st_jtag_interface:jtag_phy_embedded_in_jtag_master|altera_jtag_dc_streaming:normal.jtag_dc_streaming|altera_std_synchronizer:synchronizer|dreg[1]                                                                                                   ; jtag_to_avalon_mst_brg_01:u_jtag_avmm|jtag_to_avalon_mst_brg_01_master_0:master_0|altera_avalon_st_jtag_interface:jtag_phy_embedded_in_jtag_master|altera_jtag_dc_streaming:normal.jtag_dc_streaming|altera_avalon_st_clock_crosser:sink_crosser|altera_avalon_st_pipeline_base:output_stage|data1[1]                                ; altera_reserved_tck ; altera_reserved_tck ; 100.000      ; -0.082     ; 2.211      ;
; 97.725 ; jtag_to_avalon_mst_brg_01:u_jtag_avmm|jtag_to_avalon_mst_brg_01_master_0:master_0|altera_avalon_st_jtag_interface:jtag_phy_embedded_in_jtag_master|altera_jtag_dc_streaming:normal.jtag_dc_streaming|altera_std_synchronizer:synchronizer|dreg[1]                                                                                                   ; jtag_to_avalon_mst_brg_01:u_jtag_avmm|jtag_to_avalon_mst_brg_01_master_0:master_0|altera_avalon_st_jtag_interface:jtag_phy_embedded_in_jtag_master|altera_jtag_dc_streaming:normal.jtag_dc_streaming|altera_avalon_st_clock_crosser:sink_crosser|altera_avalon_st_pipeline_base:output_stage|data1[0]                                ; altera_reserved_tck ; altera_reserved_tck ; 100.000      ; -0.082     ; 2.211      ;
; 97.725 ; jtag_to_avalon_mst_brg_01:u_jtag_avmm|jtag_to_avalon_mst_brg_01_master_0:master_0|altera_avalon_st_jtag_interface:jtag_phy_embedded_in_jtag_master|altera_jtag_dc_streaming:normal.jtag_dc_streaming|altera_std_synchronizer:synchronizer|dreg[1]                                                                                                   ; jtag_to_avalon_mst_brg_01:u_jtag_avmm|jtag_to_avalon_mst_brg_01_master_0:master_0|altera_avalon_st_jtag_interface:jtag_phy_embedded_in_jtag_master|altera_jtag_dc_streaming:normal.jtag_dc_streaming|altera_avalon_st_clock_crosser:sink_crosser|altera_avalon_st_pipeline_base:output_stage|data1[4]                                ; altera_reserved_tck ; altera_reserved_tck ; 100.000      ; -0.082     ; 2.211      ;
; 97.725 ; jtag_to_avalon_mst_brg_01:u_jtag_avmm|jtag_to_avalon_mst_brg_01_master_0:master_0|altera_avalon_st_jtag_interface:jtag_phy_embedded_in_jtag_master|altera_jtag_dc_streaming:normal.jtag_dc_streaming|altera_std_synchronizer:synchronizer|dreg[1]                                                                                                   ; jtag_to_avalon_mst_brg_01:u_jtag_avmm|jtag_to_avalon_mst_brg_01_master_0:master_0|altera_avalon_st_jtag_interface:jtag_phy_embedded_in_jtag_master|altera_jtag_dc_streaming:normal.jtag_dc_streaming|altera_avalon_st_clock_crosser:sink_crosser|altera_avalon_st_pipeline_base:output_stage|data0[4]                                ; altera_reserved_tck ; altera_reserved_tck ; 100.000      ; -0.082     ; 2.211      ;
; 97.725 ; jtag_to_avalon_mst_brg_01:u_jtag_avmm|jtag_to_avalon_mst_brg_01_master_0:master_0|altera_avalon_st_jtag_interface:jtag_phy_embedded_in_jtag_master|altera_jtag_dc_streaming:normal.jtag_dc_streaming|altera_std_synchronizer:synchronizer|dreg[1]                                                                                                   ; jtag_to_avalon_mst_brg_01:u_jtag_avmm|jtag_to_avalon_mst_brg_01_master_0:master_0|altera_avalon_st_jtag_interface:jtag_phy_embedded_in_jtag_master|altera_jtag_dc_streaming:normal.jtag_dc_streaming|altera_avalon_st_clock_crosser:sink_crosser|altera_avalon_st_pipeline_base:output_stage|data0[0]                                ; altera_reserved_tck ; altera_reserved_tck ; 100.000      ; -0.082     ; 2.211      ;
; 97.725 ; jtag_to_avalon_mst_brg_01:u_jtag_avmm|jtag_to_avalon_mst_brg_01_master_0:master_0|altera_avalon_st_jtag_interface:jtag_phy_embedded_in_jtag_master|altera_jtag_dc_streaming:normal.jtag_dc_streaming|altera_std_synchronizer:synchronizer|dreg[1]                                                                                                   ; jtag_to_avalon_mst_brg_01:u_jtag_avmm|jtag_to_avalon_mst_brg_01_master_0:master_0|altera_avalon_st_jtag_interface:jtag_phy_embedded_in_jtag_master|altera_jtag_dc_streaming:normal.jtag_dc_streaming|altera_avalon_st_clock_crosser:sink_crosser|altera_avalon_st_pipeline_base:output_stage|data0[1]                                ; altera_reserved_tck ; altera_reserved_tck ; 100.000      ; -0.082     ; 2.211      ;
; 97.725 ; jtag_to_avalon_mst_brg_01:u_jtag_avmm|jtag_to_avalon_mst_brg_01_master_0:master_0|altera_avalon_st_jtag_interface:jtag_phy_embedded_in_jtag_master|altera_jtag_dc_streaming:normal.jtag_dc_streaming|altera_std_synchronizer:synchronizer|dreg[1]                                                                                                   ; jtag_to_avalon_mst_brg_01:u_jtag_avmm|jtag_to_avalon_mst_brg_01_master_0:master_0|altera_avalon_st_jtag_interface:jtag_phy_embedded_in_jtag_master|altera_jtag_dc_streaming:normal.jtag_dc_streaming|altera_avalon_st_clock_crosser:sink_crosser|altera_avalon_st_pipeline_base:output_stage|data0[7]                                ; altera_reserved_tck ; altera_reserved_tck ; 100.000      ; -0.082     ; 2.211      ;
; 97.725 ; jtag_to_avalon_mst_brg_01:u_jtag_avmm|jtag_to_avalon_mst_brg_01_master_0:master_0|altera_avalon_st_jtag_interface:jtag_phy_embedded_in_jtag_master|altera_jtag_dc_streaming:normal.jtag_dc_streaming|altera_std_synchronizer:synchronizer|dreg[1]                                                                                                   ; jtag_to_avalon_mst_brg_01:u_jtag_avmm|jtag_to_avalon_mst_brg_01_master_0:master_0|altera_avalon_st_jtag_interface:jtag_phy_embedded_in_jtag_master|altera_jtag_dc_streaming:normal.jtag_dc_streaming|altera_avalon_st_clock_crosser:sink_crosser|altera_avalon_st_pipeline_base:output_stage|data0[6]                                ; altera_reserved_tck ; altera_reserved_tck ; 100.000      ; -0.082     ; 2.211      ;
; 97.725 ; jtag_to_avalon_mst_brg_01:u_jtag_avmm|jtag_to_avalon_mst_brg_01_master_0:master_0|altera_avalon_st_jtag_interface:jtag_phy_embedded_in_jtag_master|altera_jtag_dc_streaming:normal.jtag_dc_streaming|altera_std_synchronizer:synchronizer|dreg[1]                                                                                                   ; jtag_to_avalon_mst_brg_01:u_jtag_avmm|jtag_to_avalon_mst_brg_01_master_0:master_0|altera_avalon_st_jtag_interface:jtag_phy_embedded_in_jtag_master|altera_jtag_dc_streaming:normal.jtag_dc_streaming|altera_avalon_st_clock_crosser:sink_crosser|altera_avalon_st_pipeline_base:output_stage|data0[5]                                ; altera_reserved_tck ; altera_reserved_tck ; 100.000      ; -0.082     ; 2.211      ;
; 97.725 ; jtag_to_avalon_mst_brg_01:u_jtag_avmm|jtag_to_avalon_mst_brg_01_master_0:master_0|altera_avalon_st_jtag_interface:jtag_phy_embedded_in_jtag_master|altera_jtag_dc_streaming:normal.jtag_dc_streaming|altera_std_synchronizer:synchronizer|dreg[1]                                                                                                   ; jtag_to_avalon_mst_brg_01:u_jtag_avmm|jtag_to_avalon_mst_brg_01_master_0:master_0|altera_avalon_st_jtag_interface:jtag_phy_embedded_in_jtag_master|altera_jtag_dc_streaming:normal.jtag_dc_streaming|altera_avalon_st_clock_crosser:sink_crosser|altera_avalon_st_pipeline_base:output_stage|data0[3]                                ; altera_reserved_tck ; altera_reserved_tck ; 100.000      ; -0.082     ; 2.211      ;
; 97.729 ; jtag_to_avalon_mst_brg_01:u_jtag_avmm|jtag_to_avalon_mst_brg_01_master_0:master_0|altera_avalon_st_jtag_interface:jtag_phy_embedded_in_jtag_master|altera_jtag_dc_streaming:normal.jtag_dc_streaming|altera_std_synchronizer:synchronizer|dreg[1]                                                                                                   ; jtag_to_avalon_mst_brg_01:u_jtag_avmm|jtag_to_avalon_mst_brg_01_master_0:master_0|altera_avalon_st_jtag_interface:jtag_phy_embedded_in_jtag_master|altera_jtag_dc_streaming:normal.jtag_dc_streaming|altera_jtag_src_crosser:source_crosser|sink_data_buffer[5]                                                                      ; altera_reserved_tck ; altera_reserved_tck ; 100.000      ; -0.098     ; 2.191      ;
; 97.729 ; jtag_to_avalon_mst_brg_01:u_jtag_avmm|jtag_to_avalon_mst_brg_01_master_0:master_0|altera_avalon_st_jtag_interface:jtag_phy_embedded_in_jtag_master|altera_jtag_dc_streaming:normal.jtag_dc_streaming|altera_std_synchronizer:synchronizer|dreg[1]                                                                                                   ; jtag_to_avalon_mst_brg_01:u_jtag_avmm|jtag_to_avalon_mst_brg_01_master_0:master_0|altera_avalon_st_jtag_interface:jtag_phy_embedded_in_jtag_master|altera_jtag_dc_streaming:normal.jtag_dc_streaming|altera_jtag_src_crosser:source_crosser|sink_data_buffer[7]                                                                      ; altera_reserved_tck ; altera_reserved_tck ; 100.000      ; -0.098     ; 2.191      ;
; 97.729 ; jtag_to_avalon_mst_brg_01:u_jtag_avmm|jtag_to_avalon_mst_brg_01_master_0:master_0|altera_avalon_st_jtag_interface:jtag_phy_embedded_in_jtag_master|altera_jtag_dc_streaming:normal.jtag_dc_streaming|altera_std_synchronizer:synchronizer|dreg[1]                                                                                                   ; jtag_to_avalon_mst_brg_01:u_jtag_avmm|jtag_to_avalon_mst_brg_01_master_0:master_0|altera_avalon_st_jtag_interface:jtag_phy_embedded_in_jtag_master|altera_jtag_dc_streaming:normal.jtag_dc_streaming|altera_jtag_src_crosser:source_crosser|sink_data_buffer[6]                                                                      ; altera_reserved_tck ; altera_reserved_tck ; 100.000      ; -0.098     ; 2.191      ;
; 97.729 ; jtag_to_avalon_mst_brg_01:u_jtag_avmm|jtag_to_avalon_mst_brg_01_master_0:master_0|altera_avalon_st_jtag_interface:jtag_phy_embedded_in_jtag_master|altera_jtag_dc_streaming:normal.jtag_dc_streaming|altera_std_synchronizer:synchronizer|dreg[1]                                                                                                   ; jtag_to_avalon_mst_brg_01:u_jtag_avmm|jtag_to_avalon_mst_brg_01_master_0:master_0|altera_avalon_st_jtag_interface:jtag_phy_embedded_in_jtag_master|altera_jtag_dc_streaming:normal.jtag_dc_streaming|altera_jtag_src_crosser:source_crosser|sink_data_buffer[4]                                                                      ; altera_reserved_tck ; altera_reserved_tck ; 100.000      ; -0.098     ; 2.191      ;
; 97.729 ; jtag_to_avalon_mst_brg_01:u_jtag_avmm|jtag_to_avalon_mst_brg_01_master_0:master_0|altera_avalon_st_jtag_interface:jtag_phy_embedded_in_jtag_master|altera_jtag_dc_streaming:normal.jtag_dc_streaming|altera_std_synchronizer:synchronizer|dreg[1]                                                                                                   ; jtag_to_avalon_mst_brg_01:u_jtag_avmm|jtag_to_avalon_mst_brg_01_master_0:master_0|altera_avalon_st_jtag_interface:jtag_phy_embedded_in_jtag_master|altera_jtag_dc_streaming:normal.jtag_dc_streaming|altera_jtag_src_crosser:source_crosser|sink_data_buffer[3]                                                                      ; altera_reserved_tck ; altera_reserved_tck ; 100.000      ; -0.098     ; 2.191      ;
; 97.729 ; jtag_to_avalon_mst_brg_01:u_jtag_avmm|jtag_to_avalon_mst_brg_01_master_0:master_0|altera_avalon_st_jtag_interface:jtag_phy_embedded_in_jtag_master|altera_jtag_dc_streaming:normal.jtag_dc_streaming|altera_std_synchronizer:synchronizer|dreg[1]                                                                                                   ; jtag_to_avalon_mst_brg_01:u_jtag_avmm|jtag_to_avalon_mst_brg_01_master_0:master_0|altera_avalon_st_jtag_interface:jtag_phy_embedded_in_jtag_master|altera_jtag_dc_streaming:normal.jtag_dc_streaming|altera_jtag_src_crosser:source_crosser|sink_data_buffer[2]                                                                      ; altera_reserved_tck ; altera_reserved_tck ; 100.000      ; -0.098     ; 2.191      ;
; 97.729 ; jtag_to_avalon_mst_brg_01:u_jtag_avmm|jtag_to_avalon_mst_brg_01_master_0:master_0|altera_avalon_st_jtag_interface:jtag_phy_embedded_in_jtag_master|altera_jtag_dc_streaming:normal.jtag_dc_streaming|altera_std_synchronizer:synchronizer|dreg[1]                                                                                                   ; jtag_to_avalon_mst_brg_01:u_jtag_avmm|jtag_to_avalon_mst_brg_01_master_0:master_0|altera_avalon_st_jtag_interface:jtag_phy_embedded_in_jtag_master|altera_jtag_dc_streaming:normal.jtag_dc_streaming|altera_jtag_src_crosser:source_crosser|sink_data_buffer[1]                                                                      ; altera_reserved_tck ; altera_reserved_tck ; 100.000      ; -0.098     ; 2.191      ;
; 97.729 ; jtag_to_avalon_mst_brg_01:u_jtag_avmm|jtag_to_avalon_mst_brg_01_master_0:master_0|altera_avalon_st_jtag_interface:jtag_phy_embedded_in_jtag_master|altera_jtag_dc_streaming:normal.jtag_dc_streaming|altera_std_synchronizer:synchronizer|dreg[1]                                                                                                   ; jtag_to_avalon_mst_brg_01:u_jtag_avmm|jtag_to_avalon_mst_brg_01_master_0:master_0|altera_avalon_st_jtag_interface:jtag_phy_embedded_in_jtag_master|altera_jtag_dc_streaming:normal.jtag_dc_streaming|altera_jtag_src_crosser:source_crosser|sink_data_buffer[0]                                                                      ; altera_reserved_tck ; altera_reserved_tck ; 100.000      ; -0.098     ; 2.191      ;
; 97.753 ; sld_hub:auto_hub|alt_sld_fab_with_jtag_input:\instrumentation_fabric_with_node_gen:fabric_gen_new_way:with_jtag_input_gen:instrumentation_fabric|alt_sld_fab:instrumentation_fabric|alt_sld_fab_alt_sld_fab:alt_sld_fab|alt_sld_fab_alt_sld_fab_sldfabric:sldfabric|sld_jtag_hub:\jtag_hub_gen:real_sld_jtag_hub|clr_reg                            ; sld_hub:auto_hub|alt_sld_fab_with_jtag_input:\instrumentation_fabric_with_node_gen:fabric_gen_new_way:with_jtag_input_gen:instrumentation_fabric|alt_sld_fab:instrumentation_fabric|alt_sld_fab_alt_sld_fab:alt_sld_fab|alt_sld_fab_alt_sld_fab_sldfabric:sldfabric|sld_jtag_hub:\jtag_hub_gen:real_sld_jtag_hub|irf_reg[1][1]       ; altera_reserved_tck ; altera_reserved_tck ; 100.000      ; -0.107     ; 2.158      ;
; 97.753 ; sld_hub:auto_hub|alt_sld_fab_with_jtag_input:\instrumentation_fabric_with_node_gen:fabric_gen_new_way:with_jtag_input_gen:instrumentation_fabric|alt_sld_fab:instrumentation_fabric|alt_sld_fab_alt_sld_fab:alt_sld_fab|alt_sld_fab_alt_sld_fab_sldfabric:sldfabric|sld_jtag_hub:\jtag_hub_gen:real_sld_jtag_hub|clr_reg                            ; sld_hub:auto_hub|alt_sld_fab_with_jtag_input:\instrumentation_fabric_with_node_gen:fabric_gen_new_way:with_jtag_input_gen:instrumentation_fabric|alt_sld_fab:instrumentation_fabric|alt_sld_fab_alt_sld_fab:alt_sld_fab|alt_sld_fab_alt_sld_fab_sldfabric:sldfabric|sld_jtag_hub:\jtag_hub_gen:real_sld_jtag_hub|irf_reg[1][0]       ; altera_reserved_tck ; altera_reserved_tck ; 100.000      ; -0.107     ; 2.158      ;
; 97.753 ; sld_hub:auto_hub|alt_sld_fab_with_jtag_input:\instrumentation_fabric_with_node_gen:fabric_gen_new_way:with_jtag_input_gen:instrumentation_fabric|alt_sld_fab:instrumentation_fabric|alt_sld_fab_alt_sld_fab:alt_sld_fab|alt_sld_fab_alt_sld_fab_sldfabric:sldfabric|sld_jtag_hub:\jtag_hub_gen:real_sld_jtag_hub|clr_reg                            ; sld_hub:auto_hub|alt_sld_fab_with_jtag_input:\instrumentation_fabric_with_node_gen:fabric_gen_new_way:with_jtag_input_gen:instrumentation_fabric|alt_sld_fab:instrumentation_fabric|alt_sld_fab_alt_sld_fab:alt_sld_fab|alt_sld_fab_alt_sld_fab_sldfabric:sldfabric|sld_jtag_hub:\jtag_hub_gen:real_sld_jtag_hub|irf_reg[1][2]       ; altera_reserved_tck ; altera_reserved_tck ; 100.000      ; -0.107     ; 2.158      ;
; 97.790 ; sld_hub:auto_hub|alt_sld_fab_with_jtag_input:\instrumentation_fabric_with_node_gen:fabric_gen_new_way:with_jtag_input_gen:instrumentation_fabric|alt_sld_fab:instrumentation_fabric|alt_sld_fab_alt_sld_fab:alt_sld_fab|alt_sld_fab_alt_sld_fab_sldfabric:sldfabric|sld_jtag_hub:\jtag_hub_gen:real_sld_jtag_hub|clr_reg                            ; sld_hub:auto_hub|alt_sld_fab_with_jtag_input:\instrumentation_fabric_with_node_gen:fabric_gen_new_way:with_jtag_input_gen:instrumentation_fabric|alt_sld_fab:instrumentation_fabric|alt_sld_fab_alt_sld_fab:alt_sld_fab|splitter_nodes_receive_0[3]                                                                                  ; altera_reserved_tck ; altera_reserved_tck ; 100.000      ; -0.092     ; 2.136      ;
; 97.812 ; sld_hub:auto_hub|alt_sld_fab_with_jtag_input:\instrumentation_fabric_with_node_gen:fabric_gen_new_way:with_jtag_input_gen:instrumentation_fabric|alt_sld_fab:instrumentation_fabric|alt_sld_fab_alt_sld_fab:alt_sld_fab|alt_sld_fab_alt_sld_fab_sldfabric:sldfabric|sld_jtag_hub:\jtag_hub_gen:real_sld_jtag_hub|clr_reg                            ; sld_hub:auto_hub|alt_sld_fab_with_jtag_input:\instrumentation_fabric_with_node_gen:fabric_gen_new_way:with_jtag_input_gen:instrumentation_fabric|alt_sld_fab:instrumentation_fabric|alt_sld_fab_alt_sld_fab:alt_sld_fab|alt_sld_fab_alt_sld_fab_sldfabric:sldfabric|sld_jtag_hub:\jtag_hub_gen:real_sld_jtag_hub|hub_mode_reg[1]     ; altera_reserved_tck ; altera_reserved_tck ; 100.000      ; -0.074     ; 2.132      ;
; 98.008 ; jtag_to_avalon_mst_brg_01:u_jtag_avmm|jtag_to_avalon_mst_brg_01_master_0:master_0|altera_avalon_st_jtag_interface:jtag_phy_embedded_in_jtag_master|altera_jtag_dc_streaming:normal.jtag_dc_streaming|altera_std_synchronizer:synchronizer|dreg[1]                                                                                                   ; jtag_to_avalon_mst_brg_01:u_jtag_avmm|jtag_to_avalon_mst_brg_01_master_0:master_0|altera_avalon_st_jtag_interface:jtag_phy_embedded_in_jtag_master|altera_jtag_dc_streaming:normal.jtag_dc_streaming|altera_avalon_st_clock_crosser:sink_crosser|altera_avalon_st_pipeline_base:output_stage|data1[2]                                ; altera_reserved_tck ; altera_reserved_tck ; 100.000      ; -0.086     ; 1.924      ;
; 98.008 ; jtag_to_avalon_mst_brg_01:u_jtag_avmm|jtag_to_avalon_mst_brg_01_master_0:master_0|altera_avalon_st_jtag_interface:jtag_phy_embedded_in_jtag_master|altera_jtag_dc_streaming:normal.jtag_dc_streaming|altera_std_synchronizer:synchronizer|dreg[1]                                                                                                   ; jtag_to_avalon_mst_brg_01:u_jtag_avmm|jtag_to_avalon_mst_brg_01_master_0:master_0|altera_avalon_st_jtag_interface:jtag_phy_embedded_in_jtag_master|altera_jtag_dc_streaming:normal.jtag_dc_streaming|altera_avalon_st_clock_crosser:sink_crosser|altera_avalon_st_pipeline_base:output_stage|data0[2]                                ; altera_reserved_tck ; altera_reserved_tck ; 100.000      ; -0.086     ; 1.924      ;
; 98.050 ; sld_hub:auto_hub|alt_sld_fab_with_jtag_input:\instrumentation_fabric_with_node_gen:fabric_gen_new_way:with_jtag_input_gen:instrumentation_fabric|alt_sld_fab:instrumentation_fabric|alt_sld_fab_alt_sld_fab:alt_sld_fab|alt_sld_fab_alt_sld_fab_sldfabric:sldfabric|sld_jtag_hub:\jtag_hub_gen:real_sld_jtag_hub|clr_reg                            ; sld_hub:auto_hub|alt_sld_fab_with_jtag_input:\instrumentation_fabric_with_node_gen:fabric_gen_new_way:with_jtag_input_gen:instrumentation_fabric|alt_sld_fab:instrumentation_fabric|alt_sld_fab_alt_sld_fab:alt_sld_fab|alt_sld_fab_alt_sld_fab_sldfabric:sldfabric|sld_jtag_hub:\jtag_hub_gen:real_sld_jtag_hub|irsr_reg[0]         ; altera_reserved_tck ; altera_reserved_tck ; 100.000      ; -0.094     ; 1.874      ;
; 98.050 ; sld_hub:auto_hub|alt_sld_fab_with_jtag_input:\instrumentation_fabric_with_node_gen:fabric_gen_new_way:with_jtag_input_gen:instrumentation_fabric|alt_sld_fab:instrumentation_fabric|alt_sld_fab_alt_sld_fab:alt_sld_fab|alt_sld_fab_alt_sld_fab_sldfabric:sldfabric|sld_jtag_hub:\jtag_hub_gen:real_sld_jtag_hub|clr_reg                            ; sld_hub:auto_hub|alt_sld_fab_with_jtag_input:\instrumentation_fabric_with_node_gen:fabric_gen_new_way:with_jtag_input_gen:instrumentation_fabric|alt_sld_fab:instrumentation_fabric|alt_sld_fab_alt_sld_fab:alt_sld_fab|alt_sld_fab_alt_sld_fab_sldfabric:sldfabric|sld_jtag_hub:\jtag_hub_gen:real_sld_jtag_hub|irsr_reg[1]         ; altera_reserved_tck ; altera_reserved_tck ; 100.000      ; -0.094     ; 1.874      ;
; 98.050 ; sld_hub:auto_hub|alt_sld_fab_with_jtag_input:\instrumentation_fabric_with_node_gen:fabric_gen_new_way:with_jtag_input_gen:instrumentation_fabric|alt_sld_fab:instrumentation_fabric|alt_sld_fab_alt_sld_fab:alt_sld_fab|alt_sld_fab_alt_sld_fab_sldfabric:sldfabric|sld_jtag_hub:\jtag_hub_gen:real_sld_jtag_hub|clr_reg                            ; sld_hub:auto_hub|alt_sld_fab_with_jtag_input:\instrumentation_fabric_with_node_gen:fabric_gen_new_way:with_jtag_input_gen:instrumentation_fabric|alt_sld_fab:instrumentation_fabric|alt_sld_fab_alt_sld_fab:alt_sld_fab|alt_sld_fab_alt_sld_fab_sldfabric:sldfabric|sld_jtag_hub:\jtag_hub_gen:real_sld_jtag_hub|irsr_reg[2]         ; altera_reserved_tck ; altera_reserved_tck ; 100.000      ; -0.094     ; 1.874      ;
; 98.050 ; sld_hub:auto_hub|alt_sld_fab_with_jtag_input:\instrumentation_fabric_with_node_gen:fabric_gen_new_way:with_jtag_input_gen:instrumentation_fabric|alt_sld_fab:instrumentation_fabric|alt_sld_fab_alt_sld_fab:alt_sld_fab|alt_sld_fab_alt_sld_fab_sldfabric:sldfabric|sld_jtag_hub:\jtag_hub_gen:real_sld_jtag_hub|clr_reg                            ; sld_hub:auto_hub|alt_sld_fab_with_jtag_input:\instrumentation_fabric_with_node_gen:fabric_gen_new_way:with_jtag_input_gen:instrumentation_fabric|alt_sld_fab:instrumentation_fabric|alt_sld_fab_alt_sld_fab:alt_sld_fab|alt_sld_fab_alt_sld_fab_sldfabric:sldfabric|sld_jtag_hub:\jtag_hub_gen:real_sld_jtag_hub|hub_mode_reg[0]     ; altera_reserved_tck ; altera_reserved_tck ; 100.000      ; -0.094     ; 1.874      ;
; 98.050 ; sld_hub:auto_hub|alt_sld_fab_with_jtag_input:\instrumentation_fabric_with_node_gen:fabric_gen_new_way:with_jtag_input_gen:instrumentation_fabric|alt_sld_fab:instrumentation_fabric|alt_sld_fab_alt_sld_fab:alt_sld_fab|alt_sld_fab_alt_sld_fab_sldfabric:sldfabric|sld_jtag_hub:\jtag_hub_gen:real_sld_jtag_hub|clr_reg                            ; sld_hub:auto_hub|alt_sld_fab_with_jtag_input:\instrumentation_fabric_with_node_gen:fabric_gen_new_way:with_jtag_input_gen:instrumentation_fabric|alt_sld_fab:instrumentation_fabric|alt_sld_fab_alt_sld_fab:alt_sld_fab|alt_sld_fab_alt_sld_fab_sldfabric:sldfabric|sld_jtag_hub:\jtag_hub_gen:real_sld_jtag_hub|irsr_reg[4]         ; altera_reserved_tck ; altera_reserved_tck ; 100.000      ; -0.094     ; 1.874      ;
; 98.050 ; sld_hub:auto_hub|alt_sld_fab_with_jtag_input:\instrumentation_fabric_with_node_gen:fabric_gen_new_way:with_jtag_input_gen:instrumentation_fabric|alt_sld_fab:instrumentation_fabric|alt_sld_fab_alt_sld_fab:alt_sld_fab|alt_sld_fab_alt_sld_fab_sldfabric:sldfabric|sld_jtag_hub:\jtag_hub_gen:real_sld_jtag_hub|clr_reg                            ; sld_hub:auto_hub|alt_sld_fab_with_jtag_input:\instrumentation_fabric_with_node_gen:fabric_gen_new_way:with_jtag_input_gen:instrumentation_fabric|alt_sld_fab:instrumentation_fabric|alt_sld_fab_alt_sld_fab:alt_sld_fab|alt_sld_fab_alt_sld_fab_sldfabric:sldfabric|sld_jtag_hub:\jtag_hub_gen:real_sld_jtag_hub|irsr_reg[3]         ; altera_reserved_tck ; altera_reserved_tck ; 100.000      ; -0.094     ; 1.874      ;
; 98.306 ; sld_hub:auto_hub|alt_sld_fab_with_jtag_input:\instrumentation_fabric_with_node_gen:fabric_gen_new_way:with_jtag_input_gen:instrumentation_fabric|alt_sld_fab:instrumentation_fabric|alt_sld_fab_alt_sld_fab:alt_sld_fab|alt_sld_fab_alt_sld_fab_sldfabric:sldfabric|sld_jtag_hub:\jtag_hub_gen:real_sld_jtag_hub|sld_shadow_jsm:shadow_jsm|state[0] ; sld_hub:auto_hub|alt_sld_fab_with_jtag_input:\instrumentation_fabric_with_node_gen:fabric_gen_new_way:with_jtag_input_gen:instrumentation_fabric|alt_sld_fab:instrumentation_fabric|alt_sld_fab_alt_sld_fab:alt_sld_fab|alt_sld_fab_alt_sld_fab_sldfabric:sldfabric|sld_jtag_hub:\jtag_hub_gen:real_sld_jtag_hub|virtual_ir_scan_reg ; altera_reserved_tck ; altera_reserved_tck ; 100.000      ; -0.078     ; 1.634      ;
; 98.306 ; sld_hub:auto_hub|alt_sld_fab_with_jtag_input:\instrumentation_fabric_with_node_gen:fabric_gen_new_way:with_jtag_input_gen:instrumentation_fabric|alt_sld_fab:instrumentation_fabric|alt_sld_fab_alt_sld_fab:alt_sld_fab|alt_sld_fab_alt_sld_fab_sldfabric:sldfabric|sld_jtag_hub:\jtag_hub_gen:real_sld_jtag_hub|sld_shadow_jsm:shadow_jsm|state[0] ; sld_hub:auto_hub|alt_sld_fab_with_jtag_input:\instrumentation_fabric_with_node_gen:fabric_gen_new_way:with_jtag_input_gen:instrumentation_fabric|alt_sld_fab:instrumentation_fabric|alt_sld_fab_alt_sld_fab:alt_sld_fab|alt_sld_fab_alt_sld_fab_sldfabric:sldfabric|sld_jtag_hub:\jtag_hub_gen:real_sld_jtag_hub|virtual_dr_scan_reg ; altera_reserved_tck ; altera_reserved_tck ; 100.000      ; -0.078     ; 1.634      ;
; 98.306 ; sld_hub:auto_hub|alt_sld_fab_with_jtag_input:\instrumentation_fabric_with_node_gen:fabric_gen_new_way:with_jtag_input_gen:instrumentation_fabric|alt_sld_fab:instrumentation_fabric|alt_sld_fab_alt_sld_fab:alt_sld_fab|alt_sld_fab_alt_sld_fab_sldfabric:sldfabric|sld_jtag_hub:\jtag_hub_gen:real_sld_jtag_hub|sld_shadow_jsm:shadow_jsm|state[0] ; sld_hub:auto_hub|alt_sld_fab_with_jtag_input:\instrumentation_fabric_with_node_gen:fabric_gen_new_way:with_jtag_input_gen:instrumentation_fabric|alt_sld_fab:instrumentation_fabric|alt_sld_fab_alt_sld_fab:alt_sld_fab|alt_sld_fab_alt_sld_fab_sldfabric:sldfabric|sld_jtag_hub:\jtag_hub_gen:real_sld_jtag_hub|jtag_ir_reg[1]      ; altera_reserved_tck ; altera_reserved_tck ; 100.000      ; -0.078     ; 1.634      ;
; 98.306 ; sld_hub:auto_hub|alt_sld_fab_with_jtag_input:\instrumentation_fabric_with_node_gen:fabric_gen_new_way:with_jtag_input_gen:instrumentation_fabric|alt_sld_fab:instrumentation_fabric|alt_sld_fab_alt_sld_fab:alt_sld_fab|alt_sld_fab_alt_sld_fab_sldfabric:sldfabric|sld_jtag_hub:\jtag_hub_gen:real_sld_jtag_hub|sld_shadow_jsm:shadow_jsm|state[0] ; sld_hub:auto_hub|alt_sld_fab_with_jtag_input:\instrumentation_fabric_with_node_gen:fabric_gen_new_way:with_jtag_input_gen:instrumentation_fabric|alt_sld_fab:instrumentation_fabric|alt_sld_fab_alt_sld_fab:alt_sld_fab|alt_sld_fab_alt_sld_fab_sldfabric:sldfabric|sld_jtag_hub:\jtag_hub_gen:real_sld_jtag_hub|jtag_ir_reg[0]      ; altera_reserved_tck ; altera_reserved_tck ; 100.000      ; -0.078     ; 1.634      ;
; 98.306 ; sld_hub:auto_hub|alt_sld_fab_with_jtag_input:\instrumentation_fabric_with_node_gen:fabric_gen_new_way:with_jtag_input_gen:instrumentation_fabric|alt_sld_fab:instrumentation_fabric|alt_sld_fab_alt_sld_fab:alt_sld_fab|alt_sld_fab_alt_sld_fab_sldfabric:sldfabric|sld_jtag_hub:\jtag_hub_gen:real_sld_jtag_hub|sld_shadow_jsm:shadow_jsm|state[0] ; sld_hub:auto_hub|alt_sld_fab_with_jtag_input:\instrumentation_fabric_with_node_gen:fabric_gen_new_way:with_jtag_input_gen:instrumentation_fabric|alt_sld_fab:instrumentation_fabric|alt_sld_fab_alt_sld_fab:alt_sld_fab|alt_sld_fab_alt_sld_fab_sldfabric:sldfabric|sld_jtag_hub:\jtag_hub_gen:real_sld_jtag_hub|jtag_ir_reg[3]      ; altera_reserved_tck ; altera_reserved_tck ; 100.000      ; -0.078     ; 1.634      ;
; 98.306 ; sld_hub:auto_hub|alt_sld_fab_with_jtag_input:\instrumentation_fabric_with_node_gen:fabric_gen_new_way:with_jtag_input_gen:instrumentation_fabric|alt_sld_fab:instrumentation_fabric|alt_sld_fab_alt_sld_fab:alt_sld_fab|alt_sld_fab_alt_sld_fab_sldfabric:sldfabric|sld_jtag_hub:\jtag_hub_gen:real_sld_jtag_hub|sld_shadow_jsm:shadow_jsm|state[0] ; sld_hub:auto_hub|alt_sld_fab_with_jtag_input:\instrumentation_fabric_with_node_gen:fabric_gen_new_way:with_jtag_input_gen:instrumentation_fabric|alt_sld_fab:instrumentation_fabric|alt_sld_fab_alt_sld_fab:alt_sld_fab|alt_sld_fab_alt_sld_fab_sldfabric:sldfabric|sld_jtag_hub:\jtag_hub_gen:real_sld_jtag_hub|jtag_ir_reg[2]      ; altera_reserved_tck ; altera_reserved_tck ; 100.000      ; -0.078     ; 1.634      ;
; 98.306 ; sld_hub:auto_hub|alt_sld_fab_with_jtag_input:\instrumentation_fabric_with_node_gen:fabric_gen_new_way:with_jtag_input_gen:instrumentation_fabric|alt_sld_fab:instrumentation_fabric|alt_sld_fab_alt_sld_fab:alt_sld_fab|alt_sld_fab_alt_sld_fab_sldfabric:sldfabric|sld_jtag_hub:\jtag_hub_gen:real_sld_jtag_hub|sld_shadow_jsm:shadow_jsm|state[0] ; sld_hub:auto_hub|alt_sld_fab_with_jtag_input:\instrumentation_fabric_with_node_gen:fabric_gen_new_way:with_jtag_input_gen:instrumentation_fabric|alt_sld_fab:instrumentation_fabric|alt_sld_fab_alt_sld_fab:alt_sld_fab|alt_sld_fab_alt_sld_fab_sldfabric:sldfabric|sld_jtag_hub:\jtag_hub_gen:real_sld_jtag_hub|jtag_ir_reg[9]      ; altera_reserved_tck ; altera_reserved_tck ; 100.000      ; -0.078     ; 1.634      ;
; 98.306 ; sld_hub:auto_hub|alt_sld_fab_with_jtag_input:\instrumentation_fabric_with_node_gen:fabric_gen_new_way:with_jtag_input_gen:instrumentation_fabric|alt_sld_fab:instrumentation_fabric|alt_sld_fab_alt_sld_fab:alt_sld_fab|alt_sld_fab_alt_sld_fab_sldfabric:sldfabric|sld_jtag_hub:\jtag_hub_gen:real_sld_jtag_hub|sld_shadow_jsm:shadow_jsm|state[0] ; sld_hub:auto_hub|alt_sld_fab_with_jtag_input:\instrumentation_fabric_with_node_gen:fabric_gen_new_way:with_jtag_input_gen:instrumentation_fabric|alt_sld_fab:instrumentation_fabric|alt_sld_fab_alt_sld_fab:alt_sld_fab|alt_sld_fab_alt_sld_fab_sldfabric:sldfabric|sld_jtag_hub:\jtag_hub_gen:real_sld_jtag_hub|jtag_ir_reg[8]      ; altera_reserved_tck ; altera_reserved_tck ; 100.000      ; -0.078     ; 1.634      ;
; 98.306 ; sld_hub:auto_hub|alt_sld_fab_with_jtag_input:\instrumentation_fabric_with_node_gen:fabric_gen_new_way:with_jtag_input_gen:instrumentation_fabric|alt_sld_fab:instrumentation_fabric|alt_sld_fab_alt_sld_fab:alt_sld_fab|alt_sld_fab_alt_sld_fab_sldfabric:sldfabric|sld_jtag_hub:\jtag_hub_gen:real_sld_jtag_hub|sld_shadow_jsm:shadow_jsm|state[0] ; sld_hub:auto_hub|alt_sld_fab_with_jtag_input:\instrumentation_fabric_with_node_gen:fabric_gen_new_way:with_jtag_input_gen:instrumentation_fabric|alt_sld_fab:instrumentation_fabric|alt_sld_fab_alt_sld_fab:alt_sld_fab|alt_sld_fab_alt_sld_fab_sldfabric:sldfabric|sld_jtag_hub:\jtag_hub_gen:real_sld_jtag_hub|jtag_ir_reg[7]      ; altera_reserved_tck ; altera_reserved_tck ; 100.000      ; -0.078     ; 1.634      ;
; 98.306 ; sld_hub:auto_hub|alt_sld_fab_with_jtag_input:\instrumentation_fabric_with_node_gen:fabric_gen_new_way:with_jtag_input_gen:instrumentation_fabric|alt_sld_fab:instrumentation_fabric|alt_sld_fab_alt_sld_fab:alt_sld_fab|alt_sld_fab_alt_sld_fab_sldfabric:sldfabric|sld_jtag_hub:\jtag_hub_gen:real_sld_jtag_hub|sld_shadow_jsm:shadow_jsm|state[0] ; sld_hub:auto_hub|alt_sld_fab_with_jtag_input:\instrumentation_fabric_with_node_gen:fabric_gen_new_way:with_jtag_input_gen:instrumentation_fabric|alt_sld_fab:instrumentation_fabric|alt_sld_fab_alt_sld_fab:alt_sld_fab|alt_sld_fab_alt_sld_fab_sldfabric:sldfabric|sld_jtag_hub:\jtag_hub_gen:real_sld_jtag_hub|jtag_ir_reg[6]      ; altera_reserved_tck ; altera_reserved_tck ; 100.000      ; -0.078     ; 1.634      ;
; 98.306 ; sld_hub:auto_hub|alt_sld_fab_with_jtag_input:\instrumentation_fabric_with_node_gen:fabric_gen_new_way:with_jtag_input_gen:instrumentation_fabric|alt_sld_fab:instrumentation_fabric|alt_sld_fab_alt_sld_fab:alt_sld_fab|alt_sld_fab_alt_sld_fab_sldfabric:sldfabric|sld_jtag_hub:\jtag_hub_gen:real_sld_jtag_hub|sld_shadow_jsm:shadow_jsm|state[0] ; sld_hub:auto_hub|alt_sld_fab_with_jtag_input:\instrumentation_fabric_with_node_gen:fabric_gen_new_way:with_jtag_input_gen:instrumentation_fabric|alt_sld_fab:instrumentation_fabric|alt_sld_fab_alt_sld_fab:alt_sld_fab|alt_sld_fab_alt_sld_fab_sldfabric:sldfabric|sld_jtag_hub:\jtag_hub_gen:real_sld_jtag_hub|jtag_ir_reg[5]      ; altera_reserved_tck ; altera_reserved_tck ; 100.000      ; -0.078     ; 1.634      ;
; 98.306 ; sld_hub:auto_hub|alt_sld_fab_with_jtag_input:\instrumentation_fabric_with_node_gen:fabric_gen_new_way:with_jtag_input_gen:instrumentation_fabric|alt_sld_fab:instrumentation_fabric|alt_sld_fab_alt_sld_fab:alt_sld_fab|alt_sld_fab_alt_sld_fab_sldfabric:sldfabric|sld_jtag_hub:\jtag_hub_gen:real_sld_jtag_hub|sld_shadow_jsm:shadow_jsm|state[0] ; sld_hub:auto_hub|alt_sld_fab_with_jtag_input:\instrumentation_fabric_with_node_gen:fabric_gen_new_way:with_jtag_input_gen:instrumentation_fabric|alt_sld_fab:instrumentation_fabric|alt_sld_fab_alt_sld_fab:alt_sld_fab|alt_sld_fab_alt_sld_fab_sldfabric:sldfabric|sld_jtag_hub:\jtag_hub_gen:real_sld_jtag_hub|jtag_ir_reg[4]      ; altera_reserved_tck ; altera_reserved_tck ; 100.000      ; -0.078     ; 1.634      ;
; 98.332 ; jtag_to_avalon_mst_brg_01:u_jtag_avmm|jtag_to_avalon_mst_brg_01_master_0:master_0|altera_avalon_st_jtag_interface:jtag_phy_embedded_in_jtag_master|altera_jtag_dc_streaming:normal.jtag_dc_streaming|altera_std_synchronizer:synchronizer|dreg[1]                                                                                                   ; jtag_to_avalon_mst_brg_01:u_jtag_avmm|jtag_to_avalon_mst_brg_01_master_0:master_0|altera_avalon_st_jtag_interface:jtag_phy_embedded_in_jtag_master|altera_jtag_dc_streaming:normal.jtag_dc_streaming|altera_avalon_st_clock_crosser:sink_crosser|altera_avalon_st_pipeline_base:output_stage|full1                                   ; altera_reserved_tck ; altera_reserved_tck ; 100.000      ; -0.079     ; 1.607      ;
; 98.332 ; jtag_to_avalon_mst_brg_01:u_jtag_avmm|jtag_to_avalon_mst_brg_01_master_0:master_0|altera_avalon_st_jtag_interface:jtag_phy_embedded_in_jtag_master|altera_jtag_dc_streaming:normal.jtag_dc_streaming|altera_std_synchronizer:synchronizer|dreg[1]                                                                                                   ; jtag_to_avalon_mst_brg_01:u_jtag_avmm|jtag_to_avalon_mst_brg_01_master_0:master_0|altera_avalon_st_jtag_interface:jtag_phy_embedded_in_jtag_master|altera_jtag_dc_streaming:normal.jtag_dc_streaming|altera_jtag_streaming:jtag_streaming|altera_avalon_st_idle_inserter:idle_inserter|received_esc                                  ; altera_reserved_tck ; altera_reserved_tck ; 100.000      ; -0.079     ; 1.607      ;
; 98.332 ; jtag_to_avalon_mst_brg_01:u_jtag_avmm|jtag_to_avalon_mst_brg_01_master_0:master_0|altera_avalon_st_jtag_interface:jtag_phy_embedded_in_jtag_master|altera_jtag_dc_streaming:normal.jtag_dc_streaming|altera_std_synchronizer:synchronizer|dreg[1]                                                                                                   ; jtag_to_avalon_mst_brg_01:u_jtag_avmm|jtag_to_avalon_mst_brg_01_master_0:master_0|altera_avalon_st_jtag_interface:jtag_phy_embedded_in_jtag_master|altera_jtag_dc_streaming:normal.jtag_dc_streaming|altera_avalon_st_clock_crosser:sink_crosser|altera_avalon_st_pipeline_base:output_stage|full0                                   ; altera_reserved_tck ; altera_reserved_tck ; 100.000      ; -0.079     ; 1.607      ;
; 98.332 ; jtag_to_avalon_mst_brg_01:u_jtag_avmm|jtag_to_avalon_mst_brg_01_master_0:master_0|altera_avalon_st_jtag_interface:jtag_phy_embedded_in_jtag_master|altera_jtag_dc_streaming:normal.jtag_dc_streaming|altera_std_synchronizer:synchronizer|dreg[1]                                                                                                   ; jtag_to_avalon_mst_brg_01:u_jtag_avmm|jtag_to_avalon_mst_brg_01_master_0:master_0|altera_avalon_st_jtag_interface:jtag_phy_embedded_in_jtag_master|altera_jtag_dc_streaming:normal.jtag_dc_streaming|altera_avalon_st_clock_crosser:sink_crosser|out_data_toggle_flopped                                                             ; altera_reserved_tck ; altera_reserved_tck ; 100.000      ; -0.079     ; 1.607      ;
; 98.332 ; jtag_to_avalon_mst_brg_01:u_jtag_avmm|jtag_to_avalon_mst_brg_01_master_0:master_0|altera_avalon_st_jtag_interface:jtag_phy_embedded_in_jtag_master|altera_jtag_dc_streaming:normal.jtag_dc_streaming|altera_std_synchronizer:synchronizer|dreg[1]                                                                                                   ; jtag_to_avalon_mst_brg_01:u_jtag_avmm|jtag_to_avalon_mst_brg_01_master_0:master_0|altera_avalon_st_jtag_interface:jtag_phy_embedded_in_jtag_master|altera_jtag_dc_streaming:normal.jtag_dc_streaming|altera_avalon_st_clock_crosser:sink_crosser|altera_std_synchronizer_nocut:in_to_out_synchronizer|dreg[1]                        ; altera_reserved_tck ; altera_reserved_tck ; 100.000      ; -0.079     ; 1.607      ;
; 98.332 ; jtag_to_avalon_mst_brg_01:u_jtag_avmm|jtag_to_avalon_mst_brg_01_master_0:master_0|altera_avalon_st_jtag_interface:jtag_phy_embedded_in_jtag_master|altera_jtag_dc_streaming:normal.jtag_dc_streaming|altera_std_synchronizer:synchronizer|dreg[1]                                                                                                   ; jtag_to_avalon_mst_brg_01:u_jtag_avmm|jtag_to_avalon_mst_brg_01_master_0:master_0|altera_avalon_st_jtag_interface:jtag_phy_embedded_in_jtag_master|altera_jtag_dc_streaming:normal.jtag_dc_streaming|altera_avalon_st_clock_crosser:sink_crosser|altera_std_synchronizer_nocut:in_to_out_synchronizer|dreg[0]                        ; altera_reserved_tck ; altera_reserved_tck ; 100.000      ; -0.079     ; 1.607      ;
; 98.332 ; jtag_to_avalon_mst_brg_01:u_jtag_avmm|jtag_to_avalon_mst_brg_01_master_0:master_0|altera_avalon_st_jtag_interface:jtag_phy_embedded_in_jtag_master|altera_jtag_dc_streaming:normal.jtag_dc_streaming|altera_std_synchronizer:synchronizer|dreg[1]                                                                                                   ; jtag_to_avalon_mst_brg_01:u_jtag_avmm|jtag_to_avalon_mst_brg_01_master_0:master_0|altera_avalon_st_jtag_interface:jtag_phy_embedded_in_jtag_master|altera_jtag_dc_streaming:normal.jtag_dc_streaming|altera_avalon_st_clock_crosser:sink_crosser|altera_std_synchronizer_nocut:in_to_out_synchronizer|din_s1                         ; altera_reserved_tck ; altera_reserved_tck ; 100.000      ; -0.079     ; 1.607      ;
+--------+-----------------------------------------------------------------------------------------------------------------------------------------------------------------------------------------------------------------------------------------------------------------------------------------------------------------------------------------------------+--------------------------------------------------------------------------------------------------------------------------------------------------------------------------------------------------------------------------------------------------------------------------------------------------------------------------------------+---------------------+---------------------+--------------+------------+------------+


+-----------------------------------------------------------------------------------------------------------------------------------------------------------------------------------------------------------------------------------------------------------------------------------------------------------------------------------------------------------------------------------------------------------------------------------------------------------------------------------------------------------------------------------------------------------------------------------------------------------------------------------------------------------------------------------------------------------------------------------------------------------------------------------------+
; Slow 1200mV 85C Model Removal: 'altera_reserved_tck'                                                                                                                                                                                                                                                                                                                                                                                                                                                                                                                                                                                                                                                                                                                                    ;
+-------+-----------------------------------------------------------------------------------------------------------------------------------------------------------------------------------------------------------------------------------------------------------------------------------------------------------------------------------------------------+--------------------------------------------------------------------------------------------------------------------------------------------------------------------------------------------------------------------------------------------------------------------------------------------------------------------------------------+---------------------+---------------------+--------------+------------+------------+
; Slack ; From Node                                                                                                                                                                                                                                                                                                                                           ; To Node                                                                                                                                                                                                                                                                                                                              ; Launch Clock        ; Latch Clock         ; Relationship ; Clock Skew ; Data Delay ;
+-------+-----------------------------------------------------------------------------------------------------------------------------------------------------------------------------------------------------------------------------------------------------------------------------------------------------------------------------------------------------+--------------------------------------------------------------------------------------------------------------------------------------------------------------------------------------------------------------------------------------------------------------------------------------------------------------------------------------+---------------------+---------------------+--------------+------------+------------+
; 1.203 ; jtag_to_avalon_mst_brg_01:u_jtag_avmm|jtag_to_avalon_mst_brg_01_master_0:master_0|altera_avalon_st_jtag_interface:jtag_phy_embedded_in_jtag_master|altera_jtag_dc_streaming:normal.jtag_dc_streaming|altera_std_synchronizer:synchronizer|dreg[1]                                                                                                   ; jtag_to_avalon_mst_brg_01:u_jtag_avmm|jtag_to_avalon_mst_brg_01_master_0:master_0|altera_avalon_st_jtag_interface:jtag_phy_embedded_in_jtag_master|altera_jtag_dc_streaming:normal.jtag_dc_streaming|altera_avalon_st_clock_crosser:sink_crosser|altera_avalon_st_pipeline_base:output_stage|full1                                   ; altera_reserved_tck ; altera_reserved_tck ; 0.000        ; 0.079      ; 1.468      ;
; 1.203 ; jtag_to_avalon_mst_brg_01:u_jtag_avmm|jtag_to_avalon_mst_brg_01_master_0:master_0|altera_avalon_st_jtag_interface:jtag_phy_embedded_in_jtag_master|altera_jtag_dc_streaming:normal.jtag_dc_streaming|altera_std_synchronizer:synchronizer|dreg[1]                                                                                                   ; jtag_to_avalon_mst_brg_01:u_jtag_avmm|jtag_to_avalon_mst_brg_01_master_0:master_0|altera_avalon_st_jtag_interface:jtag_phy_embedded_in_jtag_master|altera_jtag_dc_streaming:normal.jtag_dc_streaming|altera_jtag_streaming:jtag_streaming|altera_avalon_st_idle_inserter:idle_inserter|received_esc                                  ; altera_reserved_tck ; altera_reserved_tck ; 0.000        ; 0.079      ; 1.468      ;
; 1.203 ; jtag_to_avalon_mst_brg_01:u_jtag_avmm|jtag_to_avalon_mst_brg_01_master_0:master_0|altera_avalon_st_jtag_interface:jtag_phy_embedded_in_jtag_master|altera_jtag_dc_streaming:normal.jtag_dc_streaming|altera_std_synchronizer:synchronizer|dreg[1]                                                                                                   ; jtag_to_avalon_mst_brg_01:u_jtag_avmm|jtag_to_avalon_mst_brg_01_master_0:master_0|altera_avalon_st_jtag_interface:jtag_phy_embedded_in_jtag_master|altera_jtag_dc_streaming:normal.jtag_dc_streaming|altera_avalon_st_clock_crosser:sink_crosser|altera_avalon_st_pipeline_base:output_stage|full0                                   ; altera_reserved_tck ; altera_reserved_tck ; 0.000        ; 0.079      ; 1.468      ;
; 1.203 ; jtag_to_avalon_mst_brg_01:u_jtag_avmm|jtag_to_avalon_mst_brg_01_master_0:master_0|altera_avalon_st_jtag_interface:jtag_phy_embedded_in_jtag_master|altera_jtag_dc_streaming:normal.jtag_dc_streaming|altera_std_synchronizer:synchronizer|dreg[1]                                                                                                   ; jtag_to_avalon_mst_brg_01:u_jtag_avmm|jtag_to_avalon_mst_brg_01_master_0:master_0|altera_avalon_st_jtag_interface:jtag_phy_embedded_in_jtag_master|altera_jtag_dc_streaming:normal.jtag_dc_streaming|altera_avalon_st_clock_crosser:sink_crosser|out_data_toggle_flopped                                                             ; altera_reserved_tck ; altera_reserved_tck ; 0.000        ; 0.079      ; 1.468      ;
; 1.203 ; jtag_to_avalon_mst_brg_01:u_jtag_avmm|jtag_to_avalon_mst_brg_01_master_0:master_0|altera_avalon_st_jtag_interface:jtag_phy_embedded_in_jtag_master|altera_jtag_dc_streaming:normal.jtag_dc_streaming|altera_std_synchronizer:synchronizer|dreg[1]                                                                                                   ; jtag_to_avalon_mst_brg_01:u_jtag_avmm|jtag_to_avalon_mst_brg_01_master_0:master_0|altera_avalon_st_jtag_interface:jtag_phy_embedded_in_jtag_master|altera_jtag_dc_streaming:normal.jtag_dc_streaming|altera_avalon_st_clock_crosser:sink_crosser|altera_std_synchronizer_nocut:in_to_out_synchronizer|dreg[1]                        ; altera_reserved_tck ; altera_reserved_tck ; 0.000        ; 0.079      ; 1.468      ;
; 1.203 ; jtag_to_avalon_mst_brg_01:u_jtag_avmm|jtag_to_avalon_mst_brg_01_master_0:master_0|altera_avalon_st_jtag_interface:jtag_phy_embedded_in_jtag_master|altera_jtag_dc_streaming:normal.jtag_dc_streaming|altera_std_synchronizer:synchronizer|dreg[1]                                                                                                   ; jtag_to_avalon_mst_brg_01:u_jtag_avmm|jtag_to_avalon_mst_brg_01_master_0:master_0|altera_avalon_st_jtag_interface:jtag_phy_embedded_in_jtag_master|altera_jtag_dc_streaming:normal.jtag_dc_streaming|altera_avalon_st_clock_crosser:sink_crosser|altera_std_synchronizer_nocut:in_to_out_synchronizer|dreg[0]                        ; altera_reserved_tck ; altera_reserved_tck ; 0.000        ; 0.079      ; 1.468      ;
; 1.203 ; jtag_to_avalon_mst_brg_01:u_jtag_avmm|jtag_to_avalon_mst_brg_01_master_0:master_0|altera_avalon_st_jtag_interface:jtag_phy_embedded_in_jtag_master|altera_jtag_dc_streaming:normal.jtag_dc_streaming|altera_std_synchronizer:synchronizer|dreg[1]                                                                                                   ; jtag_to_avalon_mst_brg_01:u_jtag_avmm|jtag_to_avalon_mst_brg_01_master_0:master_0|altera_avalon_st_jtag_interface:jtag_phy_embedded_in_jtag_master|altera_jtag_dc_streaming:normal.jtag_dc_streaming|altera_avalon_st_clock_crosser:sink_crosser|altera_std_synchronizer_nocut:in_to_out_synchronizer|din_s1                         ; altera_reserved_tck ; altera_reserved_tck ; 0.000        ; 0.079      ; 1.468      ;
; 1.236 ; sld_hub:auto_hub|alt_sld_fab_with_jtag_input:\instrumentation_fabric_with_node_gen:fabric_gen_new_way:with_jtag_input_gen:instrumentation_fabric|alt_sld_fab:instrumentation_fabric|alt_sld_fab_alt_sld_fab:alt_sld_fab|alt_sld_fab_alt_sld_fab_sldfabric:sldfabric|sld_jtag_hub:\jtag_hub_gen:real_sld_jtag_hub|sld_shadow_jsm:shadow_jsm|state[0] ; sld_hub:auto_hub|alt_sld_fab_with_jtag_input:\instrumentation_fabric_with_node_gen:fabric_gen_new_way:with_jtag_input_gen:instrumentation_fabric|alt_sld_fab:instrumentation_fabric|alt_sld_fab_alt_sld_fab:alt_sld_fab|alt_sld_fab_alt_sld_fab_sldfabric:sldfabric|sld_jtag_hub:\jtag_hub_gen:real_sld_jtag_hub|virtual_ir_scan_reg ; altera_reserved_tck ; altera_reserved_tck ; 0.000        ; 0.079      ; 1.501      ;
; 1.236 ; sld_hub:auto_hub|alt_sld_fab_with_jtag_input:\instrumentation_fabric_with_node_gen:fabric_gen_new_way:with_jtag_input_gen:instrumentation_fabric|alt_sld_fab:instrumentation_fabric|alt_sld_fab_alt_sld_fab:alt_sld_fab|alt_sld_fab_alt_sld_fab_sldfabric:sldfabric|sld_jtag_hub:\jtag_hub_gen:real_sld_jtag_hub|sld_shadow_jsm:shadow_jsm|state[0] ; sld_hub:auto_hub|alt_sld_fab_with_jtag_input:\instrumentation_fabric_with_node_gen:fabric_gen_new_way:with_jtag_input_gen:instrumentation_fabric|alt_sld_fab:instrumentation_fabric|alt_sld_fab_alt_sld_fab:alt_sld_fab|alt_sld_fab_alt_sld_fab_sldfabric:sldfabric|sld_jtag_hub:\jtag_hub_gen:real_sld_jtag_hub|virtual_dr_scan_reg ; altera_reserved_tck ; altera_reserved_tck ; 0.000        ; 0.079      ; 1.501      ;
; 1.236 ; sld_hub:auto_hub|alt_sld_fab_with_jtag_input:\instrumentation_fabric_with_node_gen:fabric_gen_new_way:with_jtag_input_gen:instrumentation_fabric|alt_sld_fab:instrumentation_fabric|alt_sld_fab_alt_sld_fab:alt_sld_fab|alt_sld_fab_alt_sld_fab_sldfabric:sldfabric|sld_jtag_hub:\jtag_hub_gen:real_sld_jtag_hub|sld_shadow_jsm:shadow_jsm|state[0] ; sld_hub:auto_hub|alt_sld_fab_with_jtag_input:\instrumentation_fabric_with_node_gen:fabric_gen_new_way:with_jtag_input_gen:instrumentation_fabric|alt_sld_fab:instrumentation_fabric|alt_sld_fab_alt_sld_fab:alt_sld_fab|alt_sld_fab_alt_sld_fab_sldfabric:sldfabric|sld_jtag_hub:\jtag_hub_gen:real_sld_jtag_hub|jtag_ir_reg[1]      ; altera_reserved_tck ; altera_reserved_tck ; 0.000        ; 0.079      ; 1.501      ;
; 1.236 ; sld_hub:auto_hub|alt_sld_fab_with_jtag_input:\instrumentation_fabric_with_node_gen:fabric_gen_new_way:with_jtag_input_gen:instrumentation_fabric|alt_sld_fab:instrumentation_fabric|alt_sld_fab_alt_sld_fab:alt_sld_fab|alt_sld_fab_alt_sld_fab_sldfabric:sldfabric|sld_jtag_hub:\jtag_hub_gen:real_sld_jtag_hub|sld_shadow_jsm:shadow_jsm|state[0] ; sld_hub:auto_hub|alt_sld_fab_with_jtag_input:\instrumentation_fabric_with_node_gen:fabric_gen_new_way:with_jtag_input_gen:instrumentation_fabric|alt_sld_fab:instrumentation_fabric|alt_sld_fab_alt_sld_fab:alt_sld_fab|alt_sld_fab_alt_sld_fab_sldfabric:sldfabric|sld_jtag_hub:\jtag_hub_gen:real_sld_jtag_hub|jtag_ir_reg[0]      ; altera_reserved_tck ; altera_reserved_tck ; 0.000        ; 0.079      ; 1.501      ;
; 1.236 ; sld_hub:auto_hub|alt_sld_fab_with_jtag_input:\instrumentation_fabric_with_node_gen:fabric_gen_new_way:with_jtag_input_gen:instrumentation_fabric|alt_sld_fab:instrumentation_fabric|alt_sld_fab_alt_sld_fab:alt_sld_fab|alt_sld_fab_alt_sld_fab_sldfabric:sldfabric|sld_jtag_hub:\jtag_hub_gen:real_sld_jtag_hub|sld_shadow_jsm:shadow_jsm|state[0] ; sld_hub:auto_hub|alt_sld_fab_with_jtag_input:\instrumentation_fabric_with_node_gen:fabric_gen_new_way:with_jtag_input_gen:instrumentation_fabric|alt_sld_fab:instrumentation_fabric|alt_sld_fab_alt_sld_fab:alt_sld_fab|alt_sld_fab_alt_sld_fab_sldfabric:sldfabric|sld_jtag_hub:\jtag_hub_gen:real_sld_jtag_hub|jtag_ir_reg[3]      ; altera_reserved_tck ; altera_reserved_tck ; 0.000        ; 0.079      ; 1.501      ;
; 1.236 ; sld_hub:auto_hub|alt_sld_fab_with_jtag_input:\instrumentation_fabric_with_node_gen:fabric_gen_new_way:with_jtag_input_gen:instrumentation_fabric|alt_sld_fab:instrumentation_fabric|alt_sld_fab_alt_sld_fab:alt_sld_fab|alt_sld_fab_alt_sld_fab_sldfabric:sldfabric|sld_jtag_hub:\jtag_hub_gen:real_sld_jtag_hub|sld_shadow_jsm:shadow_jsm|state[0] ; sld_hub:auto_hub|alt_sld_fab_with_jtag_input:\instrumentation_fabric_with_node_gen:fabric_gen_new_way:with_jtag_input_gen:instrumentation_fabric|alt_sld_fab:instrumentation_fabric|alt_sld_fab_alt_sld_fab:alt_sld_fab|alt_sld_fab_alt_sld_fab_sldfabric:sldfabric|sld_jtag_hub:\jtag_hub_gen:real_sld_jtag_hub|jtag_ir_reg[2]      ; altera_reserved_tck ; altera_reserved_tck ; 0.000        ; 0.079      ; 1.501      ;
; 1.236 ; sld_hub:auto_hub|alt_sld_fab_with_jtag_input:\instrumentation_fabric_with_node_gen:fabric_gen_new_way:with_jtag_input_gen:instrumentation_fabric|alt_sld_fab:instrumentation_fabric|alt_sld_fab_alt_sld_fab:alt_sld_fab|alt_sld_fab_alt_sld_fab_sldfabric:sldfabric|sld_jtag_hub:\jtag_hub_gen:real_sld_jtag_hub|sld_shadow_jsm:shadow_jsm|state[0] ; sld_hub:auto_hub|alt_sld_fab_with_jtag_input:\instrumentation_fabric_with_node_gen:fabric_gen_new_way:with_jtag_input_gen:instrumentation_fabric|alt_sld_fab:instrumentation_fabric|alt_sld_fab_alt_sld_fab:alt_sld_fab|alt_sld_fab_alt_sld_fab_sldfabric:sldfabric|sld_jtag_hub:\jtag_hub_gen:real_sld_jtag_hub|jtag_ir_reg[9]      ; altera_reserved_tck ; altera_reserved_tck ; 0.000        ; 0.079      ; 1.501      ;
; 1.236 ; sld_hub:auto_hub|alt_sld_fab_with_jtag_input:\instrumentation_fabric_with_node_gen:fabric_gen_new_way:with_jtag_input_gen:instrumentation_fabric|alt_sld_fab:instrumentation_fabric|alt_sld_fab_alt_sld_fab:alt_sld_fab|alt_sld_fab_alt_sld_fab_sldfabric:sldfabric|sld_jtag_hub:\jtag_hub_gen:real_sld_jtag_hub|sld_shadow_jsm:shadow_jsm|state[0] ; sld_hub:auto_hub|alt_sld_fab_with_jtag_input:\instrumentation_fabric_with_node_gen:fabric_gen_new_way:with_jtag_input_gen:instrumentation_fabric|alt_sld_fab:instrumentation_fabric|alt_sld_fab_alt_sld_fab:alt_sld_fab|alt_sld_fab_alt_sld_fab_sldfabric:sldfabric|sld_jtag_hub:\jtag_hub_gen:real_sld_jtag_hub|jtag_ir_reg[8]      ; altera_reserved_tck ; altera_reserved_tck ; 0.000        ; 0.079      ; 1.501      ;
; 1.236 ; sld_hub:auto_hub|alt_sld_fab_with_jtag_input:\instrumentation_fabric_with_node_gen:fabric_gen_new_way:with_jtag_input_gen:instrumentation_fabric|alt_sld_fab:instrumentation_fabric|alt_sld_fab_alt_sld_fab:alt_sld_fab|alt_sld_fab_alt_sld_fab_sldfabric:sldfabric|sld_jtag_hub:\jtag_hub_gen:real_sld_jtag_hub|sld_shadow_jsm:shadow_jsm|state[0] ; sld_hub:auto_hub|alt_sld_fab_with_jtag_input:\instrumentation_fabric_with_node_gen:fabric_gen_new_way:with_jtag_input_gen:instrumentation_fabric|alt_sld_fab:instrumentation_fabric|alt_sld_fab_alt_sld_fab:alt_sld_fab|alt_sld_fab_alt_sld_fab_sldfabric:sldfabric|sld_jtag_hub:\jtag_hub_gen:real_sld_jtag_hub|jtag_ir_reg[7]      ; altera_reserved_tck ; altera_reserved_tck ; 0.000        ; 0.079      ; 1.501      ;
; 1.236 ; sld_hub:auto_hub|alt_sld_fab_with_jtag_input:\instrumentation_fabric_with_node_gen:fabric_gen_new_way:with_jtag_input_gen:instrumentation_fabric|alt_sld_fab:instrumentation_fabric|alt_sld_fab_alt_sld_fab:alt_sld_fab|alt_sld_fab_alt_sld_fab_sldfabric:sldfabric|sld_jtag_hub:\jtag_hub_gen:real_sld_jtag_hub|sld_shadow_jsm:shadow_jsm|state[0] ; sld_hub:auto_hub|alt_sld_fab_with_jtag_input:\instrumentation_fabric_with_node_gen:fabric_gen_new_way:with_jtag_input_gen:instrumentation_fabric|alt_sld_fab:instrumentation_fabric|alt_sld_fab_alt_sld_fab:alt_sld_fab|alt_sld_fab_alt_sld_fab_sldfabric:sldfabric|sld_jtag_hub:\jtag_hub_gen:real_sld_jtag_hub|jtag_ir_reg[6]      ; altera_reserved_tck ; altera_reserved_tck ; 0.000        ; 0.079      ; 1.501      ;
; 1.236 ; sld_hub:auto_hub|alt_sld_fab_with_jtag_input:\instrumentation_fabric_with_node_gen:fabric_gen_new_way:with_jtag_input_gen:instrumentation_fabric|alt_sld_fab:instrumentation_fabric|alt_sld_fab_alt_sld_fab:alt_sld_fab|alt_sld_fab_alt_sld_fab_sldfabric:sldfabric|sld_jtag_hub:\jtag_hub_gen:real_sld_jtag_hub|sld_shadow_jsm:shadow_jsm|state[0] ; sld_hub:auto_hub|alt_sld_fab_with_jtag_input:\instrumentation_fabric_with_node_gen:fabric_gen_new_way:with_jtag_input_gen:instrumentation_fabric|alt_sld_fab:instrumentation_fabric|alt_sld_fab_alt_sld_fab:alt_sld_fab|alt_sld_fab_alt_sld_fab_sldfabric:sldfabric|sld_jtag_hub:\jtag_hub_gen:real_sld_jtag_hub|jtag_ir_reg[5]      ; altera_reserved_tck ; altera_reserved_tck ; 0.000        ; 0.079      ; 1.501      ;
; 1.236 ; sld_hub:auto_hub|alt_sld_fab_with_jtag_input:\instrumentation_fabric_with_node_gen:fabric_gen_new_way:with_jtag_input_gen:instrumentation_fabric|alt_sld_fab:instrumentation_fabric|alt_sld_fab_alt_sld_fab:alt_sld_fab|alt_sld_fab_alt_sld_fab_sldfabric:sldfabric|sld_jtag_hub:\jtag_hub_gen:real_sld_jtag_hub|sld_shadow_jsm:shadow_jsm|state[0] ; sld_hub:auto_hub|alt_sld_fab_with_jtag_input:\instrumentation_fabric_with_node_gen:fabric_gen_new_way:with_jtag_input_gen:instrumentation_fabric|alt_sld_fab:instrumentation_fabric|alt_sld_fab_alt_sld_fab:alt_sld_fab|alt_sld_fab_alt_sld_fab_sldfabric:sldfabric|sld_jtag_hub:\jtag_hub_gen:real_sld_jtag_hub|jtag_ir_reg[4]      ; altera_reserved_tck ; altera_reserved_tck ; 0.000        ; 0.079      ; 1.501      ;
; 1.491 ; sld_hub:auto_hub|alt_sld_fab_with_jtag_input:\instrumentation_fabric_with_node_gen:fabric_gen_new_way:with_jtag_input_gen:instrumentation_fabric|alt_sld_fab:instrumentation_fabric|alt_sld_fab_alt_sld_fab:alt_sld_fab|alt_sld_fab_alt_sld_fab_sldfabric:sldfabric|sld_jtag_hub:\jtag_hub_gen:real_sld_jtag_hub|clr_reg                            ; sld_hub:auto_hub|alt_sld_fab_with_jtag_input:\instrumentation_fabric_with_node_gen:fabric_gen_new_way:with_jtag_input_gen:instrumentation_fabric|alt_sld_fab:instrumentation_fabric|alt_sld_fab_alt_sld_fab:alt_sld_fab|alt_sld_fab_alt_sld_fab_sldfabric:sldfabric|sld_jtag_hub:\jtag_hub_gen:real_sld_jtag_hub|irsr_reg[0]         ; altera_reserved_tck ; altera_reserved_tck ; 0.000        ; 0.064      ; 1.741      ;
; 1.491 ; sld_hub:auto_hub|alt_sld_fab_with_jtag_input:\instrumentation_fabric_with_node_gen:fabric_gen_new_way:with_jtag_input_gen:instrumentation_fabric|alt_sld_fab:instrumentation_fabric|alt_sld_fab_alt_sld_fab:alt_sld_fab|alt_sld_fab_alt_sld_fab_sldfabric:sldfabric|sld_jtag_hub:\jtag_hub_gen:real_sld_jtag_hub|clr_reg                            ; sld_hub:auto_hub|alt_sld_fab_with_jtag_input:\instrumentation_fabric_with_node_gen:fabric_gen_new_way:with_jtag_input_gen:instrumentation_fabric|alt_sld_fab:instrumentation_fabric|alt_sld_fab_alt_sld_fab:alt_sld_fab|alt_sld_fab_alt_sld_fab_sldfabric:sldfabric|sld_jtag_hub:\jtag_hub_gen:real_sld_jtag_hub|irsr_reg[1]         ; altera_reserved_tck ; altera_reserved_tck ; 0.000        ; 0.064      ; 1.741      ;
; 1.491 ; sld_hub:auto_hub|alt_sld_fab_with_jtag_input:\instrumentation_fabric_with_node_gen:fabric_gen_new_way:with_jtag_input_gen:instrumentation_fabric|alt_sld_fab:instrumentation_fabric|alt_sld_fab_alt_sld_fab:alt_sld_fab|alt_sld_fab_alt_sld_fab_sldfabric:sldfabric|sld_jtag_hub:\jtag_hub_gen:real_sld_jtag_hub|clr_reg                            ; sld_hub:auto_hub|alt_sld_fab_with_jtag_input:\instrumentation_fabric_with_node_gen:fabric_gen_new_way:with_jtag_input_gen:instrumentation_fabric|alt_sld_fab:instrumentation_fabric|alt_sld_fab_alt_sld_fab:alt_sld_fab|alt_sld_fab_alt_sld_fab_sldfabric:sldfabric|sld_jtag_hub:\jtag_hub_gen:real_sld_jtag_hub|irsr_reg[2]         ; altera_reserved_tck ; altera_reserved_tck ; 0.000        ; 0.064      ; 1.741      ;
; 1.491 ; sld_hub:auto_hub|alt_sld_fab_with_jtag_input:\instrumentation_fabric_with_node_gen:fabric_gen_new_way:with_jtag_input_gen:instrumentation_fabric|alt_sld_fab:instrumentation_fabric|alt_sld_fab_alt_sld_fab:alt_sld_fab|alt_sld_fab_alt_sld_fab_sldfabric:sldfabric|sld_jtag_hub:\jtag_hub_gen:real_sld_jtag_hub|clr_reg                            ; sld_hub:auto_hub|alt_sld_fab_with_jtag_input:\instrumentation_fabric_with_node_gen:fabric_gen_new_way:with_jtag_input_gen:instrumentation_fabric|alt_sld_fab:instrumentation_fabric|alt_sld_fab_alt_sld_fab:alt_sld_fab|alt_sld_fab_alt_sld_fab_sldfabric:sldfabric|sld_jtag_hub:\jtag_hub_gen:real_sld_jtag_hub|hub_mode_reg[0]     ; altera_reserved_tck ; altera_reserved_tck ; 0.000        ; 0.064      ; 1.741      ;
; 1.491 ; sld_hub:auto_hub|alt_sld_fab_with_jtag_input:\instrumentation_fabric_with_node_gen:fabric_gen_new_way:with_jtag_input_gen:instrumentation_fabric|alt_sld_fab:instrumentation_fabric|alt_sld_fab_alt_sld_fab:alt_sld_fab|alt_sld_fab_alt_sld_fab_sldfabric:sldfabric|sld_jtag_hub:\jtag_hub_gen:real_sld_jtag_hub|clr_reg                            ; sld_hub:auto_hub|alt_sld_fab_with_jtag_input:\instrumentation_fabric_with_node_gen:fabric_gen_new_way:with_jtag_input_gen:instrumentation_fabric|alt_sld_fab:instrumentation_fabric|alt_sld_fab_alt_sld_fab:alt_sld_fab|alt_sld_fab_alt_sld_fab_sldfabric:sldfabric|sld_jtag_hub:\jtag_hub_gen:real_sld_jtag_hub|irsr_reg[4]         ; altera_reserved_tck ; altera_reserved_tck ; 0.000        ; 0.064      ; 1.741      ;
; 1.491 ; sld_hub:auto_hub|alt_sld_fab_with_jtag_input:\instrumentation_fabric_with_node_gen:fabric_gen_new_way:with_jtag_input_gen:instrumentation_fabric|alt_sld_fab:instrumentation_fabric|alt_sld_fab_alt_sld_fab:alt_sld_fab|alt_sld_fab_alt_sld_fab_sldfabric:sldfabric|sld_jtag_hub:\jtag_hub_gen:real_sld_jtag_hub|clr_reg                            ; sld_hub:auto_hub|alt_sld_fab_with_jtag_input:\instrumentation_fabric_with_node_gen:fabric_gen_new_way:with_jtag_input_gen:instrumentation_fabric|alt_sld_fab:instrumentation_fabric|alt_sld_fab_alt_sld_fab:alt_sld_fab|alt_sld_fab_alt_sld_fab_sldfabric:sldfabric|sld_jtag_hub:\jtag_hub_gen:real_sld_jtag_hub|irsr_reg[3]         ; altera_reserved_tck ; altera_reserved_tck ; 0.000        ; 0.064      ; 1.741      ;
; 1.515 ; jtag_to_avalon_mst_brg_01:u_jtag_avmm|jtag_to_avalon_mst_brg_01_master_0:master_0|altera_avalon_st_jtag_interface:jtag_phy_embedded_in_jtag_master|altera_jtag_dc_streaming:normal.jtag_dc_streaming|altera_std_synchronizer:synchronizer|dreg[1]                                                                                                   ; jtag_to_avalon_mst_brg_01:u_jtag_avmm|jtag_to_avalon_mst_brg_01_master_0:master_0|altera_avalon_st_jtag_interface:jtag_phy_embedded_in_jtag_master|altera_jtag_dc_streaming:normal.jtag_dc_streaming|altera_avalon_st_clock_crosser:sink_crosser|altera_avalon_st_pipeline_base:output_stage|data1[2]                                ; altera_reserved_tck ; altera_reserved_tck ; 0.000        ; 0.071      ; 1.772      ;
; 1.515 ; jtag_to_avalon_mst_brg_01:u_jtag_avmm|jtag_to_avalon_mst_brg_01_master_0:master_0|altera_avalon_st_jtag_interface:jtag_phy_embedded_in_jtag_master|altera_jtag_dc_streaming:normal.jtag_dc_streaming|altera_std_synchronizer:synchronizer|dreg[1]                                                                                                   ; jtag_to_avalon_mst_brg_01:u_jtag_avmm|jtag_to_avalon_mst_brg_01_master_0:master_0|altera_avalon_st_jtag_interface:jtag_phy_embedded_in_jtag_master|altera_jtag_dc_streaming:normal.jtag_dc_streaming|altera_avalon_st_clock_crosser:sink_crosser|altera_avalon_st_pipeline_base:output_stage|data0[2]                                ; altera_reserved_tck ; altera_reserved_tck ; 0.000        ; 0.071      ; 1.772      ;
; 1.731 ; sld_hub:auto_hub|alt_sld_fab_with_jtag_input:\instrumentation_fabric_with_node_gen:fabric_gen_new_way:with_jtag_input_gen:instrumentation_fabric|alt_sld_fab:instrumentation_fabric|alt_sld_fab_alt_sld_fab:alt_sld_fab|alt_sld_fab_alt_sld_fab_sldfabric:sldfabric|sld_jtag_hub:\jtag_hub_gen:real_sld_jtag_hub|clr_reg                            ; sld_hub:auto_hub|alt_sld_fab_with_jtag_input:\instrumentation_fabric_with_node_gen:fabric_gen_new_way:with_jtag_input_gen:instrumentation_fabric|alt_sld_fab:instrumentation_fabric|alt_sld_fab_alt_sld_fab:alt_sld_fab|alt_sld_fab_alt_sld_fab_sldfabric:sldfabric|sld_jtag_hub:\jtag_hub_gen:real_sld_jtag_hub|hub_mode_reg[1]     ; altera_reserved_tck ; altera_reserved_tck ; 0.000        ; 0.086      ; 2.003      ;
; 1.752 ; sld_hub:auto_hub|alt_sld_fab_with_jtag_input:\instrumentation_fabric_with_node_gen:fabric_gen_new_way:with_jtag_input_gen:instrumentation_fabric|alt_sld_fab:instrumentation_fabric|alt_sld_fab_alt_sld_fab:alt_sld_fab|alt_sld_fab_alt_sld_fab_sldfabric:sldfabric|sld_jtag_hub:\jtag_hub_gen:real_sld_jtag_hub|clr_reg                            ; sld_hub:auto_hub|alt_sld_fab_with_jtag_input:\instrumentation_fabric_with_node_gen:fabric_gen_new_way:with_jtag_input_gen:instrumentation_fabric|alt_sld_fab:instrumentation_fabric|alt_sld_fab_alt_sld_fab:alt_sld_fab|splitter_nodes_receive_0[3]                                                                                  ; altera_reserved_tck ; altera_reserved_tck ; 0.000        ; 0.066      ; 2.004      ;
; 1.775 ; sld_hub:auto_hub|alt_sld_fab_with_jtag_input:\instrumentation_fabric_with_node_gen:fabric_gen_new_way:with_jtag_input_gen:instrumentation_fabric|alt_sld_fab:instrumentation_fabric|alt_sld_fab_alt_sld_fab:alt_sld_fab|alt_sld_fab_alt_sld_fab_sldfabric:sldfabric|sld_jtag_hub:\jtag_hub_gen:real_sld_jtag_hub|clr_reg                            ; sld_hub:auto_hub|alt_sld_fab_with_jtag_input:\instrumentation_fabric_with_node_gen:fabric_gen_new_way:with_jtag_input_gen:instrumentation_fabric|alt_sld_fab:instrumentation_fabric|alt_sld_fab_alt_sld_fab:alt_sld_fab|alt_sld_fab_alt_sld_fab_sldfabric:sldfabric|sld_jtag_hub:\jtag_hub_gen:real_sld_jtag_hub|irf_reg[1][1]       ; altera_reserved_tck ; altera_reserved_tck ; 0.000        ; 0.051      ; 2.012      ;
; 1.775 ; sld_hub:auto_hub|alt_sld_fab_with_jtag_input:\instrumentation_fabric_with_node_gen:fabric_gen_new_way:with_jtag_input_gen:instrumentation_fabric|alt_sld_fab:instrumentation_fabric|alt_sld_fab_alt_sld_fab:alt_sld_fab|alt_sld_fab_alt_sld_fab_sldfabric:sldfabric|sld_jtag_hub:\jtag_hub_gen:real_sld_jtag_hub|clr_reg                            ; sld_hub:auto_hub|alt_sld_fab_with_jtag_input:\instrumentation_fabric_with_node_gen:fabric_gen_new_way:with_jtag_input_gen:instrumentation_fabric|alt_sld_fab:instrumentation_fabric|alt_sld_fab_alt_sld_fab:alt_sld_fab|alt_sld_fab_alt_sld_fab_sldfabric:sldfabric|sld_jtag_hub:\jtag_hub_gen:real_sld_jtag_hub|irf_reg[1][0]       ; altera_reserved_tck ; altera_reserved_tck ; 0.000        ; 0.051      ; 2.012      ;
; 1.775 ; sld_hub:auto_hub|alt_sld_fab_with_jtag_input:\instrumentation_fabric_with_node_gen:fabric_gen_new_way:with_jtag_input_gen:instrumentation_fabric|alt_sld_fab:instrumentation_fabric|alt_sld_fab_alt_sld_fab:alt_sld_fab|alt_sld_fab_alt_sld_fab_sldfabric:sldfabric|sld_jtag_hub:\jtag_hub_gen:real_sld_jtag_hub|clr_reg                            ; sld_hub:auto_hub|alt_sld_fab_with_jtag_input:\instrumentation_fabric_with_node_gen:fabric_gen_new_way:with_jtag_input_gen:instrumentation_fabric|alt_sld_fab:instrumentation_fabric|alt_sld_fab_alt_sld_fab:alt_sld_fab|alt_sld_fab_alt_sld_fab_sldfabric:sldfabric|sld_jtag_hub:\jtag_hub_gen:real_sld_jtag_hub|irf_reg[1][2]       ; altera_reserved_tck ; altera_reserved_tck ; 0.000        ; 0.051      ; 2.012      ;
; 1.798 ; jtag_to_avalon_mst_brg_01:u_jtag_avmm|jtag_to_avalon_mst_brg_01_master_0:master_0|altera_avalon_st_jtag_interface:jtag_phy_embedded_in_jtag_master|altera_jtag_dc_streaming:normal.jtag_dc_streaming|altera_std_synchronizer:synchronizer|dreg[1]                                                                                                   ; jtag_to_avalon_mst_brg_01:u_jtag_avmm|jtag_to_avalon_mst_brg_01_master_0:master_0|altera_avalon_st_jtag_interface:jtag_phy_embedded_in_jtag_master|altera_jtag_dc_streaming:normal.jtag_dc_streaming|altera_jtag_src_crosser:source_crosser|sink_data_buffer[5]                                                                      ; altera_reserved_tck ; altera_reserved_tck ; 0.000        ; 0.059      ; 2.043      ;
; 1.798 ; jtag_to_avalon_mst_brg_01:u_jtag_avmm|jtag_to_avalon_mst_brg_01_master_0:master_0|altera_avalon_st_jtag_interface:jtag_phy_embedded_in_jtag_master|altera_jtag_dc_streaming:normal.jtag_dc_streaming|altera_std_synchronizer:synchronizer|dreg[1]                                                                                                   ; jtag_to_avalon_mst_brg_01:u_jtag_avmm|jtag_to_avalon_mst_brg_01_master_0:master_0|altera_avalon_st_jtag_interface:jtag_phy_embedded_in_jtag_master|altera_jtag_dc_streaming:normal.jtag_dc_streaming|altera_jtag_src_crosser:source_crosser|sink_data_buffer[7]                                                                      ; altera_reserved_tck ; altera_reserved_tck ; 0.000        ; 0.059      ; 2.043      ;
; 1.798 ; jtag_to_avalon_mst_brg_01:u_jtag_avmm|jtag_to_avalon_mst_brg_01_master_0:master_0|altera_avalon_st_jtag_interface:jtag_phy_embedded_in_jtag_master|altera_jtag_dc_streaming:normal.jtag_dc_streaming|altera_std_synchronizer:synchronizer|dreg[1]                                                                                                   ; jtag_to_avalon_mst_brg_01:u_jtag_avmm|jtag_to_avalon_mst_brg_01_master_0:master_0|altera_avalon_st_jtag_interface:jtag_phy_embedded_in_jtag_master|altera_jtag_dc_streaming:normal.jtag_dc_streaming|altera_jtag_src_crosser:source_crosser|sink_data_buffer[6]                                                                      ; altera_reserved_tck ; altera_reserved_tck ; 0.000        ; 0.059      ; 2.043      ;
; 1.798 ; jtag_to_avalon_mst_brg_01:u_jtag_avmm|jtag_to_avalon_mst_brg_01_master_0:master_0|altera_avalon_st_jtag_interface:jtag_phy_embedded_in_jtag_master|altera_jtag_dc_streaming:normal.jtag_dc_streaming|altera_std_synchronizer:synchronizer|dreg[1]                                                                                                   ; jtag_to_avalon_mst_brg_01:u_jtag_avmm|jtag_to_avalon_mst_brg_01_master_0:master_0|altera_avalon_st_jtag_interface:jtag_phy_embedded_in_jtag_master|altera_jtag_dc_streaming:normal.jtag_dc_streaming|altera_jtag_src_crosser:source_crosser|sink_data_buffer[4]                                                                      ; altera_reserved_tck ; altera_reserved_tck ; 0.000        ; 0.059      ; 2.043      ;
; 1.798 ; jtag_to_avalon_mst_brg_01:u_jtag_avmm|jtag_to_avalon_mst_brg_01_master_0:master_0|altera_avalon_st_jtag_interface:jtag_phy_embedded_in_jtag_master|altera_jtag_dc_streaming:normal.jtag_dc_streaming|altera_std_synchronizer:synchronizer|dreg[1]                                                                                                   ; jtag_to_avalon_mst_brg_01:u_jtag_avmm|jtag_to_avalon_mst_brg_01_master_0:master_0|altera_avalon_st_jtag_interface:jtag_phy_embedded_in_jtag_master|altera_jtag_dc_streaming:normal.jtag_dc_streaming|altera_jtag_src_crosser:source_crosser|sink_data_buffer[3]                                                                      ; altera_reserved_tck ; altera_reserved_tck ; 0.000        ; 0.059      ; 2.043      ;
; 1.798 ; jtag_to_avalon_mst_brg_01:u_jtag_avmm|jtag_to_avalon_mst_brg_01_master_0:master_0|altera_avalon_st_jtag_interface:jtag_phy_embedded_in_jtag_master|altera_jtag_dc_streaming:normal.jtag_dc_streaming|altera_std_synchronizer:synchronizer|dreg[1]                                                                                                   ; jtag_to_avalon_mst_brg_01:u_jtag_avmm|jtag_to_avalon_mst_brg_01_master_0:master_0|altera_avalon_st_jtag_interface:jtag_phy_embedded_in_jtag_master|altera_jtag_dc_streaming:normal.jtag_dc_streaming|altera_jtag_src_crosser:source_crosser|sink_data_buffer[2]                                                                      ; altera_reserved_tck ; altera_reserved_tck ; 0.000        ; 0.059      ; 2.043      ;
; 1.798 ; jtag_to_avalon_mst_brg_01:u_jtag_avmm|jtag_to_avalon_mst_brg_01_master_0:master_0|altera_avalon_st_jtag_interface:jtag_phy_embedded_in_jtag_master|altera_jtag_dc_streaming:normal.jtag_dc_streaming|altera_std_synchronizer:synchronizer|dreg[1]                                                                                                   ; jtag_to_avalon_mst_brg_01:u_jtag_avmm|jtag_to_avalon_mst_brg_01_master_0:master_0|altera_avalon_st_jtag_interface:jtag_phy_embedded_in_jtag_master|altera_jtag_dc_streaming:normal.jtag_dc_streaming|altera_jtag_src_crosser:source_crosser|sink_data_buffer[1]                                                                      ; altera_reserved_tck ; altera_reserved_tck ; 0.000        ; 0.059      ; 2.043      ;
; 1.798 ; jtag_to_avalon_mst_brg_01:u_jtag_avmm|jtag_to_avalon_mst_brg_01_master_0:master_0|altera_avalon_st_jtag_interface:jtag_phy_embedded_in_jtag_master|altera_jtag_dc_streaming:normal.jtag_dc_streaming|altera_std_synchronizer:synchronizer|dreg[1]                                                                                                   ; jtag_to_avalon_mst_brg_01:u_jtag_avmm|jtag_to_avalon_mst_brg_01_master_0:master_0|altera_avalon_st_jtag_interface:jtag_phy_embedded_in_jtag_master|altera_jtag_dc_streaming:normal.jtag_dc_streaming|altera_jtag_src_crosser:source_crosser|sink_data_buffer[0]                                                                      ; altera_reserved_tck ; altera_reserved_tck ; 0.000        ; 0.059      ; 2.043      ;
; 1.801 ; jtag_to_avalon_mst_brg_01:u_jtag_avmm|jtag_to_avalon_mst_brg_01_master_0:master_0|altera_avalon_st_jtag_interface:jtag_phy_embedded_in_jtag_master|altera_jtag_dc_streaming:normal.jtag_dc_streaming|altera_std_synchronizer:synchronizer|dreg[1]                                                                                                   ; jtag_to_avalon_mst_brg_01:u_jtag_avmm|jtag_to_avalon_mst_brg_01_master_0:master_0|altera_avalon_st_jtag_interface:jtag_phy_embedded_in_jtag_master|altera_jtag_dc_streaming:normal.jtag_dc_streaming|altera_avalon_st_clock_crosser:sink_crosser|altera_avalon_st_pipeline_base:output_stage|data1[3]                                ; altera_reserved_tck ; altera_reserved_tck ; 0.000        ; 0.075      ; 2.062      ;
; 1.801 ; jtag_to_avalon_mst_brg_01:u_jtag_avmm|jtag_to_avalon_mst_brg_01_master_0:master_0|altera_avalon_st_jtag_interface:jtag_phy_embedded_in_jtag_master|altera_jtag_dc_streaming:normal.jtag_dc_streaming|altera_std_synchronizer:synchronizer|dreg[1]                                                                                                   ; jtag_to_avalon_mst_brg_01:u_jtag_avmm|jtag_to_avalon_mst_brg_01_master_0:master_0|altera_avalon_st_jtag_interface:jtag_phy_embedded_in_jtag_master|altera_jtag_dc_streaming:normal.jtag_dc_streaming|altera_avalon_st_clock_crosser:sink_crosser|altera_avalon_st_pipeline_base:output_stage|data1[5]                                ; altera_reserved_tck ; altera_reserved_tck ; 0.000        ; 0.075      ; 2.062      ;
; 1.801 ; jtag_to_avalon_mst_brg_01:u_jtag_avmm|jtag_to_avalon_mst_brg_01_master_0:master_0|altera_avalon_st_jtag_interface:jtag_phy_embedded_in_jtag_master|altera_jtag_dc_streaming:normal.jtag_dc_streaming|altera_std_synchronizer:synchronizer|dreg[1]                                                                                                   ; jtag_to_avalon_mst_brg_01:u_jtag_avmm|jtag_to_avalon_mst_brg_01_master_0:master_0|altera_avalon_st_jtag_interface:jtag_phy_embedded_in_jtag_master|altera_jtag_dc_streaming:normal.jtag_dc_streaming|altera_avalon_st_clock_crosser:sink_crosser|altera_avalon_st_pipeline_base:output_stage|data1[6]                                ; altera_reserved_tck ; altera_reserved_tck ; 0.000        ; 0.075      ; 2.062      ;
; 1.801 ; jtag_to_avalon_mst_brg_01:u_jtag_avmm|jtag_to_avalon_mst_brg_01_master_0:master_0|altera_avalon_st_jtag_interface:jtag_phy_embedded_in_jtag_master|altera_jtag_dc_streaming:normal.jtag_dc_streaming|altera_std_synchronizer:synchronizer|dreg[1]                                                                                                   ; jtag_to_avalon_mst_brg_01:u_jtag_avmm|jtag_to_avalon_mst_brg_01_master_0:master_0|altera_avalon_st_jtag_interface:jtag_phy_embedded_in_jtag_master|altera_jtag_dc_streaming:normal.jtag_dc_streaming|altera_avalon_st_clock_crosser:sink_crosser|altera_avalon_st_pipeline_base:output_stage|data1[7]                                ; altera_reserved_tck ; altera_reserved_tck ; 0.000        ; 0.075      ; 2.062      ;
; 1.801 ; jtag_to_avalon_mst_brg_01:u_jtag_avmm|jtag_to_avalon_mst_brg_01_master_0:master_0|altera_avalon_st_jtag_interface:jtag_phy_embedded_in_jtag_master|altera_jtag_dc_streaming:normal.jtag_dc_streaming|altera_std_synchronizer:synchronizer|dreg[1]                                                                                                   ; jtag_to_avalon_mst_brg_01:u_jtag_avmm|jtag_to_avalon_mst_brg_01_master_0:master_0|altera_avalon_st_jtag_interface:jtag_phy_embedded_in_jtag_master|altera_jtag_dc_streaming:normal.jtag_dc_streaming|altera_avalon_st_clock_crosser:sink_crosser|altera_avalon_st_pipeline_base:output_stage|data1[1]                                ; altera_reserved_tck ; altera_reserved_tck ; 0.000        ; 0.075      ; 2.062      ;
; 1.801 ; jtag_to_avalon_mst_brg_01:u_jtag_avmm|jtag_to_avalon_mst_brg_01_master_0:master_0|altera_avalon_st_jtag_interface:jtag_phy_embedded_in_jtag_master|altera_jtag_dc_streaming:normal.jtag_dc_streaming|altera_std_synchronizer:synchronizer|dreg[1]                                                                                                   ; jtag_to_avalon_mst_brg_01:u_jtag_avmm|jtag_to_avalon_mst_brg_01_master_0:master_0|altera_avalon_st_jtag_interface:jtag_phy_embedded_in_jtag_master|altera_jtag_dc_streaming:normal.jtag_dc_streaming|altera_avalon_st_clock_crosser:sink_crosser|altera_avalon_st_pipeline_base:output_stage|data1[0]                                ; altera_reserved_tck ; altera_reserved_tck ; 0.000        ; 0.075      ; 2.062      ;
; 1.801 ; jtag_to_avalon_mst_brg_01:u_jtag_avmm|jtag_to_avalon_mst_brg_01_master_0:master_0|altera_avalon_st_jtag_interface:jtag_phy_embedded_in_jtag_master|altera_jtag_dc_streaming:normal.jtag_dc_streaming|altera_std_synchronizer:synchronizer|dreg[1]                                                                                                   ; jtag_to_avalon_mst_brg_01:u_jtag_avmm|jtag_to_avalon_mst_brg_01_master_0:master_0|altera_avalon_st_jtag_interface:jtag_phy_embedded_in_jtag_master|altera_jtag_dc_streaming:normal.jtag_dc_streaming|altera_avalon_st_clock_crosser:sink_crosser|altera_avalon_st_pipeline_base:output_stage|data1[4]                                ; altera_reserved_tck ; altera_reserved_tck ; 0.000        ; 0.075      ; 2.062      ;
; 1.801 ; jtag_to_avalon_mst_brg_01:u_jtag_avmm|jtag_to_avalon_mst_brg_01_master_0:master_0|altera_avalon_st_jtag_interface:jtag_phy_embedded_in_jtag_master|altera_jtag_dc_streaming:normal.jtag_dc_streaming|altera_std_synchronizer:synchronizer|dreg[1]                                                                                                   ; jtag_to_avalon_mst_brg_01:u_jtag_avmm|jtag_to_avalon_mst_brg_01_master_0:master_0|altera_avalon_st_jtag_interface:jtag_phy_embedded_in_jtag_master|altera_jtag_dc_streaming:normal.jtag_dc_streaming|altera_avalon_st_clock_crosser:sink_crosser|altera_avalon_st_pipeline_base:output_stage|data0[4]                                ; altera_reserved_tck ; altera_reserved_tck ; 0.000        ; 0.075      ; 2.062      ;
; 1.801 ; jtag_to_avalon_mst_brg_01:u_jtag_avmm|jtag_to_avalon_mst_brg_01_master_0:master_0|altera_avalon_st_jtag_interface:jtag_phy_embedded_in_jtag_master|altera_jtag_dc_streaming:normal.jtag_dc_streaming|altera_std_synchronizer:synchronizer|dreg[1]                                                                                                   ; jtag_to_avalon_mst_brg_01:u_jtag_avmm|jtag_to_avalon_mst_brg_01_master_0:master_0|altera_avalon_st_jtag_interface:jtag_phy_embedded_in_jtag_master|altera_jtag_dc_streaming:normal.jtag_dc_streaming|altera_avalon_st_clock_crosser:sink_crosser|altera_avalon_st_pipeline_base:output_stage|data0[0]                                ; altera_reserved_tck ; altera_reserved_tck ; 0.000        ; 0.075      ; 2.062      ;
; 1.801 ; jtag_to_avalon_mst_brg_01:u_jtag_avmm|jtag_to_avalon_mst_brg_01_master_0:master_0|altera_avalon_st_jtag_interface:jtag_phy_embedded_in_jtag_master|altera_jtag_dc_streaming:normal.jtag_dc_streaming|altera_std_synchronizer:synchronizer|dreg[1]                                                                                                   ; jtag_to_avalon_mst_brg_01:u_jtag_avmm|jtag_to_avalon_mst_brg_01_master_0:master_0|altera_avalon_st_jtag_interface:jtag_phy_embedded_in_jtag_master|altera_jtag_dc_streaming:normal.jtag_dc_streaming|altera_avalon_st_clock_crosser:sink_crosser|altera_avalon_st_pipeline_base:output_stage|data0[1]                                ; altera_reserved_tck ; altera_reserved_tck ; 0.000        ; 0.075      ; 2.062      ;
; 1.801 ; jtag_to_avalon_mst_brg_01:u_jtag_avmm|jtag_to_avalon_mst_brg_01_master_0:master_0|altera_avalon_st_jtag_interface:jtag_phy_embedded_in_jtag_master|altera_jtag_dc_streaming:normal.jtag_dc_streaming|altera_std_synchronizer:synchronizer|dreg[1]                                                                                                   ; jtag_to_avalon_mst_brg_01:u_jtag_avmm|jtag_to_avalon_mst_brg_01_master_0:master_0|altera_avalon_st_jtag_interface:jtag_phy_embedded_in_jtag_master|altera_jtag_dc_streaming:normal.jtag_dc_streaming|altera_avalon_st_clock_crosser:sink_crosser|altera_avalon_st_pipeline_base:output_stage|data0[7]                                ; altera_reserved_tck ; altera_reserved_tck ; 0.000        ; 0.075      ; 2.062      ;
; 1.801 ; jtag_to_avalon_mst_brg_01:u_jtag_avmm|jtag_to_avalon_mst_brg_01_master_0:master_0|altera_avalon_st_jtag_interface:jtag_phy_embedded_in_jtag_master|altera_jtag_dc_streaming:normal.jtag_dc_streaming|altera_std_synchronizer:synchronizer|dreg[1]                                                                                                   ; jtag_to_avalon_mst_brg_01:u_jtag_avmm|jtag_to_avalon_mst_brg_01_master_0:master_0|altera_avalon_st_jtag_interface:jtag_phy_embedded_in_jtag_master|altera_jtag_dc_streaming:normal.jtag_dc_streaming|altera_avalon_st_clock_crosser:sink_crosser|altera_avalon_st_pipeline_base:output_stage|data0[6]                                ; altera_reserved_tck ; altera_reserved_tck ; 0.000        ; 0.075      ; 2.062      ;
; 1.801 ; jtag_to_avalon_mst_brg_01:u_jtag_avmm|jtag_to_avalon_mst_brg_01_master_0:master_0|altera_avalon_st_jtag_interface:jtag_phy_embedded_in_jtag_master|altera_jtag_dc_streaming:normal.jtag_dc_streaming|altera_std_synchronizer:synchronizer|dreg[1]                                                                                                   ; jtag_to_avalon_mst_brg_01:u_jtag_avmm|jtag_to_avalon_mst_brg_01_master_0:master_0|altera_avalon_st_jtag_interface:jtag_phy_embedded_in_jtag_master|altera_jtag_dc_streaming:normal.jtag_dc_streaming|altera_avalon_st_clock_crosser:sink_crosser|altera_avalon_st_pipeline_base:output_stage|data0[5]                                ; altera_reserved_tck ; altera_reserved_tck ; 0.000        ; 0.075      ; 2.062      ;
; 1.801 ; jtag_to_avalon_mst_brg_01:u_jtag_avmm|jtag_to_avalon_mst_brg_01_master_0:master_0|altera_avalon_st_jtag_interface:jtag_phy_embedded_in_jtag_master|altera_jtag_dc_streaming:normal.jtag_dc_streaming|altera_std_synchronizer:synchronizer|dreg[1]                                                                                                   ; jtag_to_avalon_mst_brg_01:u_jtag_avmm|jtag_to_avalon_mst_brg_01_master_0:master_0|altera_avalon_st_jtag_interface:jtag_phy_embedded_in_jtag_master|altera_jtag_dc_streaming:normal.jtag_dc_streaming|altera_avalon_st_clock_crosser:sink_crosser|altera_avalon_st_pipeline_base:output_stage|data0[3]                                ; altera_reserved_tck ; altera_reserved_tck ; 0.000        ; 0.075      ; 2.062      ;
; 1.847 ; sld_hub:auto_hub|alt_sld_fab_with_jtag_input:\instrumentation_fabric_with_node_gen:fabric_gen_new_way:with_jtag_input_gen:instrumentation_fabric|alt_sld_fab:instrumentation_fabric|alt_sld_fab_alt_sld_fab:alt_sld_fab|alt_sld_fab_alt_sld_fab_sldfabric:sldfabric|sld_jtag_hub:\jtag_hub_gen:real_sld_jtag_hub|virtual_ir_scan_reg                ; sld_hub:auto_hub|alt_sld_fab_with_jtag_input:\instrumentation_fabric_with_node_gen:fabric_gen_new_way:with_jtag_input_gen:instrumentation_fabric|alt_sld_fab:instrumentation_fabric|alt_sld_fab_alt_sld_fab:alt_sld_fab|alt_sld_fab_alt_sld_fab_sldfabric:sldfabric|sld_jtag_hub:\jtag_hub_gen:real_sld_jtag_hub|hub_mode_reg[2]     ; altera_reserved_tck ; altera_reserved_tck ; 0.000        ; 0.092      ; 2.125      ;
; 1.851 ; jtag_to_avalon_mst_brg_01:u_jtag_avmm|jtag_to_avalon_mst_brg_01_master_0:master_0|altera_avalon_st_jtag_interface:jtag_phy_embedded_in_jtag_master|altera_jtag_dc_streaming:normal.jtag_dc_streaming|altera_std_synchronizer:synchronizer|dreg[1]                                                                                                   ; jtag_to_avalon_mst_brg_01:u_jtag_avmm|jtag_to_avalon_mst_brg_01_master_0:master_0|altera_avalon_st_jtag_interface:jtag_phy_embedded_in_jtag_master|altera_jtag_dc_streaming:normal.jtag_dc_streaming|altera_jtag_streaming:jtag_streaming|altera_avalon_st_idle_remover:idle_remover|received_esc                                    ; altera_reserved_tck ; altera_reserved_tck ; 0.000        ; 0.067      ; 2.104      ;
; 1.851 ; jtag_to_avalon_mst_brg_01:u_jtag_avmm|jtag_to_avalon_mst_brg_01_master_0:master_0|altera_avalon_st_jtag_interface:jtag_phy_embedded_in_jtag_master|altera_jtag_dc_streaming:normal.jtag_dc_streaming|altera_std_synchronizer:synchronizer|dreg[1]                                                                                                   ; jtag_to_avalon_mst_brg_01:u_jtag_avmm|jtag_to_avalon_mst_brg_01_master_0:master_0|altera_avalon_st_jtag_interface:jtag_phy_embedded_in_jtag_master|altera_jtag_dc_streaming:normal.jtag_dc_streaming|altera_jtag_src_crosser:source_crosser|sink_valid_buffer                                                                        ; altera_reserved_tck ; altera_reserved_tck ; 0.000        ; 0.067      ; 2.104      ;
; 1.868 ; jtag_to_avalon_mst_brg_01:u_jtag_avmm|jtag_to_avalon_mst_brg_01_master_0:master_0|altera_avalon_st_jtag_interface:jtag_phy_embedded_in_jtag_master|altera_jtag_dc_streaming:normal.jtag_dc_streaming|altera_std_synchronizer:synchronizer|dreg[1]                                                                                                   ; jtag_to_avalon_mst_brg_01:u_jtag_avmm|jtag_to_avalon_mst_brg_01_master_0:master_0|altera_avalon_st_jtag_interface:jtag_phy_embedded_in_jtag_master|altera_jtag_dc_streaming:normal.jtag_dc_streaming|altera_avalon_st_clock_crosser:sink_crosser|out_data_buffer[4]                                                                  ; altera_reserved_tck ; altera_reserved_tck ; 0.000        ; 0.064      ; 2.118      ;
; 1.868 ; jtag_to_avalon_mst_brg_01:u_jtag_avmm|jtag_to_avalon_mst_brg_01_master_0:master_0|altera_avalon_st_jtag_interface:jtag_phy_embedded_in_jtag_master|altera_jtag_dc_streaming:normal.jtag_dc_streaming|altera_std_synchronizer:synchronizer|dreg[1]                                                                                                   ; jtag_to_avalon_mst_brg_01:u_jtag_avmm|jtag_to_avalon_mst_brg_01_master_0:master_0|altera_avalon_st_jtag_interface:jtag_phy_embedded_in_jtag_master|altera_jtag_dc_streaming:normal.jtag_dc_streaming|altera_avalon_st_clock_crosser:sink_crosser|out_data_buffer[0]                                                                  ; altera_reserved_tck ; altera_reserved_tck ; 0.000        ; 0.064      ; 2.118      ;
; 1.868 ; jtag_to_avalon_mst_brg_01:u_jtag_avmm|jtag_to_avalon_mst_brg_01_master_0:master_0|altera_avalon_st_jtag_interface:jtag_phy_embedded_in_jtag_master|altera_jtag_dc_streaming:normal.jtag_dc_streaming|altera_std_synchronizer:synchronizer|dreg[1]                                                                                                   ; jtag_to_avalon_mst_brg_01:u_jtag_avmm|jtag_to_avalon_mst_brg_01_master_0:master_0|altera_avalon_st_jtag_interface:jtag_phy_embedded_in_jtag_master|altera_jtag_dc_streaming:normal.jtag_dc_streaming|altera_avalon_st_clock_crosser:sink_crosser|out_data_buffer[2]                                                                  ; altera_reserved_tck ; altera_reserved_tck ; 0.000        ; 0.064      ; 2.118      ;
; 1.868 ; jtag_to_avalon_mst_brg_01:u_jtag_avmm|jtag_to_avalon_mst_brg_01_master_0:master_0|altera_avalon_st_jtag_interface:jtag_phy_embedded_in_jtag_master|altera_jtag_dc_streaming:normal.jtag_dc_streaming|altera_std_synchronizer:synchronizer|dreg[1]                                                                                                   ; jtag_to_avalon_mst_brg_01:u_jtag_avmm|jtag_to_avalon_mst_brg_01_master_0:master_0|altera_avalon_st_jtag_interface:jtag_phy_embedded_in_jtag_master|altera_jtag_dc_streaming:normal.jtag_dc_streaming|altera_avalon_st_clock_crosser:sink_crosser|out_data_buffer[1]                                                                  ; altera_reserved_tck ; altera_reserved_tck ; 0.000        ; 0.064      ; 2.118      ;
; 1.868 ; jtag_to_avalon_mst_brg_01:u_jtag_avmm|jtag_to_avalon_mst_brg_01_master_0:master_0|altera_avalon_st_jtag_interface:jtag_phy_embedded_in_jtag_master|altera_jtag_dc_streaming:normal.jtag_dc_streaming|altera_std_synchronizer:synchronizer|dreg[1]                                                                                                   ; jtag_to_avalon_mst_brg_01:u_jtag_avmm|jtag_to_avalon_mst_brg_01_master_0:master_0|altera_avalon_st_jtag_interface:jtag_phy_embedded_in_jtag_master|altera_jtag_dc_streaming:normal.jtag_dc_streaming|altera_avalon_st_clock_crosser:sink_crosser|out_data_buffer[7]                                                                  ; altera_reserved_tck ; altera_reserved_tck ; 0.000        ; 0.064      ; 2.118      ;
; 1.868 ; jtag_to_avalon_mst_brg_01:u_jtag_avmm|jtag_to_avalon_mst_brg_01_master_0:master_0|altera_avalon_st_jtag_interface:jtag_phy_embedded_in_jtag_master|altera_jtag_dc_streaming:normal.jtag_dc_streaming|altera_std_synchronizer:synchronizer|dreg[1]                                                                                                   ; jtag_to_avalon_mst_brg_01:u_jtag_avmm|jtag_to_avalon_mst_brg_01_master_0:master_0|altera_avalon_st_jtag_interface:jtag_phy_embedded_in_jtag_master|altera_jtag_dc_streaming:normal.jtag_dc_streaming|altera_avalon_st_clock_crosser:sink_crosser|out_data_buffer[6]                                                                  ; altera_reserved_tck ; altera_reserved_tck ; 0.000        ; 0.064      ; 2.118      ;
; 1.868 ; jtag_to_avalon_mst_brg_01:u_jtag_avmm|jtag_to_avalon_mst_brg_01_master_0:master_0|altera_avalon_st_jtag_interface:jtag_phy_embedded_in_jtag_master|altera_jtag_dc_streaming:normal.jtag_dc_streaming|altera_std_synchronizer:synchronizer|dreg[1]                                                                                                   ; jtag_to_avalon_mst_brg_01:u_jtag_avmm|jtag_to_avalon_mst_brg_01_master_0:master_0|altera_avalon_st_jtag_interface:jtag_phy_embedded_in_jtag_master|altera_jtag_dc_streaming:normal.jtag_dc_streaming|altera_avalon_st_clock_crosser:sink_crosser|out_data_buffer[5]                                                                  ; altera_reserved_tck ; altera_reserved_tck ; 0.000        ; 0.064      ; 2.118      ;
; 1.868 ; jtag_to_avalon_mst_brg_01:u_jtag_avmm|jtag_to_avalon_mst_brg_01_master_0:master_0|altera_avalon_st_jtag_interface:jtag_phy_embedded_in_jtag_master|altera_jtag_dc_streaming:normal.jtag_dc_streaming|altera_std_synchronizer:synchronizer|dreg[1]                                                                                                   ; jtag_to_avalon_mst_brg_01:u_jtag_avmm|jtag_to_avalon_mst_brg_01_master_0:master_0|altera_avalon_st_jtag_interface:jtag_phy_embedded_in_jtag_master|altera_jtag_dc_streaming:normal.jtag_dc_streaming|altera_avalon_st_clock_crosser:sink_crosser|out_data_buffer[3]                                                                  ; altera_reserved_tck ; altera_reserved_tck ; 0.000        ; 0.064      ; 2.118      ;
+-------+-----------------------------------------------------------------------------------------------------------------------------------------------------------------------------------------------------------------------------------------------------------------------------------------------------------------------------------------------------+--------------------------------------------------------------------------------------------------------------------------------------------------------------------------------------------------------------------------------------------------------------------------------------------------------------------------------------+---------------------+---------------------+--------------+------------+------------+


-----------------------------------------------
; Slow 1200mV 85C Model Metastability Summary ;
-----------------------------------------------
Typical MTBF of Design is 1e+09 years or 3.15e+16 seconds.

Number of Synchronizer Chains Found: 6
Shortest Synchronizer Chain: 3 Registers
Fraction of Chains for which MTBFs Could Not be Calculated: 0.167
Worst Case Available Settling Time: 198.299 ns

Typical MTBF values are calculated based on the nominal silicon characteristics, at nominal operating conditions.
  - Under typical conditions, an increase of 100ps in available settling time will increase MTBF values by a factor of 10.8



+-----------------------------------------------------------+
; Slow 1200mV 0C Model Fmax Summary                         ;
+------------+-----------------+---------------------+------+
; Fmax       ; Restricted Fmax ; Clock Name          ; Note ;
+------------+-----------------+---------------------+------+
; 109.08 MHz ; 109.08 MHz      ; altera_reserved_tck ;      ;
+------------+-----------------+---------------------+------+
This panel reports FMAX for every clock in the design, regardless of the user-specified clock periods.  FMAX is only computed for paths where the source and destination registers or ports are driven by the same clock.  Paths of different clocks, including generated clocks, are ignored.  For paths between a clock and its inversion, FMAX is computed as if the rising and falling edges are scaled along with FMAX, such that the duty cycle (in terms of a percentage) is maintained. Altera recommends that you always use clock constraints and other slack reports for sign-off analysis.


+----------------------------------------------+
; Slow 1200mV 0C Model Setup Summary           ;
+---------------------+--------+---------------+
; Clock               ; Slack  ; End Point TNS ;
+---------------------+--------+---------------+
; altera_reserved_tck ; 45.416 ; 0.000         ;
+---------------------+--------+---------------+


+---------------------------------------------+
; Slow 1200mV 0C Model Hold Summary           ;
+---------------------+-------+---------------+
; Clock               ; Slack ; End Point TNS ;
+---------------------+-------+---------------+
; altera_reserved_tck ; 0.355 ; 0.000         ;
+---------------------+-------+---------------+


+----------------------------------------------+
; Slow 1200mV 0C Model Recovery Summary        ;
+---------------------+--------+---------------+
; Clock               ; Slack  ; End Point TNS ;
+---------------------+--------+---------------+
; altera_reserved_tck ; 97.858 ; 0.000         ;
+---------------------+--------+---------------+


+---------------------------------------------+
; Slow 1200mV 0C Model Removal Summary        ;
+---------------------+-------+---------------+
; Clock               ; Slack ; End Point TNS ;
+---------------------+-------+---------------+
; altera_reserved_tck ; 1.105 ; 0.000         ;
+---------------------+-------+---------------+


+--------------------------------------------------+
; Slow 1200mV 0C Model Minimum Pulse Width Summary ;
+---------------------+--------+-------------------+
; Clock               ; Slack  ; End Point TNS     ;
+---------------------+--------+-------------------+
; altera_reserved_tck ; 49.563 ; 0.000             ;
+---------------------+--------+-------------------+


+--------------------------------------------------------------------------------------------------------------------------------------------------------------------------------------------------------------------------------------------------------------------------------------------------------------------------------------------------------------------------------------------------------------------------------------------------------------------------------------------------------------------------------------------------------------------------------------------------------------------------------------------------------------------------------------------------------------------------------------------------------------------------+
; Slow 1200mV 0C Model Setup: 'altera_reserved_tck'                                                                                                                                                                                                                                                                                                                                                                                                                                                                                                                                                                                                                                                                                                                        ;
+--------+-----------------------------------------------------------------------------------------------------------------------------------------------------------------------------------------------------------------------------------------------------------------------------------------------------------------------------------------------------+----------------------------------------------------------------------------------------------------------------------------------------------------------------------------------------------------------------------------------------------------------------------------------------------------------------------+---------------------+---------------------+--------------+------------+------------+
; Slack  ; From Node                                                                                                                                                                                                                                                                                                                                           ; To Node                                                                                                                                                                                                                                                                                                              ; Launch Clock        ; Latch Clock         ; Relationship ; Clock Skew ; Data Delay ;
+--------+-----------------------------------------------------------------------------------------------------------------------------------------------------------------------------------------------------------------------------------------------------------------------------------------------------------------------------------------------------+----------------------------------------------------------------------------------------------------------------------------------------------------------------------------------------------------------------------------------------------------------------------------------------------------------------------+---------------------+---------------------+--------------+------------+------------+
; 45.416 ; sld_hub:auto_hub|alt_sld_fab_with_jtag_input:\instrumentation_fabric_with_node_gen:fabric_gen_new_way:with_jtag_input_gen:instrumentation_fabric|alt_sld_fab:instrumentation_fabric|alt_sld_fab_alt_sld_fab:alt_sld_fab|alt_sld_fab_alt_sld_fab_sldfabric:sldfabric|sld_jtag_hub:\jtag_hub_gen:real_sld_jtag_hub|virtual_ir_scan_reg                ; sld_hub:auto_hub|alt_sld_fab_with_jtag_input:\instrumentation_fabric_with_node_gen:fabric_gen_new_way:with_jtag_input_gen:instrumentation_fabric|alt_sld_fab:instrumentation_fabric|alt_sld_fab_alt_sld_fab:alt_sld_fab|alt_sld_fab_alt_sld_fab_sldfabric:sldfabric|sld_jtag_hub:\jtag_hub_gen:real_sld_jtag_hub|tdo ; altera_reserved_tck ; altera_reserved_tck ; 50.000       ; 0.177      ; 4.780      ;
; 45.902 ; sld_hub:auto_hub|alt_sld_fab_with_jtag_input:\instrumentation_fabric_with_node_gen:fabric_gen_new_way:with_jtag_input_gen:instrumentation_fabric|alt_sld_fab:instrumentation_fabric|alt_sld_fab_alt_sld_fab:alt_sld_fab|splitter_nodes_receive_0[3]                                                                                                 ; sld_hub:auto_hub|alt_sld_fab_with_jtag_input:\instrumentation_fabric_with_node_gen:fabric_gen_new_way:with_jtag_input_gen:instrumentation_fabric|alt_sld_fab:instrumentation_fabric|alt_sld_fab_alt_sld_fab:alt_sld_fab|alt_sld_fab_alt_sld_fab_sldfabric:sldfabric|sld_jtag_hub:\jtag_hub_gen:real_sld_jtag_hub|tdo ; altera_reserved_tck ; altera_reserved_tck ; 50.000       ; 0.179      ; 4.296      ;
; 45.984 ; sld_hub:auto_hub|alt_sld_fab_with_jtag_input:\instrumentation_fabric_with_node_gen:fabric_gen_new_way:with_jtag_input_gen:instrumentation_fabric|alt_sld_fab:instrumentation_fabric|alt_sld_fab_alt_sld_fab:alt_sld_fab|alt_sld_fab_alt_sld_fab_sldfabric:sldfabric|sld_jtag_hub:\jtag_hub_gen:real_sld_jtag_hub|sld_shadow_jsm:shadow_jsm|state[4] ; sld_hub:auto_hub|alt_sld_fab_with_jtag_input:\instrumentation_fabric_with_node_gen:fabric_gen_new_way:with_jtag_input_gen:instrumentation_fabric|alt_sld_fab:instrumentation_fabric|alt_sld_fab_alt_sld_fab:alt_sld_fab|alt_sld_fab_alt_sld_fab_sldfabric:sldfabric|sld_jtag_hub:\jtag_hub_gen:real_sld_jtag_hub|tdo ; altera_reserved_tck ; altera_reserved_tck ; 50.000       ; 0.165      ; 4.200      ;
; 46.196 ; sld_hub:auto_hub|alt_sld_fab_with_jtag_input:\instrumentation_fabric_with_node_gen:fabric_gen_new_way:with_jtag_input_gen:instrumentation_fabric|alt_sld_fab:instrumentation_fabric|alt_sld_fab_alt_sld_fab:alt_sld_fab|alt_sld_fab_alt_sld_fab_sldfabric:sldfabric|sld_jtag_hub:\jtag_hub_gen:real_sld_jtag_hub|irf_reg[1][1]                      ; sld_hub:auto_hub|alt_sld_fab_with_jtag_input:\instrumentation_fabric_with_node_gen:fabric_gen_new_way:with_jtag_input_gen:instrumentation_fabric|alt_sld_fab:instrumentation_fabric|alt_sld_fab_alt_sld_fab:alt_sld_fab|alt_sld_fab_alt_sld_fab_sldfabric:sldfabric|sld_jtag_hub:\jtag_hub_gen:real_sld_jtag_hub|tdo ; altera_reserved_tck ; altera_reserved_tck ; 50.000       ; 0.195      ; 4.018      ;
; 46.498 ; sld_hub:auto_hub|alt_sld_fab_with_jtag_input:\instrumentation_fabric_with_node_gen:fabric_gen_new_way:with_jtag_input_gen:instrumentation_fabric|alt_sld_fab:instrumentation_fabric|alt_sld_fab_alt_sld_fab:alt_sld_fab|alt_sld_fab_alt_sld_fab_sldfabric:sldfabric|sld_jtag_hub:\jtag_hub_gen:real_sld_jtag_hub|irf_reg[1][2]                      ; sld_hub:auto_hub|alt_sld_fab_with_jtag_input:\instrumentation_fabric_with_node_gen:fabric_gen_new_way:with_jtag_input_gen:instrumentation_fabric|alt_sld_fab:instrumentation_fabric|alt_sld_fab_alt_sld_fab:alt_sld_fab|alt_sld_fab_alt_sld_fab_sldfabric:sldfabric|sld_jtag_hub:\jtag_hub_gen:real_sld_jtag_hub|tdo ; altera_reserved_tck ; altera_reserved_tck ; 50.000       ; 0.195      ; 3.716      ;
; 46.607 ; sld_hub:auto_hub|alt_sld_fab_with_jtag_input:\instrumentation_fabric_with_node_gen:fabric_gen_new_way:with_jtag_input_gen:instrumentation_fabric|alt_sld_fab:instrumentation_fabric|alt_sld_fab_alt_sld_fab:alt_sld_fab|alt_sld_fab_alt_sld_fab_sldfabric:sldfabric|sld_jtag_hub:\jtag_hub_gen:real_sld_jtag_hub|irf_reg[1][0]                      ; sld_hub:auto_hub|alt_sld_fab_with_jtag_input:\instrumentation_fabric_with_node_gen:fabric_gen_new_way:with_jtag_input_gen:instrumentation_fabric|alt_sld_fab:instrumentation_fabric|alt_sld_fab_alt_sld_fab:alt_sld_fab|alt_sld_fab_alt_sld_fab_sldfabric:sldfabric|sld_jtag_hub:\jtag_hub_gen:real_sld_jtag_hub|tdo ; altera_reserved_tck ; altera_reserved_tck ; 50.000       ; 0.195      ; 3.607      ;
; 46.707 ; jtag_to_avalon_mst_brg_01:u_jtag_avmm|jtag_to_avalon_mst_brg_01_master_0:master_0|altera_avalon_st_jtag_interface:jtag_phy_embedded_in_jtag_master|altera_jtag_dc_streaming:normal.jtag_dc_streaming|altera_jtag_streaming:jtag_streaming|dr_data_out[0]                                                                                            ; sld_hub:auto_hub|alt_sld_fab_with_jtag_input:\instrumentation_fabric_with_node_gen:fabric_gen_new_way:with_jtag_input_gen:instrumentation_fabric|alt_sld_fab:instrumentation_fabric|alt_sld_fab_alt_sld_fab:alt_sld_fab|alt_sld_fab_alt_sld_fab_sldfabric:sldfabric|sld_jtag_hub:\jtag_hub_gen:real_sld_jtag_hub|tdo ; altera_reserved_tck ; altera_reserved_tck ; 50.000       ; 0.179      ; 3.491      ;
; 46.734 ; sld_hub:auto_hub|alt_sld_fab_with_jtag_input:\instrumentation_fabric_with_node_gen:fabric_gen_new_way:with_jtag_input_gen:instrumentation_fabric|alt_sld_fab:instrumentation_fabric|alt_sld_fab_alt_sld_fab:alt_sld_fab|alt_sld_fab_alt_sld_fab_sldfabric:sldfabric|sld_jtag_hub:\jtag_hub_gen:real_sld_jtag_hub|irsr_reg[0]                        ; sld_hub:auto_hub|alt_sld_fab_with_jtag_input:\instrumentation_fabric_with_node_gen:fabric_gen_new_way:with_jtag_input_gen:instrumentation_fabric|alt_sld_fab:instrumentation_fabric|alt_sld_fab_alt_sld_fab:alt_sld_fab|alt_sld_fab_alt_sld_fab_sldfabric:sldfabric|sld_jtag_hub:\jtag_hub_gen:real_sld_jtag_hub|tdo ; altera_reserved_tck ; altera_reserved_tck ; 50.000       ; 0.181      ; 3.466      ;
; 46.747 ; sld_hub:auto_hub|alt_sld_fab_with_jtag_input:\instrumentation_fabric_with_node_gen:fabric_gen_new_way:with_jtag_input_gen:instrumentation_fabric|alt_sld_fab:instrumentation_fabric|alt_sld_fab_alt_sld_fab:alt_sld_fab|alt_sld_fab_alt_sld_fab_sldfabric:sldfabric|sld_jtag_hub:\jtag_hub_gen:real_sld_jtag_hub|sld_shadow_jsm:shadow_jsm|state[3] ; sld_hub:auto_hub|alt_sld_fab_with_jtag_input:\instrumentation_fabric_with_node_gen:fabric_gen_new_way:with_jtag_input_gen:instrumentation_fabric|alt_sld_fab:instrumentation_fabric|alt_sld_fab_alt_sld_fab:alt_sld_fab|alt_sld_fab_alt_sld_fab_sldfabric:sldfabric|sld_jtag_hub:\jtag_hub_gen:real_sld_jtag_hub|tdo ; altera_reserved_tck ; altera_reserved_tck ; 50.000       ; 0.165      ; 3.437      ;
; 46.753 ; jtag_to_avalon_mst_brg_01:u_jtag_avmm|jtag_to_avalon_mst_brg_01_master_0:master_0|altera_avalon_st_jtag_interface:jtag_phy_embedded_in_jtag_master|altera_jtag_dc_streaming:normal.jtag_dc_streaming|altera_jtag_streaming:jtag_streaming|dr_info[0]                                                                                                ; sld_hub:auto_hub|alt_sld_fab_with_jtag_input:\instrumentation_fabric_with_node_gen:fabric_gen_new_way:with_jtag_input_gen:instrumentation_fabric|alt_sld_fab:instrumentation_fabric|alt_sld_fab_alt_sld_fab:alt_sld_fab|alt_sld_fab_alt_sld_fab_sldfabric:sldfabric|sld_jtag_hub:\jtag_hub_gen:real_sld_jtag_hub|tdo ; altera_reserved_tck ; altera_reserved_tck ; 50.000       ; 0.175      ; 3.441      ;
; 46.815 ; sld_hub:auto_hub|alt_sld_fab_with_jtag_input:\instrumentation_fabric_with_node_gen:fabric_gen_new_way:with_jtag_input_gen:instrumentation_fabric|alt_sld_fab:instrumentation_fabric|alt_sld_fab_alt_sld_fab:alt_sld_fab|alt_sld_fab_alt_sld_fab_sldfabric:sldfabric|sld_jtag_hub:\jtag_hub_gen:real_sld_jtag_hub|irsr_reg[1]                        ; sld_hub:auto_hub|alt_sld_fab_with_jtag_input:\instrumentation_fabric_with_node_gen:fabric_gen_new_way:with_jtag_input_gen:instrumentation_fabric|alt_sld_fab:instrumentation_fabric|alt_sld_fab_alt_sld_fab:alt_sld_fab|alt_sld_fab_alt_sld_fab_sldfabric:sldfabric|sld_jtag_hub:\jtag_hub_gen:real_sld_jtag_hub|tdo ; altera_reserved_tck ; altera_reserved_tck ; 50.000       ; 0.181      ; 3.385      ;
; 46.824 ; jtag_to_avalon_mst_brg_01:u_jtag_avmm|jtag_to_avalon_mst_brg_01_master_0:master_0|altera_avalon_st_jtag_interface:jtag_phy_embedded_in_jtag_master|altera_jtag_dc_streaming:normal.jtag_dc_streaming|altera_jtag_streaming:jtag_streaming|dr_control[0]                                                                                             ; sld_hub:auto_hub|alt_sld_fab_with_jtag_input:\instrumentation_fabric_with_node_gen:fabric_gen_new_way:with_jtag_input_gen:instrumentation_fabric|alt_sld_fab:instrumentation_fabric|alt_sld_fab_alt_sld_fab:alt_sld_fab|alt_sld_fab_alt_sld_fab_sldfabric:sldfabric|sld_jtag_hub:\jtag_hub_gen:real_sld_jtag_hub|tdo ; altera_reserved_tck ; altera_reserved_tck ; 50.000       ; 0.195      ; 3.390      ;
; 46.832 ; sld_hub:auto_hub|alt_sld_fab_with_jtag_input:\instrumentation_fabric_with_node_gen:fabric_gen_new_way:with_jtag_input_gen:instrumentation_fabric|alt_sld_fab:instrumentation_fabric|alt_sld_fab_alt_sld_fab:alt_sld_fab|alt_sld_fab_alt_sld_fab_sldfabric:sldfabric|sld_jtag_hub:\jtag_hub_gen:real_sld_jtag_hub|irsr_reg[2]                        ; sld_hub:auto_hub|alt_sld_fab_with_jtag_input:\instrumentation_fabric_with_node_gen:fabric_gen_new_way:with_jtag_input_gen:instrumentation_fabric|alt_sld_fab:instrumentation_fabric|alt_sld_fab_alt_sld_fab:alt_sld_fab|alt_sld_fab_alt_sld_fab_sldfabric:sldfabric|sld_jtag_hub:\jtag_hub_gen:real_sld_jtag_hub|tdo ; altera_reserved_tck ; altera_reserved_tck ; 50.000       ; 0.181      ; 3.368      ;
; 46.910 ; jtag_to_avalon_mst_brg_01:u_jtag_avmm|jtag_to_avalon_mst_brg_01_master_0:master_0|altera_avalon_st_jtag_interface:jtag_phy_embedded_in_jtag_master|altera_jtag_dc_streaming:normal.jtag_dc_streaming|altera_jtag_streaming:jtag_streaming|dr_loopback                                                                                               ; sld_hub:auto_hub|alt_sld_fab_with_jtag_input:\instrumentation_fabric_with_node_gen:fabric_gen_new_way:with_jtag_input_gen:instrumentation_fabric|alt_sld_fab:instrumentation_fabric|alt_sld_fab_alt_sld_fab:alt_sld_fab|alt_sld_fab_alt_sld_fab_sldfabric:sldfabric|sld_jtag_hub:\jtag_hub_gen:real_sld_jtag_hub|tdo ; altera_reserved_tck ; altera_reserved_tck ; 50.000       ; 0.191      ; 3.300      ;
; 47.376 ; sld_hub:auto_hub|alt_sld_fab_with_jtag_input:\instrumentation_fabric_with_node_gen:fabric_gen_new_way:with_jtag_input_gen:instrumentation_fabric|alt_sld_fab:instrumentation_fabric|alt_sld_fab_alt_sld_fab:alt_sld_fab|alt_sld_fab_alt_sld_fab_sldfabric:sldfabric|sld_jtag_hub:\jtag_hub_gen:real_sld_jtag_hub|irsr_reg[4]                        ; sld_hub:auto_hub|alt_sld_fab_with_jtag_input:\instrumentation_fabric_with_node_gen:fabric_gen_new_way:with_jtag_input_gen:instrumentation_fabric|alt_sld_fab:instrumentation_fabric|alt_sld_fab_alt_sld_fab:alt_sld_fab|alt_sld_fab_alt_sld_fab_sldfabric:sldfabric|sld_jtag_hub:\jtag_hub_gen:real_sld_jtag_hub|tdo ; altera_reserved_tck ; altera_reserved_tck ; 50.000       ; 0.181      ; 2.824      ;
; 47.430 ; jtag_to_avalon_mst_brg_01:u_jtag_avmm|jtag_to_avalon_mst_brg_01_master_0:master_0|altera_avalon_st_jtag_interface:jtag_phy_embedded_in_jtag_master|altera_jtag_dc_streaming:normal.jtag_dc_streaming|altera_jtag_streaming:jtag_streaming|dr_debug[0]                                                                                               ; sld_hub:auto_hub|alt_sld_fab_with_jtag_input:\instrumentation_fabric_with_node_gen:fabric_gen_new_way:with_jtag_input_gen:instrumentation_fabric|alt_sld_fab:instrumentation_fabric|alt_sld_fab_alt_sld_fab:alt_sld_fab|alt_sld_fab_alt_sld_fab_sldfabric:sldfabric|sld_jtag_hub:\jtag_hub_gen:real_sld_jtag_hub|tdo ; altera_reserved_tck ; altera_reserved_tck ; 50.000       ; 0.191      ; 2.780      ;
; 47.555 ; sld_hub:auto_hub|alt_sld_fab_with_jtag_input:\instrumentation_fabric_with_node_gen:fabric_gen_new_way:with_jtag_input_gen:instrumentation_fabric|alt_sld_fab:instrumentation_fabric|alt_sld_fab_alt_sld_fab:alt_sld_fab|alt_sld_fab_alt_sld_fab_sldfabric:sldfabric|sld_jtag_hub:\jtag_hub_gen:real_sld_jtag_hub|tdo_bypass_reg                     ; sld_hub:auto_hub|alt_sld_fab_with_jtag_input:\instrumentation_fabric_with_node_gen:fabric_gen_new_way:with_jtag_input_gen:instrumentation_fabric|alt_sld_fab:instrumentation_fabric|alt_sld_fab_alt_sld_fab:alt_sld_fab|alt_sld_fab_alt_sld_fab_sldfabric:sldfabric|sld_jtag_hub:\jtag_hub_gen:real_sld_jtag_hub|tdo ; altera_reserved_tck ; altera_reserved_tck ; 50.000       ; 0.165      ; 2.629      ;
; 47.954 ; sld_hub:auto_hub|alt_sld_fab_with_jtag_input:\instrumentation_fabric_with_node_gen:fabric_gen_new_way:with_jtag_input_gen:instrumentation_fabric|alt_sld_fab:instrumentation_fabric|alt_sld_fab_alt_sld_fab:alt_sld_fab|alt_sld_fab_alt_sld_fab_sldfabric:sldfabric|sld_jtag_hub:\jtag_hub_gen:real_sld_jtag_hub|hub_minor_ver_reg[0]               ; sld_hub:auto_hub|alt_sld_fab_with_jtag_input:\instrumentation_fabric_with_node_gen:fabric_gen_new_way:with_jtag_input_gen:instrumentation_fabric|alt_sld_fab:instrumentation_fabric|alt_sld_fab_alt_sld_fab:alt_sld_fab|alt_sld_fab_alt_sld_fab_sldfabric:sldfabric|sld_jtag_hub:\jtag_hub_gen:real_sld_jtag_hub|tdo ; altera_reserved_tck ; altera_reserved_tck ; 50.000       ; 0.193      ; 2.258      ;
; 48.020 ; sld_hub:auto_hub|alt_sld_fab_with_jtag_input:\instrumentation_fabric_with_node_gen:fabric_gen_new_way:with_jtag_input_gen:instrumentation_fabric|alt_sld_fab:instrumentation_fabric|alt_sld_fab_alt_sld_fab:alt_sld_fab|alt_sld_fab_alt_sld_fab_sldfabric:sldfabric|sld_jtag_hub:\jtag_hub_gen:real_sld_jtag_hub|sld_rom_sr:hub_info_reg|WORD_SR[0] ; sld_hub:auto_hub|alt_sld_fab_with_jtag_input:\instrumentation_fabric_with_node_gen:fabric_gen_new_way:with_jtag_input_gen:instrumentation_fabric|alt_sld_fab:instrumentation_fabric|alt_sld_fab_alt_sld_fab:alt_sld_fab|alt_sld_fab_alt_sld_fab_sldfabric:sldfabric|sld_jtag_hub:\jtag_hub_gen:real_sld_jtag_hub|tdo ; altera_reserved_tck ; altera_reserved_tck ; 50.000       ; 0.175      ; 2.174      ;
; 48.212 ; sld_hub:auto_hub|alt_sld_fab_with_jtag_input:\instrumentation_fabric_with_node_gen:fabric_gen_new_way:with_jtag_input_gen:instrumentation_fabric|alt_sld_fab:instrumentation_fabric|alt_sld_fab_alt_sld_fab:alt_sld_fab|alt_sld_fab_alt_sld_fab_sldfabric:sldfabric|sld_jtag_hub:\jtag_hub_gen:real_sld_jtag_hub|sld_shadow_jsm:shadow_jsm|state[8] ; sld_hub:auto_hub|alt_sld_fab_with_jtag_input:\instrumentation_fabric_with_node_gen:fabric_gen_new_way:with_jtag_input_gen:instrumentation_fabric|alt_sld_fab:instrumentation_fabric|alt_sld_fab_alt_sld_fab:alt_sld_fab|alt_sld_fab_alt_sld_fab_sldfabric:sldfabric|sld_jtag_hub:\jtag_hub_gen:real_sld_jtag_hub|tdo ; altera_reserved_tck ; altera_reserved_tck ; 50.000       ; 0.165      ; 1.972      ;
; 48.366 ; sld_hub:auto_hub|alt_sld_fab_with_jtag_input:\instrumentation_fabric_with_node_gen:fabric_gen_new_way:with_jtag_input_gen:instrumentation_fabric|alt_sld_fab:instrumentation_fabric|alt_sld_fab_alt_sld_fab:alt_sld_fab|alt_sld_fab_alt_sld_fab_sldfabric:sldfabric|sld_jtag_hub:\jtag_hub_gen:real_sld_jtag_hub|design_hash_reg[0]                 ; sld_hub:auto_hub|alt_sld_fab_with_jtag_input:\instrumentation_fabric_with_node_gen:fabric_gen_new_way:with_jtag_input_gen:instrumentation_fabric|alt_sld_fab:instrumentation_fabric|alt_sld_fab_alt_sld_fab:alt_sld_fab|alt_sld_fab_alt_sld_fab_sldfabric:sldfabric|sld_jtag_hub:\jtag_hub_gen:real_sld_jtag_hub|tdo ; altera_reserved_tck ; altera_reserved_tck ; 50.000       ; 0.193      ; 1.846      ;
; 93.044 ; sld_hub:auto_hub|alt_sld_fab_with_jtag_input:\instrumentation_fabric_with_node_gen:fabric_gen_new_way:with_jtag_input_gen:instrumentation_fabric|alt_sld_fab:instrumentation_fabric|alt_sld_fab_alt_sld_fab:alt_sld_fab|alt_sld_fab_alt_sld_fab_sldfabric:sldfabric|sld_jtag_hub:\jtag_hub_gen:real_sld_jtag_hub|virtual_ir_scan_reg                ; jtag_to_avalon_mst_brg_01:u_jtag_avmm|jtag_to_avalon_mst_brg_01_master_0:master_0|altera_avalon_st_jtag_interface:jtag_phy_embedded_in_jtag_master|altera_jtag_dc_streaming:normal.jtag_dc_streaming|altera_jtag_streaming:jtag_streaming|valid_write_data_length_byte_counter[3]                                    ; altera_reserved_tck ; altera_reserved_tck ; 100.000      ; -0.068     ; 6.907      ;
; 93.044 ; sld_hub:auto_hub|alt_sld_fab_with_jtag_input:\instrumentation_fabric_with_node_gen:fabric_gen_new_way:with_jtag_input_gen:instrumentation_fabric|alt_sld_fab:instrumentation_fabric|alt_sld_fab_alt_sld_fab:alt_sld_fab|alt_sld_fab_alt_sld_fab_sldfabric:sldfabric|sld_jtag_hub:\jtag_hub_gen:real_sld_jtag_hub|virtual_ir_scan_reg                ; jtag_to_avalon_mst_brg_01:u_jtag_avmm|jtag_to_avalon_mst_brg_01_master_0:master_0|altera_avalon_st_jtag_interface:jtag_phy_embedded_in_jtag_master|altera_jtag_dc_streaming:normal.jtag_dc_streaming|altera_jtag_streaming:jtag_streaming|valid_write_data_length_byte_counter[4]                                    ; altera_reserved_tck ; altera_reserved_tck ; 100.000      ; -0.068     ; 6.907      ;
; 93.044 ; sld_hub:auto_hub|alt_sld_fab_with_jtag_input:\instrumentation_fabric_with_node_gen:fabric_gen_new_way:with_jtag_input_gen:instrumentation_fabric|alt_sld_fab:instrumentation_fabric|alt_sld_fab_alt_sld_fab:alt_sld_fab|alt_sld_fab_alt_sld_fab_sldfabric:sldfabric|sld_jtag_hub:\jtag_hub_gen:real_sld_jtag_hub|virtual_ir_scan_reg                ; jtag_to_avalon_mst_brg_01:u_jtag_avmm|jtag_to_avalon_mst_brg_01_master_0:master_0|altera_avalon_st_jtag_interface:jtag_phy_embedded_in_jtag_master|altera_jtag_dc_streaming:normal.jtag_dc_streaming|altera_jtag_streaming:jtag_streaming|valid_write_data_length_byte_counter[6]                                    ; altera_reserved_tck ; altera_reserved_tck ; 100.000      ; -0.068     ; 6.907      ;
; 93.054 ; sld_hub:auto_hub|alt_sld_fab_with_jtag_input:\instrumentation_fabric_with_node_gen:fabric_gen_new_way:with_jtag_input_gen:instrumentation_fabric|alt_sld_fab:instrumentation_fabric|alt_sld_fab_alt_sld_fab:alt_sld_fab|alt_sld_fab_alt_sld_fab_sldfabric:sldfabric|sld_jtag_hub:\jtag_hub_gen:real_sld_jtag_hub|virtual_ir_scan_reg                ; jtag_to_avalon_mst_brg_01:u_jtag_avmm|jtag_to_avalon_mst_brg_01_master_0:master_0|altera_avalon_st_jtag_interface:jtag_phy_embedded_in_jtag_master|altera_jtag_dc_streaming:normal.jtag_dc_streaming|altera_jtag_streaming:jtag_streaming|valid_write_data_length_byte_counter[0]                                    ; altera_reserved_tck ; altera_reserved_tck ; 100.000      ; -0.066     ; 6.899      ;
; 93.054 ; sld_hub:auto_hub|alt_sld_fab_with_jtag_input:\instrumentation_fabric_with_node_gen:fabric_gen_new_way:with_jtag_input_gen:instrumentation_fabric|alt_sld_fab:instrumentation_fabric|alt_sld_fab_alt_sld_fab:alt_sld_fab|alt_sld_fab_alt_sld_fab_sldfabric:sldfabric|sld_jtag_hub:\jtag_hub_gen:real_sld_jtag_hub|virtual_ir_scan_reg                ; jtag_to_avalon_mst_brg_01:u_jtag_avmm|jtag_to_avalon_mst_brg_01_master_0:master_0|altera_avalon_st_jtag_interface:jtag_phy_embedded_in_jtag_master|altera_jtag_dc_streaming:normal.jtag_dc_streaming|altera_jtag_streaming:jtag_streaming|valid_write_data_length_byte_counter[1]                                    ; altera_reserved_tck ; altera_reserved_tck ; 100.000      ; -0.066     ; 6.899      ;
; 93.054 ; sld_hub:auto_hub|alt_sld_fab_with_jtag_input:\instrumentation_fabric_with_node_gen:fabric_gen_new_way:with_jtag_input_gen:instrumentation_fabric|alt_sld_fab:instrumentation_fabric|alt_sld_fab_alt_sld_fab:alt_sld_fab|alt_sld_fab_alt_sld_fab_sldfabric:sldfabric|sld_jtag_hub:\jtag_hub_gen:real_sld_jtag_hub|virtual_ir_scan_reg                ; jtag_to_avalon_mst_brg_01:u_jtag_avmm|jtag_to_avalon_mst_brg_01_master_0:master_0|altera_avalon_st_jtag_interface:jtag_phy_embedded_in_jtag_master|altera_jtag_dc_streaming:normal.jtag_dc_streaming|altera_jtag_streaming:jtag_streaming|valid_write_data_length_byte_counter[2]                                    ; altera_reserved_tck ; altera_reserved_tck ; 100.000      ; -0.066     ; 6.899      ;
; 93.054 ; sld_hub:auto_hub|alt_sld_fab_with_jtag_input:\instrumentation_fabric_with_node_gen:fabric_gen_new_way:with_jtag_input_gen:instrumentation_fabric|alt_sld_fab:instrumentation_fabric|alt_sld_fab_alt_sld_fab:alt_sld_fab|alt_sld_fab_alt_sld_fab_sldfabric:sldfabric|sld_jtag_hub:\jtag_hub_gen:real_sld_jtag_hub|virtual_ir_scan_reg                ; jtag_to_avalon_mst_brg_01:u_jtag_avmm|jtag_to_avalon_mst_brg_01_master_0:master_0|altera_avalon_st_jtag_interface:jtag_phy_embedded_in_jtag_master|altera_jtag_dc_streaming:normal.jtag_dc_streaming|altera_jtag_streaming:jtag_streaming|valid_write_data_length_byte_counter[5]                                    ; altera_reserved_tck ; altera_reserved_tck ; 100.000      ; -0.066     ; 6.899      ;
; 93.054 ; sld_hub:auto_hub|alt_sld_fab_with_jtag_input:\instrumentation_fabric_with_node_gen:fabric_gen_new_way:with_jtag_input_gen:instrumentation_fabric|alt_sld_fab:instrumentation_fabric|alt_sld_fab_alt_sld_fab:alt_sld_fab|alt_sld_fab_alt_sld_fab_sldfabric:sldfabric|sld_jtag_hub:\jtag_hub_gen:real_sld_jtag_hub|virtual_ir_scan_reg                ; jtag_to_avalon_mst_brg_01:u_jtag_avmm|jtag_to_avalon_mst_brg_01_master_0:master_0|altera_avalon_st_jtag_interface:jtag_phy_embedded_in_jtag_master|altera_jtag_dc_streaming:normal.jtag_dc_streaming|altera_jtag_streaming:jtag_streaming|valid_write_data_length_byte_counter[7]                                    ; altera_reserved_tck ; altera_reserved_tck ; 100.000      ; -0.066     ; 6.899      ;
; 93.120 ; sld_hub:auto_hub|alt_sld_fab_with_jtag_input:\instrumentation_fabric_with_node_gen:fabric_gen_new_way:with_jtag_input_gen:instrumentation_fabric|alt_sld_fab:instrumentation_fabric|alt_sld_fab_alt_sld_fab:alt_sld_fab|alt_sld_fab_alt_sld_fab_sldfabric:sldfabric|sld_jtag_hub:\jtag_hub_gen:real_sld_jtag_hub|virtual_ir_scan_reg                ; jtag_to_avalon_mst_brg_01:u_jtag_avmm|jtag_to_avalon_mst_brg_01_master_0:master_0|altera_avalon_st_jtag_interface:jtag_phy_embedded_in_jtag_master|altera_jtag_dc_streaming:normal.jtag_dc_streaming|altera_jtag_streaming:jtag_streaming|valid_write_data_length_byte_counter[8]                                    ; altera_reserved_tck ; altera_reserved_tck ; 100.000      ; -0.070     ; 6.829      ;
; 93.120 ; sld_hub:auto_hub|alt_sld_fab_with_jtag_input:\instrumentation_fabric_with_node_gen:fabric_gen_new_way:with_jtag_input_gen:instrumentation_fabric|alt_sld_fab:instrumentation_fabric|alt_sld_fab_alt_sld_fab:alt_sld_fab|alt_sld_fab_alt_sld_fab_sldfabric:sldfabric|sld_jtag_hub:\jtag_hub_gen:real_sld_jtag_hub|virtual_ir_scan_reg                ; jtag_to_avalon_mst_brg_01:u_jtag_avmm|jtag_to_avalon_mst_brg_01_master_0:master_0|altera_avalon_st_jtag_interface:jtag_phy_embedded_in_jtag_master|altera_jtag_dc_streaming:normal.jtag_dc_streaming|altera_jtag_streaming:jtag_streaming|valid_write_data_length_byte_counter[9]                                    ; altera_reserved_tck ; altera_reserved_tck ; 100.000      ; -0.070     ; 6.829      ;
; 93.120 ; sld_hub:auto_hub|alt_sld_fab_with_jtag_input:\instrumentation_fabric_with_node_gen:fabric_gen_new_way:with_jtag_input_gen:instrumentation_fabric|alt_sld_fab:instrumentation_fabric|alt_sld_fab_alt_sld_fab:alt_sld_fab|alt_sld_fab_alt_sld_fab_sldfabric:sldfabric|sld_jtag_hub:\jtag_hub_gen:real_sld_jtag_hub|virtual_ir_scan_reg                ; jtag_to_avalon_mst_brg_01:u_jtag_avmm|jtag_to_avalon_mst_brg_01_master_0:master_0|altera_avalon_st_jtag_interface:jtag_phy_embedded_in_jtag_master|altera_jtag_dc_streaming:normal.jtag_dc_streaming|altera_jtag_streaming:jtag_streaming|valid_write_data_length_byte_counter[10]                                   ; altera_reserved_tck ; altera_reserved_tck ; 100.000      ; -0.070     ; 6.829      ;
; 93.120 ; sld_hub:auto_hub|alt_sld_fab_with_jtag_input:\instrumentation_fabric_with_node_gen:fabric_gen_new_way:with_jtag_input_gen:instrumentation_fabric|alt_sld_fab:instrumentation_fabric|alt_sld_fab_alt_sld_fab:alt_sld_fab|alt_sld_fab_alt_sld_fab_sldfabric:sldfabric|sld_jtag_hub:\jtag_hub_gen:real_sld_jtag_hub|virtual_ir_scan_reg                ; jtag_to_avalon_mst_brg_01:u_jtag_avmm|jtag_to_avalon_mst_brg_01_master_0:master_0|altera_avalon_st_jtag_interface:jtag_phy_embedded_in_jtag_master|altera_jtag_dc_streaming:normal.jtag_dc_streaming|altera_jtag_streaming:jtag_streaming|valid_write_data_length_byte_counter[11]                                   ; altera_reserved_tck ; altera_reserved_tck ; 100.000      ; -0.070     ; 6.829      ;
; 93.120 ; sld_hub:auto_hub|alt_sld_fab_with_jtag_input:\instrumentation_fabric_with_node_gen:fabric_gen_new_way:with_jtag_input_gen:instrumentation_fabric|alt_sld_fab:instrumentation_fabric|alt_sld_fab_alt_sld_fab:alt_sld_fab|alt_sld_fab_alt_sld_fab_sldfabric:sldfabric|sld_jtag_hub:\jtag_hub_gen:real_sld_jtag_hub|virtual_ir_scan_reg                ; jtag_to_avalon_mst_brg_01:u_jtag_avmm|jtag_to_avalon_mst_brg_01_master_0:master_0|altera_avalon_st_jtag_interface:jtag_phy_embedded_in_jtag_master|altera_jtag_dc_streaming:normal.jtag_dc_streaming|altera_jtag_streaming:jtag_streaming|valid_write_data_length_byte_counter[13]                                   ; altera_reserved_tck ; altera_reserved_tck ; 100.000      ; -0.070     ; 6.829      ;
; 93.265 ; sld_hub:auto_hub|alt_sld_fab_with_jtag_input:\instrumentation_fabric_with_node_gen:fabric_gen_new_way:with_jtag_input_gen:instrumentation_fabric|alt_sld_fab:instrumentation_fabric|alt_sld_fab_alt_sld_fab:alt_sld_fab|alt_sld_fab_alt_sld_fab_sldfabric:sldfabric|sld_jtag_hub:\jtag_hub_gen:real_sld_jtag_hub|virtual_ir_scan_reg                ; jtag_to_avalon_mst_brg_01:u_jtag_avmm|jtag_to_avalon_mst_brg_01_master_0:master_0|altera_avalon_st_jtag_interface:jtag_phy_embedded_in_jtag_master|altera_jtag_dc_streaming:normal.jtag_dc_streaming|altera_jtag_streaming:jtag_streaming|valid_write_data_length_byte_counter[12]                                   ; altera_reserved_tck ; altera_reserved_tck ; 100.000      ; -0.072     ; 6.682      ;
; 93.265 ; sld_hub:auto_hub|alt_sld_fab_with_jtag_input:\instrumentation_fabric_with_node_gen:fabric_gen_new_way:with_jtag_input_gen:instrumentation_fabric|alt_sld_fab:instrumentation_fabric|alt_sld_fab_alt_sld_fab:alt_sld_fab|alt_sld_fab_alt_sld_fab_sldfabric:sldfabric|sld_jtag_hub:\jtag_hub_gen:real_sld_jtag_hub|virtual_ir_scan_reg                ; jtag_to_avalon_mst_brg_01:u_jtag_avmm|jtag_to_avalon_mst_brg_01_master_0:master_0|altera_avalon_st_jtag_interface:jtag_phy_embedded_in_jtag_master|altera_jtag_dc_streaming:normal.jtag_dc_streaming|altera_jtag_streaming:jtag_streaming|valid_write_data_length_byte_counter[14]                                   ; altera_reserved_tck ; altera_reserved_tck ; 100.000      ; -0.072     ; 6.682      ;
; 93.290 ; sld_hub:auto_hub|alt_sld_fab_with_jtag_input:\instrumentation_fabric_with_node_gen:fabric_gen_new_way:with_jtag_input_gen:instrumentation_fabric|alt_sld_fab:instrumentation_fabric|alt_sld_fab_alt_sld_fab:alt_sld_fab|alt_sld_fab_alt_sld_fab_sldfabric:sldfabric|sld_jtag_hub:\jtag_hub_gen:real_sld_jtag_hub|virtual_ir_scan_reg                ; jtag_to_avalon_mst_brg_01:u_jtag_avmm|jtag_to_avalon_mst_brg_01_master_0:master_0|altera_avalon_st_jtag_interface:jtag_phy_embedded_in_jtag_master|altera_jtag_dc_streaming:normal.jtag_dc_streaming|altera_jtag_streaming:jtag_streaming|valid_write_data_length_byte_counter[17]                                   ; altera_reserved_tck ; altera_reserved_tck ; 100.000      ; -0.074     ; 6.655      ;
; 93.290 ; sld_hub:auto_hub|alt_sld_fab_with_jtag_input:\instrumentation_fabric_with_node_gen:fabric_gen_new_way:with_jtag_input_gen:instrumentation_fabric|alt_sld_fab:instrumentation_fabric|alt_sld_fab_alt_sld_fab:alt_sld_fab|alt_sld_fab_alt_sld_fab_sldfabric:sldfabric|sld_jtag_hub:\jtag_hub_gen:real_sld_jtag_hub|virtual_ir_scan_reg                ; jtag_to_avalon_mst_brg_01:u_jtag_avmm|jtag_to_avalon_mst_brg_01_master_0:master_0|altera_avalon_st_jtag_interface:jtag_phy_embedded_in_jtag_master|altera_jtag_dc_streaming:normal.jtag_dc_streaming|altera_jtag_streaming:jtag_streaming|valid_write_data_length_byte_counter[15]                                   ; altera_reserved_tck ; altera_reserved_tck ; 100.000      ; -0.074     ; 6.655      ;
; 93.290 ; sld_hub:auto_hub|alt_sld_fab_with_jtag_input:\instrumentation_fabric_with_node_gen:fabric_gen_new_way:with_jtag_input_gen:instrumentation_fabric|alt_sld_fab:instrumentation_fabric|alt_sld_fab_alt_sld_fab:alt_sld_fab|alt_sld_fab_alt_sld_fab_sldfabric:sldfabric|sld_jtag_hub:\jtag_hub_gen:real_sld_jtag_hub|virtual_ir_scan_reg                ; jtag_to_avalon_mst_brg_01:u_jtag_avmm|jtag_to_avalon_mst_brg_01_master_0:master_0|altera_avalon_st_jtag_interface:jtag_phy_embedded_in_jtag_master|altera_jtag_dc_streaming:normal.jtag_dc_streaming|altera_jtag_streaming:jtag_streaming|valid_write_data_length_byte_counter[16]                                   ; altera_reserved_tck ; altera_reserved_tck ; 100.000      ; -0.074     ; 6.655      ;
; 93.290 ; sld_hub:auto_hub|alt_sld_fab_with_jtag_input:\instrumentation_fabric_with_node_gen:fabric_gen_new_way:with_jtag_input_gen:instrumentation_fabric|alt_sld_fab:instrumentation_fabric|alt_sld_fab_alt_sld_fab:alt_sld_fab|alt_sld_fab_alt_sld_fab_sldfabric:sldfabric|sld_jtag_hub:\jtag_hub_gen:real_sld_jtag_hub|virtual_ir_scan_reg                ; jtag_to_avalon_mst_brg_01:u_jtag_avmm|jtag_to_avalon_mst_brg_01_master_0:master_0|altera_avalon_st_jtag_interface:jtag_phy_embedded_in_jtag_master|altera_jtag_dc_streaming:normal.jtag_dc_streaming|altera_jtag_streaming:jtag_streaming|valid_write_data_length_byte_counter[18]                                   ; altera_reserved_tck ; altera_reserved_tck ; 100.000      ; -0.074     ; 6.655      ;
; 93.580 ; sld_hub:auto_hub|alt_sld_fab_with_jtag_input:\instrumentation_fabric_with_node_gen:fabric_gen_new_way:with_jtag_input_gen:instrumentation_fabric|alt_sld_fab:instrumentation_fabric|alt_sld_fab_alt_sld_fab:alt_sld_fab|splitter_nodes_receive_0[3]                                                                                                 ; jtag_to_avalon_mst_brg_01:u_jtag_avmm|jtag_to_avalon_mst_brg_01_master_0:master_0|altera_avalon_st_jtag_interface:jtag_phy_embedded_in_jtag_master|altera_jtag_dc_streaming:normal.jtag_dc_streaming|altera_jtag_streaming:jtag_streaming|valid_write_data_length_byte_counter[3]                                    ; altera_reserved_tck ; altera_reserved_tck ; 100.000      ; -0.066     ; 6.373      ;
; 93.580 ; sld_hub:auto_hub|alt_sld_fab_with_jtag_input:\instrumentation_fabric_with_node_gen:fabric_gen_new_way:with_jtag_input_gen:instrumentation_fabric|alt_sld_fab:instrumentation_fabric|alt_sld_fab_alt_sld_fab:alt_sld_fab|splitter_nodes_receive_0[3]                                                                                                 ; jtag_to_avalon_mst_brg_01:u_jtag_avmm|jtag_to_avalon_mst_brg_01_master_0:master_0|altera_avalon_st_jtag_interface:jtag_phy_embedded_in_jtag_master|altera_jtag_dc_streaming:normal.jtag_dc_streaming|altera_jtag_streaming:jtag_streaming|valid_write_data_length_byte_counter[4]                                    ; altera_reserved_tck ; altera_reserved_tck ; 100.000      ; -0.066     ; 6.373      ;
; 93.580 ; sld_hub:auto_hub|alt_sld_fab_with_jtag_input:\instrumentation_fabric_with_node_gen:fabric_gen_new_way:with_jtag_input_gen:instrumentation_fabric|alt_sld_fab:instrumentation_fabric|alt_sld_fab_alt_sld_fab:alt_sld_fab|splitter_nodes_receive_0[3]                                                                                                 ; jtag_to_avalon_mst_brg_01:u_jtag_avmm|jtag_to_avalon_mst_brg_01_master_0:master_0|altera_avalon_st_jtag_interface:jtag_phy_embedded_in_jtag_master|altera_jtag_dc_streaming:normal.jtag_dc_streaming|altera_jtag_streaming:jtag_streaming|valid_write_data_length_byte_counter[6]                                    ; altera_reserved_tck ; altera_reserved_tck ; 100.000      ; -0.066     ; 6.373      ;
; 93.590 ; sld_hub:auto_hub|alt_sld_fab_with_jtag_input:\instrumentation_fabric_with_node_gen:fabric_gen_new_way:with_jtag_input_gen:instrumentation_fabric|alt_sld_fab:instrumentation_fabric|alt_sld_fab_alt_sld_fab:alt_sld_fab|splitter_nodes_receive_0[3]                                                                                                 ; jtag_to_avalon_mst_brg_01:u_jtag_avmm|jtag_to_avalon_mst_brg_01_master_0:master_0|altera_avalon_st_jtag_interface:jtag_phy_embedded_in_jtag_master|altera_jtag_dc_streaming:normal.jtag_dc_streaming|altera_jtag_streaming:jtag_streaming|valid_write_data_length_byte_counter[0]                                    ; altera_reserved_tck ; altera_reserved_tck ; 100.000      ; -0.064     ; 6.365      ;
; 93.590 ; sld_hub:auto_hub|alt_sld_fab_with_jtag_input:\instrumentation_fabric_with_node_gen:fabric_gen_new_way:with_jtag_input_gen:instrumentation_fabric|alt_sld_fab:instrumentation_fabric|alt_sld_fab_alt_sld_fab:alt_sld_fab|splitter_nodes_receive_0[3]                                                                                                 ; jtag_to_avalon_mst_brg_01:u_jtag_avmm|jtag_to_avalon_mst_brg_01_master_0:master_0|altera_avalon_st_jtag_interface:jtag_phy_embedded_in_jtag_master|altera_jtag_dc_streaming:normal.jtag_dc_streaming|altera_jtag_streaming:jtag_streaming|valid_write_data_length_byte_counter[1]                                    ; altera_reserved_tck ; altera_reserved_tck ; 100.000      ; -0.064     ; 6.365      ;
; 93.590 ; sld_hub:auto_hub|alt_sld_fab_with_jtag_input:\instrumentation_fabric_with_node_gen:fabric_gen_new_way:with_jtag_input_gen:instrumentation_fabric|alt_sld_fab:instrumentation_fabric|alt_sld_fab_alt_sld_fab:alt_sld_fab|splitter_nodes_receive_0[3]                                                                                                 ; jtag_to_avalon_mst_brg_01:u_jtag_avmm|jtag_to_avalon_mst_brg_01_master_0:master_0|altera_avalon_st_jtag_interface:jtag_phy_embedded_in_jtag_master|altera_jtag_dc_streaming:normal.jtag_dc_streaming|altera_jtag_streaming:jtag_streaming|valid_write_data_length_byte_counter[2]                                    ; altera_reserved_tck ; altera_reserved_tck ; 100.000      ; -0.064     ; 6.365      ;
; 93.590 ; sld_hub:auto_hub|alt_sld_fab_with_jtag_input:\instrumentation_fabric_with_node_gen:fabric_gen_new_way:with_jtag_input_gen:instrumentation_fabric|alt_sld_fab:instrumentation_fabric|alt_sld_fab_alt_sld_fab:alt_sld_fab|splitter_nodes_receive_0[3]                                                                                                 ; jtag_to_avalon_mst_brg_01:u_jtag_avmm|jtag_to_avalon_mst_brg_01_master_0:master_0|altera_avalon_st_jtag_interface:jtag_phy_embedded_in_jtag_master|altera_jtag_dc_streaming:normal.jtag_dc_streaming|altera_jtag_streaming:jtag_streaming|valid_write_data_length_byte_counter[5]                                    ; altera_reserved_tck ; altera_reserved_tck ; 100.000      ; -0.064     ; 6.365      ;
; 93.590 ; sld_hub:auto_hub|alt_sld_fab_with_jtag_input:\instrumentation_fabric_with_node_gen:fabric_gen_new_way:with_jtag_input_gen:instrumentation_fabric|alt_sld_fab:instrumentation_fabric|alt_sld_fab_alt_sld_fab:alt_sld_fab|splitter_nodes_receive_0[3]                                                                                                 ; jtag_to_avalon_mst_brg_01:u_jtag_avmm|jtag_to_avalon_mst_brg_01_master_0:master_0|altera_avalon_st_jtag_interface:jtag_phy_embedded_in_jtag_master|altera_jtag_dc_streaming:normal.jtag_dc_streaming|altera_jtag_streaming:jtag_streaming|valid_write_data_length_byte_counter[7]                                    ; altera_reserved_tck ; altera_reserved_tck ; 100.000      ; -0.064     ; 6.365      ;
; 93.632 ; sld_hub:auto_hub|alt_sld_fab_with_jtag_input:\instrumentation_fabric_with_node_gen:fabric_gen_new_way:with_jtag_input_gen:instrumentation_fabric|alt_sld_fab:instrumentation_fabric|alt_sld_fab_alt_sld_fab:alt_sld_fab|alt_sld_fab_alt_sld_fab_sldfabric:sldfabric|sld_jtag_hub:\jtag_hub_gen:real_sld_jtag_hub|sld_shadow_jsm:shadow_jsm|state[4] ; jtag_to_avalon_mst_brg_01:u_jtag_avmm|jtag_to_avalon_mst_brg_01_master_0:master_0|altera_avalon_st_jtag_interface:jtag_phy_embedded_in_jtag_master|altera_jtag_dc_streaming:normal.jtag_dc_streaming|altera_jtag_streaming:jtag_streaming|valid_write_data_length_byte_counter[3]                                    ; altera_reserved_tck ; altera_reserved_tck ; 100.000      ; -0.080     ; 6.307      ;
; 93.632 ; sld_hub:auto_hub|alt_sld_fab_with_jtag_input:\instrumentation_fabric_with_node_gen:fabric_gen_new_way:with_jtag_input_gen:instrumentation_fabric|alt_sld_fab:instrumentation_fabric|alt_sld_fab_alt_sld_fab:alt_sld_fab|alt_sld_fab_alt_sld_fab_sldfabric:sldfabric|sld_jtag_hub:\jtag_hub_gen:real_sld_jtag_hub|sld_shadow_jsm:shadow_jsm|state[4] ; jtag_to_avalon_mst_brg_01:u_jtag_avmm|jtag_to_avalon_mst_brg_01_master_0:master_0|altera_avalon_st_jtag_interface:jtag_phy_embedded_in_jtag_master|altera_jtag_dc_streaming:normal.jtag_dc_streaming|altera_jtag_streaming:jtag_streaming|valid_write_data_length_byte_counter[4]                                    ; altera_reserved_tck ; altera_reserved_tck ; 100.000      ; -0.080     ; 6.307      ;
; 93.632 ; sld_hub:auto_hub|alt_sld_fab_with_jtag_input:\instrumentation_fabric_with_node_gen:fabric_gen_new_way:with_jtag_input_gen:instrumentation_fabric|alt_sld_fab:instrumentation_fabric|alt_sld_fab_alt_sld_fab:alt_sld_fab|alt_sld_fab_alt_sld_fab_sldfabric:sldfabric|sld_jtag_hub:\jtag_hub_gen:real_sld_jtag_hub|sld_shadow_jsm:shadow_jsm|state[4] ; jtag_to_avalon_mst_brg_01:u_jtag_avmm|jtag_to_avalon_mst_brg_01_master_0:master_0|altera_avalon_st_jtag_interface:jtag_phy_embedded_in_jtag_master|altera_jtag_dc_streaming:normal.jtag_dc_streaming|altera_jtag_streaming:jtag_streaming|valid_write_data_length_byte_counter[6]                                    ; altera_reserved_tck ; altera_reserved_tck ; 100.000      ; -0.080     ; 6.307      ;
; 93.642 ; sld_hub:auto_hub|alt_sld_fab_with_jtag_input:\instrumentation_fabric_with_node_gen:fabric_gen_new_way:with_jtag_input_gen:instrumentation_fabric|alt_sld_fab:instrumentation_fabric|alt_sld_fab_alt_sld_fab:alt_sld_fab|alt_sld_fab_alt_sld_fab_sldfabric:sldfabric|sld_jtag_hub:\jtag_hub_gen:real_sld_jtag_hub|sld_shadow_jsm:shadow_jsm|state[4] ; jtag_to_avalon_mst_brg_01:u_jtag_avmm|jtag_to_avalon_mst_brg_01_master_0:master_0|altera_avalon_st_jtag_interface:jtag_phy_embedded_in_jtag_master|altera_jtag_dc_streaming:normal.jtag_dc_streaming|altera_jtag_streaming:jtag_streaming|valid_write_data_length_byte_counter[0]                                    ; altera_reserved_tck ; altera_reserved_tck ; 100.000      ; -0.078     ; 6.299      ;
; 93.642 ; sld_hub:auto_hub|alt_sld_fab_with_jtag_input:\instrumentation_fabric_with_node_gen:fabric_gen_new_way:with_jtag_input_gen:instrumentation_fabric|alt_sld_fab:instrumentation_fabric|alt_sld_fab_alt_sld_fab:alt_sld_fab|alt_sld_fab_alt_sld_fab_sldfabric:sldfabric|sld_jtag_hub:\jtag_hub_gen:real_sld_jtag_hub|sld_shadow_jsm:shadow_jsm|state[4] ; jtag_to_avalon_mst_brg_01:u_jtag_avmm|jtag_to_avalon_mst_brg_01_master_0:master_0|altera_avalon_st_jtag_interface:jtag_phy_embedded_in_jtag_master|altera_jtag_dc_streaming:normal.jtag_dc_streaming|altera_jtag_streaming:jtag_streaming|valid_write_data_length_byte_counter[1]                                    ; altera_reserved_tck ; altera_reserved_tck ; 100.000      ; -0.078     ; 6.299      ;
; 93.642 ; sld_hub:auto_hub|alt_sld_fab_with_jtag_input:\instrumentation_fabric_with_node_gen:fabric_gen_new_way:with_jtag_input_gen:instrumentation_fabric|alt_sld_fab:instrumentation_fabric|alt_sld_fab_alt_sld_fab:alt_sld_fab|alt_sld_fab_alt_sld_fab_sldfabric:sldfabric|sld_jtag_hub:\jtag_hub_gen:real_sld_jtag_hub|sld_shadow_jsm:shadow_jsm|state[4] ; jtag_to_avalon_mst_brg_01:u_jtag_avmm|jtag_to_avalon_mst_brg_01_master_0:master_0|altera_avalon_st_jtag_interface:jtag_phy_embedded_in_jtag_master|altera_jtag_dc_streaming:normal.jtag_dc_streaming|altera_jtag_streaming:jtag_streaming|valid_write_data_length_byte_counter[2]                                    ; altera_reserved_tck ; altera_reserved_tck ; 100.000      ; -0.078     ; 6.299      ;
; 93.642 ; sld_hub:auto_hub|alt_sld_fab_with_jtag_input:\instrumentation_fabric_with_node_gen:fabric_gen_new_way:with_jtag_input_gen:instrumentation_fabric|alt_sld_fab:instrumentation_fabric|alt_sld_fab_alt_sld_fab:alt_sld_fab|alt_sld_fab_alt_sld_fab_sldfabric:sldfabric|sld_jtag_hub:\jtag_hub_gen:real_sld_jtag_hub|sld_shadow_jsm:shadow_jsm|state[4] ; jtag_to_avalon_mst_brg_01:u_jtag_avmm|jtag_to_avalon_mst_brg_01_master_0:master_0|altera_avalon_st_jtag_interface:jtag_phy_embedded_in_jtag_master|altera_jtag_dc_streaming:normal.jtag_dc_streaming|altera_jtag_streaming:jtag_streaming|valid_write_data_length_byte_counter[5]                                    ; altera_reserved_tck ; altera_reserved_tck ; 100.000      ; -0.078     ; 6.299      ;
; 93.642 ; sld_hub:auto_hub|alt_sld_fab_with_jtag_input:\instrumentation_fabric_with_node_gen:fabric_gen_new_way:with_jtag_input_gen:instrumentation_fabric|alt_sld_fab:instrumentation_fabric|alt_sld_fab_alt_sld_fab:alt_sld_fab|alt_sld_fab_alt_sld_fab_sldfabric:sldfabric|sld_jtag_hub:\jtag_hub_gen:real_sld_jtag_hub|sld_shadow_jsm:shadow_jsm|state[4] ; jtag_to_avalon_mst_brg_01:u_jtag_avmm|jtag_to_avalon_mst_brg_01_master_0:master_0|altera_avalon_st_jtag_interface:jtag_phy_embedded_in_jtag_master|altera_jtag_dc_streaming:normal.jtag_dc_streaming|altera_jtag_streaming:jtag_streaming|valid_write_data_length_byte_counter[7]                                    ; altera_reserved_tck ; altera_reserved_tck ; 100.000      ; -0.078     ; 6.299      ;
; 93.656 ; sld_hub:auto_hub|alt_sld_fab_with_jtag_input:\instrumentation_fabric_with_node_gen:fabric_gen_new_way:with_jtag_input_gen:instrumentation_fabric|alt_sld_fab:instrumentation_fabric|alt_sld_fab_alt_sld_fab:alt_sld_fab|splitter_nodes_receive_0[3]                                                                                                 ; jtag_to_avalon_mst_brg_01:u_jtag_avmm|jtag_to_avalon_mst_brg_01_master_0:master_0|altera_avalon_st_jtag_interface:jtag_phy_embedded_in_jtag_master|altera_jtag_dc_streaming:normal.jtag_dc_streaming|altera_jtag_streaming:jtag_streaming|valid_write_data_length_byte_counter[8]                                    ; altera_reserved_tck ; altera_reserved_tck ; 100.000      ; -0.068     ; 6.295      ;
; 93.656 ; sld_hub:auto_hub|alt_sld_fab_with_jtag_input:\instrumentation_fabric_with_node_gen:fabric_gen_new_way:with_jtag_input_gen:instrumentation_fabric|alt_sld_fab:instrumentation_fabric|alt_sld_fab_alt_sld_fab:alt_sld_fab|splitter_nodes_receive_0[3]                                                                                                 ; jtag_to_avalon_mst_brg_01:u_jtag_avmm|jtag_to_avalon_mst_brg_01_master_0:master_0|altera_avalon_st_jtag_interface:jtag_phy_embedded_in_jtag_master|altera_jtag_dc_streaming:normal.jtag_dc_streaming|altera_jtag_streaming:jtag_streaming|valid_write_data_length_byte_counter[9]                                    ; altera_reserved_tck ; altera_reserved_tck ; 100.000      ; -0.068     ; 6.295      ;
; 93.656 ; sld_hub:auto_hub|alt_sld_fab_with_jtag_input:\instrumentation_fabric_with_node_gen:fabric_gen_new_way:with_jtag_input_gen:instrumentation_fabric|alt_sld_fab:instrumentation_fabric|alt_sld_fab_alt_sld_fab:alt_sld_fab|splitter_nodes_receive_0[3]                                                                                                 ; jtag_to_avalon_mst_brg_01:u_jtag_avmm|jtag_to_avalon_mst_brg_01_master_0:master_0|altera_avalon_st_jtag_interface:jtag_phy_embedded_in_jtag_master|altera_jtag_dc_streaming:normal.jtag_dc_streaming|altera_jtag_streaming:jtag_streaming|valid_write_data_length_byte_counter[10]                                   ; altera_reserved_tck ; altera_reserved_tck ; 100.000      ; -0.068     ; 6.295      ;
; 93.656 ; sld_hub:auto_hub|alt_sld_fab_with_jtag_input:\instrumentation_fabric_with_node_gen:fabric_gen_new_way:with_jtag_input_gen:instrumentation_fabric|alt_sld_fab:instrumentation_fabric|alt_sld_fab_alt_sld_fab:alt_sld_fab|splitter_nodes_receive_0[3]                                                                                                 ; jtag_to_avalon_mst_brg_01:u_jtag_avmm|jtag_to_avalon_mst_brg_01_master_0:master_0|altera_avalon_st_jtag_interface:jtag_phy_embedded_in_jtag_master|altera_jtag_dc_streaming:normal.jtag_dc_streaming|altera_jtag_streaming:jtag_streaming|valid_write_data_length_byte_counter[11]                                   ; altera_reserved_tck ; altera_reserved_tck ; 100.000      ; -0.068     ; 6.295      ;
; 93.656 ; sld_hub:auto_hub|alt_sld_fab_with_jtag_input:\instrumentation_fabric_with_node_gen:fabric_gen_new_way:with_jtag_input_gen:instrumentation_fabric|alt_sld_fab:instrumentation_fabric|alt_sld_fab_alt_sld_fab:alt_sld_fab|splitter_nodes_receive_0[3]                                                                                                 ; jtag_to_avalon_mst_brg_01:u_jtag_avmm|jtag_to_avalon_mst_brg_01_master_0:master_0|altera_avalon_st_jtag_interface:jtag_phy_embedded_in_jtag_master|altera_jtag_dc_streaming:normal.jtag_dc_streaming|altera_jtag_streaming:jtag_streaming|valid_write_data_length_byte_counter[13]                                   ; altera_reserved_tck ; altera_reserved_tck ; 100.000      ; -0.068     ; 6.295      ;
; 93.708 ; sld_hub:auto_hub|alt_sld_fab_with_jtag_input:\instrumentation_fabric_with_node_gen:fabric_gen_new_way:with_jtag_input_gen:instrumentation_fabric|alt_sld_fab:instrumentation_fabric|alt_sld_fab_alt_sld_fab:alt_sld_fab|alt_sld_fab_alt_sld_fab_sldfabric:sldfabric|sld_jtag_hub:\jtag_hub_gen:real_sld_jtag_hub|sld_shadow_jsm:shadow_jsm|state[4] ; jtag_to_avalon_mst_brg_01:u_jtag_avmm|jtag_to_avalon_mst_brg_01_master_0:master_0|altera_avalon_st_jtag_interface:jtag_phy_embedded_in_jtag_master|altera_jtag_dc_streaming:normal.jtag_dc_streaming|altera_jtag_streaming:jtag_streaming|valid_write_data_length_byte_counter[8]                                    ; altera_reserved_tck ; altera_reserved_tck ; 100.000      ; -0.082     ; 6.229      ;
; 93.708 ; sld_hub:auto_hub|alt_sld_fab_with_jtag_input:\instrumentation_fabric_with_node_gen:fabric_gen_new_way:with_jtag_input_gen:instrumentation_fabric|alt_sld_fab:instrumentation_fabric|alt_sld_fab_alt_sld_fab:alt_sld_fab|alt_sld_fab_alt_sld_fab_sldfabric:sldfabric|sld_jtag_hub:\jtag_hub_gen:real_sld_jtag_hub|sld_shadow_jsm:shadow_jsm|state[4] ; jtag_to_avalon_mst_brg_01:u_jtag_avmm|jtag_to_avalon_mst_brg_01_master_0:master_0|altera_avalon_st_jtag_interface:jtag_phy_embedded_in_jtag_master|altera_jtag_dc_streaming:normal.jtag_dc_streaming|altera_jtag_streaming:jtag_streaming|valid_write_data_length_byte_counter[9]                                    ; altera_reserved_tck ; altera_reserved_tck ; 100.000      ; -0.082     ; 6.229      ;
; 93.708 ; sld_hub:auto_hub|alt_sld_fab_with_jtag_input:\instrumentation_fabric_with_node_gen:fabric_gen_new_way:with_jtag_input_gen:instrumentation_fabric|alt_sld_fab:instrumentation_fabric|alt_sld_fab_alt_sld_fab:alt_sld_fab|alt_sld_fab_alt_sld_fab_sldfabric:sldfabric|sld_jtag_hub:\jtag_hub_gen:real_sld_jtag_hub|sld_shadow_jsm:shadow_jsm|state[4] ; jtag_to_avalon_mst_brg_01:u_jtag_avmm|jtag_to_avalon_mst_brg_01_master_0:master_0|altera_avalon_st_jtag_interface:jtag_phy_embedded_in_jtag_master|altera_jtag_dc_streaming:normal.jtag_dc_streaming|altera_jtag_streaming:jtag_streaming|valid_write_data_length_byte_counter[10]                                   ; altera_reserved_tck ; altera_reserved_tck ; 100.000      ; -0.082     ; 6.229      ;
; 93.708 ; sld_hub:auto_hub|alt_sld_fab_with_jtag_input:\instrumentation_fabric_with_node_gen:fabric_gen_new_way:with_jtag_input_gen:instrumentation_fabric|alt_sld_fab:instrumentation_fabric|alt_sld_fab_alt_sld_fab:alt_sld_fab|alt_sld_fab_alt_sld_fab_sldfabric:sldfabric|sld_jtag_hub:\jtag_hub_gen:real_sld_jtag_hub|sld_shadow_jsm:shadow_jsm|state[4] ; jtag_to_avalon_mst_brg_01:u_jtag_avmm|jtag_to_avalon_mst_brg_01_master_0:master_0|altera_avalon_st_jtag_interface:jtag_phy_embedded_in_jtag_master|altera_jtag_dc_streaming:normal.jtag_dc_streaming|altera_jtag_streaming:jtag_streaming|valid_write_data_length_byte_counter[11]                                   ; altera_reserved_tck ; altera_reserved_tck ; 100.000      ; -0.082     ; 6.229      ;
; 93.708 ; sld_hub:auto_hub|alt_sld_fab_with_jtag_input:\instrumentation_fabric_with_node_gen:fabric_gen_new_way:with_jtag_input_gen:instrumentation_fabric|alt_sld_fab:instrumentation_fabric|alt_sld_fab_alt_sld_fab:alt_sld_fab|alt_sld_fab_alt_sld_fab_sldfabric:sldfabric|sld_jtag_hub:\jtag_hub_gen:real_sld_jtag_hub|sld_shadow_jsm:shadow_jsm|state[4] ; jtag_to_avalon_mst_brg_01:u_jtag_avmm|jtag_to_avalon_mst_brg_01_master_0:master_0|altera_avalon_st_jtag_interface:jtag_phy_embedded_in_jtag_master|altera_jtag_dc_streaming:normal.jtag_dc_streaming|altera_jtag_streaming:jtag_streaming|valid_write_data_length_byte_counter[13]                                   ; altera_reserved_tck ; altera_reserved_tck ; 100.000      ; -0.082     ; 6.229      ;
; 93.801 ; sld_hub:auto_hub|alt_sld_fab_with_jtag_input:\instrumentation_fabric_with_node_gen:fabric_gen_new_way:with_jtag_input_gen:instrumentation_fabric|alt_sld_fab:instrumentation_fabric|alt_sld_fab_alt_sld_fab:alt_sld_fab|splitter_nodes_receive_0[3]                                                                                                 ; jtag_to_avalon_mst_brg_01:u_jtag_avmm|jtag_to_avalon_mst_brg_01_master_0:master_0|altera_avalon_st_jtag_interface:jtag_phy_embedded_in_jtag_master|altera_jtag_dc_streaming:normal.jtag_dc_streaming|altera_jtag_streaming:jtag_streaming|valid_write_data_length_byte_counter[12]                                   ; altera_reserved_tck ; altera_reserved_tck ; 100.000      ; -0.070     ; 6.148      ;
; 93.801 ; sld_hub:auto_hub|alt_sld_fab_with_jtag_input:\instrumentation_fabric_with_node_gen:fabric_gen_new_way:with_jtag_input_gen:instrumentation_fabric|alt_sld_fab:instrumentation_fabric|alt_sld_fab_alt_sld_fab:alt_sld_fab|splitter_nodes_receive_0[3]                                                                                                 ; jtag_to_avalon_mst_brg_01:u_jtag_avmm|jtag_to_avalon_mst_brg_01_master_0:master_0|altera_avalon_st_jtag_interface:jtag_phy_embedded_in_jtag_master|altera_jtag_dc_streaming:normal.jtag_dc_streaming|altera_jtag_streaming:jtag_streaming|valid_write_data_length_byte_counter[14]                                   ; altera_reserved_tck ; altera_reserved_tck ; 100.000      ; -0.070     ; 6.148      ;
; 93.826 ; sld_hub:auto_hub|alt_sld_fab_with_jtag_input:\instrumentation_fabric_with_node_gen:fabric_gen_new_way:with_jtag_input_gen:instrumentation_fabric|alt_sld_fab:instrumentation_fabric|alt_sld_fab_alt_sld_fab:alt_sld_fab|splitter_nodes_receive_0[3]                                                                                                 ; jtag_to_avalon_mst_brg_01:u_jtag_avmm|jtag_to_avalon_mst_brg_01_master_0:master_0|altera_avalon_st_jtag_interface:jtag_phy_embedded_in_jtag_master|altera_jtag_dc_streaming:normal.jtag_dc_streaming|altera_jtag_streaming:jtag_streaming|valid_write_data_length_byte_counter[17]                                   ; altera_reserved_tck ; altera_reserved_tck ; 100.000      ; -0.072     ; 6.121      ;
; 93.826 ; sld_hub:auto_hub|alt_sld_fab_with_jtag_input:\instrumentation_fabric_with_node_gen:fabric_gen_new_way:with_jtag_input_gen:instrumentation_fabric|alt_sld_fab:instrumentation_fabric|alt_sld_fab_alt_sld_fab:alt_sld_fab|splitter_nodes_receive_0[3]                                                                                                 ; jtag_to_avalon_mst_brg_01:u_jtag_avmm|jtag_to_avalon_mst_brg_01_master_0:master_0|altera_avalon_st_jtag_interface:jtag_phy_embedded_in_jtag_master|altera_jtag_dc_streaming:normal.jtag_dc_streaming|altera_jtag_streaming:jtag_streaming|valid_write_data_length_byte_counter[15]                                   ; altera_reserved_tck ; altera_reserved_tck ; 100.000      ; -0.072     ; 6.121      ;
; 93.826 ; sld_hub:auto_hub|alt_sld_fab_with_jtag_input:\instrumentation_fabric_with_node_gen:fabric_gen_new_way:with_jtag_input_gen:instrumentation_fabric|alt_sld_fab:instrumentation_fabric|alt_sld_fab_alt_sld_fab:alt_sld_fab|splitter_nodes_receive_0[3]                                                                                                 ; jtag_to_avalon_mst_brg_01:u_jtag_avmm|jtag_to_avalon_mst_brg_01_master_0:master_0|altera_avalon_st_jtag_interface:jtag_phy_embedded_in_jtag_master|altera_jtag_dc_streaming:normal.jtag_dc_streaming|altera_jtag_streaming:jtag_streaming|valid_write_data_length_byte_counter[16]                                   ; altera_reserved_tck ; altera_reserved_tck ; 100.000      ; -0.072     ; 6.121      ;
; 93.826 ; sld_hub:auto_hub|alt_sld_fab_with_jtag_input:\instrumentation_fabric_with_node_gen:fabric_gen_new_way:with_jtag_input_gen:instrumentation_fabric|alt_sld_fab:instrumentation_fabric|alt_sld_fab_alt_sld_fab:alt_sld_fab|splitter_nodes_receive_0[3]                                                                                                 ; jtag_to_avalon_mst_brg_01:u_jtag_avmm|jtag_to_avalon_mst_brg_01_master_0:master_0|altera_avalon_st_jtag_interface:jtag_phy_embedded_in_jtag_master|altera_jtag_dc_streaming:normal.jtag_dc_streaming|altera_jtag_streaming:jtag_streaming|valid_write_data_length_byte_counter[18]                                   ; altera_reserved_tck ; altera_reserved_tck ; 100.000      ; -0.072     ; 6.121      ;
; 93.853 ; sld_hub:auto_hub|alt_sld_fab_with_jtag_input:\instrumentation_fabric_with_node_gen:fabric_gen_new_way:with_jtag_input_gen:instrumentation_fabric|alt_sld_fab:instrumentation_fabric|alt_sld_fab_alt_sld_fab:alt_sld_fab|alt_sld_fab_alt_sld_fab_sldfabric:sldfabric|sld_jtag_hub:\jtag_hub_gen:real_sld_jtag_hub|sld_shadow_jsm:shadow_jsm|state[4] ; jtag_to_avalon_mst_brg_01:u_jtag_avmm|jtag_to_avalon_mst_brg_01_master_0:master_0|altera_avalon_st_jtag_interface:jtag_phy_embedded_in_jtag_master|altera_jtag_dc_streaming:normal.jtag_dc_streaming|altera_jtag_streaming:jtag_streaming|valid_write_data_length_byte_counter[12]                                   ; altera_reserved_tck ; altera_reserved_tck ; 100.000      ; -0.084     ; 6.082      ;
; 93.853 ; sld_hub:auto_hub|alt_sld_fab_with_jtag_input:\instrumentation_fabric_with_node_gen:fabric_gen_new_way:with_jtag_input_gen:instrumentation_fabric|alt_sld_fab:instrumentation_fabric|alt_sld_fab_alt_sld_fab:alt_sld_fab|alt_sld_fab_alt_sld_fab_sldfabric:sldfabric|sld_jtag_hub:\jtag_hub_gen:real_sld_jtag_hub|sld_shadow_jsm:shadow_jsm|state[4] ; jtag_to_avalon_mst_brg_01:u_jtag_avmm|jtag_to_avalon_mst_brg_01_master_0:master_0|altera_avalon_st_jtag_interface:jtag_phy_embedded_in_jtag_master|altera_jtag_dc_streaming:normal.jtag_dc_streaming|altera_jtag_streaming:jtag_streaming|valid_write_data_length_byte_counter[14]                                   ; altera_reserved_tck ; altera_reserved_tck ; 100.000      ; -0.084     ; 6.082      ;
; 93.878 ; sld_hub:auto_hub|alt_sld_fab_with_jtag_input:\instrumentation_fabric_with_node_gen:fabric_gen_new_way:with_jtag_input_gen:instrumentation_fabric|alt_sld_fab:instrumentation_fabric|alt_sld_fab_alt_sld_fab:alt_sld_fab|alt_sld_fab_alt_sld_fab_sldfabric:sldfabric|sld_jtag_hub:\jtag_hub_gen:real_sld_jtag_hub|sld_shadow_jsm:shadow_jsm|state[4] ; jtag_to_avalon_mst_brg_01:u_jtag_avmm|jtag_to_avalon_mst_brg_01_master_0:master_0|altera_avalon_st_jtag_interface:jtag_phy_embedded_in_jtag_master|altera_jtag_dc_streaming:normal.jtag_dc_streaming|altera_jtag_streaming:jtag_streaming|valid_write_data_length_byte_counter[17]                                   ; altera_reserved_tck ; altera_reserved_tck ; 100.000      ; -0.086     ; 6.055      ;
; 93.878 ; sld_hub:auto_hub|alt_sld_fab_with_jtag_input:\instrumentation_fabric_with_node_gen:fabric_gen_new_way:with_jtag_input_gen:instrumentation_fabric|alt_sld_fab:instrumentation_fabric|alt_sld_fab_alt_sld_fab:alt_sld_fab|alt_sld_fab_alt_sld_fab_sldfabric:sldfabric|sld_jtag_hub:\jtag_hub_gen:real_sld_jtag_hub|sld_shadow_jsm:shadow_jsm|state[4] ; jtag_to_avalon_mst_brg_01:u_jtag_avmm|jtag_to_avalon_mst_brg_01_master_0:master_0|altera_avalon_st_jtag_interface:jtag_phy_embedded_in_jtag_master|altera_jtag_dc_streaming:normal.jtag_dc_streaming|altera_jtag_streaming:jtag_streaming|valid_write_data_length_byte_counter[15]                                   ; altera_reserved_tck ; altera_reserved_tck ; 100.000      ; -0.086     ; 6.055      ;
; 93.878 ; sld_hub:auto_hub|alt_sld_fab_with_jtag_input:\instrumentation_fabric_with_node_gen:fabric_gen_new_way:with_jtag_input_gen:instrumentation_fabric|alt_sld_fab:instrumentation_fabric|alt_sld_fab_alt_sld_fab:alt_sld_fab|alt_sld_fab_alt_sld_fab_sldfabric:sldfabric|sld_jtag_hub:\jtag_hub_gen:real_sld_jtag_hub|sld_shadow_jsm:shadow_jsm|state[4] ; jtag_to_avalon_mst_brg_01:u_jtag_avmm|jtag_to_avalon_mst_brg_01_master_0:master_0|altera_avalon_st_jtag_interface:jtag_phy_embedded_in_jtag_master|altera_jtag_dc_streaming:normal.jtag_dc_streaming|altera_jtag_streaming:jtag_streaming|valid_write_data_length_byte_counter[16]                                   ; altera_reserved_tck ; altera_reserved_tck ; 100.000      ; -0.086     ; 6.055      ;
; 93.878 ; sld_hub:auto_hub|alt_sld_fab_with_jtag_input:\instrumentation_fabric_with_node_gen:fabric_gen_new_way:with_jtag_input_gen:instrumentation_fabric|alt_sld_fab:instrumentation_fabric|alt_sld_fab_alt_sld_fab:alt_sld_fab|alt_sld_fab_alt_sld_fab_sldfabric:sldfabric|sld_jtag_hub:\jtag_hub_gen:real_sld_jtag_hub|sld_shadow_jsm:shadow_jsm|state[4] ; jtag_to_avalon_mst_brg_01:u_jtag_avmm|jtag_to_avalon_mst_brg_01_master_0:master_0|altera_avalon_st_jtag_interface:jtag_phy_embedded_in_jtag_master|altera_jtag_dc_streaming:normal.jtag_dc_streaming|altera_jtag_streaming:jtag_streaming|valid_write_data_length_byte_counter[18]                                   ; altera_reserved_tck ; altera_reserved_tck ; 100.000      ; -0.086     ; 6.055      ;
; 94.049 ; jtag_to_avalon_mst_brg_01:u_jtag_avmm|jtag_to_avalon_mst_brg_01_master_0:master_0|altera_avalon_st_jtag_interface:jtag_phy_embedded_in_jtag_master|altera_jtag_dc_streaming:normal.jtag_dc_streaming|altera_jtag_streaming:jtag_streaming|padded_bit_counter[8]                                                                                     ; jtag_to_avalon_mst_brg_01:u_jtag_avmm|jtag_to_avalon_mst_brg_01_master_0:master_0|altera_avalon_st_jtag_interface:jtag_phy_embedded_in_jtag_master|altera_jtag_dc_streaming:normal.jtag_dc_streaming|altera_jtag_streaming:jtag_streaming|padded_bit_counter[7]                                                      ; altera_reserved_tck ; altera_reserved_tck ; 100.000      ; -0.062     ; 5.908      ;
; 94.049 ; jtag_to_avalon_mst_brg_01:u_jtag_avmm|jtag_to_avalon_mst_brg_01_master_0:master_0|altera_avalon_st_jtag_interface:jtag_phy_embedded_in_jtag_master|altera_jtag_dc_streaming:normal.jtag_dc_streaming|altera_jtag_streaming:jtag_streaming|padded_bit_counter[8]                                                                                     ; jtag_to_avalon_mst_brg_01:u_jtag_avmm|jtag_to_avalon_mst_brg_01_master_0:master_0|altera_avalon_st_jtag_interface:jtag_phy_embedded_in_jtag_master|altera_jtag_dc_streaming:normal.jtag_dc_streaming|altera_jtag_streaming:jtag_streaming|padded_bit_counter[6]                                                      ; altera_reserved_tck ; altera_reserved_tck ; 100.000      ; -0.062     ; 5.908      ;
; 94.049 ; jtag_to_avalon_mst_brg_01:u_jtag_avmm|jtag_to_avalon_mst_brg_01_master_0:master_0|altera_avalon_st_jtag_interface:jtag_phy_embedded_in_jtag_master|altera_jtag_dc_streaming:normal.jtag_dc_streaming|altera_jtag_streaming:jtag_streaming|padded_bit_counter[8]                                                                                     ; jtag_to_avalon_mst_brg_01:u_jtag_avmm|jtag_to_avalon_mst_brg_01_master_0:master_0|altera_avalon_st_jtag_interface:jtag_phy_embedded_in_jtag_master|altera_jtag_dc_streaming:normal.jtag_dc_streaming|altera_jtag_streaming:jtag_streaming|padded_bit_counter[5]                                                      ; altera_reserved_tck ; altera_reserved_tck ; 100.000      ; -0.062     ; 5.908      ;
; 94.049 ; jtag_to_avalon_mst_brg_01:u_jtag_avmm|jtag_to_avalon_mst_brg_01_master_0:master_0|altera_avalon_st_jtag_interface:jtag_phy_embedded_in_jtag_master|altera_jtag_dc_streaming:normal.jtag_dc_streaming|altera_jtag_streaming:jtag_streaming|padded_bit_counter[8]                                                                                     ; jtag_to_avalon_mst_brg_01:u_jtag_avmm|jtag_to_avalon_mst_brg_01_master_0:master_0|altera_avalon_st_jtag_interface:jtag_phy_embedded_in_jtag_master|altera_jtag_dc_streaming:normal.jtag_dc_streaming|altera_jtag_streaming:jtag_streaming|padded_bit_counter[4]                                                      ; altera_reserved_tck ; altera_reserved_tck ; 100.000      ; -0.062     ; 5.908      ;
; 94.049 ; jtag_to_avalon_mst_brg_01:u_jtag_avmm|jtag_to_avalon_mst_brg_01_master_0:master_0|altera_avalon_st_jtag_interface:jtag_phy_embedded_in_jtag_master|altera_jtag_dc_streaming:normal.jtag_dc_streaming|altera_jtag_streaming:jtag_streaming|padded_bit_counter[8]                                                                                     ; jtag_to_avalon_mst_brg_01:u_jtag_avmm|jtag_to_avalon_mst_brg_01_master_0:master_0|altera_avalon_st_jtag_interface:jtag_phy_embedded_in_jtag_master|altera_jtag_dc_streaming:normal.jtag_dc_streaming|altera_jtag_streaming:jtag_streaming|padded_bit_counter[3]                                                      ; altera_reserved_tck ; altera_reserved_tck ; 100.000      ; -0.062     ; 5.908      ;
; 94.049 ; jtag_to_avalon_mst_brg_01:u_jtag_avmm|jtag_to_avalon_mst_brg_01_master_0:master_0|altera_avalon_st_jtag_interface:jtag_phy_embedded_in_jtag_master|altera_jtag_dc_streaming:normal.jtag_dc_streaming|altera_jtag_streaming:jtag_streaming|padded_bit_counter[8]                                                                                     ; jtag_to_avalon_mst_brg_01:u_jtag_avmm|jtag_to_avalon_mst_brg_01_master_0:master_0|altera_avalon_st_jtag_interface:jtag_phy_embedded_in_jtag_master|altera_jtag_dc_streaming:normal.jtag_dc_streaming|altera_jtag_streaming:jtag_streaming|padded_bit_counter[0]                                                      ; altera_reserved_tck ; altera_reserved_tck ; 100.000      ; -0.062     ; 5.908      ;
; 94.114 ; sld_hub:auto_hub|alt_sld_fab_with_jtag_input:\instrumentation_fabric_with_node_gen:fabric_gen_new_way:with_jtag_input_gen:instrumentation_fabric|alt_sld_fab:instrumentation_fabric|alt_sld_fab_alt_sld_fab:alt_sld_fab|alt_sld_fab_alt_sld_fab_sldfabric:sldfabric|sld_jtag_hub:\jtag_hub_gen:real_sld_jtag_hub|virtual_ir_scan_reg                ; jtag_to_avalon_mst_brg_01:u_jtag_avmm|jtag_to_avalon_mst_brg_01_master_0:master_0|altera_avalon_st_jtag_interface:jtag_phy_embedded_in_jtag_master|altera_jtag_dc_streaming:normal.jtag_dc_streaming|altera_jtag_streaming:jtag_streaming|padded_bit_counter[7]                                                      ; altera_reserved_tck ; altera_reserved_tck ; 100.000      ; -0.078     ; 5.827      ;
; 94.114 ; sld_hub:auto_hub|alt_sld_fab_with_jtag_input:\instrumentation_fabric_with_node_gen:fabric_gen_new_way:with_jtag_input_gen:instrumentation_fabric|alt_sld_fab:instrumentation_fabric|alt_sld_fab_alt_sld_fab:alt_sld_fab|alt_sld_fab_alt_sld_fab_sldfabric:sldfabric|sld_jtag_hub:\jtag_hub_gen:real_sld_jtag_hub|virtual_ir_scan_reg                ; jtag_to_avalon_mst_brg_01:u_jtag_avmm|jtag_to_avalon_mst_brg_01_master_0:master_0|altera_avalon_st_jtag_interface:jtag_phy_embedded_in_jtag_master|altera_jtag_dc_streaming:normal.jtag_dc_streaming|altera_jtag_streaming:jtag_streaming|padded_bit_counter[6]                                                      ; altera_reserved_tck ; altera_reserved_tck ; 100.000      ; -0.078     ; 5.827      ;
; 94.114 ; sld_hub:auto_hub|alt_sld_fab_with_jtag_input:\instrumentation_fabric_with_node_gen:fabric_gen_new_way:with_jtag_input_gen:instrumentation_fabric|alt_sld_fab:instrumentation_fabric|alt_sld_fab_alt_sld_fab:alt_sld_fab|alt_sld_fab_alt_sld_fab_sldfabric:sldfabric|sld_jtag_hub:\jtag_hub_gen:real_sld_jtag_hub|virtual_ir_scan_reg                ; jtag_to_avalon_mst_brg_01:u_jtag_avmm|jtag_to_avalon_mst_brg_01_master_0:master_0|altera_avalon_st_jtag_interface:jtag_phy_embedded_in_jtag_master|altera_jtag_dc_streaming:normal.jtag_dc_streaming|altera_jtag_streaming:jtag_streaming|padded_bit_counter[5]                                                      ; altera_reserved_tck ; altera_reserved_tck ; 100.000      ; -0.078     ; 5.827      ;
; 94.114 ; sld_hub:auto_hub|alt_sld_fab_with_jtag_input:\instrumentation_fabric_with_node_gen:fabric_gen_new_way:with_jtag_input_gen:instrumentation_fabric|alt_sld_fab:instrumentation_fabric|alt_sld_fab_alt_sld_fab:alt_sld_fab|alt_sld_fab_alt_sld_fab_sldfabric:sldfabric|sld_jtag_hub:\jtag_hub_gen:real_sld_jtag_hub|virtual_ir_scan_reg                ; jtag_to_avalon_mst_brg_01:u_jtag_avmm|jtag_to_avalon_mst_brg_01_master_0:master_0|altera_avalon_st_jtag_interface:jtag_phy_embedded_in_jtag_master|altera_jtag_dc_streaming:normal.jtag_dc_streaming|altera_jtag_streaming:jtag_streaming|padded_bit_counter[4]                                                      ; altera_reserved_tck ; altera_reserved_tck ; 100.000      ; -0.078     ; 5.827      ;
; 94.114 ; sld_hub:auto_hub|alt_sld_fab_with_jtag_input:\instrumentation_fabric_with_node_gen:fabric_gen_new_way:with_jtag_input_gen:instrumentation_fabric|alt_sld_fab:instrumentation_fabric|alt_sld_fab_alt_sld_fab:alt_sld_fab|alt_sld_fab_alt_sld_fab_sldfabric:sldfabric|sld_jtag_hub:\jtag_hub_gen:real_sld_jtag_hub|virtual_ir_scan_reg                ; jtag_to_avalon_mst_brg_01:u_jtag_avmm|jtag_to_avalon_mst_brg_01_master_0:master_0|altera_avalon_st_jtag_interface:jtag_phy_embedded_in_jtag_master|altera_jtag_dc_streaming:normal.jtag_dc_streaming|altera_jtag_streaming:jtag_streaming|padded_bit_counter[3]                                                      ; altera_reserved_tck ; altera_reserved_tck ; 100.000      ; -0.078     ; 5.827      ;
; 94.114 ; sld_hub:auto_hub|alt_sld_fab_with_jtag_input:\instrumentation_fabric_with_node_gen:fabric_gen_new_way:with_jtag_input_gen:instrumentation_fabric|alt_sld_fab:instrumentation_fabric|alt_sld_fab_alt_sld_fab:alt_sld_fab|alt_sld_fab_alt_sld_fab_sldfabric:sldfabric|sld_jtag_hub:\jtag_hub_gen:real_sld_jtag_hub|virtual_ir_scan_reg                ; jtag_to_avalon_mst_brg_01:u_jtag_avmm|jtag_to_avalon_mst_brg_01_master_0:master_0|altera_avalon_st_jtag_interface:jtag_phy_embedded_in_jtag_master|altera_jtag_dc_streaming:normal.jtag_dc_streaming|altera_jtag_streaming:jtag_streaming|padded_bit_counter[0]                                                      ; altera_reserved_tck ; altera_reserved_tck ; 100.000      ; -0.078     ; 5.827      ;
; 94.157 ; jtag_to_avalon_mst_brg_01:u_jtag_avmm|jtag_to_avalon_mst_brg_01_master_0:master_0|altera_avalon_st_jtag_interface:jtag_phy_embedded_in_jtag_master|altera_jtag_dc_streaming:normal.jtag_dc_streaming|altera_jtag_streaming:jtag_streaming|padded_bit_counter[3]                                                                                     ; jtag_to_avalon_mst_brg_01:u_jtag_avmm|jtag_to_avalon_mst_brg_01_master_0:master_0|altera_avalon_st_jtag_interface:jtag_phy_embedded_in_jtag_master|altera_jtag_dc_streaming:normal.jtag_dc_streaming|altera_jtag_streaming:jtag_streaming|padded_bit_counter[7]                                                      ; altera_reserved_tck ; altera_reserved_tck ; 100.000      ; -0.069     ; 5.793      ;
; 94.157 ; jtag_to_avalon_mst_brg_01:u_jtag_avmm|jtag_to_avalon_mst_brg_01_master_0:master_0|altera_avalon_st_jtag_interface:jtag_phy_embedded_in_jtag_master|altera_jtag_dc_streaming:normal.jtag_dc_streaming|altera_jtag_streaming:jtag_streaming|padded_bit_counter[3]                                                                                     ; jtag_to_avalon_mst_brg_01:u_jtag_avmm|jtag_to_avalon_mst_brg_01_master_0:master_0|altera_avalon_st_jtag_interface:jtag_phy_embedded_in_jtag_master|altera_jtag_dc_streaming:normal.jtag_dc_streaming|altera_jtag_streaming:jtag_streaming|padded_bit_counter[6]                                                      ; altera_reserved_tck ; altera_reserved_tck ; 100.000      ; -0.069     ; 5.793      ;
; 94.157 ; jtag_to_avalon_mst_brg_01:u_jtag_avmm|jtag_to_avalon_mst_brg_01_master_0:master_0|altera_avalon_st_jtag_interface:jtag_phy_embedded_in_jtag_master|altera_jtag_dc_streaming:normal.jtag_dc_streaming|altera_jtag_streaming:jtag_streaming|padded_bit_counter[3]                                                                                     ; jtag_to_avalon_mst_brg_01:u_jtag_avmm|jtag_to_avalon_mst_brg_01_master_0:master_0|altera_avalon_st_jtag_interface:jtag_phy_embedded_in_jtag_master|altera_jtag_dc_streaming:normal.jtag_dc_streaming|altera_jtag_streaming:jtag_streaming|padded_bit_counter[5]                                                      ; altera_reserved_tck ; altera_reserved_tck ; 100.000      ; -0.069     ; 5.793      ;
; 94.157 ; jtag_to_avalon_mst_brg_01:u_jtag_avmm|jtag_to_avalon_mst_brg_01_master_0:master_0|altera_avalon_st_jtag_interface:jtag_phy_embedded_in_jtag_master|altera_jtag_dc_streaming:normal.jtag_dc_streaming|altera_jtag_streaming:jtag_streaming|padded_bit_counter[3]                                                                                     ; jtag_to_avalon_mst_brg_01:u_jtag_avmm|jtag_to_avalon_mst_brg_01_master_0:master_0|altera_avalon_st_jtag_interface:jtag_phy_embedded_in_jtag_master|altera_jtag_dc_streaming:normal.jtag_dc_streaming|altera_jtag_streaming:jtag_streaming|padded_bit_counter[4]                                                      ; altera_reserved_tck ; altera_reserved_tck ; 100.000      ; -0.069     ; 5.793      ;
; 94.157 ; jtag_to_avalon_mst_brg_01:u_jtag_avmm|jtag_to_avalon_mst_brg_01_master_0:master_0|altera_avalon_st_jtag_interface:jtag_phy_embedded_in_jtag_master|altera_jtag_dc_streaming:normal.jtag_dc_streaming|altera_jtag_streaming:jtag_streaming|padded_bit_counter[3]                                                                                     ; jtag_to_avalon_mst_brg_01:u_jtag_avmm|jtag_to_avalon_mst_brg_01_master_0:master_0|altera_avalon_st_jtag_interface:jtag_phy_embedded_in_jtag_master|altera_jtag_dc_streaming:normal.jtag_dc_streaming|altera_jtag_streaming:jtag_streaming|padded_bit_counter[3]                                                      ; altera_reserved_tck ; altera_reserved_tck ; 100.000      ; -0.069     ; 5.793      ;
; 94.157 ; jtag_to_avalon_mst_brg_01:u_jtag_avmm|jtag_to_avalon_mst_brg_01_master_0:master_0|altera_avalon_st_jtag_interface:jtag_phy_embedded_in_jtag_master|altera_jtag_dc_streaming:normal.jtag_dc_streaming|altera_jtag_streaming:jtag_streaming|padded_bit_counter[3]                                                                                     ; jtag_to_avalon_mst_brg_01:u_jtag_avmm|jtag_to_avalon_mst_brg_01_master_0:master_0|altera_avalon_st_jtag_interface:jtag_phy_embedded_in_jtag_master|altera_jtag_dc_streaming:normal.jtag_dc_streaming|altera_jtag_streaming:jtag_streaming|padded_bit_counter[0]                                                      ; altera_reserved_tck ; altera_reserved_tck ; 100.000      ; -0.069     ; 5.793      ;
; 94.162 ; jtag_to_avalon_mst_brg_01:u_jtag_avmm|jtag_to_avalon_mst_brg_01_master_0:master_0|altera_avalon_st_jtag_interface:jtag_phy_embedded_in_jtag_master|altera_jtag_dc_streaming:normal.jtag_dc_streaming|altera_jtag_streaming:jtag_streaming|padded_bit_counter[5]                                                                                     ; jtag_to_avalon_mst_brg_01:u_jtag_avmm|jtag_to_avalon_mst_brg_01_master_0:master_0|altera_avalon_st_jtag_interface:jtag_phy_embedded_in_jtag_master|altera_jtag_dc_streaming:normal.jtag_dc_streaming|altera_jtag_streaming:jtag_streaming|padded_bit_counter[7]                                                      ; altera_reserved_tck ; altera_reserved_tck ; 100.000      ; -0.069     ; 5.788      ;
; 94.162 ; jtag_to_avalon_mst_brg_01:u_jtag_avmm|jtag_to_avalon_mst_brg_01_master_0:master_0|altera_avalon_st_jtag_interface:jtag_phy_embedded_in_jtag_master|altera_jtag_dc_streaming:normal.jtag_dc_streaming|altera_jtag_streaming:jtag_streaming|padded_bit_counter[5]                                                                                     ; jtag_to_avalon_mst_brg_01:u_jtag_avmm|jtag_to_avalon_mst_brg_01_master_0:master_0|altera_avalon_st_jtag_interface:jtag_phy_embedded_in_jtag_master|altera_jtag_dc_streaming:normal.jtag_dc_streaming|altera_jtag_streaming:jtag_streaming|padded_bit_counter[6]                                                      ; altera_reserved_tck ; altera_reserved_tck ; 100.000      ; -0.069     ; 5.788      ;
; 94.162 ; jtag_to_avalon_mst_brg_01:u_jtag_avmm|jtag_to_avalon_mst_brg_01_master_0:master_0|altera_avalon_st_jtag_interface:jtag_phy_embedded_in_jtag_master|altera_jtag_dc_streaming:normal.jtag_dc_streaming|altera_jtag_streaming:jtag_streaming|padded_bit_counter[5]                                                                                     ; jtag_to_avalon_mst_brg_01:u_jtag_avmm|jtag_to_avalon_mst_brg_01_master_0:master_0|altera_avalon_st_jtag_interface:jtag_phy_embedded_in_jtag_master|altera_jtag_dc_streaming:normal.jtag_dc_streaming|altera_jtag_streaming:jtag_streaming|padded_bit_counter[5]                                                      ; altera_reserved_tck ; altera_reserved_tck ; 100.000      ; -0.069     ; 5.788      ;
; 94.162 ; jtag_to_avalon_mst_brg_01:u_jtag_avmm|jtag_to_avalon_mst_brg_01_master_0:master_0|altera_avalon_st_jtag_interface:jtag_phy_embedded_in_jtag_master|altera_jtag_dc_streaming:normal.jtag_dc_streaming|altera_jtag_streaming:jtag_streaming|padded_bit_counter[5]                                                                                     ; jtag_to_avalon_mst_brg_01:u_jtag_avmm|jtag_to_avalon_mst_brg_01_master_0:master_0|altera_avalon_st_jtag_interface:jtag_phy_embedded_in_jtag_master|altera_jtag_dc_streaming:normal.jtag_dc_streaming|altera_jtag_streaming:jtag_streaming|padded_bit_counter[4]                                                      ; altera_reserved_tck ; altera_reserved_tck ; 100.000      ; -0.069     ; 5.788      ;
+--------+-----------------------------------------------------------------------------------------------------------------------------------------------------------------------------------------------------------------------------------------------------------------------------------------------------------------------------------------------------+----------------------------------------------------------------------------------------------------------------------------------------------------------------------------------------------------------------------------------------------------------------------------------------------------------------------+---------------------+---------------------+--------------+------------+------------+


+------------------------------------------------------------------------------------------------------------------------------------------------------------------------------------------------------------------------------------------------------------------------------------------------------------------------------------------------------------------------------------------------------------------------------------------------------------------------------------------------------------------------------------------------------------------------------------------------------------------------------------------------------------------------------------------------------------------------------------------------------------------------------------------------------------------+
; Slow 1200mV 0C Model Hold: 'altera_reserved_tck'                                                                                                                                                                                                                                                                                                                                                                                                                                                                                                                                                                                                                                                                                                                                                                 ;
+-------+----------------------------------------------------------------------------------------------------------------------------------------------------------------------------------------------------------------------------------------------------------------------------------------------------------------------------------------------------------+----------------------------------------------------------------------------------------------------------------------------------------------------------------------------------------------------------------------------------------------------------------------------------------------------------------------------------------------------------+---------------------+---------------------+--------------+------------+------------+
; Slack ; From Node                                                                                                                                                                                                                                                                                                                                                ; To Node                                                                                                                                                                                                                                                                                                                                                  ; Launch Clock        ; Latch Clock         ; Relationship ; Clock Skew ; Data Delay ;
+-------+----------------------------------------------------------------------------------------------------------------------------------------------------------------------------------------------------------------------------------------------------------------------------------------------------------------------------------------------------------+----------------------------------------------------------------------------------------------------------------------------------------------------------------------------------------------------------------------------------------------------------------------------------------------------------------------------------------------------------+---------------------+---------------------+--------------+------------+------------+
; 0.355 ; jtag_to_avalon_mst_brg_01:u_jtag_avmm|jtag_to_avalon_mst_brg_01_master_0:master_0|altera_avalon_st_jtag_interface:jtag_phy_embedded_in_jtag_master|altera_jtag_dc_streaming:normal.jtag_dc_streaming|altera_avalon_st_clock_crosser:sink_crosser|altera_avalon_st_pipeline_base:output_stage|full1                                                       ; jtag_to_avalon_mst_brg_01:u_jtag_avmm|jtag_to_avalon_mst_brg_01_master_0:master_0|altera_avalon_st_jtag_interface:jtag_phy_embedded_in_jtag_master|altera_jtag_dc_streaming:normal.jtag_dc_streaming|altera_avalon_st_clock_crosser:sink_crosser|altera_avalon_st_pipeline_base:output_stage|full1                                                       ; altera_reserved_tck ; altera_reserved_tck ; 0.000        ; 0.071      ; 0.597      ;
; 0.355 ; jtag_to_avalon_mst_brg_01:u_jtag_avmm|jtag_to_avalon_mst_brg_01_master_0:master_0|altera_avalon_st_jtag_interface:jtag_phy_embedded_in_jtag_master|altera_jtag_dc_streaming:normal.jtag_dc_streaming|altera_jtag_streaming:jtag_streaming|altera_avalon_st_idle_inserter:idle_inserter|received_esc                                                      ; jtag_to_avalon_mst_brg_01:u_jtag_avmm|jtag_to_avalon_mst_brg_01_master_0:master_0|altera_avalon_st_jtag_interface:jtag_phy_embedded_in_jtag_master|altera_jtag_dc_streaming:normal.jtag_dc_streaming|altera_jtag_streaming:jtag_streaming|altera_avalon_st_idle_inserter:idle_inserter|received_esc                                                      ; altera_reserved_tck ; altera_reserved_tck ; 0.000        ; 0.071      ; 0.597      ;
; 0.355 ; jtag_to_avalon_mst_brg_01:u_jtag_avmm|jtag_to_avalon_mst_brg_01_master_0:master_0|altera_avalon_st_jtag_interface:jtag_phy_embedded_in_jtag_master|altera_jtag_dc_streaming:normal.jtag_dc_streaming|altera_avalon_st_clock_crosser:sink_crosser|altera_avalon_st_pipeline_base:output_stage|full0                                                       ; jtag_to_avalon_mst_brg_01:u_jtag_avmm|jtag_to_avalon_mst_brg_01_master_0:master_0|altera_avalon_st_jtag_interface:jtag_phy_embedded_in_jtag_master|altera_jtag_dc_streaming:normal.jtag_dc_streaming|altera_avalon_st_clock_crosser:sink_crosser|altera_avalon_st_pipeline_base:output_stage|full0                                                       ; altera_reserved_tck ; altera_reserved_tck ; 0.000        ; 0.071      ; 0.597      ;
; 0.355 ; jtag_to_avalon_mst_brg_01:u_jtag_avmm|jtag_to_avalon_mst_brg_01_master_0:master_0|altera_avalon_st_jtag_interface:jtag_phy_embedded_in_jtag_master|altera_jtag_dc_streaming:normal.jtag_dc_streaming|altera_jtag_streaming:jtag_streaming|scan_length_byte_counter[18]                                                                                   ; jtag_to_avalon_mst_brg_01:u_jtag_avmm|jtag_to_avalon_mst_brg_01_master_0:master_0|altera_avalon_st_jtag_interface:jtag_phy_embedded_in_jtag_master|altera_jtag_dc_streaming:normal.jtag_dc_streaming|altera_jtag_streaming:jtag_streaming|scan_length_byte_counter[18]                                                                                   ; altera_reserved_tck ; altera_reserved_tck ; 0.000        ; 0.071      ; 0.597      ;
; 0.355 ; jtag_to_avalon_mst_brg_01:u_jtag_avmm|jtag_to_avalon_mst_brg_01_master_0:master_0|altera_avalon_st_jtag_interface:jtag_phy_embedded_in_jtag_master|altera_jtag_dc_streaming:normal.jtag_dc_streaming|altera_jtag_streaming:jtag_streaming|read_data_bit_counter[1]                                                                                       ; jtag_to_avalon_mst_brg_01:u_jtag_avmm|jtag_to_avalon_mst_brg_01_master_0:master_0|altera_avalon_st_jtag_interface:jtag_phy_embedded_in_jtag_master|altera_jtag_dc_streaming:normal.jtag_dc_streaming|altera_jtag_streaming:jtag_streaming|read_data_bit_counter[1]                                                                                       ; altera_reserved_tck ; altera_reserved_tck ; 0.000        ; 0.071      ; 0.597      ;
; 0.355 ; sld_hub:auto_hub|alt_sld_fab_with_jtag_input:\instrumentation_fabric_with_node_gen:fabric_gen_new_way:with_jtag_input_gen:instrumentation_fabric|alt_sld_fab:instrumentation_fabric|alt_sld_fab_alt_sld_fab:alt_sld_fab|alt_sld_fab_alt_sld_fab_sldfabric:sldfabric|sld_jtag_hub:\jtag_hub_gen:real_sld_jtag_hub|hub_mode_reg[2]                         ; sld_hub:auto_hub|alt_sld_fab_with_jtag_input:\instrumentation_fabric_with_node_gen:fabric_gen_new_way:with_jtag_input_gen:instrumentation_fabric|alt_sld_fab:instrumentation_fabric|alt_sld_fab_alt_sld_fab:alt_sld_fab|alt_sld_fab_alt_sld_fab_sldfabric:sldfabric|sld_jtag_hub:\jtag_hub_gen:real_sld_jtag_hub|hub_mode_reg[2]                         ; altera_reserved_tck ; altera_reserved_tck ; 0.000        ; 0.071      ; 0.597      ;
; 0.355 ; sld_hub:auto_hub|alt_sld_fab_with_jtag_input:\instrumentation_fabric_with_node_gen:fabric_gen_new_way:with_jtag_input_gen:instrumentation_fabric|alt_sld_fab:instrumentation_fabric|alt_sld_fab_alt_sld_fab:alt_sld_fab|alt_sld_fab_alt_sld_fab_sldfabric:sldfabric|sld_jtag_hub:\jtag_hub_gen:real_sld_jtag_hub|hub_mode_reg[1]                         ; sld_hub:auto_hub|alt_sld_fab_with_jtag_input:\instrumentation_fabric_with_node_gen:fabric_gen_new_way:with_jtag_input_gen:instrumentation_fabric|alt_sld_fab:instrumentation_fabric|alt_sld_fab_alt_sld_fab:alt_sld_fab|alt_sld_fab_alt_sld_fab_sldfabric:sldfabric|sld_jtag_hub:\jtag_hub_gen:real_sld_jtag_hub|hub_mode_reg[1]                         ; altera_reserved_tck ; altera_reserved_tck ; 0.000        ; 0.071      ; 0.597      ;
; 0.355 ; sld_hub:auto_hub|alt_sld_fab_with_jtag_input:\instrumentation_fabric_with_node_gen:fabric_gen_new_way:with_jtag_input_gen:instrumentation_fabric|alt_sld_fab:instrumentation_fabric|alt_sld_fab_alt_sld_fab:alt_sld_fab|alt_sld_fab_alt_sld_fab_sldfabric:sldfabric|sld_jtag_hub:\jtag_hub_gen:real_sld_jtag_hub|tdo_bypass_reg                          ; sld_hub:auto_hub|alt_sld_fab_with_jtag_input:\instrumentation_fabric_with_node_gen:fabric_gen_new_way:with_jtag_input_gen:instrumentation_fabric|alt_sld_fab:instrumentation_fabric|alt_sld_fab_alt_sld_fab:alt_sld_fab|alt_sld_fab_alt_sld_fab_sldfabric:sldfabric|sld_jtag_hub:\jtag_hub_gen:real_sld_jtag_hub|tdo_bypass_reg                          ; altera_reserved_tck ; altera_reserved_tck ; 0.000        ; 0.071      ; 0.597      ;
; 0.355 ; sld_hub:auto_hub|alt_sld_fab_with_jtag_input:\instrumentation_fabric_with_node_gen:fabric_gen_new_way:with_jtag_input_gen:instrumentation_fabric|alt_sld_fab:instrumentation_fabric|alt_sld_fab_alt_sld_fab:alt_sld_fab|alt_sld_fab_alt_sld_fab_sldfabric:sldfabric|sld_jtag_hub:\jtag_hub_gen:real_sld_jtag_hub|sld_shadow_jsm:shadow_jsm|state[4]      ; sld_hub:auto_hub|alt_sld_fab_with_jtag_input:\instrumentation_fabric_with_node_gen:fabric_gen_new_way:with_jtag_input_gen:instrumentation_fabric|alt_sld_fab:instrumentation_fabric|alt_sld_fab_alt_sld_fab:alt_sld_fab|alt_sld_fab_alt_sld_fab_sldfabric:sldfabric|sld_jtag_hub:\jtag_hub_gen:real_sld_jtag_hub|sld_shadow_jsm:shadow_jsm|state[4]      ; altera_reserved_tck ; altera_reserved_tck ; 0.000        ; 0.071      ; 0.597      ;
; 0.355 ; sld_hub:auto_hub|alt_sld_fab_with_jtag_input:\instrumentation_fabric_with_node_gen:fabric_gen_new_way:with_jtag_input_gen:instrumentation_fabric|alt_sld_fab:instrumentation_fabric|alt_sld_fab_alt_sld_fab:alt_sld_fab|alt_sld_fab_alt_sld_fab_sldfabric:sldfabric|sld_jtag_hub:\jtag_hub_gen:real_sld_jtag_hub|sld_shadow_jsm:shadow_jsm|state[6]      ; sld_hub:auto_hub|alt_sld_fab_with_jtag_input:\instrumentation_fabric_with_node_gen:fabric_gen_new_way:with_jtag_input_gen:instrumentation_fabric|alt_sld_fab:instrumentation_fabric|alt_sld_fab_alt_sld_fab:alt_sld_fab|alt_sld_fab_alt_sld_fab_sldfabric:sldfabric|sld_jtag_hub:\jtag_hub_gen:real_sld_jtag_hub|sld_shadow_jsm:shadow_jsm|state[6]      ; altera_reserved_tck ; altera_reserved_tck ; 0.000        ; 0.071      ; 0.597      ;
; 0.356 ; jtag_to_avalon_mst_brg_01:u_jtag_avmm|jtag_to_avalon_mst_brg_01_master_0:master_0|altera_avalon_st_jtag_interface:jtag_phy_embedded_in_jtag_master|altera_jtag_dc_streaming:normal.jtag_dc_streaming|altera_jtag_streaming:jtag_streaming|scan_length_byte_counter[0]                                                                                    ; jtag_to_avalon_mst_brg_01:u_jtag_avmm|jtag_to_avalon_mst_brg_01_master_0:master_0|altera_avalon_st_jtag_interface:jtag_phy_embedded_in_jtag_master|altera_jtag_dc_streaming:normal.jtag_dc_streaming|altera_jtag_streaming:jtag_streaming|scan_length_byte_counter[0]                                                                                    ; altera_reserved_tck ; altera_reserved_tck ; 0.000        ; 0.070      ; 0.597      ;
; 0.356 ; jtag_to_avalon_mst_brg_01:u_jtag_avmm|jtag_to_avalon_mst_brg_01_master_0:master_0|altera_avalon_st_jtag_interface:jtag_phy_embedded_in_jtag_master|altera_jtag_dc_streaming:normal.jtag_dc_streaming|altera_jtag_streaming:jtag_streaming|scan_length_byte_counter[1]                                                                                    ; jtag_to_avalon_mst_brg_01:u_jtag_avmm|jtag_to_avalon_mst_brg_01_master_0:master_0|altera_avalon_st_jtag_interface:jtag_phy_embedded_in_jtag_master|altera_jtag_dc_streaming:normal.jtag_dc_streaming|altera_jtag_streaming:jtag_streaming|scan_length_byte_counter[1]                                                                                    ; altera_reserved_tck ; altera_reserved_tck ; 0.000        ; 0.070      ; 0.597      ;
; 0.356 ; jtag_to_avalon_mst_brg_01:u_jtag_avmm|jtag_to_avalon_mst_brg_01_master_0:master_0|altera_avalon_st_jtag_interface:jtag_phy_embedded_in_jtag_master|altera_jtag_dc_streaming:normal.jtag_dc_streaming|altera_jtag_streaming:jtag_streaming|scan_length_byte_counter[2]                                                                                    ; jtag_to_avalon_mst_brg_01:u_jtag_avmm|jtag_to_avalon_mst_brg_01_master_0:master_0|altera_avalon_st_jtag_interface:jtag_phy_embedded_in_jtag_master|altera_jtag_dc_streaming:normal.jtag_dc_streaming|altera_jtag_streaming:jtag_streaming|scan_length_byte_counter[2]                                                                                    ; altera_reserved_tck ; altera_reserved_tck ; 0.000        ; 0.070      ; 0.597      ;
; 0.356 ; jtag_to_avalon_mst_brg_01:u_jtag_avmm|jtag_to_avalon_mst_brg_01_master_0:master_0|altera_avalon_st_jtag_interface:jtag_phy_embedded_in_jtag_master|altera_jtag_dc_streaming:normal.jtag_dc_streaming|altera_jtag_streaming:jtag_streaming|scan_length_byte_counter[3]                                                                                    ; jtag_to_avalon_mst_brg_01:u_jtag_avmm|jtag_to_avalon_mst_brg_01_master_0:master_0|altera_avalon_st_jtag_interface:jtag_phy_embedded_in_jtag_master|altera_jtag_dc_streaming:normal.jtag_dc_streaming|altera_jtag_streaming:jtag_streaming|scan_length_byte_counter[3]                                                                                    ; altera_reserved_tck ; altera_reserved_tck ; 0.000        ; 0.070      ; 0.597      ;
; 0.356 ; jtag_to_avalon_mst_brg_01:u_jtag_avmm|jtag_to_avalon_mst_brg_01_master_0:master_0|altera_avalon_st_jtag_interface:jtag_phy_embedded_in_jtag_master|altera_jtag_dc_streaming:normal.jtag_dc_streaming|altera_jtag_streaming:jtag_streaming|scan_length_byte_counter[4]                                                                                    ; jtag_to_avalon_mst_brg_01:u_jtag_avmm|jtag_to_avalon_mst_brg_01_master_0:master_0|altera_avalon_st_jtag_interface:jtag_phy_embedded_in_jtag_master|altera_jtag_dc_streaming:normal.jtag_dc_streaming|altera_jtag_streaming:jtag_streaming|scan_length_byte_counter[4]                                                                                    ; altera_reserved_tck ; altera_reserved_tck ; 0.000        ; 0.070      ; 0.597      ;
; 0.356 ; jtag_to_avalon_mst_brg_01:u_jtag_avmm|jtag_to_avalon_mst_brg_01_master_0:master_0|altera_avalon_st_jtag_interface:jtag_phy_embedded_in_jtag_master|altera_jtag_dc_streaming:normal.jtag_dc_streaming|altera_jtag_streaming:jtag_streaming|scan_length_byte_counter[5]                                                                                    ; jtag_to_avalon_mst_brg_01:u_jtag_avmm|jtag_to_avalon_mst_brg_01_master_0:master_0|altera_avalon_st_jtag_interface:jtag_phy_embedded_in_jtag_master|altera_jtag_dc_streaming:normal.jtag_dc_streaming|altera_jtag_streaming:jtag_streaming|scan_length_byte_counter[5]                                                                                    ; altera_reserved_tck ; altera_reserved_tck ; 0.000        ; 0.070      ; 0.597      ;
; 0.356 ; jtag_to_avalon_mst_brg_01:u_jtag_avmm|jtag_to_avalon_mst_brg_01_master_0:master_0|altera_avalon_st_jtag_interface:jtag_phy_embedded_in_jtag_master|altera_jtag_dc_streaming:normal.jtag_dc_streaming|altera_jtag_streaming:jtag_streaming|scan_length_byte_counter[6]                                                                                    ; jtag_to_avalon_mst_brg_01:u_jtag_avmm|jtag_to_avalon_mst_brg_01_master_0:master_0|altera_avalon_st_jtag_interface:jtag_phy_embedded_in_jtag_master|altera_jtag_dc_streaming:normal.jtag_dc_streaming|altera_jtag_streaming:jtag_streaming|scan_length_byte_counter[6]                                                                                    ; altera_reserved_tck ; altera_reserved_tck ; 0.000        ; 0.070      ; 0.597      ;
; 0.356 ; jtag_to_avalon_mst_brg_01:u_jtag_avmm|jtag_to_avalon_mst_brg_01_master_0:master_0|altera_avalon_st_jtag_interface:jtag_phy_embedded_in_jtag_master|altera_jtag_dc_streaming:normal.jtag_dc_streaming|altera_jtag_streaming:jtag_streaming|scan_length_byte_counter[7]                                                                                    ; jtag_to_avalon_mst_brg_01:u_jtag_avmm|jtag_to_avalon_mst_brg_01_master_0:master_0|altera_avalon_st_jtag_interface:jtag_phy_embedded_in_jtag_master|altera_jtag_dc_streaming:normal.jtag_dc_streaming|altera_jtag_streaming:jtag_streaming|scan_length_byte_counter[7]                                                                                    ; altera_reserved_tck ; altera_reserved_tck ; 0.000        ; 0.070      ; 0.597      ;
; 0.356 ; jtag_to_avalon_mst_brg_01:u_jtag_avmm|jtag_to_avalon_mst_brg_01_master_0:master_0|altera_avalon_st_jtag_interface:jtag_phy_embedded_in_jtag_master|altera_jtag_dc_streaming:normal.jtag_dc_streaming|altera_jtag_streaming:jtag_streaming|header_out_bit_counter[1]                                                                                      ; jtag_to_avalon_mst_brg_01:u_jtag_avmm|jtag_to_avalon_mst_brg_01_master_0:master_0|altera_avalon_st_jtag_interface:jtag_phy_embedded_in_jtag_master|altera_jtag_dc_streaming:normal.jtag_dc_streaming|altera_jtag_streaming:jtag_streaming|header_out_bit_counter[1]                                                                                      ; altera_reserved_tck ; altera_reserved_tck ; 0.000        ; 0.070      ; 0.597      ;
; 0.356 ; jtag_to_avalon_mst_brg_01:u_jtag_avmm|jtag_to_avalon_mst_brg_01_master_0:master_0|altera_avalon_st_jtag_interface:jtag_phy_embedded_in_jtag_master|altera_jtag_dc_streaming:normal.jtag_dc_streaming|altera_jtag_streaming:jtag_streaming|altera_avalon_st_idle_remover:idle_remover|received_esc                                                        ; jtag_to_avalon_mst_brg_01:u_jtag_avmm|jtag_to_avalon_mst_brg_01_master_0:master_0|altera_avalon_st_jtag_interface:jtag_phy_embedded_in_jtag_master|altera_jtag_dc_streaming:normal.jtag_dc_streaming|altera_jtag_streaming:jtag_streaming|altera_avalon_st_idle_remover:idle_remover|received_esc                                                        ; altera_reserved_tck ; altera_reserved_tck ; 0.000        ; 0.070      ; 0.597      ;
; 0.356 ; jtag_to_avalon_mst_brg_01:u_jtag_avmm|jtag_to_avalon_mst_brg_01_master_0:master_0|altera_avalon_st_jtag_interface:jtag_phy_embedded_in_jtag_master|altera_jtag_dc_streaming:normal.jtag_dc_streaming|altera_jtag_streaming:jtag_streaming|write_data_bit_counter[1]                                                                                      ; jtag_to_avalon_mst_brg_01:u_jtag_avmm|jtag_to_avalon_mst_brg_01_master_0:master_0|altera_avalon_st_jtag_interface:jtag_phy_embedded_in_jtag_master|altera_jtag_dc_streaming:normal.jtag_dc_streaming|altera_jtag_streaming:jtag_streaming|write_data_bit_counter[1]                                                                                      ; altera_reserved_tck ; altera_reserved_tck ; 0.000        ; 0.070      ; 0.597      ;
; 0.356 ; jtag_to_avalon_mst_brg_01:u_jtag_avmm|jtag_to_avalon_mst_brg_01_master_0:master_0|altera_avalon_st_jtag_interface:jtag_phy_embedded_in_jtag_master|altera_jtag_dc_streaming:normal.jtag_dc_streaming|altera_jtag_streaming:jtag_streaming|header_in_bit_counter[3]                                                                                       ; jtag_to_avalon_mst_brg_01:u_jtag_avmm|jtag_to_avalon_mst_brg_01_master_0:master_0|altera_avalon_st_jtag_interface:jtag_phy_embedded_in_jtag_master|altera_jtag_dc_streaming:normal.jtag_dc_streaming|altera_jtag_streaming:jtag_streaming|header_in_bit_counter[3]                                                                                       ; altera_reserved_tck ; altera_reserved_tck ; 0.000        ; 0.070      ; 0.597      ;
; 0.356 ; jtag_to_avalon_mst_brg_01:u_jtag_avmm|jtag_to_avalon_mst_brg_01_master_0:master_0|altera_avalon_st_jtag_interface:jtag_phy_embedded_in_jtag_master|altera_jtag_dc_streaming:normal.jtag_dc_streaming|altera_jtag_streaming:jtag_streaming|header_in_bit_counter[2]                                                                                       ; jtag_to_avalon_mst_brg_01:u_jtag_avmm|jtag_to_avalon_mst_brg_01_master_0:master_0|altera_avalon_st_jtag_interface:jtag_phy_embedded_in_jtag_master|altera_jtag_dc_streaming:normal.jtag_dc_streaming|altera_jtag_streaming:jtag_streaming|header_in_bit_counter[2]                                                                                       ; altera_reserved_tck ; altera_reserved_tck ; 0.000        ; 0.070      ; 0.597      ;
; 0.356 ; jtag_to_avalon_mst_brg_01:u_jtag_avmm|jtag_to_avalon_mst_brg_01_master_0:master_0|altera_avalon_st_jtag_interface:jtag_phy_embedded_in_jtag_master|altera_jtag_dc_streaming:normal.jtag_dc_streaming|altera_jtag_streaming:jtag_streaming|header_in_bit_counter[1]                                                                                       ; jtag_to_avalon_mst_brg_01:u_jtag_avmm|jtag_to_avalon_mst_brg_01_master_0:master_0|altera_avalon_st_jtag_interface:jtag_phy_embedded_in_jtag_master|altera_jtag_dc_streaming:normal.jtag_dc_streaming|altera_jtag_streaming:jtag_streaming|header_in_bit_counter[1]                                                                                       ; altera_reserved_tck ; altera_reserved_tck ; 0.000        ; 0.070      ; 0.597      ;
; 0.356 ; jtag_to_avalon_mst_brg_01:u_jtag_avmm|jtag_to_avalon_mst_brg_01_master_0:master_0|altera_avalon_st_jtag_interface:jtag_phy_embedded_in_jtag_master|altera_jtag_dc_streaming:normal.jtag_dc_streaming|altera_jtag_streaming:jtag_streaming|dr_loopback                                                                                                    ; jtag_to_avalon_mst_brg_01:u_jtag_avmm|jtag_to_avalon_mst_brg_01_master_0:master_0|altera_avalon_st_jtag_interface:jtag_phy_embedded_in_jtag_master|altera_jtag_dc_streaming:normal.jtag_dc_streaming|altera_jtag_streaming:jtag_streaming|dr_loopback                                                                                                    ; altera_reserved_tck ; altera_reserved_tck ; 0.000        ; 0.070      ; 0.597      ;
; 0.356 ; sld_hub:auto_hub|alt_sld_fab_with_jtag_input:\instrumentation_fabric_with_node_gen:fabric_gen_new_way:with_jtag_input_gen:instrumentation_fabric|alt_sld_fab:instrumentation_fabric|alt_sld_fab_alt_sld_fab:alt_sld_fab|splitter_nodes_receive_0[3]                                                                                                      ; sld_hub:auto_hub|alt_sld_fab_with_jtag_input:\instrumentation_fabric_with_node_gen:fabric_gen_new_way:with_jtag_input_gen:instrumentation_fabric|alt_sld_fab:instrumentation_fabric|alt_sld_fab_alt_sld_fab:alt_sld_fab|splitter_nodes_receive_0[3]                                                                                                      ; altera_reserved_tck ; altera_reserved_tck ; 0.000        ; 0.070      ; 0.597      ;
; 0.356 ; sld_hub:auto_hub|alt_sld_fab_with_jtag_input:\instrumentation_fabric_with_node_gen:fabric_gen_new_way:with_jtag_input_gen:instrumentation_fabric|alt_sld_fab:instrumentation_fabric|alt_sld_fab_alt_sld_fab:alt_sld_fab|alt_sld_fab_alt_sld_fab_sldfabric:sldfabric|sld_jtag_hub:\jtag_hub_gen:real_sld_jtag_hub|hub_mode_reg[0]                         ; sld_hub:auto_hub|alt_sld_fab_with_jtag_input:\instrumentation_fabric_with_node_gen:fabric_gen_new_way:with_jtag_input_gen:instrumentation_fabric|alt_sld_fab:instrumentation_fabric|alt_sld_fab_alt_sld_fab:alt_sld_fab|alt_sld_fab_alt_sld_fab_sldfabric:sldfabric|sld_jtag_hub:\jtag_hub_gen:real_sld_jtag_hub|hub_mode_reg[0]                         ; altera_reserved_tck ; altera_reserved_tck ; 0.000        ; 0.070      ; 0.597      ;
; 0.356 ; sld_hub:auto_hub|alt_sld_fab_with_jtag_input:\instrumentation_fabric_with_node_gen:fabric_gen_new_way:with_jtag_input_gen:instrumentation_fabric|alt_sld_fab:instrumentation_fabric|alt_sld_fab_alt_sld_fab:alt_sld_fab|alt_sld_fab_alt_sld_fab_sldfabric:sldfabric|sld_jtag_hub:\jtag_hub_gen:real_sld_jtag_hub|irsr_reg[3]                             ; sld_hub:auto_hub|alt_sld_fab_with_jtag_input:\instrumentation_fabric_with_node_gen:fabric_gen_new_way:with_jtag_input_gen:instrumentation_fabric|alt_sld_fab:instrumentation_fabric|alt_sld_fab_alt_sld_fab:alt_sld_fab|alt_sld_fab_alt_sld_fab_sldfabric:sldfabric|sld_jtag_hub:\jtag_hub_gen:real_sld_jtag_hub|irsr_reg[3]                             ; altera_reserved_tck ; altera_reserved_tck ; 0.000        ; 0.070      ; 0.597      ;
; 0.356 ; sld_hub:auto_hub|alt_sld_fab_with_jtag_input:\instrumentation_fabric_with_node_gen:fabric_gen_new_way:with_jtag_input_gen:instrumentation_fabric|alt_sld_fab:instrumentation_fabric|alt_sld_fab_alt_sld_fab:alt_sld_fab|alt_sld_fab_alt_sld_fab_sldfabric:sldfabric|sld_jtag_hub:\jtag_hub_gen:real_sld_jtag_hub|sld_shadow_jsm:shadow_jsm|state[13]     ; sld_hub:auto_hub|alt_sld_fab_with_jtag_input:\instrumentation_fabric_with_node_gen:fabric_gen_new_way:with_jtag_input_gen:instrumentation_fabric|alt_sld_fab:instrumentation_fabric|alt_sld_fab_alt_sld_fab:alt_sld_fab|alt_sld_fab_alt_sld_fab_sldfabric:sldfabric|sld_jtag_hub:\jtag_hub_gen:real_sld_jtag_hub|sld_shadow_jsm:shadow_jsm|state[13]     ; altera_reserved_tck ; altera_reserved_tck ; 0.000        ; 0.070      ; 0.597      ;
; 0.356 ; sld_hub:auto_hub|alt_sld_fab_with_jtag_input:\instrumentation_fabric_with_node_gen:fabric_gen_new_way:with_jtag_input_gen:instrumentation_fabric|alt_sld_fab:instrumentation_fabric|alt_sld_fab_alt_sld_fab:alt_sld_fab|alt_sld_fab_alt_sld_fab_sldfabric:sldfabric|sld_jtag_hub:\jtag_hub_gen:real_sld_jtag_hub|sld_shadow_jsm:shadow_jsm|state[11]     ; sld_hub:auto_hub|alt_sld_fab_with_jtag_input:\instrumentation_fabric_with_node_gen:fabric_gen_new_way:with_jtag_input_gen:instrumentation_fabric|alt_sld_fab:instrumentation_fabric|alt_sld_fab_alt_sld_fab:alt_sld_fab|alt_sld_fab_alt_sld_fab_sldfabric:sldfabric|sld_jtag_hub:\jtag_hub_gen:real_sld_jtag_hub|sld_shadow_jsm:shadow_jsm|state[11]     ; altera_reserved_tck ; altera_reserved_tck ; 0.000        ; 0.070      ; 0.597      ;
; 0.356 ; sld_hub:auto_hub|alt_sld_fab_with_jtag_input:\instrumentation_fabric_with_node_gen:fabric_gen_new_way:with_jtag_input_gen:instrumentation_fabric|alt_sld_fab:instrumentation_fabric|alt_sld_fab_alt_sld_fab:alt_sld_fab|alt_sld_fab_alt_sld_fab_sldfabric:sldfabric|sld_jtag_hub:\jtag_hub_gen:real_sld_jtag_hub|sld_shadow_jsm:shadow_jsm|state[1]      ; sld_hub:auto_hub|alt_sld_fab_with_jtag_input:\instrumentation_fabric_with_node_gen:fabric_gen_new_way:with_jtag_input_gen:instrumentation_fabric|alt_sld_fab:instrumentation_fabric|alt_sld_fab_alt_sld_fab:alt_sld_fab|alt_sld_fab_alt_sld_fab_sldfabric:sldfabric|sld_jtag_hub:\jtag_hub_gen:real_sld_jtag_hub|sld_shadow_jsm:shadow_jsm|state[1]      ; altera_reserved_tck ; altera_reserved_tck ; 0.000        ; 0.070      ; 0.597      ;
; 0.356 ; sld_hub:auto_hub|alt_sld_fab_with_jtag_input:\instrumentation_fabric_with_node_gen:fabric_gen_new_way:with_jtag_input_gen:instrumentation_fabric|alt_sld_fab:instrumentation_fabric|alt_sld_fab_alt_sld_fab:alt_sld_fab|alt_sld_fab_alt_sld_fab_sldfabric:sldfabric|sld_jtag_hub:\jtag_hub_gen:real_sld_jtag_hub|sld_shadow_jsm:shadow_jsm|state[0]      ; sld_hub:auto_hub|alt_sld_fab_with_jtag_input:\instrumentation_fabric_with_node_gen:fabric_gen_new_way:with_jtag_input_gen:instrumentation_fabric|alt_sld_fab:instrumentation_fabric|alt_sld_fab_alt_sld_fab:alt_sld_fab|alt_sld_fab_alt_sld_fab_sldfabric:sldfabric|sld_jtag_hub:\jtag_hub_gen:real_sld_jtag_hub|sld_shadow_jsm:shadow_jsm|state[0]      ; altera_reserved_tck ; altera_reserved_tck ; 0.000        ; 0.070      ; 0.597      ;
; 0.357 ; jtag_to_avalon_mst_brg_01:u_jtag_avmm|jtag_to_avalon_mst_brg_01_master_0:master_0|altera_avalon_st_jtag_interface:jtag_phy_embedded_in_jtag_master|altera_jtag_dc_streaming:normal.jtag_dc_streaming|altera_jtag_streaming:jtag_streaming|dr_info[8]                                                                                                     ; jtag_to_avalon_mst_brg_01:u_jtag_avmm|jtag_to_avalon_mst_brg_01_master_0:master_0|altera_avalon_st_jtag_interface:jtag_phy_embedded_in_jtag_master|altera_jtag_dc_streaming:normal.jtag_dc_streaming|altera_jtag_streaming:jtag_streaming|dr_info[8]                                                                                                     ; altera_reserved_tck ; altera_reserved_tck ; 0.000        ; 0.069      ; 0.597      ;
; 0.357 ; jtag_to_avalon_mst_brg_01:u_jtag_avmm|jtag_to_avalon_mst_brg_01_master_0:master_0|altera_avalon_st_jtag_interface:jtag_phy_embedded_in_jtag_master|altera_jtag_dc_streaming:normal.jtag_dc_streaming|altera_jtag_streaming:jtag_streaming|dr_debug[2]                                                                                                    ; jtag_to_avalon_mst_brg_01:u_jtag_avmm|jtag_to_avalon_mst_brg_01_master_0:master_0|altera_avalon_st_jtag_interface:jtag_phy_embedded_in_jtag_master|altera_jtag_dc_streaming:normal.jtag_dc_streaming|altera_jtag_streaming:jtag_streaming|dr_debug[2]                                                                                                    ; altera_reserved_tck ; altera_reserved_tck ; 0.000        ; 0.069      ; 0.597      ;
; 0.357 ; sld_hub:auto_hub|alt_sld_fab_with_jtag_input:\instrumentation_fabric_with_node_gen:fabric_gen_new_way:with_jtag_input_gen:instrumentation_fabric|alt_sld_fab:instrumentation_fabric|alt_sld_fab_alt_sld_fab:alt_sld_fab|alt_sld_fab_alt_sld_fab_sldfabric:sldfabric|sld_jtag_hub:\jtag_hub_gen:real_sld_jtag_hub|sld_shadow_jsm:shadow_jsm|tms_cnt[2]    ; sld_hub:auto_hub|alt_sld_fab_with_jtag_input:\instrumentation_fabric_with_node_gen:fabric_gen_new_way:with_jtag_input_gen:instrumentation_fabric|alt_sld_fab:instrumentation_fabric|alt_sld_fab_alt_sld_fab:alt_sld_fab|alt_sld_fab_alt_sld_fab_sldfabric:sldfabric|sld_jtag_hub:\jtag_hub_gen:real_sld_jtag_hub|sld_shadow_jsm:shadow_jsm|tms_cnt[2]    ; altera_reserved_tck ; altera_reserved_tck ; 0.000        ; 0.069      ; 0.597      ;
; 0.357 ; sld_hub:auto_hub|alt_sld_fab_with_jtag_input:\instrumentation_fabric_with_node_gen:fabric_gen_new_way:with_jtag_input_gen:instrumentation_fabric|alt_sld_fab:instrumentation_fabric|alt_sld_fab_alt_sld_fab:alt_sld_fab|alt_sld_fab_alt_sld_fab_sldfabric:sldfabric|sld_jtag_hub:\jtag_hub_gen:real_sld_jtag_hub|sld_shadow_jsm:shadow_jsm|tms_cnt[1]    ; sld_hub:auto_hub|alt_sld_fab_with_jtag_input:\instrumentation_fabric_with_node_gen:fabric_gen_new_way:with_jtag_input_gen:instrumentation_fabric|alt_sld_fab:instrumentation_fabric|alt_sld_fab_alt_sld_fab:alt_sld_fab|alt_sld_fab_alt_sld_fab_sldfabric:sldfabric|sld_jtag_hub:\jtag_hub_gen:real_sld_jtag_hub|sld_shadow_jsm:shadow_jsm|tms_cnt[1]    ; altera_reserved_tck ; altera_reserved_tck ; 0.000        ; 0.069      ; 0.597      ;
; 0.366 ; jtag_to_avalon_mst_brg_01:u_jtag_avmm|jtag_to_avalon_mst_brg_01_master_0:master_0|altera_avalon_st_jtag_interface:jtag_phy_embedded_in_jtag_master|altera_jtag_dc_streaming:normal.jtag_dc_streaming|altera_jtag_streaming:jtag_streaming|read_data_bit_counter[0]                                                                                       ; jtag_to_avalon_mst_brg_01:u_jtag_avmm|jtag_to_avalon_mst_brg_01_master_0:master_0|altera_avalon_st_jtag_interface:jtag_phy_embedded_in_jtag_master|altera_jtag_dc_streaming:normal.jtag_dc_streaming|altera_jtag_streaming:jtag_streaming|read_data_bit_counter[0]                                                                                       ; altera_reserved_tck ; altera_reserved_tck ; 0.000        ; 0.071      ; 0.608      ;
; 0.367 ; jtag_to_avalon_mst_brg_01:u_jtag_avmm|jtag_to_avalon_mst_brg_01_master_0:master_0|altera_avalon_st_jtag_interface:jtag_phy_embedded_in_jtag_master|altera_jtag_dc_streaming:normal.jtag_dc_streaming|altera_jtag_streaming:jtag_streaming|read_state.ST_PADDED                                                                                           ; jtag_to_avalon_mst_brg_01:u_jtag_avmm|jtag_to_avalon_mst_brg_01_master_0:master_0|altera_avalon_st_jtag_interface:jtag_phy_embedded_in_jtag_master|altera_jtag_dc_streaming:normal.jtag_dc_streaming|altera_jtag_streaming:jtag_streaming|read_state.ST_PADDED                                                                                           ; altera_reserved_tck ; altera_reserved_tck ; 0.000        ; 0.070      ; 0.608      ;
; 0.367 ; jtag_to_avalon_mst_brg_01:u_jtag_avmm|jtag_to_avalon_mst_brg_01_master_0:master_0|altera_avalon_st_jtag_interface:jtag_phy_embedded_in_jtag_master|altera_jtag_dc_streaming:normal.jtag_dc_streaming|altera_jtag_streaming:jtag_streaming|header_out_bit_counter[0]                                                                                      ; jtag_to_avalon_mst_brg_01:u_jtag_avmm|jtag_to_avalon_mst_brg_01_master_0:master_0|altera_avalon_st_jtag_interface:jtag_phy_embedded_in_jtag_master|altera_jtag_dc_streaming:normal.jtag_dc_streaming|altera_jtag_streaming:jtag_streaming|header_out_bit_counter[0]                                                                                      ; altera_reserved_tck ; altera_reserved_tck ; 0.000        ; 0.070      ; 0.608      ;
; 0.367 ; jtag_to_avalon_mst_brg_01:u_jtag_avmm|jtag_to_avalon_mst_brg_01_master_0:master_0|altera_avalon_st_jtag_interface:jtag_phy_embedded_in_jtag_master|altera_jtag_dc_streaming:normal.jtag_dc_streaming|altera_jtag_streaming:jtag_streaming|write_data_bit_counter[0]                                                                                      ; jtag_to_avalon_mst_brg_01:u_jtag_avmm|jtag_to_avalon_mst_brg_01_master_0:master_0|altera_avalon_st_jtag_interface:jtag_phy_embedded_in_jtag_master|altera_jtag_dc_streaming:normal.jtag_dc_streaming|altera_jtag_streaming:jtag_streaming|write_data_bit_counter[0]                                                                                      ; altera_reserved_tck ; altera_reserved_tck ; 0.000        ; 0.070      ; 0.608      ;
; 0.367 ; jtag_to_avalon_mst_brg_01:u_jtag_avmm|jtag_to_avalon_mst_brg_01_master_0:master_0|altera_avalon_st_jtag_interface:jtag_phy_embedded_in_jtag_master|altera_jtag_dc_streaming:normal.jtag_dc_streaming|altera_jtag_streaming:jtag_streaming|header_in_bit_counter[0]                                                                                       ; jtag_to_avalon_mst_brg_01:u_jtag_avmm|jtag_to_avalon_mst_brg_01_master_0:master_0|altera_avalon_st_jtag_interface:jtag_phy_embedded_in_jtag_master|altera_jtag_dc_streaming:normal.jtag_dc_streaming|altera_jtag_streaming:jtag_streaming|header_in_bit_counter[0]                                                                                       ; altera_reserved_tck ; altera_reserved_tck ; 0.000        ; 0.070      ; 0.608      ;
; 0.368 ; sld_hub:auto_hub|alt_sld_fab_with_jtag_input:\instrumentation_fabric_with_node_gen:fabric_gen_new_way:with_jtag_input_gen:instrumentation_fabric|alt_sld_fab:instrumentation_fabric|alt_sld_fab_alt_sld_fab:alt_sld_fab|alt_sld_fab_alt_sld_fab_sldfabric:sldfabric|sld_jtag_hub:\jtag_hub_gen:real_sld_jtag_hub|sld_shadow_jsm:shadow_jsm|tms_cnt[0]    ; sld_hub:auto_hub|alt_sld_fab_with_jtag_input:\instrumentation_fabric_with_node_gen:fabric_gen_new_way:with_jtag_input_gen:instrumentation_fabric|alt_sld_fab:instrumentation_fabric|alt_sld_fab_alt_sld_fab:alt_sld_fab|alt_sld_fab_alt_sld_fab_sldfabric:sldfabric|sld_jtag_hub:\jtag_hub_gen:real_sld_jtag_hub|sld_shadow_jsm:shadow_jsm|tms_cnt[0]    ; altera_reserved_tck ; altera_reserved_tck ; 0.000        ; 0.069      ; 0.608      ;
; 0.384 ; sld_hub:auto_hub|alt_sld_fab_with_jtag_input:\instrumentation_fabric_with_node_gen:fabric_gen_new_way:with_jtag_input_gen:instrumentation_fabric|alt_sld_fab:instrumentation_fabric|alt_sld_fab_alt_sld_fab:alt_sld_fab|alt_sld_fab_alt_sld_fab_sldfabric:sldfabric|sld_jtag_hub:\jtag_hub_gen:real_sld_jtag_hub|sld_shadow_jsm:shadow_jsm|tms_cnt[1]    ; sld_hub:auto_hub|alt_sld_fab_with_jtag_input:\instrumentation_fabric_with_node_gen:fabric_gen_new_way:with_jtag_input_gen:instrumentation_fabric|alt_sld_fab:instrumentation_fabric|alt_sld_fab_alt_sld_fab:alt_sld_fab|alt_sld_fab_alt_sld_fab_sldfabric:sldfabric|sld_jtag_hub:\jtag_hub_gen:real_sld_jtag_hub|sld_shadow_jsm:shadow_jsm|tms_cnt[2]    ; altera_reserved_tck ; altera_reserved_tck ; 0.000        ; 0.069      ; 0.624      ;
; 0.388 ; sld_hub:auto_hub|alt_sld_fab_with_jtag_input:\instrumentation_fabric_with_node_gen:fabric_gen_new_way:with_jtag_input_gen:instrumentation_fabric|alt_sld_fab:instrumentation_fabric|alt_sld_fab_alt_sld_fab:alt_sld_fab|alt_sld_fab_alt_sld_fab_sldfabric:sldfabric|sld_jtag_hub:\jtag_hub_gen:real_sld_jtag_hub|sld_shadow_jsm:shadow_jsm|state[9]      ; sld_hub:auto_hub|alt_sld_fab_with_jtag_input:\instrumentation_fabric_with_node_gen:fabric_gen_new_way:with_jtag_input_gen:instrumentation_fabric|alt_sld_fab:instrumentation_fabric|alt_sld_fab_alt_sld_fab:alt_sld_fab|alt_sld_fab_alt_sld_fab_sldfabric:sldfabric|sld_jtag_hub:\jtag_hub_gen:real_sld_jtag_hub|sld_shadow_jsm:shadow_jsm|state[0]      ; altera_reserved_tck ; altera_reserved_tck ; 0.000        ; 0.070      ; 0.629      ;
; 0.391 ; sld_hub:auto_hub|alt_sld_fab_with_jtag_input:\instrumentation_fabric_with_node_gen:fabric_gen_new_way:with_jtag_input_gen:instrumentation_fabric|alt_sld_fab:instrumentation_fabric|alt_sld_fab_alt_sld_fab:alt_sld_fab|alt_sld_fab_alt_sld_fab_sldfabric:sldfabric|sld_jtag_hub:\jtag_hub_gen:real_sld_jtag_hub|sld_shadow_jsm:shadow_jsm|tms_cnt[0]    ; sld_hub:auto_hub|alt_sld_fab_with_jtag_input:\instrumentation_fabric_with_node_gen:fabric_gen_new_way:with_jtag_input_gen:instrumentation_fabric|alt_sld_fab:instrumentation_fabric|alt_sld_fab_alt_sld_fab:alt_sld_fab|alt_sld_fab_alt_sld_fab_sldfabric:sldfabric|sld_jtag_hub:\jtag_hub_gen:real_sld_jtag_hub|sld_shadow_jsm:shadow_jsm|tms_cnt[1]    ; altera_reserved_tck ; altera_reserved_tck ; 0.000        ; 0.069      ; 0.631      ;
; 0.392 ; jtag_to_avalon_mst_brg_01:u_jtag_avmm|jtag_to_avalon_mst_brg_01_master_0:master_0|altera_avalon_st_jtag_interface:jtag_phy_embedded_in_jtag_master|altera_jtag_dc_streaming:normal.jtag_dc_streaming|altera_jtag_streaming:jtag_streaming|idle_remover_sink_data[5]                                                                                      ; jtag_to_avalon_mst_brg_01:u_jtag_avmm|jtag_to_avalon_mst_brg_01_master_0:master_0|altera_avalon_st_jtag_interface:jtag_phy_embedded_in_jtag_master|altera_jtag_dc_streaming:normal.jtag_dc_streaming|altera_jtag_src_crosser:source_crosser|sink_data_buffer[5]                                                                                          ; altera_reserved_tck ; altera_reserved_tck ; 0.000        ; 0.070      ; 0.633      ;
; 0.395 ; sld_hub:auto_hub|alt_sld_fab_with_jtag_input:\instrumentation_fabric_with_node_gen:fabric_gen_new_way:with_jtag_input_gen:instrumentation_fabric|alt_sld_fab:instrumentation_fabric|alt_sld_fab_alt_sld_fab:alt_sld_fab|alt_sld_fab_alt_sld_fab_sldfabric:sldfabric|sld_jtag_hub:\jtag_hub_gen:real_sld_jtag_hub|jtag_ir_reg[1]                          ; sld_hub:auto_hub|alt_sld_fab_with_jtag_input:\instrumentation_fabric_with_node_gen:fabric_gen_new_way:with_jtag_input_gen:instrumentation_fabric|alt_sld_fab:instrumentation_fabric|alt_sld_fab_alt_sld_fab:alt_sld_fab|alt_sld_fab_alt_sld_fab_sldfabric:sldfabric|sld_jtag_hub:\jtag_hub_gen:real_sld_jtag_hub|jtag_ir_reg[0]                          ; altera_reserved_tck ; altera_reserved_tck ; 0.000        ; 0.070      ; 0.636      ;
; 0.397 ; jtag_to_avalon_mst_brg_01:u_jtag_avmm|jtag_to_avalon_mst_brg_01_master_0:master_0|altera_avalon_st_jtag_interface:jtag_phy_embedded_in_jtag_master|altera_jtag_dc_streaming:normal.jtag_dc_streaming|altera_std_synchronizer:synchronizer|dreg[0]                                                                                                        ; jtag_to_avalon_mst_brg_01:u_jtag_avmm|jtag_to_avalon_mst_brg_01_master_0:master_0|altera_avalon_st_jtag_interface:jtag_phy_embedded_in_jtag_master|altera_jtag_dc_streaming:normal.jtag_dc_streaming|altera_std_synchronizer:synchronizer|dreg[1]                                                                                                        ; altera_reserved_tck ; altera_reserved_tck ; 0.000        ; 0.071      ; 0.639      ;
; 0.398 ; jtag_to_avalon_mst_brg_01:u_jtag_avmm|jtag_to_avalon_mst_brg_01_master_0:master_0|altera_avalon_st_jtag_interface:jtag_phy_embedded_in_jtag_master|altera_jtag_dc_streaming:normal.jtag_dc_streaming|altera_avalon_st_clock_crosser:sink_crosser|altera_avalon_st_pipeline_base:output_stage|data0[4]                                                    ; jtag_to_avalon_mst_brg_01:u_jtag_avmm|jtag_to_avalon_mst_brg_01_master_0:master_0|altera_avalon_st_jtag_interface:jtag_phy_embedded_in_jtag_master|altera_jtag_dc_streaming:normal.jtag_dc_streaming|altera_avalon_st_clock_crosser:sink_crosser|altera_avalon_st_pipeline_base:output_stage|data1[4]                                                    ; altera_reserved_tck ; altera_reserved_tck ; 0.000        ; 0.070      ; 0.639      ;
; 0.398 ; jtag_to_avalon_mst_brg_01:u_jtag_avmm|jtag_to_avalon_mst_brg_01_master_0:master_0|altera_avalon_st_jtag_interface:jtag_phy_embedded_in_jtag_master|altera_jtag_dc_streaming:normal.jtag_dc_streaming|altera_std_synchronizer:synchronizer|din_s1                                                                                                         ; jtag_to_avalon_mst_brg_01:u_jtag_avmm|jtag_to_avalon_mst_brg_01_master_0:master_0|altera_avalon_st_jtag_interface:jtag_phy_embedded_in_jtag_master|altera_jtag_dc_streaming:normal.jtag_dc_streaming|altera_std_synchronizer:synchronizer|dreg[0]                                                                                                        ; altera_reserved_tck ; altera_reserved_tck ; 0.000        ; 0.071      ; 0.640      ;
; 0.398 ; sld_hub:auto_hub|alt_sld_fab_with_jtag_input:\instrumentation_fabric_with_node_gen:fabric_gen_new_way:with_jtag_input_gen:instrumentation_fabric|alt_sld_fab:instrumentation_fabric|alt_sld_fab_alt_sld_fab:alt_sld_fab|alt_sld_fab_alt_sld_fab_sldfabric:sldfabric|sld_jtag_hub:\jtag_hub_gen:real_sld_jtag_hub|sld_rom_sr:hub_info_reg|WORD_SR[2]      ; sld_hub:auto_hub|alt_sld_fab_with_jtag_input:\instrumentation_fabric_with_node_gen:fabric_gen_new_way:with_jtag_input_gen:instrumentation_fabric|alt_sld_fab:instrumentation_fabric|alt_sld_fab_alt_sld_fab:alt_sld_fab|alt_sld_fab_alt_sld_fab_sldfabric:sldfabric|sld_jtag_hub:\jtag_hub_gen:real_sld_jtag_hub|sld_rom_sr:hub_info_reg|WORD_SR[1]      ; altera_reserved_tck ; altera_reserved_tck ; 0.000        ; 0.070      ; 0.639      ;
; 0.398 ; jtag_to_avalon_mst_brg_01:u_jtag_avmm|jtag_to_avalon_mst_brg_01_master_0:master_0|altera_avalon_st_jtag_interface:jtag_phy_embedded_in_jtag_master|altera_jtag_dc_streaming:normal.jtag_dc_streaming|altera_jtag_streaming:jtag_streaming|dr_info[5]                                                                                                     ; jtag_to_avalon_mst_brg_01:u_jtag_avmm|jtag_to_avalon_mst_brg_01_master_0:master_0|altera_avalon_st_jtag_interface:jtag_phy_embedded_in_jtag_master|altera_jtag_dc_streaming:normal.jtag_dc_streaming|altera_jtag_streaming:jtag_streaming|dr_info[4]                                                                                                     ; altera_reserved_tck ; altera_reserved_tck ; 0.000        ; 0.070      ; 0.639      ;
; 0.398 ; jtag_to_avalon_mst_brg_01:u_jtag_avmm|jtag_to_avalon_mst_brg_01_master_0:master_0|altera_avalon_st_jtag_interface:jtag_phy_embedded_in_jtag_master|altera_jtag_dc_streaming:normal.jtag_dc_streaming|altera_jtag_streaming:jtag_streaming|altera_std_synchronizer:reset_to_sample_synchronizer|din_s1                                                    ; jtag_to_avalon_mst_brg_01:u_jtag_avmm|jtag_to_avalon_mst_brg_01_master_0:master_0|altera_avalon_st_jtag_interface:jtag_phy_embedded_in_jtag_master|altera_jtag_dc_streaming:normal.jtag_dc_streaming|altera_jtag_streaming:jtag_streaming|altera_std_synchronizer:reset_to_sample_synchronizer|dreg[0]                                                   ; altera_reserved_tck ; altera_reserved_tck ; 0.000        ; 0.070      ; 0.639      ;
; 0.398 ; jtag_to_avalon_mst_brg_01:u_jtag_avmm|jtag_to_avalon_mst_brg_01_master_0:master_0|altera_avalon_st_jtag_interface:jtag_phy_embedded_in_jtag_master|altera_jtag_dc_streaming:normal.jtag_dc_streaming|altera_jtag_streaming:jtag_streaming|altera_std_synchronizer:clock_to_sample_div2_synchronizer|din_s1                                               ; jtag_to_avalon_mst_brg_01:u_jtag_avmm|jtag_to_avalon_mst_brg_01_master_0:master_0|altera_avalon_st_jtag_interface:jtag_phy_embedded_in_jtag_master|altera_jtag_dc_streaming:normal.jtag_dc_streaming|altera_jtag_streaming:jtag_streaming|altera_std_synchronizer:clock_to_sample_div2_synchronizer|dreg[0]                                              ; altera_reserved_tck ; altera_reserved_tck ; 0.000        ; 0.070      ; 0.639      ;
; 0.399 ; jtag_to_avalon_mst_brg_01:u_jtag_avmm|jtag_to_avalon_mst_brg_01_master_0:master_0|altera_avalon_st_jtag_interface:jtag_phy_embedded_in_jtag_master|altera_jtag_dc_streaming:normal.jtag_dc_streaming|altera_avalon_st_clock_crosser:sink_crosser|altera_avalon_st_pipeline_base:output_stage|data0[6]                                                    ; jtag_to_avalon_mst_brg_01:u_jtag_avmm|jtag_to_avalon_mst_brg_01_master_0:master_0|altera_avalon_st_jtag_interface:jtag_phy_embedded_in_jtag_master|altera_jtag_dc_streaming:normal.jtag_dc_streaming|altera_avalon_st_clock_crosser:sink_crosser|altera_avalon_st_pipeline_base:output_stage|data1[6]                                                    ; altera_reserved_tck ; altera_reserved_tck ; 0.000        ; 0.070      ; 0.640      ;
; 0.399 ; jtag_to_avalon_mst_brg_01:u_jtag_avmm|jtag_to_avalon_mst_brg_01_master_0:master_0|altera_avalon_st_jtag_interface:jtag_phy_embedded_in_jtag_master|altera_jtag_dc_streaming:normal.jtag_dc_streaming|altera_avalon_st_clock_crosser:sink_crosser|altera_avalon_st_pipeline_base:output_stage|data0[0]                                                    ; jtag_to_avalon_mst_brg_01:u_jtag_avmm|jtag_to_avalon_mst_brg_01_master_0:master_0|altera_avalon_st_jtag_interface:jtag_phy_embedded_in_jtag_master|altera_jtag_dc_streaming:normal.jtag_dc_streaming|altera_avalon_st_clock_crosser:sink_crosser|altera_avalon_st_pipeline_base:output_stage|data1[0]                                                    ; altera_reserved_tck ; altera_reserved_tck ; 0.000        ; 0.070      ; 0.640      ;
; 0.399 ; jtag_to_avalon_mst_brg_01:u_jtag_avmm|jtag_to_avalon_mst_brg_01_master_0:master_0|altera_avalon_st_jtag_interface:jtag_phy_embedded_in_jtag_master|altera_jtag_dc_streaming:normal.jtag_dc_streaming|altera_jtag_streaming:jtag_streaming|idle_remover_sink_data[3]                                                                                      ; jtag_to_avalon_mst_brg_01:u_jtag_avmm|jtag_to_avalon_mst_brg_01_master_0:master_0|altera_avalon_st_jtag_interface:jtag_phy_embedded_in_jtag_master|altera_jtag_dc_streaming:normal.jtag_dc_streaming|altera_jtag_src_crosser:source_crosser|sink_data_buffer[3]                                                                                          ; altera_reserved_tck ; altera_reserved_tck ; 0.000        ; 0.070      ; 0.640      ;
; 0.399 ; jtag_to_avalon_mst_brg_01:u_jtag_avmm|jtag_to_avalon_mst_brg_01_master_0:master_0|altera_avalon_st_jtag_interface:jtag_phy_embedded_in_jtag_master|altera_jtag_dc_streaming:normal.jtag_dc_streaming|altera_jtag_streaming:jtag_streaming|dr_info[7]                                                                                                     ; jtag_to_avalon_mst_brg_01:u_jtag_avmm|jtag_to_avalon_mst_brg_01_master_0:master_0|altera_avalon_st_jtag_interface:jtag_phy_embedded_in_jtag_master|altera_jtag_dc_streaming:normal.jtag_dc_streaming|altera_jtag_streaming:jtag_streaming|dr_info[6]                                                                                                     ; altera_reserved_tck ; altera_reserved_tck ; 0.000        ; 0.070      ; 0.640      ;
; 0.399 ; sld_hub:auto_hub|alt_sld_fab_with_jtag_input:\instrumentation_fabric_with_node_gen:fabric_gen_new_way:with_jtag_input_gen:instrumentation_fabric|alt_sld_fab:instrumentation_fabric|alt_sld_fab_alt_sld_fab:alt_sld_fab|alt_sld_fab_alt_sld_fab_sldfabric:sldfabric|sld_jtag_hub:\jtag_hub_gen:real_sld_jtag_hub|hub_minor_ver_reg[1]                    ; sld_hub:auto_hub|alt_sld_fab_with_jtag_input:\instrumentation_fabric_with_node_gen:fabric_gen_new_way:with_jtag_input_gen:instrumentation_fabric|alt_sld_fab:instrumentation_fabric|alt_sld_fab_alt_sld_fab:alt_sld_fab|alt_sld_fab_alt_sld_fab_sldfabric:sldfabric|sld_jtag_hub:\jtag_hub_gen:real_sld_jtag_hub|hub_minor_ver_reg[0]                    ; altera_reserved_tck ; altera_reserved_tck ; 0.000        ; 0.069      ; 0.639      ;
; 0.399 ; sld_hub:auto_hub|alt_sld_fab_with_jtag_input:\instrumentation_fabric_with_node_gen:fabric_gen_new_way:with_jtag_input_gen:instrumentation_fabric|alt_sld_fab:instrumentation_fabric|alt_sld_fab_alt_sld_fab:alt_sld_fab|alt_sld_fab_alt_sld_fab_sldfabric:sldfabric|sld_jtag_hub:\jtag_hub_gen:real_sld_jtag_hub|identity_contrib_shift_reg[0]           ; sld_hub:auto_hub|alt_sld_fab_with_jtag_input:\instrumentation_fabric_with_node_gen:fabric_gen_new_way:with_jtag_input_gen:instrumentation_fabric|alt_sld_fab:instrumentation_fabric|alt_sld_fab_alt_sld_fab:alt_sld_fab|sldfabric_ident_writedata[0]                                                                                                     ; altera_reserved_tck ; altera_reserved_tck ; 0.000        ; 0.069      ; 0.639      ;
; 0.399 ; jtag_to_avalon_mst_brg_01:u_jtag_avmm|jtag_to_avalon_mst_brg_01_master_0:master_0|altera_avalon_st_jtag_interface:jtag_phy_embedded_in_jtag_master|altera_jtag_dc_streaming:normal.jtag_dc_streaming|altera_jtag_streaming:jtag_streaming|altera_std_synchronizer:reset_to_sample_synchronizer|dreg[0]                                                   ; jtag_to_avalon_mst_brg_01:u_jtag_avmm|jtag_to_avalon_mst_brg_01_master_0:master_0|altera_avalon_st_jtag_interface:jtag_phy_embedded_in_jtag_master|altera_jtag_dc_streaming:normal.jtag_dc_streaming|altera_jtag_streaming:jtag_streaming|altera_std_synchronizer:reset_to_sample_synchronizer|dreg[1]                                                   ; altera_reserved_tck ; altera_reserved_tck ; 0.000        ; 0.070      ; 0.640      ;
; 0.399 ; jtag_to_avalon_mst_brg_01:u_jtag_avmm|jtag_to_avalon_mst_brg_01_master_0:master_0|altera_avalon_st_jtag_interface:jtag_phy_embedded_in_jtag_master|altera_jtag_dc_streaming:normal.jtag_dc_streaming|altera_jtag_streaming:jtag_streaming|altera_std_synchronizer:clock_to_sample_div2_synchronizer|dreg[0]                                              ; jtag_to_avalon_mst_brg_01:u_jtag_avmm|jtag_to_avalon_mst_brg_01_master_0:master_0|altera_avalon_st_jtag_interface:jtag_phy_embedded_in_jtag_master|altera_jtag_dc_streaming:normal.jtag_dc_streaming|altera_jtag_streaming:jtag_streaming|altera_std_synchronizer:clock_to_sample_div2_synchronizer|dreg[1]                                              ; altera_reserved_tck ; altera_reserved_tck ; 0.000        ; 0.070      ; 0.640      ;
; 0.399 ; sld_hub:auto_hub|alt_sld_fab_with_jtag_input:\instrumentation_fabric_with_node_gen:fabric_gen_new_way:with_jtag_input_gen:instrumentation_fabric|alt_sld_fab:instrumentation_fabric|alt_sld_fab_alt_sld_fab:alt_sld_fab|alt_sld_fab_alt_sld_fab_sldfabric:sldfabric|sld_jtag_hub:\jtag_hub_gen:real_sld_jtag_hub|hub_mode_reg[2]                         ; sld_hub:auto_hub|alt_sld_fab_with_jtag_input:\instrumentation_fabric_with_node_gen:fabric_gen_new_way:with_jtag_input_gen:instrumentation_fabric|alt_sld_fab:instrumentation_fabric|alt_sld_fab_alt_sld_fab:alt_sld_fab|alt_sld_fab_alt_sld_fab_sldfabric:sldfabric|sld_jtag_hub:\jtag_hub_gen:real_sld_jtag_hub|clr_reg                                 ; altera_reserved_tck ; altera_reserved_tck ; 0.000        ; 0.071      ; 0.641      ;
; 0.399 ; sld_hub:auto_hub|alt_sld_fab_with_jtag_input:\instrumentation_fabric_with_node_gen:fabric_gen_new_way:with_jtag_input_gen:instrumentation_fabric|alt_sld_fab:instrumentation_fabric|alt_sld_fab_alt_sld_fab:alt_sld_fab|alt_sld_fab_alt_sld_fab_sldfabric:sldfabric|sld_jtag_hub:\jtag_hub_gen:real_sld_jtag_hub|sld_shadow_jsm:shadow_jsm|state[6]      ; sld_hub:auto_hub|alt_sld_fab_with_jtag_input:\instrumentation_fabric_with_node_gen:fabric_gen_new_way:with_jtag_input_gen:instrumentation_fabric|alt_sld_fab:instrumentation_fabric|alt_sld_fab_alt_sld_fab:alt_sld_fab|alt_sld_fab_alt_sld_fab_sldfabric:sldfabric|sld_jtag_hub:\jtag_hub_gen:real_sld_jtag_hub|sld_shadow_jsm:shadow_jsm|state[7]      ; altera_reserved_tck ; altera_reserved_tck ; 0.000        ; 0.071      ; 0.641      ;
; 0.400 ; jtag_to_avalon_mst_brg_01:u_jtag_avmm|jtag_to_avalon_mst_brg_01_master_0:master_0|altera_avalon_st_jtag_interface:jtag_phy_embedded_in_jtag_master|altera_jtag_dc_streaming:normal.jtag_dc_streaming|altera_avalon_st_clock_crosser:sink_crosser|altera_avalon_st_pipeline_base:output_stage|data0[5]                                                    ; jtag_to_avalon_mst_brg_01:u_jtag_avmm|jtag_to_avalon_mst_brg_01_master_0:master_0|altera_avalon_st_jtag_interface:jtag_phy_embedded_in_jtag_master|altera_jtag_dc_streaming:normal.jtag_dc_streaming|altera_avalon_st_clock_crosser:sink_crosser|altera_avalon_st_pipeline_base:output_stage|data1[5]                                                    ; altera_reserved_tck ; altera_reserved_tck ; 0.000        ; 0.070      ; 0.641      ;
; 0.400 ; sld_hub:auto_hub|alt_sld_fab_with_jtag_input:\instrumentation_fabric_with_node_gen:fabric_gen_new_way:with_jtag_input_gen:instrumentation_fabric|alt_sld_fab:instrumentation_fabric|alt_sld_fab_alt_sld_fab:alt_sld_fab|alt_sld_fab_alt_sld_fab_sldfabric:sldfabric|sld_jtag_hub:\jtag_hub_gen:real_sld_jtag_hub|sld_rom_sr:hub_info_reg|WORD_SR[3]      ; sld_hub:auto_hub|alt_sld_fab_with_jtag_input:\instrumentation_fabric_with_node_gen:fabric_gen_new_way:with_jtag_input_gen:instrumentation_fabric|alt_sld_fab:instrumentation_fabric|alt_sld_fab_alt_sld_fab:alt_sld_fab|alt_sld_fab_alt_sld_fab_sldfabric:sldfabric|sld_jtag_hub:\jtag_hub_gen:real_sld_jtag_hub|sld_rom_sr:hub_info_reg|WORD_SR[2]      ; altera_reserved_tck ; altera_reserved_tck ; 0.000        ; 0.070      ; 0.641      ;
; 0.400 ; sld_hub:auto_hub|alt_sld_fab_with_jtag_input:\instrumentation_fabric_with_node_gen:fabric_gen_new_way:with_jtag_input_gen:instrumentation_fabric|alt_sld_fab:instrumentation_fabric|alt_sld_fab_alt_sld_fab:alt_sld_fab|alt_sld_fab_alt_sld_fab_sldfabric:sldfabric|sld_jtag_hub:\jtag_hub_gen:real_sld_jtag_hub|hub_minor_ver_reg[2]                    ; sld_hub:auto_hub|alt_sld_fab_with_jtag_input:\instrumentation_fabric_with_node_gen:fabric_gen_new_way:with_jtag_input_gen:instrumentation_fabric|alt_sld_fab:instrumentation_fabric|alt_sld_fab_alt_sld_fab:alt_sld_fab|alt_sld_fab_alt_sld_fab_sldfabric:sldfabric|sld_jtag_hub:\jtag_hub_gen:real_sld_jtag_hub|hub_minor_ver_reg[1]                    ; altera_reserved_tck ; altera_reserved_tck ; 0.000        ; 0.069      ; 0.640      ;
; 0.400 ; sld_hub:auto_hub|alt_sld_fab_with_jtag_input:\instrumentation_fabric_with_node_gen:fabric_gen_new_way:with_jtag_input_gen:instrumentation_fabric|alt_sld_fab:instrumentation_fabric|alt_sld_fab_alt_sld_fab:alt_sld_fab|alt_sld_fab_alt_sld_fab_sldfabric:sldfabric|sld_jtag_hub:\jtag_hub_gen:real_sld_jtag_hub|hub_minor_ver_reg[3]                    ; sld_hub:auto_hub|alt_sld_fab_with_jtag_input:\instrumentation_fabric_with_node_gen:fabric_gen_new_way:with_jtag_input_gen:instrumentation_fabric|alt_sld_fab:instrumentation_fabric|alt_sld_fab_alt_sld_fab:alt_sld_fab|alt_sld_fab_alt_sld_fab_sldfabric:sldfabric|sld_jtag_hub:\jtag_hub_gen:real_sld_jtag_hub|hub_minor_ver_reg[2]                    ; altera_reserved_tck ; altera_reserved_tck ; 0.000        ; 0.069      ; 0.640      ;
; 0.401 ; jtag_to_avalon_mst_brg_01:u_jtag_avmm|jtag_to_avalon_mst_brg_01_master_0:master_0|altera_avalon_st_jtag_interface:jtag_phy_embedded_in_jtag_master|altera_jtag_dc_streaming:normal.jtag_dc_streaming|altera_avalon_st_clock_crosser:sink_crosser|altera_avalon_st_pipeline_base:output_stage|data0[3]                                                    ; jtag_to_avalon_mst_brg_01:u_jtag_avmm|jtag_to_avalon_mst_brg_01_master_0:master_0|altera_avalon_st_jtag_interface:jtag_phy_embedded_in_jtag_master|altera_jtag_dc_streaming:normal.jtag_dc_streaming|altera_avalon_st_clock_crosser:sink_crosser|altera_avalon_st_pipeline_base:output_stage|data1[3]                                                    ; altera_reserved_tck ; altera_reserved_tck ; 0.000        ; 0.070      ; 0.642      ;
; 0.401 ; jtag_to_avalon_mst_brg_01:u_jtag_avmm|jtag_to_avalon_mst_brg_01_master_0:master_0|altera_avalon_st_jtag_interface:jtag_phy_embedded_in_jtag_master|altera_jtag_dc_streaming:normal.jtag_dc_streaming|altera_jtag_streaming:jtag_streaming|dr_info[1]                                                                                                     ; jtag_to_avalon_mst_brg_01:u_jtag_avmm|jtag_to_avalon_mst_brg_01_master_0:master_0|altera_avalon_st_jtag_interface:jtag_phy_embedded_in_jtag_master|altera_jtag_dc_streaming:normal.jtag_dc_streaming|altera_jtag_streaming:jtag_streaming|dr_info[0]                                                                                                     ; altera_reserved_tck ; altera_reserved_tck ; 0.000        ; 0.070      ; 0.642      ;
; 0.401 ; sld_hub:auto_hub|alt_sld_fab_with_jtag_input:\instrumentation_fabric_with_node_gen:fabric_gen_new_way:with_jtag_input_gen:instrumentation_fabric|alt_sld_fab:instrumentation_fabric|alt_sld_fab_alt_sld_fab:alt_sld_fab|alt_sld_fab_alt_sld_fab_sldfabric:sldfabric|sld_jtag_hub:\jtag_hub_gen:real_sld_jtag_hub|sld_shadow_jsm:shadow_jsm|state[13]     ; sld_hub:auto_hub|alt_sld_fab_with_jtag_input:\instrumentation_fabric_with_node_gen:fabric_gen_new_way:with_jtag_input_gen:instrumentation_fabric|alt_sld_fab:instrumentation_fabric|alt_sld_fab_alt_sld_fab:alt_sld_fab|alt_sld_fab_alt_sld_fab_sldfabric:sldfabric|sld_jtag_hub:\jtag_hub_gen:real_sld_jtag_hub|sld_shadow_jsm:shadow_jsm|state[14]     ; altera_reserved_tck ; altera_reserved_tck ; 0.000        ; 0.070      ; 0.642      ;
; 0.401 ; jtag_to_avalon_mst_brg_01:u_jtag_avmm|jtag_to_avalon_mst_brg_01_master_0:master_0|altera_avalon_st_jtag_interface:jtag_phy_embedded_in_jtag_master|altera_jtag_dc_streaming:normal.jtag_dc_streaming|altera_jtag_streaming:jtag_streaming|altera_std_synchronizer:clock_sensor_synchronizer|din_s1                                                       ; jtag_to_avalon_mst_brg_01:u_jtag_avmm|jtag_to_avalon_mst_brg_01_master_0:master_0|altera_avalon_st_jtag_interface:jtag_phy_embedded_in_jtag_master|altera_jtag_dc_streaming:normal.jtag_dc_streaming|altera_jtag_streaming:jtag_streaming|altera_std_synchronizer:clock_sensor_synchronizer|dreg[0]                                                      ; altera_reserved_tck ; altera_reserved_tck ; 0.000        ; 0.069      ; 0.641      ;
; 0.403 ; sld_hub:auto_hub|alt_sld_fab_with_jtag_input:\instrumentation_fabric_with_node_gen:fabric_gen_new_way:with_jtag_input_gen:instrumentation_fabric|alt_sld_fab:instrumentation_fabric|alt_sld_fab_alt_sld_fab:alt_sld_fab|alt_sld_fab_alt_sld_fab_sldfabric:sldfabric|sld_jtag_hub:\jtag_hub_gen:real_sld_jtag_hub|jtag_ir_reg[4]                          ; sld_hub:auto_hub|alt_sld_fab_with_jtag_input:\instrumentation_fabric_with_node_gen:fabric_gen_new_way:with_jtag_input_gen:instrumentation_fabric|alt_sld_fab:instrumentation_fabric|alt_sld_fab_alt_sld_fab:alt_sld_fab|alt_sld_fab_alt_sld_fab_sldfabric:sldfabric|sld_jtag_hub:\jtag_hub_gen:real_sld_jtag_hub|jtag_ir_reg[3]                          ; altera_reserved_tck ; altera_reserved_tck ; 0.000        ; 0.070      ; 0.644      ;
; 0.404 ; jtag_to_avalon_mst_brg_01:u_jtag_avmm|jtag_to_avalon_mst_brg_01_master_0:master_0|altera_avalon_st_jtag_interface:jtag_phy_embedded_in_jtag_master|altera_jtag_dc_streaming:normal.jtag_dc_streaming|altera_jtag_streaming:jtag_streaming|idle_remover_sink_data[2]                                                                                      ; jtag_to_avalon_mst_brg_01:u_jtag_avmm|jtag_to_avalon_mst_brg_01_master_0:master_0|altera_avalon_st_jtag_interface:jtag_phy_embedded_in_jtag_master|altera_jtag_dc_streaming:normal.jtag_dc_streaming|altera_jtag_src_crosser:source_crosser|sink_data_buffer[2]                                                                                          ; altera_reserved_tck ; altera_reserved_tck ; 0.000        ; 0.070      ; 0.645      ;
; 0.405 ; jtag_to_avalon_mst_brg_01:u_jtag_avmm|jtag_to_avalon_mst_brg_01_master_0:master_0|altera_avalon_st_jtag_interface:jtag_phy_embedded_in_jtag_master|altera_jtag_dc_streaming:normal.jtag_dc_streaming|altera_jtag_streaming:jtag_streaming|idle_remover_sink_data[1]                                                                                      ; jtag_to_avalon_mst_brg_01:u_jtag_avmm|jtag_to_avalon_mst_brg_01_master_0:master_0|altera_avalon_st_jtag_interface:jtag_phy_embedded_in_jtag_master|altera_jtag_dc_streaming:normal.jtag_dc_streaming|altera_jtag_src_crosser:source_crosser|sink_data_buffer[1]                                                                                          ; altera_reserved_tck ; altera_reserved_tck ; 0.000        ; 0.070      ; 0.646      ;
; 0.405 ; jtag_to_avalon_mst_brg_01:u_jtag_avmm|jtag_to_avalon_mst_brg_01_master_0:master_0|altera_avalon_st_jtag_interface:jtag_phy_embedded_in_jtag_master|altera_jtag_dc_streaming:normal.jtag_dc_streaming|altera_jtag_streaming:jtag_streaming|dr_control[8]                                                                                                  ; jtag_to_avalon_mst_brg_01:u_jtag_avmm|jtag_to_avalon_mst_brg_01_master_0:master_0|altera_avalon_st_jtag_interface:jtag_phy_embedded_in_jtag_master|altera_jtag_dc_streaming:normal.jtag_dc_streaming|altera_jtag_streaming:jtag_streaming|dr_control[7]                                                                                                  ; altera_reserved_tck ; altera_reserved_tck ; 0.000        ; 0.070      ; 0.646      ;
; 0.405 ; sld_hub:auto_hub|alt_sld_fab_with_jtag_input:\instrumentation_fabric_with_node_gen:fabric_gen_new_way:with_jtag_input_gen:instrumentation_fabric|alt_sld_fab:instrumentation_fabric|alt_sld_fab_alt_sld_fab:alt_sld_fab|alt_sld_fab_alt_sld_fab_sldfabric:sldfabric|sld_jtag_hub:\jtag_hub_gen:real_sld_jtag_hub|irsr_reg[3]                             ; sld_hub:auto_hub|alt_sld_fab_with_jtag_input:\instrumentation_fabric_with_node_gen:fabric_gen_new_way:with_jtag_input_gen:instrumentation_fabric|alt_sld_fab:instrumentation_fabric|alt_sld_fab_alt_sld_fab:alt_sld_fab|alt_sld_fab_alt_sld_fab_sldfabric:sldfabric|sld_jtag_hub:\jtag_hub_gen:real_sld_jtag_hub|irsr_reg[2]                             ; altera_reserved_tck ; altera_reserved_tck ; 0.000        ; 0.070      ; 0.646      ;
; 0.405 ; sld_hub:auto_hub|alt_sld_fab_with_jtag_input:\instrumentation_fabric_with_node_gen:fabric_gen_new_way:with_jtag_input_gen:instrumentation_fabric|alt_sld_fab:instrumentation_fabric|alt_sld_fab_alt_sld_fab:alt_sld_fab|alt_sld_fab_alt_sld_fab_sldfabric:sldfabric|sld_jtag_hub:\jtag_hub_gen:real_sld_jtag_hub|jtag_ir_reg[3]                          ; sld_hub:auto_hub|alt_sld_fab_with_jtag_input:\instrumentation_fabric_with_node_gen:fabric_gen_new_way:with_jtag_input_gen:instrumentation_fabric|alt_sld_fab:instrumentation_fabric|alt_sld_fab_alt_sld_fab:alt_sld_fab|alt_sld_fab_alt_sld_fab_sldfabric:sldfabric|sld_jtag_hub:\jtag_hub_gen:real_sld_jtag_hub|jtag_ir_reg[2]                          ; altera_reserved_tck ; altera_reserved_tck ; 0.000        ; 0.070      ; 0.646      ;
; 0.405 ; sld_hub:auto_hub|alt_sld_fab_with_jtag_input:\instrumentation_fabric_with_node_gen:fabric_gen_new_way:with_jtag_input_gen:instrumentation_fabric|alt_sld_fab:instrumentation_fabric|alt_sld_fab_alt_sld_fab:alt_sld_fab|alt_sld_fab_alt_sld_fab_sldfabric:sldfabric|sld_jtag_hub:\jtag_hub_gen:real_sld_jtag_hub|sld_shadow_jsm:shadow_jsm|state[9]      ; sld_hub:auto_hub|alt_sld_fab_with_jtag_input:\instrumentation_fabric_with_node_gen:fabric_gen_new_way:with_jtag_input_gen:instrumentation_fabric|alt_sld_fab:instrumentation_fabric|alt_sld_fab_alt_sld_fab:alt_sld_fab|alt_sld_fab_alt_sld_fab_sldfabric:sldfabric|sld_jtag_hub:\jtag_hub_gen:real_sld_jtag_hub|sld_shadow_jsm:shadow_jsm|state[10]     ; altera_reserved_tck ; altera_reserved_tck ; 0.000        ; 0.070      ; 0.646      ;
; 0.406 ; jtag_to_avalon_mst_brg_01:u_jtag_avmm|jtag_to_avalon_mst_brg_01_master_0:master_0|altera_avalon_st_jtag_interface:jtag_phy_embedded_in_jtag_master|altera_jtag_dc_streaming:normal.jtag_dc_streaming|altera_jtag_streaming:jtag_streaming|idle_remover_sink_data[6]                                                                                      ; jtag_to_avalon_mst_brg_01:u_jtag_avmm|jtag_to_avalon_mst_brg_01_master_0:master_0|altera_avalon_st_jtag_interface:jtag_phy_embedded_in_jtag_master|altera_jtag_dc_streaming:normal.jtag_dc_streaming|altera_jtag_src_crosser:source_crosser|sink_data_buffer[6]                                                                                          ; altera_reserved_tck ; altera_reserved_tck ; 0.000        ; 0.070      ; 0.647      ;
; 0.406 ; sld_hub:auto_hub|alt_sld_fab_with_jtag_input:\instrumentation_fabric_with_node_gen:fabric_gen_new_way:with_jtag_input_gen:instrumentation_fabric|alt_sld_fab:instrumentation_fabric|alt_sld_fab_alt_sld_fab:alt_sld_fab|alt_sld_fab_alt_sld_fab_sldfabric:sldfabric|sld_jtag_hub:\jtag_hub_gen:real_sld_jtag_hub|jtag_ir_reg[2]                          ; sld_hub:auto_hub|alt_sld_fab_with_jtag_input:\instrumentation_fabric_with_node_gen:fabric_gen_new_way:with_jtag_input_gen:instrumentation_fabric|alt_sld_fab:instrumentation_fabric|alt_sld_fab_alt_sld_fab:alt_sld_fab|alt_sld_fab_alt_sld_fab_sldfabric:sldfabric|sld_jtag_hub:\jtag_hub_gen:real_sld_jtag_hub|jtag_ir_reg[1]                          ; altera_reserved_tck ; altera_reserved_tck ; 0.000        ; 0.070      ; 0.647      ;
; 0.406 ; sld_hub:auto_hub|alt_sld_fab_with_jtag_input:\instrumentation_fabric_with_node_gen:fabric_gen_new_way:with_jtag_input_gen:instrumentation_fabric|alt_sld_fab:instrumentation_fabric|alt_sld_fab_alt_sld_fab:alt_sld_fab|alt_sld_fab_alt_sld_fab_sldfabric:sldfabric|sld_jtag_hub:\jtag_hub_gen:real_sld_jtag_hub|identity_contrib_shift_reg[2]           ; sld_hub:auto_hub|alt_sld_fab_with_jtag_input:\instrumentation_fabric_with_node_gen:fabric_gen_new_way:with_jtag_input_gen:instrumentation_fabric|alt_sld_fab:instrumentation_fabric|alt_sld_fab_alt_sld_fab:alt_sld_fab|alt_sld_fab_alt_sld_fab_sldfabric:sldfabric|sld_jtag_hub:\jtag_hub_gen:real_sld_jtag_hub|identity_contrib_shift_reg[1]           ; altera_reserved_tck ; altera_reserved_tck ; 0.000        ; 0.069      ; 0.646      ;
; 0.406 ; sld_hub:auto_hub|alt_sld_fab_with_jtag_input:\instrumentation_fabric_with_node_gen:fabric_gen_new_way:with_jtag_input_gen:instrumentation_fabric|alt_sld_fab:instrumentation_fabric|alt_sld_fab_alt_sld_fab:alt_sld_fab|alt_sld_fab_alt_sld_fab_sldfabric:sldfabric|sld_jtag_hub:\jtag_hub_gen:real_sld_jtag_hub|identity_contrib_shift_reg[2]           ; sld_hub:auto_hub|alt_sld_fab_with_jtag_input:\instrumentation_fabric_with_node_gen:fabric_gen_new_way:with_jtag_input_gen:instrumentation_fabric|alt_sld_fab:instrumentation_fabric|alt_sld_fab_alt_sld_fab:alt_sld_fab|sldfabric_ident_writedata[2]                                                                                                     ; altera_reserved_tck ; altera_reserved_tck ; 0.000        ; 0.069      ; 0.646      ;
; 0.406 ; sld_hub:auto_hub|alt_sld_fab_with_jtag_input:\instrumentation_fabric_with_node_gen:fabric_gen_new_way:with_jtag_input_gen:instrumentation_fabric|alt_sld_fab:instrumentation_fabric|alt_sld_fab_alt_sld_fab:alt_sld_fab|alt_sld_fab_alt_sld_fab_sldfabric:sldfabric|sld_jtag_hub:\jtag_hub_gen:real_sld_jtag_hub|identity_contrib_shift_reg[3]           ; sld_hub:auto_hub|alt_sld_fab_with_jtag_input:\instrumentation_fabric_with_node_gen:fabric_gen_new_way:with_jtag_input_gen:instrumentation_fabric|alt_sld_fab:instrumentation_fabric|alt_sld_fab_alt_sld_fab:alt_sld_fab|alt_sld_fab_alt_sld_fab_sldfabric:sldfabric|sld_jtag_hub:\jtag_hub_gen:real_sld_jtag_hub|identity_contrib_shift_reg[2]           ; altera_reserved_tck ; altera_reserved_tck ; 0.000        ; 0.069      ; 0.646      ;
; 0.406 ; sld_hub:auto_hub|alt_sld_fab_with_jtag_input:\instrumentation_fabric_with_node_gen:fabric_gen_new_way:with_jtag_input_gen:instrumentation_fabric|alt_sld_fab:instrumentation_fabric|alt_sld_fab_alt_sld_fab:alt_sld_fab|alt_sld_fab_alt_sld_fab_sldfabric:sldfabric|sld_jtag_hub:\jtag_hub_gen:real_sld_jtag_hub|identity_contrib_shift_reg[3]           ; sld_hub:auto_hub|alt_sld_fab_with_jtag_input:\instrumentation_fabric_with_node_gen:fabric_gen_new_way:with_jtag_input_gen:instrumentation_fabric|alt_sld_fab:instrumentation_fabric|alt_sld_fab_alt_sld_fab:alt_sld_fab|sldfabric_ident_writedata[3]                                                                                                     ; altera_reserved_tck ; altera_reserved_tck ; 0.000        ; 0.069      ; 0.646      ;
; 0.407 ; sld_hub:auto_hub|alt_sld_fab_with_jtag_input:\instrumentation_fabric_with_node_gen:fabric_gen_new_way:with_jtag_input_gen:instrumentation_fabric|alt_sld_fab:instrumentation_fabric|alt_sld_fab_alt_sld_fab:alt_sld_fab|alt_sld_fab_alt_sld_fab_sldfabric:sldfabric|sld_jtag_hub:\jtag_hub_gen:real_sld_jtag_hub|jtag_ir_reg[7]                          ; sld_hub:auto_hub|alt_sld_fab_with_jtag_input:\instrumentation_fabric_with_node_gen:fabric_gen_new_way:with_jtag_input_gen:instrumentation_fabric|alt_sld_fab:instrumentation_fabric|alt_sld_fab_alt_sld_fab:alt_sld_fab|alt_sld_fab_alt_sld_fab_sldfabric:sldfabric|sld_jtag_hub:\jtag_hub_gen:real_sld_jtag_hub|jtag_ir_reg[6]                          ; altera_reserved_tck ; altera_reserved_tck ; 0.000        ; 0.070      ; 0.648      ;
; 0.407 ; sld_hub:auto_hub|alt_sld_fab_with_jtag_input:\instrumentation_fabric_with_node_gen:fabric_gen_new_way:with_jtag_input_gen:instrumentation_fabric|alt_sld_fab:instrumentation_fabric|alt_sld_fab_alt_sld_fab:alt_sld_fab|alt_sld_fab_alt_sld_fab_sldfabric:sldfabric|sld_jtag_hub:\jtag_hub_gen:real_sld_jtag_hub|sld_shadow_jsm:shadow_jsm|state[14]     ; sld_hub:auto_hub|alt_sld_fab_with_jtag_input:\instrumentation_fabric_with_node_gen:fabric_gen_new_way:with_jtag_input_gen:instrumentation_fabric|alt_sld_fab:instrumentation_fabric|alt_sld_fab_alt_sld_fab:alt_sld_fab|alt_sld_fab_alt_sld_fab_sldfabric:sldfabric|sld_jtag_hub:\jtag_hub_gen:real_sld_jtag_hub|sld_shadow_jsm:shadow_jsm|state[11]     ; altera_reserved_tck ; altera_reserved_tck ; 0.000        ; 0.070      ; 0.648      ;
; 0.408 ; jtag_to_avalon_mst_brg_01:u_jtag_avmm|jtag_to_avalon_mst_brg_01_master_0:master_0|altera_avalon_st_jtag_interface:jtag_phy_embedded_in_jtag_master|altera_jtag_dc_streaming:normal.jtag_dc_streaming|altera_jtag_streaming:jtag_streaming|dr_control[8]                                                                                                  ; jtag_to_avalon_mst_brg_01:u_jtag_avmm|jtag_to_avalon_mst_brg_01_master_0:master_0|altera_avalon_st_jtag_interface:jtag_phy_embedded_in_jtag_master|altera_jtag_dc_streaming:normal.jtag_dc_streaming|altera_jtag_streaming:jtag_streaming|resetrequest                                                                                                   ; altera_reserved_tck ; altera_reserved_tck ; 0.000        ; 0.070      ; 0.649      ;
; 0.408 ; sld_hub:auto_hub|alt_sld_fab_with_jtag_input:\instrumentation_fabric_with_node_gen:fabric_gen_new_way:with_jtag_input_gen:instrumentation_fabric|alt_sld_fab:instrumentation_fabric|alt_sld_fab_alt_sld_fab:alt_sld_fab|alt_sld_fab_alt_sld_fab_sldfabric:sldfabric|sld_jtag_hub:\jtag_hub_gen:real_sld_jtag_hub|sld_shadow_jsm:shadow_jsm|state[12]     ; sld_hub:auto_hub|alt_sld_fab_with_jtag_input:\instrumentation_fabric_with_node_gen:fabric_gen_new_way:with_jtag_input_gen:instrumentation_fabric|alt_sld_fab:instrumentation_fabric|alt_sld_fab_alt_sld_fab:alt_sld_fab|alt_sld_fab_alt_sld_fab_sldfabric:sldfabric|sld_jtag_hub:\jtag_hub_gen:real_sld_jtag_hub|sld_shadow_jsm:shadow_jsm|state[13]     ; altera_reserved_tck ; altera_reserved_tck ; 0.000        ; 0.070      ; 0.649      ;
; 0.409 ; sld_hub:auto_hub|alt_sld_fab_with_jtag_input:\instrumentation_fabric_with_node_gen:fabric_gen_new_way:with_jtag_input_gen:instrumentation_fabric|alt_sld_fab:instrumentation_fabric|alt_sld_fab_alt_sld_fab:alt_sld_fab|alt_sld_fab_alt_sld_fab_sldfabric:sldfabric|sld_jtag_hub:\jtag_hub_gen:real_sld_jtag_hub|sld_shadow_jsm:shadow_jsm|state[5]      ; sld_hub:auto_hub|alt_sld_fab_with_jtag_input:\instrumentation_fabric_with_node_gen:fabric_gen_new_way:with_jtag_input_gen:instrumentation_fabric|alt_sld_fab:instrumentation_fabric|alt_sld_fab_alt_sld_fab:alt_sld_fab|alt_sld_fab_alt_sld_fab_sldfabric:sldfabric|sld_jtag_hub:\jtag_hub_gen:real_sld_jtag_hub|reset_ena_reg                           ; altera_reserved_tck ; altera_reserved_tck ; 0.000        ; 0.071      ; 0.651      ;
; 0.409 ; sld_hub:auto_hub|alt_sld_fab_with_jtag_input:\instrumentation_fabric_with_node_gen:fabric_gen_new_way:with_jtag_input_gen:instrumentation_fabric|alt_sld_fab:instrumentation_fabric|alt_sld_fab_alt_sld_fab:alt_sld_fab|alt_sld_fab_alt_sld_fab_sldfabric:sldfabric|sld_jtag_hub:\jtag_hub_gen:real_sld_jtag_hub|sld_shadow_jsm:shadow_jsm|state[0]      ; sld_hub:auto_hub|alt_sld_fab_with_jtag_input:\instrumentation_fabric_with_node_gen:fabric_gen_new_way:with_jtag_input_gen:instrumentation_fabric|alt_sld_fab:instrumentation_fabric|alt_sld_fab_alt_sld_fab:alt_sld_fab|alt_sld_fab_alt_sld_fab_sldfabric:sldfabric|sld_jtag_hub:\jtag_hub_gen:real_sld_jtag_hub|sld_shadow_jsm:shadow_jsm|state[1]      ; altera_reserved_tck ; altera_reserved_tck ; 0.000        ; 0.070      ; 0.650      ;
; 0.410 ; sld_hub:auto_hub|alt_sld_fab_with_jtag_input:\instrumentation_fabric_with_node_gen:fabric_gen_new_way:with_jtag_input_gen:instrumentation_fabric|alt_sld_fab:instrumentation_fabric|alt_sld_fab_alt_sld_fab:alt_sld_fab|alt_sld_fab_alt_sld_fab_sldfabric:sldfabric|sld_jtag_hub:\jtag_hub_gen:real_sld_jtag_hub|sld_shadow_jsm:shadow_jsm|state[5]      ; sld_hub:auto_hub|alt_sld_fab_with_jtag_input:\instrumentation_fabric_with_node_gen:fabric_gen_new_way:with_jtag_input_gen:instrumentation_fabric|alt_sld_fab:instrumentation_fabric|alt_sld_fab_alt_sld_fab:alt_sld_fab|alt_sld_fab_alt_sld_fab_sldfabric:sldfabric|sld_jtag_hub:\jtag_hub_gen:real_sld_jtag_hub|sld_shadow_jsm:shadow_jsm|state[8]      ; altera_reserved_tck ; altera_reserved_tck ; 0.000        ; 0.071      ; 0.652      ;
; 0.410 ; sld_hub:auto_hub|alt_sld_fab_with_jtag_input:\instrumentation_fabric_with_node_gen:fabric_gen_new_way:with_jtag_input_gen:instrumentation_fabric|alt_sld_fab:instrumentation_fabric|alt_sld_fab_alt_sld_fab:alt_sld_fab|alt_sld_fab_alt_sld_fab_sldfabric:sldfabric|sld_jtag_hub:\jtag_hub_gen:real_sld_jtag_hub|sld_shadow_jsm:shadow_jsm|state[5]      ; sld_hub:auto_hub|alt_sld_fab_with_jtag_input:\instrumentation_fabric_with_node_gen:fabric_gen_new_way:with_jtag_input_gen:instrumentation_fabric|alt_sld_fab:instrumentation_fabric|alt_sld_fab_alt_sld_fab:alt_sld_fab|alt_sld_fab_alt_sld_fab_sldfabric:sldfabric|sld_jtag_hub:\jtag_hub_gen:real_sld_jtag_hub|sld_shadow_jsm:shadow_jsm|state[6]      ; altera_reserved_tck ; altera_reserved_tck ; 0.000        ; 0.071      ; 0.652      ;
; 0.412 ; jtag_to_avalon_mst_brg_01:u_jtag_avmm|jtag_to_avalon_mst_brg_01_master_0:master_0|altera_avalon_st_jtag_interface:jtag_phy_embedded_in_jtag_master|altera_jtag_dc_streaming:normal.jtag_dc_streaming|altera_jtag_streaming:jtag_streaming|idle_remover_sink_data[0]                                                                                      ; jtag_to_avalon_mst_brg_01:u_jtag_avmm|jtag_to_avalon_mst_brg_01_master_0:master_0|altera_avalon_st_jtag_interface:jtag_phy_embedded_in_jtag_master|altera_jtag_dc_streaming:normal.jtag_dc_streaming|altera_jtag_src_crosser:source_crosser|sink_data_buffer[0]                                                                                          ; altera_reserved_tck ; altera_reserved_tck ; 0.000        ; 0.070      ; 0.653      ;
; 0.413 ; sld_hub:auto_hub|alt_sld_fab_with_jtag_input:\instrumentation_fabric_with_node_gen:fabric_gen_new_way:with_jtag_input_gen:instrumentation_fabric|alt_sld_fab:instrumentation_fabric|alt_sld_fab_alt_sld_fab:alt_sld_fab|alt_sld_fab_alt_sld_fab_sldfabric:sldfabric|sld_jtag_hub:\jtag_hub_gen:real_sld_jtag_hub|sld_shadow_jsm:shadow_jsm|state[7]      ; sld_hub:auto_hub|alt_sld_fab_with_jtag_input:\instrumentation_fabric_with_node_gen:fabric_gen_new_way:with_jtag_input_gen:instrumentation_fabric|alt_sld_fab:instrumentation_fabric|alt_sld_fab_alt_sld_fab:alt_sld_fab|alt_sld_fab_alt_sld_fab_sldfabric:sldfabric|sld_jtag_hub:\jtag_hub_gen:real_sld_jtag_hub|sld_shadow_jsm:shadow_jsm|state[4]      ; altera_reserved_tck ; altera_reserved_tck ; 0.000        ; 0.071      ; 0.655      ;
; 0.414 ; jtag_to_avalon_mst_brg_01:u_jtag_avmm|jtag_to_avalon_mst_brg_01_master_0:master_0|altera_avalon_st_jtag_interface:jtag_phy_embedded_in_jtag_master|altera_jtag_dc_streaming:normal.jtag_dc_streaming|altera_avalon_st_clock_crosser:sink_crosser|altera_avalon_st_pipeline_base:output_stage|full1                                                       ; jtag_to_avalon_mst_brg_01:u_jtag_avmm|jtag_to_avalon_mst_brg_01_master_0:master_0|altera_avalon_st_jtag_interface:jtag_phy_embedded_in_jtag_master|altera_jtag_dc_streaming:normal.jtag_dc_streaming|altera_jtag_streaming:jtag_streaming|altera_avalon_st_idle_inserter:idle_inserter|received_esc                                                      ; altera_reserved_tck ; altera_reserved_tck ; 0.000        ; 0.071      ; 0.656      ;
; 0.416 ; jtag_to_avalon_mst_brg_01:u_jtag_avmm|jtag_to_avalon_mst_brg_01_master_0:master_0|altera_avalon_st_jtag_interface:jtag_phy_embedded_in_jtag_master|altera_jtag_dc_streaming:normal.jtag_dc_streaming|altera_jtag_streaming:jtag_streaming|header_in[7]                                                                                                   ; jtag_to_avalon_mst_brg_01:u_jtag_avmm|jtag_to_avalon_mst_brg_01_master_0:master_0|altera_avalon_st_jtag_interface:jtag_phy_embedded_in_jtag_master|altera_jtag_dc_streaming:normal.jtag_dc_streaming|altera_jtag_streaming:jtag_streaming|header_in[6]                                                                                                   ; altera_reserved_tck ; altera_reserved_tck ; 0.000        ; 0.071      ; 0.658      ;
; 0.416 ; sld_hub:auto_hub|alt_sld_fab_with_jtag_input:\instrumentation_fabric_with_node_gen:fabric_gen_new_way:with_jtag_input_gen:instrumentation_fabric|alt_sld_fab:instrumentation_fabric|alt_sld_fab_alt_sld_fab:alt_sld_fab|alt_sld_fab_alt_sld_fab_sldfabric:sldfabric|sld_jtag_hub:\jtag_hub_gen:real_sld_jtag_hub|sld_rom_sr:hub_info_reg|word_counter[4] ; sld_hub:auto_hub|alt_sld_fab_with_jtag_input:\instrumentation_fabric_with_node_gen:fabric_gen_new_way:with_jtag_input_gen:instrumentation_fabric|alt_sld_fab:instrumentation_fabric|alt_sld_fab_alt_sld_fab:alt_sld_fab|alt_sld_fab_alt_sld_fab_sldfabric:sldfabric|sld_jtag_hub:\jtag_hub_gen:real_sld_jtag_hub|sld_rom_sr:hub_info_reg|word_counter[4] ; altera_reserved_tck ; altera_reserved_tck ; 0.000        ; 0.070      ; 0.657      ;
; 0.416 ; jtag_to_avalon_mst_brg_01:u_jtag_avmm|jtag_to_avalon_mst_brg_01_master_0:master_0|altera_avalon_st_jtag_interface:jtag_phy_embedded_in_jtag_master|altera_jtag_dc_streaming:normal.jtag_dc_streaming|altera_avalon_st_clock_crosser:sink_crosser|altera_avalon_st_pipeline_base:output_stage|full1                                                       ; jtag_to_avalon_mst_brg_01:u_jtag_avmm|jtag_to_avalon_mst_brg_01_master_0:master_0|altera_avalon_st_jtag_interface:jtag_phy_embedded_in_jtag_master|altera_jtag_dc_streaming:normal.jtag_dc_streaming|altera_avalon_st_clock_crosser:sink_crosser|altera_avalon_st_pipeline_base:output_stage|full0                                                       ; altera_reserved_tck ; altera_reserved_tck ; 0.000        ; 0.071      ; 0.658      ;
; 0.418 ; jtag_to_avalon_mst_brg_01:u_jtag_avmm|jtag_to_avalon_mst_brg_01_master_0:master_0|altera_avalon_st_jtag_interface:jtag_phy_embedded_in_jtag_master|altera_jtag_dc_streaming:normal.jtag_dc_streaming|altera_jtag_streaming:jtag_streaming|dr_data_in[3]                                                                                                  ; jtag_to_avalon_mst_brg_01:u_jtag_avmm|jtag_to_avalon_mst_brg_01_master_0:master_0|altera_avalon_st_jtag_interface:jtag_phy_embedded_in_jtag_master|altera_jtag_dc_streaming:normal.jtag_dc_streaming|altera_jtag_streaming:jtag_streaming|dr_data_in[2]                                                                                                  ; altera_reserved_tck ; altera_reserved_tck ; 0.000        ; 0.070      ; 0.659      ;
+-------+----------------------------------------------------------------------------------------------------------------------------------------------------------------------------------------------------------------------------------------------------------------------------------------------------------------------------------------------------------+----------------------------------------------------------------------------------------------------------------------------------------------------------------------------------------------------------------------------------------------------------------------------------------------------------------------------------------------------------+---------------------+---------------------+--------------+------------+------------+


+------------------------------------------------------------------------------------------------------------------------------------------------------------------------------------------------------------------------------------------------------------------------------------------------------------------------------------------------------------------------------------------------------------------------------------------------------------------------------------------------------------------------------------------------------------------------------------------------------------------------------------------------------------------------------------------------------------------------------------------------------------------------------------------+
; Slow 1200mV 0C Model Recovery: 'altera_reserved_tck'                                                                                                                                                                                                                                                                                                                                                                                                                                                                                                                                                                                                                                                                                                                                     ;
+--------+-----------------------------------------------------------------------------------------------------------------------------------------------------------------------------------------------------------------------------------------------------------------------------------------------------------------------------------------------------+--------------------------------------------------------------------------------------------------------------------------------------------------------------------------------------------------------------------------------------------------------------------------------------------------------------------------------------+---------------------+---------------------+--------------+------------+------------+
; Slack  ; From Node                                                                                                                                                                                                                                                                                                                                           ; To Node                                                                                                                                                                                                                                                                                                                              ; Launch Clock        ; Latch Clock         ; Relationship ; Clock Skew ; Data Delay ;
+--------+-----------------------------------------------------------------------------------------------------------------------------------------------------------------------------------------------------------------------------------------------------------------------------------------------------------------------------------------------------+--------------------------------------------------------------------------------------------------------------------------------------------------------------------------------------------------------------------------------------------------------------------------------------------------------------------------------------+---------------------+---------------------+--------------+------------+------------+
; 97.858 ; jtag_to_avalon_mst_brg_01:u_jtag_avmm|jtag_to_avalon_mst_brg_01_master_0:master_0|altera_avalon_st_jtag_interface:jtag_phy_embedded_in_jtag_master|altera_jtag_dc_streaming:normal.jtag_dc_streaming|altera_std_synchronizer:synchronizer|dreg[1]                                                                                                   ; jtag_to_avalon_mst_brg_01:u_jtag_avmm|jtag_to_avalon_mst_brg_01_master_0:master_0|altera_avalon_st_jtag_interface:jtag_phy_embedded_in_jtag_master|altera_jtag_dc_streaming:normal.jtag_dc_streaming|altera_avalon_st_clock_crosser:sink_crosser|out_data_buffer[4]                                                                  ; altera_reserved_tck ; altera_reserved_tck ; 100.000      ; -0.085     ; 2.076      ;
; 97.858 ; jtag_to_avalon_mst_brg_01:u_jtag_avmm|jtag_to_avalon_mst_brg_01_master_0:master_0|altera_avalon_st_jtag_interface:jtag_phy_embedded_in_jtag_master|altera_jtag_dc_streaming:normal.jtag_dc_streaming|altera_std_synchronizer:synchronizer|dreg[1]                                                                                                   ; jtag_to_avalon_mst_brg_01:u_jtag_avmm|jtag_to_avalon_mst_brg_01_master_0:master_0|altera_avalon_st_jtag_interface:jtag_phy_embedded_in_jtag_master|altera_jtag_dc_streaming:normal.jtag_dc_streaming|altera_avalon_st_clock_crosser:sink_crosser|out_data_buffer[0]                                                                  ; altera_reserved_tck ; altera_reserved_tck ; 100.000      ; -0.085     ; 2.076      ;
; 97.858 ; jtag_to_avalon_mst_brg_01:u_jtag_avmm|jtag_to_avalon_mst_brg_01_master_0:master_0|altera_avalon_st_jtag_interface:jtag_phy_embedded_in_jtag_master|altera_jtag_dc_streaming:normal.jtag_dc_streaming|altera_std_synchronizer:synchronizer|dreg[1]                                                                                                   ; jtag_to_avalon_mst_brg_01:u_jtag_avmm|jtag_to_avalon_mst_brg_01_master_0:master_0|altera_avalon_st_jtag_interface:jtag_phy_embedded_in_jtag_master|altera_jtag_dc_streaming:normal.jtag_dc_streaming|altera_avalon_st_clock_crosser:sink_crosser|out_data_buffer[2]                                                                  ; altera_reserved_tck ; altera_reserved_tck ; 100.000      ; -0.085     ; 2.076      ;
; 97.858 ; jtag_to_avalon_mst_brg_01:u_jtag_avmm|jtag_to_avalon_mst_brg_01_master_0:master_0|altera_avalon_st_jtag_interface:jtag_phy_embedded_in_jtag_master|altera_jtag_dc_streaming:normal.jtag_dc_streaming|altera_std_synchronizer:synchronizer|dreg[1]                                                                                                   ; jtag_to_avalon_mst_brg_01:u_jtag_avmm|jtag_to_avalon_mst_brg_01_master_0:master_0|altera_avalon_st_jtag_interface:jtag_phy_embedded_in_jtag_master|altera_jtag_dc_streaming:normal.jtag_dc_streaming|altera_avalon_st_clock_crosser:sink_crosser|out_data_buffer[1]                                                                  ; altera_reserved_tck ; altera_reserved_tck ; 100.000      ; -0.085     ; 2.076      ;
; 97.858 ; jtag_to_avalon_mst_brg_01:u_jtag_avmm|jtag_to_avalon_mst_brg_01_master_0:master_0|altera_avalon_st_jtag_interface:jtag_phy_embedded_in_jtag_master|altera_jtag_dc_streaming:normal.jtag_dc_streaming|altera_std_synchronizer:synchronizer|dreg[1]                                                                                                   ; jtag_to_avalon_mst_brg_01:u_jtag_avmm|jtag_to_avalon_mst_brg_01_master_0:master_0|altera_avalon_st_jtag_interface:jtag_phy_embedded_in_jtag_master|altera_jtag_dc_streaming:normal.jtag_dc_streaming|altera_avalon_st_clock_crosser:sink_crosser|out_data_buffer[7]                                                                  ; altera_reserved_tck ; altera_reserved_tck ; 100.000      ; -0.085     ; 2.076      ;
; 97.858 ; jtag_to_avalon_mst_brg_01:u_jtag_avmm|jtag_to_avalon_mst_brg_01_master_0:master_0|altera_avalon_st_jtag_interface:jtag_phy_embedded_in_jtag_master|altera_jtag_dc_streaming:normal.jtag_dc_streaming|altera_std_synchronizer:synchronizer|dreg[1]                                                                                                   ; jtag_to_avalon_mst_brg_01:u_jtag_avmm|jtag_to_avalon_mst_brg_01_master_0:master_0|altera_avalon_st_jtag_interface:jtag_phy_embedded_in_jtag_master|altera_jtag_dc_streaming:normal.jtag_dc_streaming|altera_avalon_st_clock_crosser:sink_crosser|out_data_buffer[6]                                                                  ; altera_reserved_tck ; altera_reserved_tck ; 100.000      ; -0.085     ; 2.076      ;
; 97.858 ; jtag_to_avalon_mst_brg_01:u_jtag_avmm|jtag_to_avalon_mst_brg_01_master_0:master_0|altera_avalon_st_jtag_interface:jtag_phy_embedded_in_jtag_master|altera_jtag_dc_streaming:normal.jtag_dc_streaming|altera_std_synchronizer:synchronizer|dreg[1]                                                                                                   ; jtag_to_avalon_mst_brg_01:u_jtag_avmm|jtag_to_avalon_mst_brg_01_master_0:master_0|altera_avalon_st_jtag_interface:jtag_phy_embedded_in_jtag_master|altera_jtag_dc_streaming:normal.jtag_dc_streaming|altera_avalon_st_clock_crosser:sink_crosser|out_data_buffer[5]                                                                  ; altera_reserved_tck ; altera_reserved_tck ; 100.000      ; -0.085     ; 2.076      ;
; 97.858 ; jtag_to_avalon_mst_brg_01:u_jtag_avmm|jtag_to_avalon_mst_brg_01_master_0:master_0|altera_avalon_st_jtag_interface:jtag_phy_embedded_in_jtag_master|altera_jtag_dc_streaming:normal.jtag_dc_streaming|altera_std_synchronizer:synchronizer|dreg[1]                                                                                                   ; jtag_to_avalon_mst_brg_01:u_jtag_avmm|jtag_to_avalon_mst_brg_01_master_0:master_0|altera_avalon_st_jtag_interface:jtag_phy_embedded_in_jtag_master|altera_jtag_dc_streaming:normal.jtag_dc_streaming|altera_avalon_st_clock_crosser:sink_crosser|out_data_buffer[3]                                                                  ; altera_reserved_tck ; altera_reserved_tck ; 100.000      ; -0.085     ; 2.076      ;
; 97.870 ; jtag_to_avalon_mst_brg_01:u_jtag_avmm|jtag_to_avalon_mst_brg_01_master_0:master_0|altera_avalon_st_jtag_interface:jtag_phy_embedded_in_jtag_master|altera_jtag_dc_streaming:normal.jtag_dc_streaming|altera_std_synchronizer:synchronizer|dreg[1]                                                                                                   ; jtag_to_avalon_mst_brg_01:u_jtag_avmm|jtag_to_avalon_mst_brg_01_master_0:master_0|altera_avalon_st_jtag_interface:jtag_phy_embedded_in_jtag_master|altera_jtag_dc_streaming:normal.jtag_dc_streaming|altera_jtag_streaming:jtag_streaming|altera_avalon_st_idle_remover:idle_remover|received_esc                                    ; altera_reserved_tck ; altera_reserved_tck ; 100.000      ; -0.081     ; 2.068      ;
; 97.870 ; jtag_to_avalon_mst_brg_01:u_jtag_avmm|jtag_to_avalon_mst_brg_01_master_0:master_0|altera_avalon_st_jtag_interface:jtag_phy_embedded_in_jtag_master|altera_jtag_dc_streaming:normal.jtag_dc_streaming|altera_std_synchronizer:synchronizer|dreg[1]                                                                                                   ; jtag_to_avalon_mst_brg_01:u_jtag_avmm|jtag_to_avalon_mst_brg_01_master_0:master_0|altera_avalon_st_jtag_interface:jtag_phy_embedded_in_jtag_master|altera_jtag_dc_streaming:normal.jtag_dc_streaming|altera_jtag_src_crosser:source_crosser|sink_valid_buffer                                                                        ; altera_reserved_tck ; altera_reserved_tck ; 100.000      ; -0.081     ; 2.068      ;
; 97.876 ; sld_hub:auto_hub|alt_sld_fab_with_jtag_input:\instrumentation_fabric_with_node_gen:fabric_gen_new_way:with_jtag_input_gen:instrumentation_fabric|alt_sld_fab:instrumentation_fabric|alt_sld_fab_alt_sld_fab:alt_sld_fab|alt_sld_fab_alt_sld_fab_sldfabric:sldfabric|sld_jtag_hub:\jtag_hub_gen:real_sld_jtag_hub|virtual_ir_scan_reg                ; sld_hub:auto_hub|alt_sld_fab_with_jtag_input:\instrumentation_fabric_with_node_gen:fabric_gen_new_way:with_jtag_input_gen:instrumentation_fabric|alt_sld_fab:instrumentation_fabric|alt_sld_fab_alt_sld_fab:alt_sld_fab|alt_sld_fab_alt_sld_fab_sldfabric:sldfabric|sld_jtag_hub:\jtag_hub_gen:real_sld_jtag_hub|hub_mode_reg[2]     ; altera_reserved_tck ; altera_reserved_tck ; 100.000      ; -0.059     ; 2.084      ;
; 97.922 ; jtag_to_avalon_mst_brg_01:u_jtag_avmm|jtag_to_avalon_mst_brg_01_master_0:master_0|altera_avalon_st_jtag_interface:jtag_phy_embedded_in_jtag_master|altera_jtag_dc_streaming:normal.jtag_dc_streaming|altera_std_synchronizer:synchronizer|dreg[1]                                                                                                   ; jtag_to_avalon_mst_brg_01:u_jtag_avmm|jtag_to_avalon_mst_brg_01_master_0:master_0|altera_avalon_st_jtag_interface:jtag_phy_embedded_in_jtag_master|altera_jtag_dc_streaming:normal.jtag_dc_streaming|altera_jtag_src_crosser:source_crosser|sink_data_buffer[5]                                                                      ; altera_reserved_tck ; altera_reserved_tck ; 100.000      ; -0.089     ; 2.008      ;
; 97.922 ; jtag_to_avalon_mst_brg_01:u_jtag_avmm|jtag_to_avalon_mst_brg_01_master_0:master_0|altera_avalon_st_jtag_interface:jtag_phy_embedded_in_jtag_master|altera_jtag_dc_streaming:normal.jtag_dc_streaming|altera_std_synchronizer:synchronizer|dreg[1]                                                                                                   ; jtag_to_avalon_mst_brg_01:u_jtag_avmm|jtag_to_avalon_mst_brg_01_master_0:master_0|altera_avalon_st_jtag_interface:jtag_phy_embedded_in_jtag_master|altera_jtag_dc_streaming:normal.jtag_dc_streaming|altera_jtag_src_crosser:source_crosser|sink_data_buffer[7]                                                                      ; altera_reserved_tck ; altera_reserved_tck ; 100.000      ; -0.089     ; 2.008      ;
; 97.922 ; jtag_to_avalon_mst_brg_01:u_jtag_avmm|jtag_to_avalon_mst_brg_01_master_0:master_0|altera_avalon_st_jtag_interface:jtag_phy_embedded_in_jtag_master|altera_jtag_dc_streaming:normal.jtag_dc_streaming|altera_std_synchronizer:synchronizer|dreg[1]                                                                                                   ; jtag_to_avalon_mst_brg_01:u_jtag_avmm|jtag_to_avalon_mst_brg_01_master_0:master_0|altera_avalon_st_jtag_interface:jtag_phy_embedded_in_jtag_master|altera_jtag_dc_streaming:normal.jtag_dc_streaming|altera_jtag_src_crosser:source_crosser|sink_data_buffer[6]                                                                      ; altera_reserved_tck ; altera_reserved_tck ; 100.000      ; -0.089     ; 2.008      ;
; 97.922 ; jtag_to_avalon_mst_brg_01:u_jtag_avmm|jtag_to_avalon_mst_brg_01_master_0:master_0|altera_avalon_st_jtag_interface:jtag_phy_embedded_in_jtag_master|altera_jtag_dc_streaming:normal.jtag_dc_streaming|altera_std_synchronizer:synchronizer|dreg[1]                                                                                                   ; jtag_to_avalon_mst_brg_01:u_jtag_avmm|jtag_to_avalon_mst_brg_01_master_0:master_0|altera_avalon_st_jtag_interface:jtag_phy_embedded_in_jtag_master|altera_jtag_dc_streaming:normal.jtag_dc_streaming|altera_jtag_src_crosser:source_crosser|sink_data_buffer[4]                                                                      ; altera_reserved_tck ; altera_reserved_tck ; 100.000      ; -0.089     ; 2.008      ;
; 97.922 ; jtag_to_avalon_mst_brg_01:u_jtag_avmm|jtag_to_avalon_mst_brg_01_master_0:master_0|altera_avalon_st_jtag_interface:jtag_phy_embedded_in_jtag_master|altera_jtag_dc_streaming:normal.jtag_dc_streaming|altera_std_synchronizer:synchronizer|dreg[1]                                                                                                   ; jtag_to_avalon_mst_brg_01:u_jtag_avmm|jtag_to_avalon_mst_brg_01_master_0:master_0|altera_avalon_st_jtag_interface:jtag_phy_embedded_in_jtag_master|altera_jtag_dc_streaming:normal.jtag_dc_streaming|altera_jtag_src_crosser:source_crosser|sink_data_buffer[3]                                                                      ; altera_reserved_tck ; altera_reserved_tck ; 100.000      ; -0.089     ; 2.008      ;
; 97.922 ; jtag_to_avalon_mst_brg_01:u_jtag_avmm|jtag_to_avalon_mst_brg_01_master_0:master_0|altera_avalon_st_jtag_interface:jtag_phy_embedded_in_jtag_master|altera_jtag_dc_streaming:normal.jtag_dc_streaming|altera_std_synchronizer:synchronizer|dreg[1]                                                                                                   ; jtag_to_avalon_mst_brg_01:u_jtag_avmm|jtag_to_avalon_mst_brg_01_master_0:master_0|altera_avalon_st_jtag_interface:jtag_phy_embedded_in_jtag_master|altera_jtag_dc_streaming:normal.jtag_dc_streaming|altera_jtag_src_crosser:source_crosser|sink_data_buffer[2]                                                                      ; altera_reserved_tck ; altera_reserved_tck ; 100.000      ; -0.089     ; 2.008      ;
; 97.922 ; jtag_to_avalon_mst_brg_01:u_jtag_avmm|jtag_to_avalon_mst_brg_01_master_0:master_0|altera_avalon_st_jtag_interface:jtag_phy_embedded_in_jtag_master|altera_jtag_dc_streaming:normal.jtag_dc_streaming|altera_std_synchronizer:synchronizer|dreg[1]                                                                                                   ; jtag_to_avalon_mst_brg_01:u_jtag_avmm|jtag_to_avalon_mst_brg_01_master_0:master_0|altera_avalon_st_jtag_interface:jtag_phy_embedded_in_jtag_master|altera_jtag_dc_streaming:normal.jtag_dc_streaming|altera_jtag_src_crosser:source_crosser|sink_data_buffer[1]                                                                      ; altera_reserved_tck ; altera_reserved_tck ; 100.000      ; -0.089     ; 2.008      ;
; 97.922 ; jtag_to_avalon_mst_brg_01:u_jtag_avmm|jtag_to_avalon_mst_brg_01_master_0:master_0|altera_avalon_st_jtag_interface:jtag_phy_embedded_in_jtag_master|altera_jtag_dc_streaming:normal.jtag_dc_streaming|altera_std_synchronizer:synchronizer|dreg[1]                                                                                                   ; jtag_to_avalon_mst_brg_01:u_jtag_avmm|jtag_to_avalon_mst_brg_01_master_0:master_0|altera_avalon_st_jtag_interface:jtag_phy_embedded_in_jtag_master|altera_jtag_dc_streaming:normal.jtag_dc_streaming|altera_jtag_src_crosser:source_crosser|sink_data_buffer[0]                                                                      ; altera_reserved_tck ; altera_reserved_tck ; 100.000      ; -0.089     ; 2.008      ;
; 97.923 ; jtag_to_avalon_mst_brg_01:u_jtag_avmm|jtag_to_avalon_mst_brg_01_master_0:master_0|altera_avalon_st_jtag_interface:jtag_phy_embedded_in_jtag_master|altera_jtag_dc_streaming:normal.jtag_dc_streaming|altera_std_synchronizer:synchronizer|dreg[1]                                                                                                   ; jtag_to_avalon_mst_brg_01:u_jtag_avmm|jtag_to_avalon_mst_brg_01_master_0:master_0|altera_avalon_st_jtag_interface:jtag_phy_embedded_in_jtag_master|altera_jtag_dc_streaming:normal.jtag_dc_streaming|altera_avalon_st_clock_crosser:sink_crosser|altera_avalon_st_pipeline_base:output_stage|data1[3]                                ; altera_reserved_tck ; altera_reserved_tck ; 100.000      ; -0.073     ; 2.023      ;
; 97.923 ; jtag_to_avalon_mst_brg_01:u_jtag_avmm|jtag_to_avalon_mst_brg_01_master_0:master_0|altera_avalon_st_jtag_interface:jtag_phy_embedded_in_jtag_master|altera_jtag_dc_streaming:normal.jtag_dc_streaming|altera_std_synchronizer:synchronizer|dreg[1]                                                                                                   ; jtag_to_avalon_mst_brg_01:u_jtag_avmm|jtag_to_avalon_mst_brg_01_master_0:master_0|altera_avalon_st_jtag_interface:jtag_phy_embedded_in_jtag_master|altera_jtag_dc_streaming:normal.jtag_dc_streaming|altera_avalon_st_clock_crosser:sink_crosser|altera_avalon_st_pipeline_base:output_stage|data1[5]                                ; altera_reserved_tck ; altera_reserved_tck ; 100.000      ; -0.073     ; 2.023      ;
; 97.923 ; jtag_to_avalon_mst_brg_01:u_jtag_avmm|jtag_to_avalon_mst_brg_01_master_0:master_0|altera_avalon_st_jtag_interface:jtag_phy_embedded_in_jtag_master|altera_jtag_dc_streaming:normal.jtag_dc_streaming|altera_std_synchronizer:synchronizer|dreg[1]                                                                                                   ; jtag_to_avalon_mst_brg_01:u_jtag_avmm|jtag_to_avalon_mst_brg_01_master_0:master_0|altera_avalon_st_jtag_interface:jtag_phy_embedded_in_jtag_master|altera_jtag_dc_streaming:normal.jtag_dc_streaming|altera_avalon_st_clock_crosser:sink_crosser|altera_avalon_st_pipeline_base:output_stage|data1[6]                                ; altera_reserved_tck ; altera_reserved_tck ; 100.000      ; -0.073     ; 2.023      ;
; 97.923 ; jtag_to_avalon_mst_brg_01:u_jtag_avmm|jtag_to_avalon_mst_brg_01_master_0:master_0|altera_avalon_st_jtag_interface:jtag_phy_embedded_in_jtag_master|altera_jtag_dc_streaming:normal.jtag_dc_streaming|altera_std_synchronizer:synchronizer|dreg[1]                                                                                                   ; jtag_to_avalon_mst_brg_01:u_jtag_avmm|jtag_to_avalon_mst_brg_01_master_0:master_0|altera_avalon_st_jtag_interface:jtag_phy_embedded_in_jtag_master|altera_jtag_dc_streaming:normal.jtag_dc_streaming|altera_avalon_st_clock_crosser:sink_crosser|altera_avalon_st_pipeline_base:output_stage|data1[7]                                ; altera_reserved_tck ; altera_reserved_tck ; 100.000      ; -0.073     ; 2.023      ;
; 97.923 ; jtag_to_avalon_mst_brg_01:u_jtag_avmm|jtag_to_avalon_mst_brg_01_master_0:master_0|altera_avalon_st_jtag_interface:jtag_phy_embedded_in_jtag_master|altera_jtag_dc_streaming:normal.jtag_dc_streaming|altera_std_synchronizer:synchronizer|dreg[1]                                                                                                   ; jtag_to_avalon_mst_brg_01:u_jtag_avmm|jtag_to_avalon_mst_brg_01_master_0:master_0|altera_avalon_st_jtag_interface:jtag_phy_embedded_in_jtag_master|altera_jtag_dc_streaming:normal.jtag_dc_streaming|altera_avalon_st_clock_crosser:sink_crosser|altera_avalon_st_pipeline_base:output_stage|data1[1]                                ; altera_reserved_tck ; altera_reserved_tck ; 100.000      ; -0.073     ; 2.023      ;
; 97.923 ; jtag_to_avalon_mst_brg_01:u_jtag_avmm|jtag_to_avalon_mst_brg_01_master_0:master_0|altera_avalon_st_jtag_interface:jtag_phy_embedded_in_jtag_master|altera_jtag_dc_streaming:normal.jtag_dc_streaming|altera_std_synchronizer:synchronizer|dreg[1]                                                                                                   ; jtag_to_avalon_mst_brg_01:u_jtag_avmm|jtag_to_avalon_mst_brg_01_master_0:master_0|altera_avalon_st_jtag_interface:jtag_phy_embedded_in_jtag_master|altera_jtag_dc_streaming:normal.jtag_dc_streaming|altera_avalon_st_clock_crosser:sink_crosser|altera_avalon_st_pipeline_base:output_stage|data1[0]                                ; altera_reserved_tck ; altera_reserved_tck ; 100.000      ; -0.073     ; 2.023      ;
; 97.923 ; jtag_to_avalon_mst_brg_01:u_jtag_avmm|jtag_to_avalon_mst_brg_01_master_0:master_0|altera_avalon_st_jtag_interface:jtag_phy_embedded_in_jtag_master|altera_jtag_dc_streaming:normal.jtag_dc_streaming|altera_std_synchronizer:synchronizer|dreg[1]                                                                                                   ; jtag_to_avalon_mst_brg_01:u_jtag_avmm|jtag_to_avalon_mst_brg_01_master_0:master_0|altera_avalon_st_jtag_interface:jtag_phy_embedded_in_jtag_master|altera_jtag_dc_streaming:normal.jtag_dc_streaming|altera_avalon_st_clock_crosser:sink_crosser|altera_avalon_st_pipeline_base:output_stage|data1[4]                                ; altera_reserved_tck ; altera_reserved_tck ; 100.000      ; -0.073     ; 2.023      ;
; 97.923 ; jtag_to_avalon_mst_brg_01:u_jtag_avmm|jtag_to_avalon_mst_brg_01_master_0:master_0|altera_avalon_st_jtag_interface:jtag_phy_embedded_in_jtag_master|altera_jtag_dc_streaming:normal.jtag_dc_streaming|altera_std_synchronizer:synchronizer|dreg[1]                                                                                                   ; jtag_to_avalon_mst_brg_01:u_jtag_avmm|jtag_to_avalon_mst_brg_01_master_0:master_0|altera_avalon_st_jtag_interface:jtag_phy_embedded_in_jtag_master|altera_jtag_dc_streaming:normal.jtag_dc_streaming|altera_avalon_st_clock_crosser:sink_crosser|altera_avalon_st_pipeline_base:output_stage|data0[4]                                ; altera_reserved_tck ; altera_reserved_tck ; 100.000      ; -0.073     ; 2.023      ;
; 97.923 ; jtag_to_avalon_mst_brg_01:u_jtag_avmm|jtag_to_avalon_mst_brg_01_master_0:master_0|altera_avalon_st_jtag_interface:jtag_phy_embedded_in_jtag_master|altera_jtag_dc_streaming:normal.jtag_dc_streaming|altera_std_synchronizer:synchronizer|dreg[1]                                                                                                   ; jtag_to_avalon_mst_brg_01:u_jtag_avmm|jtag_to_avalon_mst_brg_01_master_0:master_0|altera_avalon_st_jtag_interface:jtag_phy_embedded_in_jtag_master|altera_jtag_dc_streaming:normal.jtag_dc_streaming|altera_avalon_st_clock_crosser:sink_crosser|altera_avalon_st_pipeline_base:output_stage|data0[0]                                ; altera_reserved_tck ; altera_reserved_tck ; 100.000      ; -0.073     ; 2.023      ;
; 97.923 ; jtag_to_avalon_mst_brg_01:u_jtag_avmm|jtag_to_avalon_mst_brg_01_master_0:master_0|altera_avalon_st_jtag_interface:jtag_phy_embedded_in_jtag_master|altera_jtag_dc_streaming:normal.jtag_dc_streaming|altera_std_synchronizer:synchronizer|dreg[1]                                                                                                   ; jtag_to_avalon_mst_brg_01:u_jtag_avmm|jtag_to_avalon_mst_brg_01_master_0:master_0|altera_avalon_st_jtag_interface:jtag_phy_embedded_in_jtag_master|altera_jtag_dc_streaming:normal.jtag_dc_streaming|altera_avalon_st_clock_crosser:sink_crosser|altera_avalon_st_pipeline_base:output_stage|data0[1]                                ; altera_reserved_tck ; altera_reserved_tck ; 100.000      ; -0.073     ; 2.023      ;
; 97.923 ; jtag_to_avalon_mst_brg_01:u_jtag_avmm|jtag_to_avalon_mst_brg_01_master_0:master_0|altera_avalon_st_jtag_interface:jtag_phy_embedded_in_jtag_master|altera_jtag_dc_streaming:normal.jtag_dc_streaming|altera_std_synchronizer:synchronizer|dreg[1]                                                                                                   ; jtag_to_avalon_mst_brg_01:u_jtag_avmm|jtag_to_avalon_mst_brg_01_master_0:master_0|altera_avalon_st_jtag_interface:jtag_phy_embedded_in_jtag_master|altera_jtag_dc_streaming:normal.jtag_dc_streaming|altera_avalon_st_clock_crosser:sink_crosser|altera_avalon_st_pipeline_base:output_stage|data0[7]                                ; altera_reserved_tck ; altera_reserved_tck ; 100.000      ; -0.073     ; 2.023      ;
; 97.923 ; jtag_to_avalon_mst_brg_01:u_jtag_avmm|jtag_to_avalon_mst_brg_01_master_0:master_0|altera_avalon_st_jtag_interface:jtag_phy_embedded_in_jtag_master|altera_jtag_dc_streaming:normal.jtag_dc_streaming|altera_std_synchronizer:synchronizer|dreg[1]                                                                                                   ; jtag_to_avalon_mst_brg_01:u_jtag_avmm|jtag_to_avalon_mst_brg_01_master_0:master_0|altera_avalon_st_jtag_interface:jtag_phy_embedded_in_jtag_master|altera_jtag_dc_streaming:normal.jtag_dc_streaming|altera_avalon_st_clock_crosser:sink_crosser|altera_avalon_st_pipeline_base:output_stage|data0[6]                                ; altera_reserved_tck ; altera_reserved_tck ; 100.000      ; -0.073     ; 2.023      ;
; 97.923 ; jtag_to_avalon_mst_brg_01:u_jtag_avmm|jtag_to_avalon_mst_brg_01_master_0:master_0|altera_avalon_st_jtag_interface:jtag_phy_embedded_in_jtag_master|altera_jtag_dc_streaming:normal.jtag_dc_streaming|altera_std_synchronizer:synchronizer|dreg[1]                                                                                                   ; jtag_to_avalon_mst_brg_01:u_jtag_avmm|jtag_to_avalon_mst_brg_01_master_0:master_0|altera_avalon_st_jtag_interface:jtag_phy_embedded_in_jtag_master|altera_jtag_dc_streaming:normal.jtag_dc_streaming|altera_avalon_st_clock_crosser:sink_crosser|altera_avalon_st_pipeline_base:output_stage|data0[5]                                ; altera_reserved_tck ; altera_reserved_tck ; 100.000      ; -0.073     ; 2.023      ;
; 97.923 ; jtag_to_avalon_mst_brg_01:u_jtag_avmm|jtag_to_avalon_mst_brg_01_master_0:master_0|altera_avalon_st_jtag_interface:jtag_phy_embedded_in_jtag_master|altera_jtag_dc_streaming:normal.jtag_dc_streaming|altera_std_synchronizer:synchronizer|dreg[1]                                                                                                   ; jtag_to_avalon_mst_brg_01:u_jtag_avmm|jtag_to_avalon_mst_brg_01_master_0:master_0|altera_avalon_st_jtag_interface:jtag_phy_embedded_in_jtag_master|altera_jtag_dc_streaming:normal.jtag_dc_streaming|altera_avalon_st_clock_crosser:sink_crosser|altera_avalon_st_pipeline_base:output_stage|data0[3]                                ; altera_reserved_tck ; altera_reserved_tck ; 100.000      ; -0.073     ; 2.023      ;
; 97.978 ; sld_hub:auto_hub|alt_sld_fab_with_jtag_input:\instrumentation_fabric_with_node_gen:fabric_gen_new_way:with_jtag_input_gen:instrumentation_fabric|alt_sld_fab:instrumentation_fabric|alt_sld_fab_alt_sld_fab:alt_sld_fab|alt_sld_fab_alt_sld_fab_sldfabric:sldfabric|sld_jtag_hub:\jtag_hub_gen:real_sld_jtag_hub|clr_reg                            ; sld_hub:auto_hub|alt_sld_fab_with_jtag_input:\instrumentation_fabric_with_node_gen:fabric_gen_new_way:with_jtag_input_gen:instrumentation_fabric|alt_sld_fab:instrumentation_fabric|alt_sld_fab_alt_sld_fab:alt_sld_fab|alt_sld_fab_alt_sld_fab_sldfabric:sldfabric|sld_jtag_hub:\jtag_hub_gen:real_sld_jtag_hub|irf_reg[1][1]       ; altera_reserved_tck ; altera_reserved_tck ; 100.000      ; -0.099     ; 1.942      ;
; 97.978 ; sld_hub:auto_hub|alt_sld_fab_with_jtag_input:\instrumentation_fabric_with_node_gen:fabric_gen_new_way:with_jtag_input_gen:instrumentation_fabric|alt_sld_fab:instrumentation_fabric|alt_sld_fab_alt_sld_fab:alt_sld_fab|alt_sld_fab_alt_sld_fab_sldfabric:sldfabric|sld_jtag_hub:\jtag_hub_gen:real_sld_jtag_hub|clr_reg                            ; sld_hub:auto_hub|alt_sld_fab_with_jtag_input:\instrumentation_fabric_with_node_gen:fabric_gen_new_way:with_jtag_input_gen:instrumentation_fabric|alt_sld_fab:instrumentation_fabric|alt_sld_fab_alt_sld_fab:alt_sld_fab|alt_sld_fab_alt_sld_fab_sldfabric:sldfabric|sld_jtag_hub:\jtag_hub_gen:real_sld_jtag_hub|irf_reg[1][0]       ; altera_reserved_tck ; altera_reserved_tck ; 100.000      ; -0.099     ; 1.942      ;
; 97.978 ; sld_hub:auto_hub|alt_sld_fab_with_jtag_input:\instrumentation_fabric_with_node_gen:fabric_gen_new_way:with_jtag_input_gen:instrumentation_fabric|alt_sld_fab:instrumentation_fabric|alt_sld_fab_alt_sld_fab:alt_sld_fab|alt_sld_fab_alt_sld_fab_sldfabric:sldfabric|sld_jtag_hub:\jtag_hub_gen:real_sld_jtag_hub|clr_reg                            ; sld_hub:auto_hub|alt_sld_fab_with_jtag_input:\instrumentation_fabric_with_node_gen:fabric_gen_new_way:with_jtag_input_gen:instrumentation_fabric|alt_sld_fab:instrumentation_fabric|alt_sld_fab_alt_sld_fab:alt_sld_fab|alt_sld_fab_alt_sld_fab_sldfabric:sldfabric|sld_jtag_hub:\jtag_hub_gen:real_sld_jtag_hub|irf_reg[1][2]       ; altera_reserved_tck ; altera_reserved_tck ; 100.000      ; -0.099     ; 1.942      ;
; 98.014 ; sld_hub:auto_hub|alt_sld_fab_with_jtag_input:\instrumentation_fabric_with_node_gen:fabric_gen_new_way:with_jtag_input_gen:instrumentation_fabric|alt_sld_fab:instrumentation_fabric|alt_sld_fab_alt_sld_fab:alt_sld_fab|alt_sld_fab_alt_sld_fab_sldfabric:sldfabric|sld_jtag_hub:\jtag_hub_gen:real_sld_jtag_hub|clr_reg                            ; sld_hub:auto_hub|alt_sld_fab_with_jtag_input:\instrumentation_fabric_with_node_gen:fabric_gen_new_way:with_jtag_input_gen:instrumentation_fabric|alt_sld_fab:instrumentation_fabric|alt_sld_fab_alt_sld_fab:alt_sld_fab|splitter_nodes_receive_0[3]                                                                                  ; altera_reserved_tck ; altera_reserved_tck ; 100.000      ; -0.084     ; 1.921      ;
; 98.034 ; sld_hub:auto_hub|alt_sld_fab_with_jtag_input:\instrumentation_fabric_with_node_gen:fabric_gen_new_way:with_jtag_input_gen:instrumentation_fabric|alt_sld_fab:instrumentation_fabric|alt_sld_fab_alt_sld_fab:alt_sld_fab|alt_sld_fab_alt_sld_fab_sldfabric:sldfabric|sld_jtag_hub:\jtag_hub_gen:real_sld_jtag_hub|clr_reg                            ; sld_hub:auto_hub|alt_sld_fab_with_jtag_input:\instrumentation_fabric_with_node_gen:fabric_gen_new_way:with_jtag_input_gen:instrumentation_fabric|alt_sld_fab:instrumentation_fabric|alt_sld_fab_alt_sld_fab:alt_sld_fab|alt_sld_fab_alt_sld_fab_sldfabric:sldfabric|sld_jtag_hub:\jtag_hub_gen:real_sld_jtag_hub|hub_mode_reg[1]     ; altera_reserved_tck ; altera_reserved_tck ; 100.000      ; -0.065     ; 1.920      ;
; 98.200 ; jtag_to_avalon_mst_brg_01:u_jtag_avmm|jtag_to_avalon_mst_brg_01_master_0:master_0|altera_avalon_st_jtag_interface:jtag_phy_embedded_in_jtag_master|altera_jtag_dc_streaming:normal.jtag_dc_streaming|altera_std_synchronizer:synchronizer|dreg[1]                                                                                                   ; jtag_to_avalon_mst_brg_01:u_jtag_avmm|jtag_to_avalon_mst_brg_01_master_0:master_0|altera_avalon_st_jtag_interface:jtag_phy_embedded_in_jtag_master|altera_jtag_dc_streaming:normal.jtag_dc_streaming|altera_avalon_st_clock_crosser:sink_crosser|altera_avalon_st_pipeline_base:output_stage|data1[2]                                ; altera_reserved_tck ; altera_reserved_tck ; 100.000      ; -0.077     ; 1.742      ;
; 98.200 ; jtag_to_avalon_mst_brg_01:u_jtag_avmm|jtag_to_avalon_mst_brg_01_master_0:master_0|altera_avalon_st_jtag_interface:jtag_phy_embedded_in_jtag_master|altera_jtag_dc_streaming:normal.jtag_dc_streaming|altera_std_synchronizer:synchronizer|dreg[1]                                                                                                   ; jtag_to_avalon_mst_brg_01:u_jtag_avmm|jtag_to_avalon_mst_brg_01_master_0:master_0|altera_avalon_st_jtag_interface:jtag_phy_embedded_in_jtag_master|altera_jtag_dc_streaming:normal.jtag_dc_streaming|altera_avalon_st_clock_crosser:sink_crosser|altera_avalon_st_pipeline_base:output_stage|data0[2]                                ; altera_reserved_tck ; altera_reserved_tck ; 100.000      ; -0.077     ; 1.742      ;
; 98.247 ; sld_hub:auto_hub|alt_sld_fab_with_jtag_input:\instrumentation_fabric_with_node_gen:fabric_gen_new_way:with_jtag_input_gen:instrumentation_fabric|alt_sld_fab:instrumentation_fabric|alt_sld_fab_alt_sld_fab:alt_sld_fab|alt_sld_fab_alt_sld_fab_sldfabric:sldfabric|sld_jtag_hub:\jtag_hub_gen:real_sld_jtag_hub|clr_reg                            ; sld_hub:auto_hub|alt_sld_fab_with_jtag_input:\instrumentation_fabric_with_node_gen:fabric_gen_new_way:with_jtag_input_gen:instrumentation_fabric|alt_sld_fab:instrumentation_fabric|alt_sld_fab_alt_sld_fab:alt_sld_fab|alt_sld_fab_alt_sld_fab_sldfabric:sldfabric|sld_jtag_hub:\jtag_hub_gen:real_sld_jtag_hub|irsr_reg[0]         ; altera_reserved_tck ; altera_reserved_tck ; 100.000      ; -0.086     ; 1.686      ;
; 98.247 ; sld_hub:auto_hub|alt_sld_fab_with_jtag_input:\instrumentation_fabric_with_node_gen:fabric_gen_new_way:with_jtag_input_gen:instrumentation_fabric|alt_sld_fab:instrumentation_fabric|alt_sld_fab_alt_sld_fab:alt_sld_fab|alt_sld_fab_alt_sld_fab_sldfabric:sldfabric|sld_jtag_hub:\jtag_hub_gen:real_sld_jtag_hub|clr_reg                            ; sld_hub:auto_hub|alt_sld_fab_with_jtag_input:\instrumentation_fabric_with_node_gen:fabric_gen_new_way:with_jtag_input_gen:instrumentation_fabric|alt_sld_fab:instrumentation_fabric|alt_sld_fab_alt_sld_fab:alt_sld_fab|alt_sld_fab_alt_sld_fab_sldfabric:sldfabric|sld_jtag_hub:\jtag_hub_gen:real_sld_jtag_hub|irsr_reg[1]         ; altera_reserved_tck ; altera_reserved_tck ; 100.000      ; -0.086     ; 1.686      ;
; 98.247 ; sld_hub:auto_hub|alt_sld_fab_with_jtag_input:\instrumentation_fabric_with_node_gen:fabric_gen_new_way:with_jtag_input_gen:instrumentation_fabric|alt_sld_fab:instrumentation_fabric|alt_sld_fab_alt_sld_fab:alt_sld_fab|alt_sld_fab_alt_sld_fab_sldfabric:sldfabric|sld_jtag_hub:\jtag_hub_gen:real_sld_jtag_hub|clr_reg                            ; sld_hub:auto_hub|alt_sld_fab_with_jtag_input:\instrumentation_fabric_with_node_gen:fabric_gen_new_way:with_jtag_input_gen:instrumentation_fabric|alt_sld_fab:instrumentation_fabric|alt_sld_fab_alt_sld_fab:alt_sld_fab|alt_sld_fab_alt_sld_fab_sldfabric:sldfabric|sld_jtag_hub:\jtag_hub_gen:real_sld_jtag_hub|irsr_reg[2]         ; altera_reserved_tck ; altera_reserved_tck ; 100.000      ; -0.086     ; 1.686      ;
; 98.247 ; sld_hub:auto_hub|alt_sld_fab_with_jtag_input:\instrumentation_fabric_with_node_gen:fabric_gen_new_way:with_jtag_input_gen:instrumentation_fabric|alt_sld_fab:instrumentation_fabric|alt_sld_fab_alt_sld_fab:alt_sld_fab|alt_sld_fab_alt_sld_fab_sldfabric:sldfabric|sld_jtag_hub:\jtag_hub_gen:real_sld_jtag_hub|clr_reg                            ; sld_hub:auto_hub|alt_sld_fab_with_jtag_input:\instrumentation_fabric_with_node_gen:fabric_gen_new_way:with_jtag_input_gen:instrumentation_fabric|alt_sld_fab:instrumentation_fabric|alt_sld_fab_alt_sld_fab:alt_sld_fab|alt_sld_fab_alt_sld_fab_sldfabric:sldfabric|sld_jtag_hub:\jtag_hub_gen:real_sld_jtag_hub|hub_mode_reg[0]     ; altera_reserved_tck ; altera_reserved_tck ; 100.000      ; -0.086     ; 1.686      ;
; 98.247 ; sld_hub:auto_hub|alt_sld_fab_with_jtag_input:\instrumentation_fabric_with_node_gen:fabric_gen_new_way:with_jtag_input_gen:instrumentation_fabric|alt_sld_fab:instrumentation_fabric|alt_sld_fab_alt_sld_fab:alt_sld_fab|alt_sld_fab_alt_sld_fab_sldfabric:sldfabric|sld_jtag_hub:\jtag_hub_gen:real_sld_jtag_hub|clr_reg                            ; sld_hub:auto_hub|alt_sld_fab_with_jtag_input:\instrumentation_fabric_with_node_gen:fabric_gen_new_way:with_jtag_input_gen:instrumentation_fabric|alt_sld_fab:instrumentation_fabric|alt_sld_fab_alt_sld_fab:alt_sld_fab|alt_sld_fab_alt_sld_fab_sldfabric:sldfabric|sld_jtag_hub:\jtag_hub_gen:real_sld_jtag_hub|irsr_reg[4]         ; altera_reserved_tck ; altera_reserved_tck ; 100.000      ; -0.086     ; 1.686      ;
; 98.247 ; sld_hub:auto_hub|alt_sld_fab_with_jtag_input:\instrumentation_fabric_with_node_gen:fabric_gen_new_way:with_jtag_input_gen:instrumentation_fabric|alt_sld_fab:instrumentation_fabric|alt_sld_fab_alt_sld_fab:alt_sld_fab|alt_sld_fab_alt_sld_fab_sldfabric:sldfabric|sld_jtag_hub:\jtag_hub_gen:real_sld_jtag_hub|clr_reg                            ; sld_hub:auto_hub|alt_sld_fab_with_jtag_input:\instrumentation_fabric_with_node_gen:fabric_gen_new_way:with_jtag_input_gen:instrumentation_fabric|alt_sld_fab:instrumentation_fabric|alt_sld_fab_alt_sld_fab:alt_sld_fab|alt_sld_fab_alt_sld_fab_sldfabric:sldfabric|sld_jtag_hub:\jtag_hub_gen:real_sld_jtag_hub|irsr_reg[3]         ; altera_reserved_tck ; altera_reserved_tck ; 100.000      ; -0.086     ; 1.686      ;
; 98.473 ; sld_hub:auto_hub|alt_sld_fab_with_jtag_input:\instrumentation_fabric_with_node_gen:fabric_gen_new_way:with_jtag_input_gen:instrumentation_fabric|alt_sld_fab:instrumentation_fabric|alt_sld_fab_alt_sld_fab:alt_sld_fab|alt_sld_fab_alt_sld_fab_sldfabric:sldfabric|sld_jtag_hub:\jtag_hub_gen:real_sld_jtag_hub|sld_shadow_jsm:shadow_jsm|state[0] ; sld_hub:auto_hub|alt_sld_fab_with_jtag_input:\instrumentation_fabric_with_node_gen:fabric_gen_new_way:with_jtag_input_gen:instrumentation_fabric|alt_sld_fab:instrumentation_fabric|alt_sld_fab_alt_sld_fab:alt_sld_fab|alt_sld_fab_alt_sld_fab_sldfabric:sldfabric|sld_jtag_hub:\jtag_hub_gen:real_sld_jtag_hub|virtual_ir_scan_reg ; altera_reserved_tck ; altera_reserved_tck ; 100.000      ; -0.068     ; 1.478      ;
; 98.473 ; sld_hub:auto_hub|alt_sld_fab_with_jtag_input:\instrumentation_fabric_with_node_gen:fabric_gen_new_way:with_jtag_input_gen:instrumentation_fabric|alt_sld_fab:instrumentation_fabric|alt_sld_fab_alt_sld_fab:alt_sld_fab|alt_sld_fab_alt_sld_fab_sldfabric:sldfabric|sld_jtag_hub:\jtag_hub_gen:real_sld_jtag_hub|sld_shadow_jsm:shadow_jsm|state[0] ; sld_hub:auto_hub|alt_sld_fab_with_jtag_input:\instrumentation_fabric_with_node_gen:fabric_gen_new_way:with_jtag_input_gen:instrumentation_fabric|alt_sld_fab:instrumentation_fabric|alt_sld_fab_alt_sld_fab:alt_sld_fab|alt_sld_fab_alt_sld_fab_sldfabric:sldfabric|sld_jtag_hub:\jtag_hub_gen:real_sld_jtag_hub|virtual_dr_scan_reg ; altera_reserved_tck ; altera_reserved_tck ; 100.000      ; -0.068     ; 1.478      ;
; 98.473 ; sld_hub:auto_hub|alt_sld_fab_with_jtag_input:\instrumentation_fabric_with_node_gen:fabric_gen_new_way:with_jtag_input_gen:instrumentation_fabric|alt_sld_fab:instrumentation_fabric|alt_sld_fab_alt_sld_fab:alt_sld_fab|alt_sld_fab_alt_sld_fab_sldfabric:sldfabric|sld_jtag_hub:\jtag_hub_gen:real_sld_jtag_hub|sld_shadow_jsm:shadow_jsm|state[0] ; sld_hub:auto_hub|alt_sld_fab_with_jtag_input:\instrumentation_fabric_with_node_gen:fabric_gen_new_way:with_jtag_input_gen:instrumentation_fabric|alt_sld_fab:instrumentation_fabric|alt_sld_fab_alt_sld_fab:alt_sld_fab|alt_sld_fab_alt_sld_fab_sldfabric:sldfabric|sld_jtag_hub:\jtag_hub_gen:real_sld_jtag_hub|jtag_ir_reg[1]      ; altera_reserved_tck ; altera_reserved_tck ; 100.000      ; -0.068     ; 1.478      ;
; 98.473 ; sld_hub:auto_hub|alt_sld_fab_with_jtag_input:\instrumentation_fabric_with_node_gen:fabric_gen_new_way:with_jtag_input_gen:instrumentation_fabric|alt_sld_fab:instrumentation_fabric|alt_sld_fab_alt_sld_fab:alt_sld_fab|alt_sld_fab_alt_sld_fab_sldfabric:sldfabric|sld_jtag_hub:\jtag_hub_gen:real_sld_jtag_hub|sld_shadow_jsm:shadow_jsm|state[0] ; sld_hub:auto_hub|alt_sld_fab_with_jtag_input:\instrumentation_fabric_with_node_gen:fabric_gen_new_way:with_jtag_input_gen:instrumentation_fabric|alt_sld_fab:instrumentation_fabric|alt_sld_fab_alt_sld_fab:alt_sld_fab|alt_sld_fab_alt_sld_fab_sldfabric:sldfabric|sld_jtag_hub:\jtag_hub_gen:real_sld_jtag_hub|jtag_ir_reg[0]      ; altera_reserved_tck ; altera_reserved_tck ; 100.000      ; -0.068     ; 1.478      ;
; 98.473 ; sld_hub:auto_hub|alt_sld_fab_with_jtag_input:\instrumentation_fabric_with_node_gen:fabric_gen_new_way:with_jtag_input_gen:instrumentation_fabric|alt_sld_fab:instrumentation_fabric|alt_sld_fab_alt_sld_fab:alt_sld_fab|alt_sld_fab_alt_sld_fab_sldfabric:sldfabric|sld_jtag_hub:\jtag_hub_gen:real_sld_jtag_hub|sld_shadow_jsm:shadow_jsm|state[0] ; sld_hub:auto_hub|alt_sld_fab_with_jtag_input:\instrumentation_fabric_with_node_gen:fabric_gen_new_way:with_jtag_input_gen:instrumentation_fabric|alt_sld_fab:instrumentation_fabric|alt_sld_fab_alt_sld_fab:alt_sld_fab|alt_sld_fab_alt_sld_fab_sldfabric:sldfabric|sld_jtag_hub:\jtag_hub_gen:real_sld_jtag_hub|jtag_ir_reg[3]      ; altera_reserved_tck ; altera_reserved_tck ; 100.000      ; -0.068     ; 1.478      ;
; 98.473 ; sld_hub:auto_hub|alt_sld_fab_with_jtag_input:\instrumentation_fabric_with_node_gen:fabric_gen_new_way:with_jtag_input_gen:instrumentation_fabric|alt_sld_fab:instrumentation_fabric|alt_sld_fab_alt_sld_fab:alt_sld_fab|alt_sld_fab_alt_sld_fab_sldfabric:sldfabric|sld_jtag_hub:\jtag_hub_gen:real_sld_jtag_hub|sld_shadow_jsm:shadow_jsm|state[0] ; sld_hub:auto_hub|alt_sld_fab_with_jtag_input:\instrumentation_fabric_with_node_gen:fabric_gen_new_way:with_jtag_input_gen:instrumentation_fabric|alt_sld_fab:instrumentation_fabric|alt_sld_fab_alt_sld_fab:alt_sld_fab|alt_sld_fab_alt_sld_fab_sldfabric:sldfabric|sld_jtag_hub:\jtag_hub_gen:real_sld_jtag_hub|jtag_ir_reg[2]      ; altera_reserved_tck ; altera_reserved_tck ; 100.000      ; -0.068     ; 1.478      ;
; 98.473 ; sld_hub:auto_hub|alt_sld_fab_with_jtag_input:\instrumentation_fabric_with_node_gen:fabric_gen_new_way:with_jtag_input_gen:instrumentation_fabric|alt_sld_fab:instrumentation_fabric|alt_sld_fab_alt_sld_fab:alt_sld_fab|alt_sld_fab_alt_sld_fab_sldfabric:sldfabric|sld_jtag_hub:\jtag_hub_gen:real_sld_jtag_hub|sld_shadow_jsm:shadow_jsm|state[0] ; sld_hub:auto_hub|alt_sld_fab_with_jtag_input:\instrumentation_fabric_with_node_gen:fabric_gen_new_way:with_jtag_input_gen:instrumentation_fabric|alt_sld_fab:instrumentation_fabric|alt_sld_fab_alt_sld_fab:alt_sld_fab|alt_sld_fab_alt_sld_fab_sldfabric:sldfabric|sld_jtag_hub:\jtag_hub_gen:real_sld_jtag_hub|jtag_ir_reg[9]      ; altera_reserved_tck ; altera_reserved_tck ; 100.000      ; -0.068     ; 1.478      ;
; 98.473 ; sld_hub:auto_hub|alt_sld_fab_with_jtag_input:\instrumentation_fabric_with_node_gen:fabric_gen_new_way:with_jtag_input_gen:instrumentation_fabric|alt_sld_fab:instrumentation_fabric|alt_sld_fab_alt_sld_fab:alt_sld_fab|alt_sld_fab_alt_sld_fab_sldfabric:sldfabric|sld_jtag_hub:\jtag_hub_gen:real_sld_jtag_hub|sld_shadow_jsm:shadow_jsm|state[0] ; sld_hub:auto_hub|alt_sld_fab_with_jtag_input:\instrumentation_fabric_with_node_gen:fabric_gen_new_way:with_jtag_input_gen:instrumentation_fabric|alt_sld_fab:instrumentation_fabric|alt_sld_fab_alt_sld_fab:alt_sld_fab|alt_sld_fab_alt_sld_fab_sldfabric:sldfabric|sld_jtag_hub:\jtag_hub_gen:real_sld_jtag_hub|jtag_ir_reg[8]      ; altera_reserved_tck ; altera_reserved_tck ; 100.000      ; -0.068     ; 1.478      ;
; 98.473 ; sld_hub:auto_hub|alt_sld_fab_with_jtag_input:\instrumentation_fabric_with_node_gen:fabric_gen_new_way:with_jtag_input_gen:instrumentation_fabric|alt_sld_fab:instrumentation_fabric|alt_sld_fab_alt_sld_fab:alt_sld_fab|alt_sld_fab_alt_sld_fab_sldfabric:sldfabric|sld_jtag_hub:\jtag_hub_gen:real_sld_jtag_hub|sld_shadow_jsm:shadow_jsm|state[0] ; sld_hub:auto_hub|alt_sld_fab_with_jtag_input:\instrumentation_fabric_with_node_gen:fabric_gen_new_way:with_jtag_input_gen:instrumentation_fabric|alt_sld_fab:instrumentation_fabric|alt_sld_fab_alt_sld_fab:alt_sld_fab|alt_sld_fab_alt_sld_fab_sldfabric:sldfabric|sld_jtag_hub:\jtag_hub_gen:real_sld_jtag_hub|jtag_ir_reg[7]      ; altera_reserved_tck ; altera_reserved_tck ; 100.000      ; -0.068     ; 1.478      ;
; 98.473 ; sld_hub:auto_hub|alt_sld_fab_with_jtag_input:\instrumentation_fabric_with_node_gen:fabric_gen_new_way:with_jtag_input_gen:instrumentation_fabric|alt_sld_fab:instrumentation_fabric|alt_sld_fab_alt_sld_fab:alt_sld_fab|alt_sld_fab_alt_sld_fab_sldfabric:sldfabric|sld_jtag_hub:\jtag_hub_gen:real_sld_jtag_hub|sld_shadow_jsm:shadow_jsm|state[0] ; sld_hub:auto_hub|alt_sld_fab_with_jtag_input:\instrumentation_fabric_with_node_gen:fabric_gen_new_way:with_jtag_input_gen:instrumentation_fabric|alt_sld_fab:instrumentation_fabric|alt_sld_fab_alt_sld_fab:alt_sld_fab|alt_sld_fab_alt_sld_fab_sldfabric:sldfabric|sld_jtag_hub:\jtag_hub_gen:real_sld_jtag_hub|jtag_ir_reg[6]      ; altera_reserved_tck ; altera_reserved_tck ; 100.000      ; -0.068     ; 1.478      ;
; 98.473 ; sld_hub:auto_hub|alt_sld_fab_with_jtag_input:\instrumentation_fabric_with_node_gen:fabric_gen_new_way:with_jtag_input_gen:instrumentation_fabric|alt_sld_fab:instrumentation_fabric|alt_sld_fab_alt_sld_fab:alt_sld_fab|alt_sld_fab_alt_sld_fab_sldfabric:sldfabric|sld_jtag_hub:\jtag_hub_gen:real_sld_jtag_hub|sld_shadow_jsm:shadow_jsm|state[0] ; sld_hub:auto_hub|alt_sld_fab_with_jtag_input:\instrumentation_fabric_with_node_gen:fabric_gen_new_way:with_jtag_input_gen:instrumentation_fabric|alt_sld_fab:instrumentation_fabric|alt_sld_fab_alt_sld_fab:alt_sld_fab|alt_sld_fab_alt_sld_fab_sldfabric:sldfabric|sld_jtag_hub:\jtag_hub_gen:real_sld_jtag_hub|jtag_ir_reg[5]      ; altera_reserved_tck ; altera_reserved_tck ; 100.000      ; -0.068     ; 1.478      ;
; 98.473 ; sld_hub:auto_hub|alt_sld_fab_with_jtag_input:\instrumentation_fabric_with_node_gen:fabric_gen_new_way:with_jtag_input_gen:instrumentation_fabric|alt_sld_fab:instrumentation_fabric|alt_sld_fab_alt_sld_fab:alt_sld_fab|alt_sld_fab_alt_sld_fab_sldfabric:sldfabric|sld_jtag_hub:\jtag_hub_gen:real_sld_jtag_hub|sld_shadow_jsm:shadow_jsm|state[0] ; sld_hub:auto_hub|alt_sld_fab_with_jtag_input:\instrumentation_fabric_with_node_gen:fabric_gen_new_way:with_jtag_input_gen:instrumentation_fabric|alt_sld_fab:instrumentation_fabric|alt_sld_fab_alt_sld_fab:alt_sld_fab|alt_sld_fab_alt_sld_fab_sldfabric:sldfabric|sld_jtag_hub:\jtag_hub_gen:real_sld_jtag_hub|jtag_ir_reg[4]      ; altera_reserved_tck ; altera_reserved_tck ; 100.000      ; -0.068     ; 1.478      ;
; 98.502 ; jtag_to_avalon_mst_brg_01:u_jtag_avmm|jtag_to_avalon_mst_brg_01_master_0:master_0|altera_avalon_st_jtag_interface:jtag_phy_embedded_in_jtag_master|altera_jtag_dc_streaming:normal.jtag_dc_streaming|altera_std_synchronizer:synchronizer|dreg[1]                                                                                                   ; jtag_to_avalon_mst_brg_01:u_jtag_avmm|jtag_to_avalon_mst_brg_01_master_0:master_0|altera_avalon_st_jtag_interface:jtag_phy_embedded_in_jtag_master|altera_jtag_dc_streaming:normal.jtag_dc_streaming|altera_avalon_st_clock_crosser:sink_crosser|altera_avalon_st_pipeline_base:output_stage|full1                                   ; altera_reserved_tck ; altera_reserved_tck ; 100.000      ; -0.071     ; 1.446      ;
; 98.502 ; jtag_to_avalon_mst_brg_01:u_jtag_avmm|jtag_to_avalon_mst_brg_01_master_0:master_0|altera_avalon_st_jtag_interface:jtag_phy_embedded_in_jtag_master|altera_jtag_dc_streaming:normal.jtag_dc_streaming|altera_std_synchronizer:synchronizer|dreg[1]                                                                                                   ; jtag_to_avalon_mst_brg_01:u_jtag_avmm|jtag_to_avalon_mst_brg_01_master_0:master_0|altera_avalon_st_jtag_interface:jtag_phy_embedded_in_jtag_master|altera_jtag_dc_streaming:normal.jtag_dc_streaming|altera_jtag_streaming:jtag_streaming|altera_avalon_st_idle_inserter:idle_inserter|received_esc                                  ; altera_reserved_tck ; altera_reserved_tck ; 100.000      ; -0.071     ; 1.446      ;
; 98.502 ; jtag_to_avalon_mst_brg_01:u_jtag_avmm|jtag_to_avalon_mst_brg_01_master_0:master_0|altera_avalon_st_jtag_interface:jtag_phy_embedded_in_jtag_master|altera_jtag_dc_streaming:normal.jtag_dc_streaming|altera_std_synchronizer:synchronizer|dreg[1]                                                                                                   ; jtag_to_avalon_mst_brg_01:u_jtag_avmm|jtag_to_avalon_mst_brg_01_master_0:master_0|altera_avalon_st_jtag_interface:jtag_phy_embedded_in_jtag_master|altera_jtag_dc_streaming:normal.jtag_dc_streaming|altera_avalon_st_clock_crosser:sink_crosser|altera_avalon_st_pipeline_base:output_stage|full0                                   ; altera_reserved_tck ; altera_reserved_tck ; 100.000      ; -0.071     ; 1.446      ;
; 98.502 ; jtag_to_avalon_mst_brg_01:u_jtag_avmm|jtag_to_avalon_mst_brg_01_master_0:master_0|altera_avalon_st_jtag_interface:jtag_phy_embedded_in_jtag_master|altera_jtag_dc_streaming:normal.jtag_dc_streaming|altera_std_synchronizer:synchronizer|dreg[1]                                                                                                   ; jtag_to_avalon_mst_brg_01:u_jtag_avmm|jtag_to_avalon_mst_brg_01_master_0:master_0|altera_avalon_st_jtag_interface:jtag_phy_embedded_in_jtag_master|altera_jtag_dc_streaming:normal.jtag_dc_streaming|altera_avalon_st_clock_crosser:sink_crosser|out_data_toggle_flopped                                                             ; altera_reserved_tck ; altera_reserved_tck ; 100.000      ; -0.071     ; 1.446      ;
; 98.502 ; jtag_to_avalon_mst_brg_01:u_jtag_avmm|jtag_to_avalon_mst_brg_01_master_0:master_0|altera_avalon_st_jtag_interface:jtag_phy_embedded_in_jtag_master|altera_jtag_dc_streaming:normal.jtag_dc_streaming|altera_std_synchronizer:synchronizer|dreg[1]                                                                                                   ; jtag_to_avalon_mst_brg_01:u_jtag_avmm|jtag_to_avalon_mst_brg_01_master_0:master_0|altera_avalon_st_jtag_interface:jtag_phy_embedded_in_jtag_master|altera_jtag_dc_streaming:normal.jtag_dc_streaming|altera_avalon_st_clock_crosser:sink_crosser|altera_std_synchronizer_nocut:in_to_out_synchronizer|dreg[1]                        ; altera_reserved_tck ; altera_reserved_tck ; 100.000      ; -0.071     ; 1.446      ;
; 98.502 ; jtag_to_avalon_mst_brg_01:u_jtag_avmm|jtag_to_avalon_mst_brg_01_master_0:master_0|altera_avalon_st_jtag_interface:jtag_phy_embedded_in_jtag_master|altera_jtag_dc_streaming:normal.jtag_dc_streaming|altera_std_synchronizer:synchronizer|dreg[1]                                                                                                   ; jtag_to_avalon_mst_brg_01:u_jtag_avmm|jtag_to_avalon_mst_brg_01_master_0:master_0|altera_avalon_st_jtag_interface:jtag_phy_embedded_in_jtag_master|altera_jtag_dc_streaming:normal.jtag_dc_streaming|altera_avalon_st_clock_crosser:sink_crosser|altera_std_synchronizer_nocut:in_to_out_synchronizer|dreg[0]                        ; altera_reserved_tck ; altera_reserved_tck ; 100.000      ; -0.071     ; 1.446      ;
; 98.502 ; jtag_to_avalon_mst_brg_01:u_jtag_avmm|jtag_to_avalon_mst_brg_01_master_0:master_0|altera_avalon_st_jtag_interface:jtag_phy_embedded_in_jtag_master|altera_jtag_dc_streaming:normal.jtag_dc_streaming|altera_std_synchronizer:synchronizer|dreg[1]                                                                                                   ; jtag_to_avalon_mst_brg_01:u_jtag_avmm|jtag_to_avalon_mst_brg_01_master_0:master_0|altera_avalon_st_jtag_interface:jtag_phy_embedded_in_jtag_master|altera_jtag_dc_streaming:normal.jtag_dc_streaming|altera_avalon_st_clock_crosser:sink_crosser|altera_std_synchronizer_nocut:in_to_out_synchronizer|din_s1                         ; altera_reserved_tck ; altera_reserved_tck ; 100.000      ; -0.071     ; 1.446      ;
+--------+-----------------------------------------------------------------------------------------------------------------------------------------------------------------------------------------------------------------------------------------------------------------------------------------------------------------------------------------------------+--------------------------------------------------------------------------------------------------------------------------------------------------------------------------------------------------------------------------------------------------------------------------------------------------------------------------------------+---------------------+---------------------+--------------+------------+------------+


+-----------------------------------------------------------------------------------------------------------------------------------------------------------------------------------------------------------------------------------------------------------------------------------------------------------------------------------------------------------------------------------------------------------------------------------------------------------------------------------------------------------------------------------------------------------------------------------------------------------------------------------------------------------------------------------------------------------------------------------------------------------------------------------------+
; Slow 1200mV 0C Model Removal: 'altera_reserved_tck'                                                                                                                                                                                                                                                                                                                                                                                                                                                                                                                                                                                                                                                                                                                                     ;
+-------+-----------------------------------------------------------------------------------------------------------------------------------------------------------------------------------------------------------------------------------------------------------------------------------------------------------------------------------------------------+--------------------------------------------------------------------------------------------------------------------------------------------------------------------------------------------------------------------------------------------------------------------------------------------------------------------------------------+---------------------+---------------------+--------------+------------+------------+
; Slack ; From Node                                                                                                                                                                                                                                                                                                                                           ; To Node                                                                                                                                                                                                                                                                                                                              ; Launch Clock        ; Latch Clock         ; Relationship ; Clock Skew ; Data Delay ;
+-------+-----------------------------------------------------------------------------------------------------------------------------------------------------------------------------------------------------------------------------------------------------------------------------------------------------------------------------------------------------+--------------------------------------------------------------------------------------------------------------------------------------------------------------------------------------------------------------------------------------------------------------------------------------------------------------------------------------+---------------------+---------------------+--------------+------------+------------+
; 1.105 ; jtag_to_avalon_mst_brg_01:u_jtag_avmm|jtag_to_avalon_mst_brg_01_master_0:master_0|altera_avalon_st_jtag_interface:jtag_phy_embedded_in_jtag_master|altera_jtag_dc_streaming:normal.jtag_dc_streaming|altera_std_synchronizer:synchronizer|dreg[1]                                                                                                   ; jtag_to_avalon_mst_brg_01:u_jtag_avmm|jtag_to_avalon_mst_brg_01_master_0:master_0|altera_avalon_st_jtag_interface:jtag_phy_embedded_in_jtag_master|altera_jtag_dc_streaming:normal.jtag_dc_streaming|altera_avalon_st_clock_crosser:sink_crosser|altera_avalon_st_pipeline_base:output_stage|full1                                   ; altera_reserved_tck ; altera_reserved_tck ; 0.000        ; 0.071      ; 1.347      ;
; 1.105 ; jtag_to_avalon_mst_brg_01:u_jtag_avmm|jtag_to_avalon_mst_brg_01_master_0:master_0|altera_avalon_st_jtag_interface:jtag_phy_embedded_in_jtag_master|altera_jtag_dc_streaming:normal.jtag_dc_streaming|altera_std_synchronizer:synchronizer|dreg[1]                                                                                                   ; jtag_to_avalon_mst_brg_01:u_jtag_avmm|jtag_to_avalon_mst_brg_01_master_0:master_0|altera_avalon_st_jtag_interface:jtag_phy_embedded_in_jtag_master|altera_jtag_dc_streaming:normal.jtag_dc_streaming|altera_jtag_streaming:jtag_streaming|altera_avalon_st_idle_inserter:idle_inserter|received_esc                                  ; altera_reserved_tck ; altera_reserved_tck ; 0.000        ; 0.071      ; 1.347      ;
; 1.105 ; jtag_to_avalon_mst_brg_01:u_jtag_avmm|jtag_to_avalon_mst_brg_01_master_0:master_0|altera_avalon_st_jtag_interface:jtag_phy_embedded_in_jtag_master|altera_jtag_dc_streaming:normal.jtag_dc_streaming|altera_std_synchronizer:synchronizer|dreg[1]                                                                                                   ; jtag_to_avalon_mst_brg_01:u_jtag_avmm|jtag_to_avalon_mst_brg_01_master_0:master_0|altera_avalon_st_jtag_interface:jtag_phy_embedded_in_jtag_master|altera_jtag_dc_streaming:normal.jtag_dc_streaming|altera_avalon_st_clock_crosser:sink_crosser|altera_avalon_st_pipeline_base:output_stage|full0                                   ; altera_reserved_tck ; altera_reserved_tck ; 0.000        ; 0.071      ; 1.347      ;
; 1.105 ; jtag_to_avalon_mst_brg_01:u_jtag_avmm|jtag_to_avalon_mst_brg_01_master_0:master_0|altera_avalon_st_jtag_interface:jtag_phy_embedded_in_jtag_master|altera_jtag_dc_streaming:normal.jtag_dc_streaming|altera_std_synchronizer:synchronizer|dreg[1]                                                                                                   ; jtag_to_avalon_mst_brg_01:u_jtag_avmm|jtag_to_avalon_mst_brg_01_master_0:master_0|altera_avalon_st_jtag_interface:jtag_phy_embedded_in_jtag_master|altera_jtag_dc_streaming:normal.jtag_dc_streaming|altera_avalon_st_clock_crosser:sink_crosser|out_data_toggle_flopped                                                             ; altera_reserved_tck ; altera_reserved_tck ; 0.000        ; 0.071      ; 1.347      ;
; 1.105 ; jtag_to_avalon_mst_brg_01:u_jtag_avmm|jtag_to_avalon_mst_brg_01_master_0:master_0|altera_avalon_st_jtag_interface:jtag_phy_embedded_in_jtag_master|altera_jtag_dc_streaming:normal.jtag_dc_streaming|altera_std_synchronizer:synchronizer|dreg[1]                                                                                                   ; jtag_to_avalon_mst_brg_01:u_jtag_avmm|jtag_to_avalon_mst_brg_01_master_0:master_0|altera_avalon_st_jtag_interface:jtag_phy_embedded_in_jtag_master|altera_jtag_dc_streaming:normal.jtag_dc_streaming|altera_avalon_st_clock_crosser:sink_crosser|altera_std_synchronizer_nocut:in_to_out_synchronizer|dreg[1]                        ; altera_reserved_tck ; altera_reserved_tck ; 0.000        ; 0.071      ; 1.347      ;
; 1.105 ; jtag_to_avalon_mst_brg_01:u_jtag_avmm|jtag_to_avalon_mst_brg_01_master_0:master_0|altera_avalon_st_jtag_interface:jtag_phy_embedded_in_jtag_master|altera_jtag_dc_streaming:normal.jtag_dc_streaming|altera_std_synchronizer:synchronizer|dreg[1]                                                                                                   ; jtag_to_avalon_mst_brg_01:u_jtag_avmm|jtag_to_avalon_mst_brg_01_master_0:master_0|altera_avalon_st_jtag_interface:jtag_phy_embedded_in_jtag_master|altera_jtag_dc_streaming:normal.jtag_dc_streaming|altera_avalon_st_clock_crosser:sink_crosser|altera_std_synchronizer_nocut:in_to_out_synchronizer|dreg[0]                        ; altera_reserved_tck ; altera_reserved_tck ; 0.000        ; 0.071      ; 1.347      ;
; 1.105 ; jtag_to_avalon_mst_brg_01:u_jtag_avmm|jtag_to_avalon_mst_brg_01_master_0:master_0|altera_avalon_st_jtag_interface:jtag_phy_embedded_in_jtag_master|altera_jtag_dc_streaming:normal.jtag_dc_streaming|altera_std_synchronizer:synchronizer|dreg[1]                                                                                                   ; jtag_to_avalon_mst_brg_01:u_jtag_avmm|jtag_to_avalon_mst_brg_01_master_0:master_0|altera_avalon_st_jtag_interface:jtag_phy_embedded_in_jtag_master|altera_jtag_dc_streaming:normal.jtag_dc_streaming|altera_avalon_st_clock_crosser:sink_crosser|altera_std_synchronizer_nocut:in_to_out_synchronizer|din_s1                         ; altera_reserved_tck ; altera_reserved_tck ; 0.000        ; 0.071      ; 1.347      ;
; 1.132 ; sld_hub:auto_hub|alt_sld_fab_with_jtag_input:\instrumentation_fabric_with_node_gen:fabric_gen_new_way:with_jtag_input_gen:instrumentation_fabric|alt_sld_fab:instrumentation_fabric|alt_sld_fab_alt_sld_fab:alt_sld_fab|alt_sld_fab_alt_sld_fab_sldfabric:sldfabric|sld_jtag_hub:\jtag_hub_gen:real_sld_jtag_hub|sld_shadow_jsm:shadow_jsm|state[0] ; sld_hub:auto_hub|alt_sld_fab_with_jtag_input:\instrumentation_fabric_with_node_gen:fabric_gen_new_way:with_jtag_input_gen:instrumentation_fabric|alt_sld_fab:instrumentation_fabric|alt_sld_fab_alt_sld_fab:alt_sld_fab|alt_sld_fab_alt_sld_fab_sldfabric:sldfabric|sld_jtag_hub:\jtag_hub_gen:real_sld_jtag_hub|virtual_ir_scan_reg ; altera_reserved_tck ; altera_reserved_tck ; 0.000        ; 0.072      ; 1.375      ;
; 1.132 ; sld_hub:auto_hub|alt_sld_fab_with_jtag_input:\instrumentation_fabric_with_node_gen:fabric_gen_new_way:with_jtag_input_gen:instrumentation_fabric|alt_sld_fab:instrumentation_fabric|alt_sld_fab_alt_sld_fab:alt_sld_fab|alt_sld_fab_alt_sld_fab_sldfabric:sldfabric|sld_jtag_hub:\jtag_hub_gen:real_sld_jtag_hub|sld_shadow_jsm:shadow_jsm|state[0] ; sld_hub:auto_hub|alt_sld_fab_with_jtag_input:\instrumentation_fabric_with_node_gen:fabric_gen_new_way:with_jtag_input_gen:instrumentation_fabric|alt_sld_fab:instrumentation_fabric|alt_sld_fab_alt_sld_fab:alt_sld_fab|alt_sld_fab_alt_sld_fab_sldfabric:sldfabric|sld_jtag_hub:\jtag_hub_gen:real_sld_jtag_hub|virtual_dr_scan_reg ; altera_reserved_tck ; altera_reserved_tck ; 0.000        ; 0.072      ; 1.375      ;
; 1.132 ; sld_hub:auto_hub|alt_sld_fab_with_jtag_input:\instrumentation_fabric_with_node_gen:fabric_gen_new_way:with_jtag_input_gen:instrumentation_fabric|alt_sld_fab:instrumentation_fabric|alt_sld_fab_alt_sld_fab:alt_sld_fab|alt_sld_fab_alt_sld_fab_sldfabric:sldfabric|sld_jtag_hub:\jtag_hub_gen:real_sld_jtag_hub|sld_shadow_jsm:shadow_jsm|state[0] ; sld_hub:auto_hub|alt_sld_fab_with_jtag_input:\instrumentation_fabric_with_node_gen:fabric_gen_new_way:with_jtag_input_gen:instrumentation_fabric|alt_sld_fab:instrumentation_fabric|alt_sld_fab_alt_sld_fab:alt_sld_fab|alt_sld_fab_alt_sld_fab_sldfabric:sldfabric|sld_jtag_hub:\jtag_hub_gen:real_sld_jtag_hub|jtag_ir_reg[1]      ; altera_reserved_tck ; altera_reserved_tck ; 0.000        ; 0.072      ; 1.375      ;
; 1.132 ; sld_hub:auto_hub|alt_sld_fab_with_jtag_input:\instrumentation_fabric_with_node_gen:fabric_gen_new_way:with_jtag_input_gen:instrumentation_fabric|alt_sld_fab:instrumentation_fabric|alt_sld_fab_alt_sld_fab:alt_sld_fab|alt_sld_fab_alt_sld_fab_sldfabric:sldfabric|sld_jtag_hub:\jtag_hub_gen:real_sld_jtag_hub|sld_shadow_jsm:shadow_jsm|state[0] ; sld_hub:auto_hub|alt_sld_fab_with_jtag_input:\instrumentation_fabric_with_node_gen:fabric_gen_new_way:with_jtag_input_gen:instrumentation_fabric|alt_sld_fab:instrumentation_fabric|alt_sld_fab_alt_sld_fab:alt_sld_fab|alt_sld_fab_alt_sld_fab_sldfabric:sldfabric|sld_jtag_hub:\jtag_hub_gen:real_sld_jtag_hub|jtag_ir_reg[0]      ; altera_reserved_tck ; altera_reserved_tck ; 0.000        ; 0.072      ; 1.375      ;
; 1.132 ; sld_hub:auto_hub|alt_sld_fab_with_jtag_input:\instrumentation_fabric_with_node_gen:fabric_gen_new_way:with_jtag_input_gen:instrumentation_fabric|alt_sld_fab:instrumentation_fabric|alt_sld_fab_alt_sld_fab:alt_sld_fab|alt_sld_fab_alt_sld_fab_sldfabric:sldfabric|sld_jtag_hub:\jtag_hub_gen:real_sld_jtag_hub|sld_shadow_jsm:shadow_jsm|state[0] ; sld_hub:auto_hub|alt_sld_fab_with_jtag_input:\instrumentation_fabric_with_node_gen:fabric_gen_new_way:with_jtag_input_gen:instrumentation_fabric|alt_sld_fab:instrumentation_fabric|alt_sld_fab_alt_sld_fab:alt_sld_fab|alt_sld_fab_alt_sld_fab_sldfabric:sldfabric|sld_jtag_hub:\jtag_hub_gen:real_sld_jtag_hub|jtag_ir_reg[3]      ; altera_reserved_tck ; altera_reserved_tck ; 0.000        ; 0.072      ; 1.375      ;
; 1.132 ; sld_hub:auto_hub|alt_sld_fab_with_jtag_input:\instrumentation_fabric_with_node_gen:fabric_gen_new_way:with_jtag_input_gen:instrumentation_fabric|alt_sld_fab:instrumentation_fabric|alt_sld_fab_alt_sld_fab:alt_sld_fab|alt_sld_fab_alt_sld_fab_sldfabric:sldfabric|sld_jtag_hub:\jtag_hub_gen:real_sld_jtag_hub|sld_shadow_jsm:shadow_jsm|state[0] ; sld_hub:auto_hub|alt_sld_fab_with_jtag_input:\instrumentation_fabric_with_node_gen:fabric_gen_new_way:with_jtag_input_gen:instrumentation_fabric|alt_sld_fab:instrumentation_fabric|alt_sld_fab_alt_sld_fab:alt_sld_fab|alt_sld_fab_alt_sld_fab_sldfabric:sldfabric|sld_jtag_hub:\jtag_hub_gen:real_sld_jtag_hub|jtag_ir_reg[2]      ; altera_reserved_tck ; altera_reserved_tck ; 0.000        ; 0.072      ; 1.375      ;
; 1.132 ; sld_hub:auto_hub|alt_sld_fab_with_jtag_input:\instrumentation_fabric_with_node_gen:fabric_gen_new_way:with_jtag_input_gen:instrumentation_fabric|alt_sld_fab:instrumentation_fabric|alt_sld_fab_alt_sld_fab:alt_sld_fab|alt_sld_fab_alt_sld_fab_sldfabric:sldfabric|sld_jtag_hub:\jtag_hub_gen:real_sld_jtag_hub|sld_shadow_jsm:shadow_jsm|state[0] ; sld_hub:auto_hub|alt_sld_fab_with_jtag_input:\instrumentation_fabric_with_node_gen:fabric_gen_new_way:with_jtag_input_gen:instrumentation_fabric|alt_sld_fab:instrumentation_fabric|alt_sld_fab_alt_sld_fab:alt_sld_fab|alt_sld_fab_alt_sld_fab_sldfabric:sldfabric|sld_jtag_hub:\jtag_hub_gen:real_sld_jtag_hub|jtag_ir_reg[9]      ; altera_reserved_tck ; altera_reserved_tck ; 0.000        ; 0.072      ; 1.375      ;
; 1.132 ; sld_hub:auto_hub|alt_sld_fab_with_jtag_input:\instrumentation_fabric_with_node_gen:fabric_gen_new_way:with_jtag_input_gen:instrumentation_fabric|alt_sld_fab:instrumentation_fabric|alt_sld_fab_alt_sld_fab:alt_sld_fab|alt_sld_fab_alt_sld_fab_sldfabric:sldfabric|sld_jtag_hub:\jtag_hub_gen:real_sld_jtag_hub|sld_shadow_jsm:shadow_jsm|state[0] ; sld_hub:auto_hub|alt_sld_fab_with_jtag_input:\instrumentation_fabric_with_node_gen:fabric_gen_new_way:with_jtag_input_gen:instrumentation_fabric|alt_sld_fab:instrumentation_fabric|alt_sld_fab_alt_sld_fab:alt_sld_fab|alt_sld_fab_alt_sld_fab_sldfabric:sldfabric|sld_jtag_hub:\jtag_hub_gen:real_sld_jtag_hub|jtag_ir_reg[8]      ; altera_reserved_tck ; altera_reserved_tck ; 0.000        ; 0.072      ; 1.375      ;
; 1.132 ; sld_hub:auto_hub|alt_sld_fab_with_jtag_input:\instrumentation_fabric_with_node_gen:fabric_gen_new_way:with_jtag_input_gen:instrumentation_fabric|alt_sld_fab:instrumentation_fabric|alt_sld_fab_alt_sld_fab:alt_sld_fab|alt_sld_fab_alt_sld_fab_sldfabric:sldfabric|sld_jtag_hub:\jtag_hub_gen:real_sld_jtag_hub|sld_shadow_jsm:shadow_jsm|state[0] ; sld_hub:auto_hub|alt_sld_fab_with_jtag_input:\instrumentation_fabric_with_node_gen:fabric_gen_new_way:with_jtag_input_gen:instrumentation_fabric|alt_sld_fab:instrumentation_fabric|alt_sld_fab_alt_sld_fab:alt_sld_fab|alt_sld_fab_alt_sld_fab_sldfabric:sldfabric|sld_jtag_hub:\jtag_hub_gen:real_sld_jtag_hub|jtag_ir_reg[7]      ; altera_reserved_tck ; altera_reserved_tck ; 0.000        ; 0.072      ; 1.375      ;
; 1.132 ; sld_hub:auto_hub|alt_sld_fab_with_jtag_input:\instrumentation_fabric_with_node_gen:fabric_gen_new_way:with_jtag_input_gen:instrumentation_fabric|alt_sld_fab:instrumentation_fabric|alt_sld_fab_alt_sld_fab:alt_sld_fab|alt_sld_fab_alt_sld_fab_sldfabric:sldfabric|sld_jtag_hub:\jtag_hub_gen:real_sld_jtag_hub|sld_shadow_jsm:shadow_jsm|state[0] ; sld_hub:auto_hub|alt_sld_fab_with_jtag_input:\instrumentation_fabric_with_node_gen:fabric_gen_new_way:with_jtag_input_gen:instrumentation_fabric|alt_sld_fab:instrumentation_fabric|alt_sld_fab_alt_sld_fab:alt_sld_fab|alt_sld_fab_alt_sld_fab_sldfabric:sldfabric|sld_jtag_hub:\jtag_hub_gen:real_sld_jtag_hub|jtag_ir_reg[6]      ; altera_reserved_tck ; altera_reserved_tck ; 0.000        ; 0.072      ; 1.375      ;
; 1.132 ; sld_hub:auto_hub|alt_sld_fab_with_jtag_input:\instrumentation_fabric_with_node_gen:fabric_gen_new_way:with_jtag_input_gen:instrumentation_fabric|alt_sld_fab:instrumentation_fabric|alt_sld_fab_alt_sld_fab:alt_sld_fab|alt_sld_fab_alt_sld_fab_sldfabric:sldfabric|sld_jtag_hub:\jtag_hub_gen:real_sld_jtag_hub|sld_shadow_jsm:shadow_jsm|state[0] ; sld_hub:auto_hub|alt_sld_fab_with_jtag_input:\instrumentation_fabric_with_node_gen:fabric_gen_new_way:with_jtag_input_gen:instrumentation_fabric|alt_sld_fab:instrumentation_fabric|alt_sld_fab_alt_sld_fab:alt_sld_fab|alt_sld_fab_alt_sld_fab_sldfabric:sldfabric|sld_jtag_hub:\jtag_hub_gen:real_sld_jtag_hub|jtag_ir_reg[5]      ; altera_reserved_tck ; altera_reserved_tck ; 0.000        ; 0.072      ; 1.375      ;
; 1.132 ; sld_hub:auto_hub|alt_sld_fab_with_jtag_input:\instrumentation_fabric_with_node_gen:fabric_gen_new_way:with_jtag_input_gen:instrumentation_fabric|alt_sld_fab:instrumentation_fabric|alt_sld_fab_alt_sld_fab:alt_sld_fab|alt_sld_fab_alt_sld_fab_sldfabric:sldfabric|sld_jtag_hub:\jtag_hub_gen:real_sld_jtag_hub|sld_shadow_jsm:shadow_jsm|state[0] ; sld_hub:auto_hub|alt_sld_fab_with_jtag_input:\instrumentation_fabric_with_node_gen:fabric_gen_new_way:with_jtag_input_gen:instrumentation_fabric|alt_sld_fab:instrumentation_fabric|alt_sld_fab_alt_sld_fab:alt_sld_fab|alt_sld_fab_alt_sld_fab_sldfabric:sldfabric|sld_jtag_hub:\jtag_hub_gen:real_sld_jtag_hub|jtag_ir_reg[4]      ; altera_reserved_tck ; altera_reserved_tck ; 0.000        ; 0.072      ; 1.375      ;
; 1.377 ; sld_hub:auto_hub|alt_sld_fab_with_jtag_input:\instrumentation_fabric_with_node_gen:fabric_gen_new_way:with_jtag_input_gen:instrumentation_fabric|alt_sld_fab:instrumentation_fabric|alt_sld_fab_alt_sld_fab:alt_sld_fab|alt_sld_fab_alt_sld_fab_sldfabric:sldfabric|sld_jtag_hub:\jtag_hub_gen:real_sld_jtag_hub|clr_reg                            ; sld_hub:auto_hub|alt_sld_fab_with_jtag_input:\instrumentation_fabric_with_node_gen:fabric_gen_new_way:with_jtag_input_gen:instrumentation_fabric|alt_sld_fab:instrumentation_fabric|alt_sld_fab_alt_sld_fab:alt_sld_fab|alt_sld_fab_alt_sld_fab_sldfabric:sldfabric|sld_jtag_hub:\jtag_hub_gen:real_sld_jtag_hub|irsr_reg[0]         ; altera_reserved_tck ; altera_reserved_tck ; 0.000        ; 0.055      ; 1.603      ;
; 1.377 ; sld_hub:auto_hub|alt_sld_fab_with_jtag_input:\instrumentation_fabric_with_node_gen:fabric_gen_new_way:with_jtag_input_gen:instrumentation_fabric|alt_sld_fab:instrumentation_fabric|alt_sld_fab_alt_sld_fab:alt_sld_fab|alt_sld_fab_alt_sld_fab_sldfabric:sldfabric|sld_jtag_hub:\jtag_hub_gen:real_sld_jtag_hub|clr_reg                            ; sld_hub:auto_hub|alt_sld_fab_with_jtag_input:\instrumentation_fabric_with_node_gen:fabric_gen_new_way:with_jtag_input_gen:instrumentation_fabric|alt_sld_fab:instrumentation_fabric|alt_sld_fab_alt_sld_fab:alt_sld_fab|alt_sld_fab_alt_sld_fab_sldfabric:sldfabric|sld_jtag_hub:\jtag_hub_gen:real_sld_jtag_hub|irsr_reg[1]         ; altera_reserved_tck ; altera_reserved_tck ; 0.000        ; 0.055      ; 1.603      ;
; 1.377 ; sld_hub:auto_hub|alt_sld_fab_with_jtag_input:\instrumentation_fabric_with_node_gen:fabric_gen_new_way:with_jtag_input_gen:instrumentation_fabric|alt_sld_fab:instrumentation_fabric|alt_sld_fab_alt_sld_fab:alt_sld_fab|alt_sld_fab_alt_sld_fab_sldfabric:sldfabric|sld_jtag_hub:\jtag_hub_gen:real_sld_jtag_hub|clr_reg                            ; sld_hub:auto_hub|alt_sld_fab_with_jtag_input:\instrumentation_fabric_with_node_gen:fabric_gen_new_way:with_jtag_input_gen:instrumentation_fabric|alt_sld_fab:instrumentation_fabric|alt_sld_fab_alt_sld_fab:alt_sld_fab|alt_sld_fab_alt_sld_fab_sldfabric:sldfabric|sld_jtag_hub:\jtag_hub_gen:real_sld_jtag_hub|irsr_reg[2]         ; altera_reserved_tck ; altera_reserved_tck ; 0.000        ; 0.055      ; 1.603      ;
; 1.377 ; sld_hub:auto_hub|alt_sld_fab_with_jtag_input:\instrumentation_fabric_with_node_gen:fabric_gen_new_way:with_jtag_input_gen:instrumentation_fabric|alt_sld_fab:instrumentation_fabric|alt_sld_fab_alt_sld_fab:alt_sld_fab|alt_sld_fab_alt_sld_fab_sldfabric:sldfabric|sld_jtag_hub:\jtag_hub_gen:real_sld_jtag_hub|clr_reg                            ; sld_hub:auto_hub|alt_sld_fab_with_jtag_input:\instrumentation_fabric_with_node_gen:fabric_gen_new_way:with_jtag_input_gen:instrumentation_fabric|alt_sld_fab:instrumentation_fabric|alt_sld_fab_alt_sld_fab:alt_sld_fab|alt_sld_fab_alt_sld_fab_sldfabric:sldfabric|sld_jtag_hub:\jtag_hub_gen:real_sld_jtag_hub|hub_mode_reg[0]     ; altera_reserved_tck ; altera_reserved_tck ; 0.000        ; 0.055      ; 1.603      ;
; 1.377 ; sld_hub:auto_hub|alt_sld_fab_with_jtag_input:\instrumentation_fabric_with_node_gen:fabric_gen_new_way:with_jtag_input_gen:instrumentation_fabric|alt_sld_fab:instrumentation_fabric|alt_sld_fab_alt_sld_fab:alt_sld_fab|alt_sld_fab_alt_sld_fab_sldfabric:sldfabric|sld_jtag_hub:\jtag_hub_gen:real_sld_jtag_hub|clr_reg                            ; sld_hub:auto_hub|alt_sld_fab_with_jtag_input:\instrumentation_fabric_with_node_gen:fabric_gen_new_way:with_jtag_input_gen:instrumentation_fabric|alt_sld_fab:instrumentation_fabric|alt_sld_fab_alt_sld_fab:alt_sld_fab|alt_sld_fab_alt_sld_fab_sldfabric:sldfabric|sld_jtag_hub:\jtag_hub_gen:real_sld_jtag_hub|irsr_reg[4]         ; altera_reserved_tck ; altera_reserved_tck ; 0.000        ; 0.055      ; 1.603      ;
; 1.377 ; sld_hub:auto_hub|alt_sld_fab_with_jtag_input:\instrumentation_fabric_with_node_gen:fabric_gen_new_way:with_jtag_input_gen:instrumentation_fabric|alt_sld_fab:instrumentation_fabric|alt_sld_fab_alt_sld_fab:alt_sld_fab|alt_sld_fab_alt_sld_fab_sldfabric:sldfabric|sld_jtag_hub:\jtag_hub_gen:real_sld_jtag_hub|clr_reg                            ; sld_hub:auto_hub|alt_sld_fab_with_jtag_input:\instrumentation_fabric_with_node_gen:fabric_gen_new_way:with_jtag_input_gen:instrumentation_fabric|alt_sld_fab:instrumentation_fabric|alt_sld_fab_alt_sld_fab:alt_sld_fab|alt_sld_fab_alt_sld_fab_sldfabric:sldfabric|sld_jtag_hub:\jtag_hub_gen:real_sld_jtag_hub|irsr_reg[3]         ; altera_reserved_tck ; altera_reserved_tck ; 0.000        ; 0.055      ; 1.603      ;
; 1.387 ; jtag_to_avalon_mst_brg_01:u_jtag_avmm|jtag_to_avalon_mst_brg_01_master_0:master_0|altera_avalon_st_jtag_interface:jtag_phy_embedded_in_jtag_master|altera_jtag_dc_streaming:normal.jtag_dc_streaming|altera_std_synchronizer:synchronizer|dreg[1]                                                                                                   ; jtag_to_avalon_mst_brg_01:u_jtag_avmm|jtag_to_avalon_mst_brg_01_master_0:master_0|altera_avalon_st_jtag_interface:jtag_phy_embedded_in_jtag_master|altera_jtag_dc_streaming:normal.jtag_dc_streaming|altera_avalon_st_clock_crosser:sink_crosser|altera_avalon_st_pipeline_base:output_stage|data1[2]                                ; altera_reserved_tck ; altera_reserved_tck ; 0.000        ; 0.064      ; 1.622      ;
; 1.387 ; jtag_to_avalon_mst_brg_01:u_jtag_avmm|jtag_to_avalon_mst_brg_01_master_0:master_0|altera_avalon_st_jtag_interface:jtag_phy_embedded_in_jtag_master|altera_jtag_dc_streaming:normal.jtag_dc_streaming|altera_std_synchronizer:synchronizer|dreg[1]                                                                                                   ; jtag_to_avalon_mst_brg_01:u_jtag_avmm|jtag_to_avalon_mst_brg_01_master_0:master_0|altera_avalon_st_jtag_interface:jtag_phy_embedded_in_jtag_master|altera_jtag_dc_streaming:normal.jtag_dc_streaming|altera_avalon_st_clock_crosser:sink_crosser|altera_avalon_st_pipeline_base:output_stage|data0[2]                                ; altera_reserved_tck ; altera_reserved_tck ; 0.000        ; 0.064      ; 1.622      ;
; 1.586 ; sld_hub:auto_hub|alt_sld_fab_with_jtag_input:\instrumentation_fabric_with_node_gen:fabric_gen_new_way:with_jtag_input_gen:instrumentation_fabric|alt_sld_fab:instrumentation_fabric|alt_sld_fab_alt_sld_fab:alt_sld_fab|alt_sld_fab_alt_sld_fab_sldfabric:sldfabric|sld_jtag_hub:\jtag_hub_gen:real_sld_jtag_hub|clr_reg                            ; sld_hub:auto_hub|alt_sld_fab_with_jtag_input:\instrumentation_fabric_with_node_gen:fabric_gen_new_way:with_jtag_input_gen:instrumentation_fabric|alt_sld_fab:instrumentation_fabric|alt_sld_fab_alt_sld_fab:alt_sld_fab|alt_sld_fab_alt_sld_fab_sldfabric:sldfabric|sld_jtag_hub:\jtag_hub_gen:real_sld_jtag_hub|hub_mode_reg[1]     ; altera_reserved_tck ; altera_reserved_tck ; 0.000        ; 0.077      ; 1.834      ;
; 1.609 ; sld_hub:auto_hub|alt_sld_fab_with_jtag_input:\instrumentation_fabric_with_node_gen:fabric_gen_new_way:with_jtag_input_gen:instrumentation_fabric|alt_sld_fab:instrumentation_fabric|alt_sld_fab_alt_sld_fab:alt_sld_fab|alt_sld_fab_alt_sld_fab_sldfabric:sldfabric|sld_jtag_hub:\jtag_hub_gen:real_sld_jtag_hub|clr_reg                            ; sld_hub:auto_hub|alt_sld_fab_with_jtag_input:\instrumentation_fabric_with_node_gen:fabric_gen_new_way:with_jtag_input_gen:instrumentation_fabric|alt_sld_fab:instrumentation_fabric|alt_sld_fab_alt_sld_fab:alt_sld_fab|splitter_nodes_receive_0[3]                                                                                  ; altera_reserved_tck ; altera_reserved_tck ; 0.000        ; 0.057      ; 1.837      ;
; 1.628 ; jtag_to_avalon_mst_brg_01:u_jtag_avmm|jtag_to_avalon_mst_brg_01_master_0:master_0|altera_avalon_st_jtag_interface:jtag_phy_embedded_in_jtag_master|altera_jtag_dc_streaming:normal.jtag_dc_streaming|altera_std_synchronizer:synchronizer|dreg[1]                                                                                                   ; jtag_to_avalon_mst_brg_01:u_jtag_avmm|jtag_to_avalon_mst_brg_01_master_0:master_0|altera_avalon_st_jtag_interface:jtag_phy_embedded_in_jtag_master|altera_jtag_dc_streaming:normal.jtag_dc_streaming|altera_avalon_st_clock_crosser:sink_crosser|altera_avalon_st_pipeline_base:output_stage|data1[3]                                ; altera_reserved_tck ; altera_reserved_tck ; 0.000        ; 0.068      ; 1.867      ;
; 1.628 ; jtag_to_avalon_mst_brg_01:u_jtag_avmm|jtag_to_avalon_mst_brg_01_master_0:master_0|altera_avalon_st_jtag_interface:jtag_phy_embedded_in_jtag_master|altera_jtag_dc_streaming:normal.jtag_dc_streaming|altera_std_synchronizer:synchronizer|dreg[1]                                                                                                   ; jtag_to_avalon_mst_brg_01:u_jtag_avmm|jtag_to_avalon_mst_brg_01_master_0:master_0|altera_avalon_st_jtag_interface:jtag_phy_embedded_in_jtag_master|altera_jtag_dc_streaming:normal.jtag_dc_streaming|altera_avalon_st_clock_crosser:sink_crosser|altera_avalon_st_pipeline_base:output_stage|data1[5]                                ; altera_reserved_tck ; altera_reserved_tck ; 0.000        ; 0.068      ; 1.867      ;
; 1.628 ; jtag_to_avalon_mst_brg_01:u_jtag_avmm|jtag_to_avalon_mst_brg_01_master_0:master_0|altera_avalon_st_jtag_interface:jtag_phy_embedded_in_jtag_master|altera_jtag_dc_streaming:normal.jtag_dc_streaming|altera_std_synchronizer:synchronizer|dreg[1]                                                                                                   ; jtag_to_avalon_mst_brg_01:u_jtag_avmm|jtag_to_avalon_mst_brg_01_master_0:master_0|altera_avalon_st_jtag_interface:jtag_phy_embedded_in_jtag_master|altera_jtag_dc_streaming:normal.jtag_dc_streaming|altera_avalon_st_clock_crosser:sink_crosser|altera_avalon_st_pipeline_base:output_stage|data1[6]                                ; altera_reserved_tck ; altera_reserved_tck ; 0.000        ; 0.068      ; 1.867      ;
; 1.628 ; jtag_to_avalon_mst_brg_01:u_jtag_avmm|jtag_to_avalon_mst_brg_01_master_0:master_0|altera_avalon_st_jtag_interface:jtag_phy_embedded_in_jtag_master|altera_jtag_dc_streaming:normal.jtag_dc_streaming|altera_std_synchronizer:synchronizer|dreg[1]                                                                                                   ; jtag_to_avalon_mst_brg_01:u_jtag_avmm|jtag_to_avalon_mst_brg_01_master_0:master_0|altera_avalon_st_jtag_interface:jtag_phy_embedded_in_jtag_master|altera_jtag_dc_streaming:normal.jtag_dc_streaming|altera_avalon_st_clock_crosser:sink_crosser|altera_avalon_st_pipeline_base:output_stage|data1[7]                                ; altera_reserved_tck ; altera_reserved_tck ; 0.000        ; 0.068      ; 1.867      ;
; 1.628 ; jtag_to_avalon_mst_brg_01:u_jtag_avmm|jtag_to_avalon_mst_brg_01_master_0:master_0|altera_avalon_st_jtag_interface:jtag_phy_embedded_in_jtag_master|altera_jtag_dc_streaming:normal.jtag_dc_streaming|altera_std_synchronizer:synchronizer|dreg[1]                                                                                                   ; jtag_to_avalon_mst_brg_01:u_jtag_avmm|jtag_to_avalon_mst_brg_01_master_0:master_0|altera_avalon_st_jtag_interface:jtag_phy_embedded_in_jtag_master|altera_jtag_dc_streaming:normal.jtag_dc_streaming|altera_avalon_st_clock_crosser:sink_crosser|altera_avalon_st_pipeline_base:output_stage|data1[1]                                ; altera_reserved_tck ; altera_reserved_tck ; 0.000        ; 0.068      ; 1.867      ;
; 1.628 ; jtag_to_avalon_mst_brg_01:u_jtag_avmm|jtag_to_avalon_mst_brg_01_master_0:master_0|altera_avalon_st_jtag_interface:jtag_phy_embedded_in_jtag_master|altera_jtag_dc_streaming:normal.jtag_dc_streaming|altera_std_synchronizer:synchronizer|dreg[1]                                                                                                   ; jtag_to_avalon_mst_brg_01:u_jtag_avmm|jtag_to_avalon_mst_brg_01_master_0:master_0|altera_avalon_st_jtag_interface:jtag_phy_embedded_in_jtag_master|altera_jtag_dc_streaming:normal.jtag_dc_streaming|altera_avalon_st_clock_crosser:sink_crosser|altera_avalon_st_pipeline_base:output_stage|data1[0]                                ; altera_reserved_tck ; altera_reserved_tck ; 0.000        ; 0.068      ; 1.867      ;
; 1.628 ; jtag_to_avalon_mst_brg_01:u_jtag_avmm|jtag_to_avalon_mst_brg_01_master_0:master_0|altera_avalon_st_jtag_interface:jtag_phy_embedded_in_jtag_master|altera_jtag_dc_streaming:normal.jtag_dc_streaming|altera_std_synchronizer:synchronizer|dreg[1]                                                                                                   ; jtag_to_avalon_mst_brg_01:u_jtag_avmm|jtag_to_avalon_mst_brg_01_master_0:master_0|altera_avalon_st_jtag_interface:jtag_phy_embedded_in_jtag_master|altera_jtag_dc_streaming:normal.jtag_dc_streaming|altera_avalon_st_clock_crosser:sink_crosser|altera_avalon_st_pipeline_base:output_stage|data1[4]                                ; altera_reserved_tck ; altera_reserved_tck ; 0.000        ; 0.068      ; 1.867      ;
; 1.628 ; jtag_to_avalon_mst_brg_01:u_jtag_avmm|jtag_to_avalon_mst_brg_01_master_0:master_0|altera_avalon_st_jtag_interface:jtag_phy_embedded_in_jtag_master|altera_jtag_dc_streaming:normal.jtag_dc_streaming|altera_std_synchronizer:synchronizer|dreg[1]                                                                                                   ; jtag_to_avalon_mst_brg_01:u_jtag_avmm|jtag_to_avalon_mst_brg_01_master_0:master_0|altera_avalon_st_jtag_interface:jtag_phy_embedded_in_jtag_master|altera_jtag_dc_streaming:normal.jtag_dc_streaming|altera_avalon_st_clock_crosser:sink_crosser|altera_avalon_st_pipeline_base:output_stage|data0[4]                                ; altera_reserved_tck ; altera_reserved_tck ; 0.000        ; 0.068      ; 1.867      ;
; 1.628 ; jtag_to_avalon_mst_brg_01:u_jtag_avmm|jtag_to_avalon_mst_brg_01_master_0:master_0|altera_avalon_st_jtag_interface:jtag_phy_embedded_in_jtag_master|altera_jtag_dc_streaming:normal.jtag_dc_streaming|altera_std_synchronizer:synchronizer|dreg[1]                                                                                                   ; jtag_to_avalon_mst_brg_01:u_jtag_avmm|jtag_to_avalon_mst_brg_01_master_0:master_0|altera_avalon_st_jtag_interface:jtag_phy_embedded_in_jtag_master|altera_jtag_dc_streaming:normal.jtag_dc_streaming|altera_avalon_st_clock_crosser:sink_crosser|altera_avalon_st_pipeline_base:output_stage|data0[0]                                ; altera_reserved_tck ; altera_reserved_tck ; 0.000        ; 0.068      ; 1.867      ;
; 1.628 ; jtag_to_avalon_mst_brg_01:u_jtag_avmm|jtag_to_avalon_mst_brg_01_master_0:master_0|altera_avalon_st_jtag_interface:jtag_phy_embedded_in_jtag_master|altera_jtag_dc_streaming:normal.jtag_dc_streaming|altera_std_synchronizer:synchronizer|dreg[1]                                                                                                   ; jtag_to_avalon_mst_brg_01:u_jtag_avmm|jtag_to_avalon_mst_brg_01_master_0:master_0|altera_avalon_st_jtag_interface:jtag_phy_embedded_in_jtag_master|altera_jtag_dc_streaming:normal.jtag_dc_streaming|altera_avalon_st_clock_crosser:sink_crosser|altera_avalon_st_pipeline_base:output_stage|data0[1]                                ; altera_reserved_tck ; altera_reserved_tck ; 0.000        ; 0.068      ; 1.867      ;
; 1.628 ; jtag_to_avalon_mst_brg_01:u_jtag_avmm|jtag_to_avalon_mst_brg_01_master_0:master_0|altera_avalon_st_jtag_interface:jtag_phy_embedded_in_jtag_master|altera_jtag_dc_streaming:normal.jtag_dc_streaming|altera_std_synchronizer:synchronizer|dreg[1]                                                                                                   ; jtag_to_avalon_mst_brg_01:u_jtag_avmm|jtag_to_avalon_mst_brg_01_master_0:master_0|altera_avalon_st_jtag_interface:jtag_phy_embedded_in_jtag_master|altera_jtag_dc_streaming:normal.jtag_dc_streaming|altera_avalon_st_clock_crosser:sink_crosser|altera_avalon_st_pipeline_base:output_stage|data0[7]                                ; altera_reserved_tck ; altera_reserved_tck ; 0.000        ; 0.068      ; 1.867      ;
; 1.628 ; jtag_to_avalon_mst_brg_01:u_jtag_avmm|jtag_to_avalon_mst_brg_01_master_0:master_0|altera_avalon_st_jtag_interface:jtag_phy_embedded_in_jtag_master|altera_jtag_dc_streaming:normal.jtag_dc_streaming|altera_std_synchronizer:synchronizer|dreg[1]                                                                                                   ; jtag_to_avalon_mst_brg_01:u_jtag_avmm|jtag_to_avalon_mst_brg_01_master_0:master_0|altera_avalon_st_jtag_interface:jtag_phy_embedded_in_jtag_master|altera_jtag_dc_streaming:normal.jtag_dc_streaming|altera_avalon_st_clock_crosser:sink_crosser|altera_avalon_st_pipeline_base:output_stage|data0[6]                                ; altera_reserved_tck ; altera_reserved_tck ; 0.000        ; 0.068      ; 1.867      ;
; 1.628 ; jtag_to_avalon_mst_brg_01:u_jtag_avmm|jtag_to_avalon_mst_brg_01_master_0:master_0|altera_avalon_st_jtag_interface:jtag_phy_embedded_in_jtag_master|altera_jtag_dc_streaming:normal.jtag_dc_streaming|altera_std_synchronizer:synchronizer|dreg[1]                                                                                                   ; jtag_to_avalon_mst_brg_01:u_jtag_avmm|jtag_to_avalon_mst_brg_01_master_0:master_0|altera_avalon_st_jtag_interface:jtag_phy_embedded_in_jtag_master|altera_jtag_dc_streaming:normal.jtag_dc_streaming|altera_avalon_st_clock_crosser:sink_crosser|altera_avalon_st_pipeline_base:output_stage|data0[5]                                ; altera_reserved_tck ; altera_reserved_tck ; 0.000        ; 0.068      ; 1.867      ;
; 1.628 ; jtag_to_avalon_mst_brg_01:u_jtag_avmm|jtag_to_avalon_mst_brg_01_master_0:master_0|altera_avalon_st_jtag_interface:jtag_phy_embedded_in_jtag_master|altera_jtag_dc_streaming:normal.jtag_dc_streaming|altera_std_synchronizer:synchronizer|dreg[1]                                                                                                   ; jtag_to_avalon_mst_brg_01:u_jtag_avmm|jtag_to_avalon_mst_brg_01_master_0:master_0|altera_avalon_st_jtag_interface:jtag_phy_embedded_in_jtag_master|altera_jtag_dc_streaming:normal.jtag_dc_streaming|altera_avalon_st_clock_crosser:sink_crosser|altera_avalon_st_pipeline_base:output_stage|data0[3]                                ; altera_reserved_tck ; altera_reserved_tck ; 0.000        ; 0.068      ; 1.867      ;
; 1.628 ; jtag_to_avalon_mst_brg_01:u_jtag_avmm|jtag_to_avalon_mst_brg_01_master_0:master_0|altera_avalon_st_jtag_interface:jtag_phy_embedded_in_jtag_master|altera_jtag_dc_streaming:normal.jtag_dc_streaming|altera_std_synchronizer:synchronizer|dreg[1]                                                                                                   ; jtag_to_avalon_mst_brg_01:u_jtag_avmm|jtag_to_avalon_mst_brg_01_master_0:master_0|altera_avalon_st_jtag_interface:jtag_phy_embedded_in_jtag_master|altera_jtag_dc_streaming:normal.jtag_dc_streaming|altera_jtag_src_crosser:source_crosser|sink_data_buffer[5]                                                                      ; altera_reserved_tck ; altera_reserved_tck ; 0.000        ; 0.052      ; 1.851      ;
; 1.628 ; jtag_to_avalon_mst_brg_01:u_jtag_avmm|jtag_to_avalon_mst_brg_01_master_0:master_0|altera_avalon_st_jtag_interface:jtag_phy_embedded_in_jtag_master|altera_jtag_dc_streaming:normal.jtag_dc_streaming|altera_std_synchronizer:synchronizer|dreg[1]                                                                                                   ; jtag_to_avalon_mst_brg_01:u_jtag_avmm|jtag_to_avalon_mst_brg_01_master_0:master_0|altera_avalon_st_jtag_interface:jtag_phy_embedded_in_jtag_master|altera_jtag_dc_streaming:normal.jtag_dc_streaming|altera_jtag_src_crosser:source_crosser|sink_data_buffer[7]                                                                      ; altera_reserved_tck ; altera_reserved_tck ; 0.000        ; 0.052      ; 1.851      ;
; 1.628 ; jtag_to_avalon_mst_brg_01:u_jtag_avmm|jtag_to_avalon_mst_brg_01_master_0:master_0|altera_avalon_st_jtag_interface:jtag_phy_embedded_in_jtag_master|altera_jtag_dc_streaming:normal.jtag_dc_streaming|altera_std_synchronizer:synchronizer|dreg[1]                                                                                                   ; jtag_to_avalon_mst_brg_01:u_jtag_avmm|jtag_to_avalon_mst_brg_01_master_0:master_0|altera_avalon_st_jtag_interface:jtag_phy_embedded_in_jtag_master|altera_jtag_dc_streaming:normal.jtag_dc_streaming|altera_jtag_src_crosser:source_crosser|sink_data_buffer[6]                                                                      ; altera_reserved_tck ; altera_reserved_tck ; 0.000        ; 0.052      ; 1.851      ;
; 1.628 ; jtag_to_avalon_mst_brg_01:u_jtag_avmm|jtag_to_avalon_mst_brg_01_master_0:master_0|altera_avalon_st_jtag_interface:jtag_phy_embedded_in_jtag_master|altera_jtag_dc_streaming:normal.jtag_dc_streaming|altera_std_synchronizer:synchronizer|dreg[1]                                                                                                   ; jtag_to_avalon_mst_brg_01:u_jtag_avmm|jtag_to_avalon_mst_brg_01_master_0:master_0|altera_avalon_st_jtag_interface:jtag_phy_embedded_in_jtag_master|altera_jtag_dc_streaming:normal.jtag_dc_streaming|altera_jtag_src_crosser:source_crosser|sink_data_buffer[4]                                                                      ; altera_reserved_tck ; altera_reserved_tck ; 0.000        ; 0.052      ; 1.851      ;
; 1.628 ; jtag_to_avalon_mst_brg_01:u_jtag_avmm|jtag_to_avalon_mst_brg_01_master_0:master_0|altera_avalon_st_jtag_interface:jtag_phy_embedded_in_jtag_master|altera_jtag_dc_streaming:normal.jtag_dc_streaming|altera_std_synchronizer:synchronizer|dreg[1]                                                                                                   ; jtag_to_avalon_mst_brg_01:u_jtag_avmm|jtag_to_avalon_mst_brg_01_master_0:master_0|altera_avalon_st_jtag_interface:jtag_phy_embedded_in_jtag_master|altera_jtag_dc_streaming:normal.jtag_dc_streaming|altera_jtag_src_crosser:source_crosser|sink_data_buffer[3]                                                                      ; altera_reserved_tck ; altera_reserved_tck ; 0.000        ; 0.052      ; 1.851      ;
; 1.628 ; jtag_to_avalon_mst_brg_01:u_jtag_avmm|jtag_to_avalon_mst_brg_01_master_0:master_0|altera_avalon_st_jtag_interface:jtag_phy_embedded_in_jtag_master|altera_jtag_dc_streaming:normal.jtag_dc_streaming|altera_std_synchronizer:synchronizer|dreg[1]                                                                                                   ; jtag_to_avalon_mst_brg_01:u_jtag_avmm|jtag_to_avalon_mst_brg_01_master_0:master_0|altera_avalon_st_jtag_interface:jtag_phy_embedded_in_jtag_master|altera_jtag_dc_streaming:normal.jtag_dc_streaming|altera_jtag_src_crosser:source_crosser|sink_data_buffer[2]                                                                      ; altera_reserved_tck ; altera_reserved_tck ; 0.000        ; 0.052      ; 1.851      ;
; 1.628 ; jtag_to_avalon_mst_brg_01:u_jtag_avmm|jtag_to_avalon_mst_brg_01_master_0:master_0|altera_avalon_st_jtag_interface:jtag_phy_embedded_in_jtag_master|altera_jtag_dc_streaming:normal.jtag_dc_streaming|altera_std_synchronizer:synchronizer|dreg[1]                                                                                                   ; jtag_to_avalon_mst_brg_01:u_jtag_avmm|jtag_to_avalon_mst_brg_01_master_0:master_0|altera_avalon_st_jtag_interface:jtag_phy_embedded_in_jtag_master|altera_jtag_dc_streaming:normal.jtag_dc_streaming|altera_jtag_src_crosser:source_crosser|sink_data_buffer[1]                                                                      ; altera_reserved_tck ; altera_reserved_tck ; 0.000        ; 0.052      ; 1.851      ;
; 1.628 ; jtag_to_avalon_mst_brg_01:u_jtag_avmm|jtag_to_avalon_mst_brg_01_master_0:master_0|altera_avalon_st_jtag_interface:jtag_phy_embedded_in_jtag_master|altera_jtag_dc_streaming:normal.jtag_dc_streaming|altera_std_synchronizer:synchronizer|dreg[1]                                                                                                   ; jtag_to_avalon_mst_brg_01:u_jtag_avmm|jtag_to_avalon_mst_brg_01_master_0:master_0|altera_avalon_st_jtag_interface:jtag_phy_embedded_in_jtag_master|altera_jtag_dc_streaming:normal.jtag_dc_streaming|altera_jtag_src_crosser:source_crosser|sink_data_buffer[0]                                                                      ; altera_reserved_tck ; altera_reserved_tck ; 0.000        ; 0.052      ; 1.851      ;
; 1.642 ; sld_hub:auto_hub|alt_sld_fab_with_jtag_input:\instrumentation_fabric_with_node_gen:fabric_gen_new_way:with_jtag_input_gen:instrumentation_fabric|alt_sld_fab:instrumentation_fabric|alt_sld_fab_alt_sld_fab:alt_sld_fab|alt_sld_fab_alt_sld_fab_sldfabric:sldfabric|sld_jtag_hub:\jtag_hub_gen:real_sld_jtag_hub|clr_reg                            ; sld_hub:auto_hub|alt_sld_fab_with_jtag_input:\instrumentation_fabric_with_node_gen:fabric_gen_new_way:with_jtag_input_gen:instrumentation_fabric|alt_sld_fab:instrumentation_fabric|alt_sld_fab_alt_sld_fab:alt_sld_fab|alt_sld_fab_alt_sld_fab_sldfabric:sldfabric|sld_jtag_hub:\jtag_hub_gen:real_sld_jtag_hub|irf_reg[1][1]       ; altera_reserved_tck ; altera_reserved_tck ; 0.000        ; 0.041      ; 1.854      ;
; 1.642 ; sld_hub:auto_hub|alt_sld_fab_with_jtag_input:\instrumentation_fabric_with_node_gen:fabric_gen_new_way:with_jtag_input_gen:instrumentation_fabric|alt_sld_fab:instrumentation_fabric|alt_sld_fab_alt_sld_fab:alt_sld_fab|alt_sld_fab_alt_sld_fab_sldfabric:sldfabric|sld_jtag_hub:\jtag_hub_gen:real_sld_jtag_hub|clr_reg                            ; sld_hub:auto_hub|alt_sld_fab_with_jtag_input:\instrumentation_fabric_with_node_gen:fabric_gen_new_way:with_jtag_input_gen:instrumentation_fabric|alt_sld_fab:instrumentation_fabric|alt_sld_fab_alt_sld_fab:alt_sld_fab|alt_sld_fab_alt_sld_fab_sldfabric:sldfabric|sld_jtag_hub:\jtag_hub_gen:real_sld_jtag_hub|irf_reg[1][0]       ; altera_reserved_tck ; altera_reserved_tck ; 0.000        ; 0.041      ; 1.854      ;
; 1.642 ; sld_hub:auto_hub|alt_sld_fab_with_jtag_input:\instrumentation_fabric_with_node_gen:fabric_gen_new_way:with_jtag_input_gen:instrumentation_fabric|alt_sld_fab:instrumentation_fabric|alt_sld_fab_alt_sld_fab:alt_sld_fab|alt_sld_fab_alt_sld_fab_sldfabric:sldfabric|sld_jtag_hub:\jtag_hub_gen:real_sld_jtag_hub|clr_reg                            ; sld_hub:auto_hub|alt_sld_fab_with_jtag_input:\instrumentation_fabric_with_node_gen:fabric_gen_new_way:with_jtag_input_gen:instrumentation_fabric|alt_sld_fab:instrumentation_fabric|alt_sld_fab_alt_sld_fab:alt_sld_fab|alt_sld_fab_alt_sld_fab_sldfabric:sldfabric|sld_jtag_hub:\jtag_hub_gen:real_sld_jtag_hub|irf_reg[1][2]       ; altera_reserved_tck ; altera_reserved_tck ; 0.000        ; 0.041      ; 1.854      ;
; 1.674 ; jtag_to_avalon_mst_brg_01:u_jtag_avmm|jtag_to_avalon_mst_brg_01_master_0:master_0|altera_avalon_st_jtag_interface:jtag_phy_embedded_in_jtag_master|altera_jtag_dc_streaming:normal.jtag_dc_streaming|altera_std_synchronizer:synchronizer|dreg[1]                                                                                                   ; jtag_to_avalon_mst_brg_01:u_jtag_avmm|jtag_to_avalon_mst_brg_01_master_0:master_0|altera_avalon_st_jtag_interface:jtag_phy_embedded_in_jtag_master|altera_jtag_dc_streaming:normal.jtag_dc_streaming|altera_jtag_streaming:jtag_streaming|altera_avalon_st_idle_remover:idle_remover|received_esc                                    ; altera_reserved_tck ; altera_reserved_tck ; 0.000        ; 0.060      ; 1.905      ;
; 1.674 ; jtag_to_avalon_mst_brg_01:u_jtag_avmm|jtag_to_avalon_mst_brg_01_master_0:master_0|altera_avalon_st_jtag_interface:jtag_phy_embedded_in_jtag_master|altera_jtag_dc_streaming:normal.jtag_dc_streaming|altera_std_synchronizer:synchronizer|dreg[1]                                                                                                   ; jtag_to_avalon_mst_brg_01:u_jtag_avmm|jtag_to_avalon_mst_brg_01_master_0:master_0|altera_avalon_st_jtag_interface:jtag_phy_embedded_in_jtag_master|altera_jtag_dc_streaming:normal.jtag_dc_streaming|altera_jtag_src_crosser:source_crosser|sink_valid_buffer                                                                        ; altera_reserved_tck ; altera_reserved_tck ; 0.000        ; 0.060      ; 1.905      ;
; 1.692 ; jtag_to_avalon_mst_brg_01:u_jtag_avmm|jtag_to_avalon_mst_brg_01_master_0:master_0|altera_avalon_st_jtag_interface:jtag_phy_embedded_in_jtag_master|altera_jtag_dc_streaming:normal.jtag_dc_streaming|altera_std_synchronizer:synchronizer|dreg[1]                                                                                                   ; jtag_to_avalon_mst_brg_01:u_jtag_avmm|jtag_to_avalon_mst_brg_01_master_0:master_0|altera_avalon_st_jtag_interface:jtag_phy_embedded_in_jtag_master|altera_jtag_dc_streaming:normal.jtag_dc_streaming|altera_avalon_st_clock_crosser:sink_crosser|out_data_buffer[4]                                                                  ; altera_reserved_tck ; altera_reserved_tck ; 0.000        ; 0.056      ; 1.919      ;
; 1.692 ; jtag_to_avalon_mst_brg_01:u_jtag_avmm|jtag_to_avalon_mst_brg_01_master_0:master_0|altera_avalon_st_jtag_interface:jtag_phy_embedded_in_jtag_master|altera_jtag_dc_streaming:normal.jtag_dc_streaming|altera_std_synchronizer:synchronizer|dreg[1]                                                                                                   ; jtag_to_avalon_mst_brg_01:u_jtag_avmm|jtag_to_avalon_mst_brg_01_master_0:master_0|altera_avalon_st_jtag_interface:jtag_phy_embedded_in_jtag_master|altera_jtag_dc_streaming:normal.jtag_dc_streaming|altera_avalon_st_clock_crosser:sink_crosser|out_data_buffer[0]                                                                  ; altera_reserved_tck ; altera_reserved_tck ; 0.000        ; 0.056      ; 1.919      ;
; 1.692 ; jtag_to_avalon_mst_brg_01:u_jtag_avmm|jtag_to_avalon_mst_brg_01_master_0:master_0|altera_avalon_st_jtag_interface:jtag_phy_embedded_in_jtag_master|altera_jtag_dc_streaming:normal.jtag_dc_streaming|altera_std_synchronizer:synchronizer|dreg[1]                                                                                                   ; jtag_to_avalon_mst_brg_01:u_jtag_avmm|jtag_to_avalon_mst_brg_01_master_0:master_0|altera_avalon_st_jtag_interface:jtag_phy_embedded_in_jtag_master|altera_jtag_dc_streaming:normal.jtag_dc_streaming|altera_avalon_st_clock_crosser:sink_crosser|out_data_buffer[2]                                                                  ; altera_reserved_tck ; altera_reserved_tck ; 0.000        ; 0.056      ; 1.919      ;
; 1.692 ; jtag_to_avalon_mst_brg_01:u_jtag_avmm|jtag_to_avalon_mst_brg_01_master_0:master_0|altera_avalon_st_jtag_interface:jtag_phy_embedded_in_jtag_master|altera_jtag_dc_streaming:normal.jtag_dc_streaming|altera_std_synchronizer:synchronizer|dreg[1]                                                                                                   ; jtag_to_avalon_mst_brg_01:u_jtag_avmm|jtag_to_avalon_mst_brg_01_master_0:master_0|altera_avalon_st_jtag_interface:jtag_phy_embedded_in_jtag_master|altera_jtag_dc_streaming:normal.jtag_dc_streaming|altera_avalon_st_clock_crosser:sink_crosser|out_data_buffer[1]                                                                  ; altera_reserved_tck ; altera_reserved_tck ; 0.000        ; 0.056      ; 1.919      ;
; 1.692 ; jtag_to_avalon_mst_brg_01:u_jtag_avmm|jtag_to_avalon_mst_brg_01_master_0:master_0|altera_avalon_st_jtag_interface:jtag_phy_embedded_in_jtag_master|altera_jtag_dc_streaming:normal.jtag_dc_streaming|altera_std_synchronizer:synchronizer|dreg[1]                                                                                                   ; jtag_to_avalon_mst_brg_01:u_jtag_avmm|jtag_to_avalon_mst_brg_01_master_0:master_0|altera_avalon_st_jtag_interface:jtag_phy_embedded_in_jtag_master|altera_jtag_dc_streaming:normal.jtag_dc_streaming|altera_avalon_st_clock_crosser:sink_crosser|out_data_buffer[7]                                                                  ; altera_reserved_tck ; altera_reserved_tck ; 0.000        ; 0.056      ; 1.919      ;
; 1.692 ; jtag_to_avalon_mst_brg_01:u_jtag_avmm|jtag_to_avalon_mst_brg_01_master_0:master_0|altera_avalon_st_jtag_interface:jtag_phy_embedded_in_jtag_master|altera_jtag_dc_streaming:normal.jtag_dc_streaming|altera_std_synchronizer:synchronizer|dreg[1]                                                                                                   ; jtag_to_avalon_mst_brg_01:u_jtag_avmm|jtag_to_avalon_mst_brg_01_master_0:master_0|altera_avalon_st_jtag_interface:jtag_phy_embedded_in_jtag_master|altera_jtag_dc_streaming:normal.jtag_dc_streaming|altera_avalon_st_clock_crosser:sink_crosser|out_data_buffer[6]                                                                  ; altera_reserved_tck ; altera_reserved_tck ; 0.000        ; 0.056      ; 1.919      ;
; 1.692 ; jtag_to_avalon_mst_brg_01:u_jtag_avmm|jtag_to_avalon_mst_brg_01_master_0:master_0|altera_avalon_st_jtag_interface:jtag_phy_embedded_in_jtag_master|altera_jtag_dc_streaming:normal.jtag_dc_streaming|altera_std_synchronizer:synchronizer|dreg[1]                                                                                                   ; jtag_to_avalon_mst_brg_01:u_jtag_avmm|jtag_to_avalon_mst_brg_01_master_0:master_0|altera_avalon_st_jtag_interface:jtag_phy_embedded_in_jtag_master|altera_jtag_dc_streaming:normal.jtag_dc_streaming|altera_avalon_st_clock_crosser:sink_crosser|out_data_buffer[5]                                                                  ; altera_reserved_tck ; altera_reserved_tck ; 0.000        ; 0.056      ; 1.919      ;
; 1.692 ; jtag_to_avalon_mst_brg_01:u_jtag_avmm|jtag_to_avalon_mst_brg_01_master_0:master_0|altera_avalon_st_jtag_interface:jtag_phy_embedded_in_jtag_master|altera_jtag_dc_streaming:normal.jtag_dc_streaming|altera_std_synchronizer:synchronizer|dreg[1]                                                                                                   ; jtag_to_avalon_mst_brg_01:u_jtag_avmm|jtag_to_avalon_mst_brg_01_master_0:master_0|altera_avalon_st_jtag_interface:jtag_phy_embedded_in_jtag_master|altera_jtag_dc_streaming:normal.jtag_dc_streaming|altera_avalon_st_clock_crosser:sink_crosser|out_data_buffer[3]                                                                  ; altera_reserved_tck ; altera_reserved_tck ; 0.000        ; 0.056      ; 1.919      ;
; 1.695 ; sld_hub:auto_hub|alt_sld_fab_with_jtag_input:\instrumentation_fabric_with_node_gen:fabric_gen_new_way:with_jtag_input_gen:instrumentation_fabric|alt_sld_fab:instrumentation_fabric|alt_sld_fab_alt_sld_fab:alt_sld_fab|alt_sld_fab_alt_sld_fab_sldfabric:sldfabric|sld_jtag_hub:\jtag_hub_gen:real_sld_jtag_hub|virtual_ir_scan_reg                ; sld_hub:auto_hub|alt_sld_fab_with_jtag_input:\instrumentation_fabric_with_node_gen:fabric_gen_new_way:with_jtag_input_gen:instrumentation_fabric|alt_sld_fab:instrumentation_fabric|alt_sld_fab_alt_sld_fab:alt_sld_fab|alt_sld_fab_alt_sld_fab_sldfabric:sldfabric|sld_jtag_hub:\jtag_hub_gen:real_sld_jtag_hub|hub_mode_reg[2]     ; altera_reserved_tck ; altera_reserved_tck ; 0.000        ; 0.082      ; 1.948      ;
+-------+-----------------------------------------------------------------------------------------------------------------------------------------------------------------------------------------------------------------------------------------------------------------------------------------------------------------------------------------------------+--------------------------------------------------------------------------------------------------------------------------------------------------------------------------------------------------------------------------------------------------------------------------------------------------------------------------------------+---------------------+---------------------+--------------+------------+------------+


----------------------------------------------
; Slow 1200mV 0C Model Metastability Summary ;
----------------------------------------------
Typical MTBF of Design is 1e+09 years or 3.15e+16 seconds.

Number of Synchronizer Chains Found: 6
Shortest Synchronizer Chain: 3 Registers
Fraction of Chains for which MTBFs Could Not be Calculated: 0.167
Worst Case Available Settling Time: 198.475 ns

Typical MTBF values are calculated based on the nominal silicon characteristics, at nominal operating conditions.
  - Under typical conditions, an increase of 100ps in available settling time will increase MTBF values by a factor of 10.8



+----------------------------------------------+
; Fast 1200mV 0C Model Setup Summary           ;
+---------------------+--------+---------------+
; Clock               ; Slack  ; End Point TNS ;
+---------------------+--------+---------------+
; altera_reserved_tck ; 47.621 ; 0.000         ;
+---------------------+--------+---------------+


+---------------------------------------------+
; Fast 1200mV 0C Model Hold Summary           ;
+---------------------+-------+---------------+
; Clock               ; Slack ; End Point TNS ;
+---------------------+-------+---------------+
; altera_reserved_tck ; 0.183 ; 0.000         ;
+---------------------+-------+---------------+


+----------------------------------------------+
; Fast 1200mV 0C Model Recovery Summary        ;
+---------------------+--------+---------------+
; Clock               ; Slack  ; End Point TNS ;
+---------------------+--------+---------------+
; altera_reserved_tck ; 98.781 ; 0.000         ;
+---------------------+--------+---------------+


+---------------------------------------------+
; Fast 1200mV 0C Model Removal Summary        ;
+---------------------+-------+---------------+
; Clock               ; Slack ; End Point TNS ;
+---------------------+-------+---------------+
; altera_reserved_tck ; 0.560 ; 0.000         ;
+---------------------+-------+---------------+


+--------------------------------------------------+
; Fast 1200mV 0C Model Minimum Pulse Width Summary ;
+---------------------+--------+-------------------+
; Clock               ; Slack  ; End Point TNS     ;
+---------------------+--------+-------------------+
; altera_reserved_tck ; 49.473 ; 0.000             ;
+---------------------+--------+-------------------+


+--------------------------------------------------------------------------------------------------------------------------------------------------------------------------------------------------------------------------------------------------------------------------------------------------------------------------------------------------------------------------------------------------------------------------------------------------------------------------------------------------------------------------------------------------------------------------------------------------------------------------------------------------------------------------------------------------------------------------------------------------------------------------+
; Fast 1200mV 0C Model Setup: 'altera_reserved_tck'                                                                                                                                                                                                                                                                                                                                                                                                                                                                                                                                                                                                                                                                                                                        ;
+--------+-----------------------------------------------------------------------------------------------------------------------------------------------------------------------------------------------------------------------------------------------------------------------------------------------------------------------------------------------------+----------------------------------------------------------------------------------------------------------------------------------------------------------------------------------------------------------------------------------------------------------------------------------------------------------------------+---------------------+---------------------+--------------+------------+------------+
; Slack  ; From Node                                                                                                                                                                                                                                                                                                                                           ; To Node                                                                                                                                                                                                                                                                                                              ; Launch Clock        ; Latch Clock         ; Relationship ; Clock Skew ; Data Delay ;
+--------+-----------------------------------------------------------------------------------------------------------------------------------------------------------------------------------------------------------------------------------------------------------------------------------------------------------------------------------------------------+----------------------------------------------------------------------------------------------------------------------------------------------------------------------------------------------------------------------------------------------------------------------------------------------------------------------+---------------------+---------------------+--------------+------------+------------+
; 47.621 ; sld_hub:auto_hub|alt_sld_fab_with_jtag_input:\instrumentation_fabric_with_node_gen:fabric_gen_new_way:with_jtag_input_gen:instrumentation_fabric|alt_sld_fab:instrumentation_fabric|alt_sld_fab_alt_sld_fab:alt_sld_fab|alt_sld_fab_alt_sld_fab_sldfabric:sldfabric|sld_jtag_hub:\jtag_hub_gen:real_sld_jtag_hub|virtual_ir_scan_reg                ; sld_hub:auto_hub|alt_sld_fab_with_jtag_input:\instrumentation_fabric_with_node_gen:fabric_gen_new_way:with_jtag_input_gen:instrumentation_fabric|alt_sld_fab:instrumentation_fabric|alt_sld_fab_alt_sld_fab:alt_sld_fab|alt_sld_fab_alt_sld_fab_sldfabric:sldfabric|sld_jtag_hub:\jtag_hub_gen:real_sld_jtag_hub|tdo ; altera_reserved_tck ; altera_reserved_tck ; 50.000       ; 0.292      ; 2.678      ;
; 47.912 ; sld_hub:auto_hub|alt_sld_fab_with_jtag_input:\instrumentation_fabric_with_node_gen:fabric_gen_new_way:with_jtag_input_gen:instrumentation_fabric|alt_sld_fab:instrumentation_fabric|alt_sld_fab_alt_sld_fab:alt_sld_fab|splitter_nodes_receive_0[3]                                                                                                 ; sld_hub:auto_hub|alt_sld_fab_with_jtag_input:\instrumentation_fabric_with_node_gen:fabric_gen_new_way:with_jtag_input_gen:instrumentation_fabric|alt_sld_fab:instrumentation_fabric|alt_sld_fab_alt_sld_fab:alt_sld_fab|alt_sld_fab_alt_sld_fab_sldfabric:sldfabric|sld_jtag_hub:\jtag_hub_gen:real_sld_jtag_hub|tdo ; altera_reserved_tck ; altera_reserved_tck ; 50.000       ; 0.293      ; 2.388      ;
; 47.945 ; sld_hub:auto_hub|alt_sld_fab_with_jtag_input:\instrumentation_fabric_with_node_gen:fabric_gen_new_way:with_jtag_input_gen:instrumentation_fabric|alt_sld_fab:instrumentation_fabric|alt_sld_fab_alt_sld_fab:alt_sld_fab|alt_sld_fab_alt_sld_fab_sldfabric:sldfabric|sld_jtag_hub:\jtag_hub_gen:real_sld_jtag_hub|sld_shadow_jsm:shadow_jsm|state[4] ; sld_hub:auto_hub|alt_sld_fab_with_jtag_input:\instrumentation_fabric_with_node_gen:fabric_gen_new_way:with_jtag_input_gen:instrumentation_fabric|alt_sld_fab:instrumentation_fabric|alt_sld_fab_alt_sld_fab:alt_sld_fab|alt_sld_fab_alt_sld_fab_sldfabric:sldfabric|sld_jtag_hub:\jtag_hub_gen:real_sld_jtag_hub|tdo ; altera_reserved_tck ; altera_reserved_tck ; 50.000       ; 0.279      ; 2.341      ;
; 48.116 ; sld_hub:auto_hub|alt_sld_fab_with_jtag_input:\instrumentation_fabric_with_node_gen:fabric_gen_new_way:with_jtag_input_gen:instrumentation_fabric|alt_sld_fab:instrumentation_fabric|alt_sld_fab_alt_sld_fab:alt_sld_fab|alt_sld_fab_alt_sld_fab_sldfabric:sldfabric|sld_jtag_hub:\jtag_hub_gen:real_sld_jtag_hub|irf_reg[1][1]                      ; sld_hub:auto_hub|alt_sld_fab_with_jtag_input:\instrumentation_fabric_with_node_gen:fabric_gen_new_way:with_jtag_input_gen:instrumentation_fabric|alt_sld_fab:instrumentation_fabric|alt_sld_fab_alt_sld_fab:alt_sld_fab|alt_sld_fab_alt_sld_fab_sldfabric:sldfabric|sld_jtag_hub:\jtag_hub_gen:real_sld_jtag_hub|tdo ; altera_reserved_tck ; altera_reserved_tck ; 50.000       ; 0.308      ; 2.199      ;
; 48.225 ; sld_hub:auto_hub|alt_sld_fab_with_jtag_input:\instrumentation_fabric_with_node_gen:fabric_gen_new_way:with_jtag_input_gen:instrumentation_fabric|alt_sld_fab:instrumentation_fabric|alt_sld_fab_alt_sld_fab:alt_sld_fab|alt_sld_fab_alt_sld_fab_sldfabric:sldfabric|sld_jtag_hub:\jtag_hub_gen:real_sld_jtag_hub|irf_reg[1][2]                      ; sld_hub:auto_hub|alt_sld_fab_with_jtag_input:\instrumentation_fabric_with_node_gen:fabric_gen_new_way:with_jtag_input_gen:instrumentation_fabric|alt_sld_fab:instrumentation_fabric|alt_sld_fab_alt_sld_fab:alt_sld_fab|alt_sld_fab_alt_sld_fab_sldfabric:sldfabric|sld_jtag_hub:\jtag_hub_gen:real_sld_jtag_hub|tdo ; altera_reserved_tck ; altera_reserved_tck ; 50.000       ; 0.308      ; 2.090      ;
; 48.340 ; sld_hub:auto_hub|alt_sld_fab_with_jtag_input:\instrumentation_fabric_with_node_gen:fabric_gen_new_way:with_jtag_input_gen:instrumentation_fabric|alt_sld_fab:instrumentation_fabric|alt_sld_fab_alt_sld_fab:alt_sld_fab|alt_sld_fab_alt_sld_fab_sldfabric:sldfabric|sld_jtag_hub:\jtag_hub_gen:real_sld_jtag_hub|irsr_reg[0]                        ; sld_hub:auto_hub|alt_sld_fab_with_jtag_input:\instrumentation_fabric_with_node_gen:fabric_gen_new_way:with_jtag_input_gen:instrumentation_fabric|alt_sld_fab:instrumentation_fabric|alt_sld_fab_alt_sld_fab:alt_sld_fab|alt_sld_fab_alt_sld_fab_sldfabric:sldfabric|sld_jtag_hub:\jtag_hub_gen:real_sld_jtag_hub|tdo ; altera_reserved_tck ; altera_reserved_tck ; 50.000       ; 0.294      ; 1.961      ;
; 48.342 ; sld_hub:auto_hub|alt_sld_fab_with_jtag_input:\instrumentation_fabric_with_node_gen:fabric_gen_new_way:with_jtag_input_gen:instrumentation_fabric|alt_sld_fab:instrumentation_fabric|alt_sld_fab_alt_sld_fab:alt_sld_fab|alt_sld_fab_alt_sld_fab_sldfabric:sldfabric|sld_jtag_hub:\jtag_hub_gen:real_sld_jtag_hub|irf_reg[1][0]                      ; sld_hub:auto_hub|alt_sld_fab_with_jtag_input:\instrumentation_fabric_with_node_gen:fabric_gen_new_way:with_jtag_input_gen:instrumentation_fabric|alt_sld_fab:instrumentation_fabric|alt_sld_fab_alt_sld_fab:alt_sld_fab|alt_sld_fab_alt_sld_fab_sldfabric:sldfabric|sld_jtag_hub:\jtag_hub_gen:real_sld_jtag_hub|tdo ; altera_reserved_tck ; altera_reserved_tck ; 50.000       ; 0.308      ; 1.973      ;
; 48.343 ; sld_hub:auto_hub|alt_sld_fab_with_jtag_input:\instrumentation_fabric_with_node_gen:fabric_gen_new_way:with_jtag_input_gen:instrumentation_fabric|alt_sld_fab:instrumentation_fabric|alt_sld_fab_alt_sld_fab:alt_sld_fab|alt_sld_fab_alt_sld_fab_sldfabric:sldfabric|sld_jtag_hub:\jtag_hub_gen:real_sld_jtag_hub|sld_shadow_jsm:shadow_jsm|state[3] ; sld_hub:auto_hub|alt_sld_fab_with_jtag_input:\instrumentation_fabric_with_node_gen:fabric_gen_new_way:with_jtag_input_gen:instrumentation_fabric|alt_sld_fab:instrumentation_fabric|alt_sld_fab_alt_sld_fab:alt_sld_fab|alt_sld_fab_alt_sld_fab_sldfabric:sldfabric|sld_jtag_hub:\jtag_hub_gen:real_sld_jtag_hub|tdo ; altera_reserved_tck ; altera_reserved_tck ; 50.000       ; 0.279      ; 1.943      ;
; 48.387 ; jtag_to_avalon_mst_brg_01:u_jtag_avmm|jtag_to_avalon_mst_brg_01_master_0:master_0|altera_avalon_st_jtag_interface:jtag_phy_embedded_in_jtag_master|altera_jtag_dc_streaming:normal.jtag_dc_streaming|altera_jtag_streaming:jtag_streaming|dr_data_out[0]                                                                                            ; sld_hub:auto_hub|alt_sld_fab_with_jtag_input:\instrumentation_fabric_with_node_gen:fabric_gen_new_way:with_jtag_input_gen:instrumentation_fabric|alt_sld_fab:instrumentation_fabric|alt_sld_fab_alt_sld_fab:alt_sld_fab|alt_sld_fab_alt_sld_fab_sldfabric:sldfabric|sld_jtag_hub:\jtag_hub_gen:real_sld_jtag_hub|tdo ; altera_reserved_tck ; altera_reserved_tck ; 50.000       ; 0.292      ; 1.912      ;
; 48.396 ; jtag_to_avalon_mst_brg_01:u_jtag_avmm|jtag_to_avalon_mst_brg_01_master_0:master_0|altera_avalon_st_jtag_interface:jtag_phy_embedded_in_jtag_master|altera_jtag_dc_streaming:normal.jtag_dc_streaming|altera_jtag_streaming:jtag_streaming|dr_info[0]                                                                                                ; sld_hub:auto_hub|alt_sld_fab_with_jtag_input:\instrumentation_fabric_with_node_gen:fabric_gen_new_way:with_jtag_input_gen:instrumentation_fabric|alt_sld_fab:instrumentation_fabric|alt_sld_fab_alt_sld_fab:alt_sld_fab|alt_sld_fab_alt_sld_fab_sldfabric:sldfabric|sld_jtag_hub:\jtag_hub_gen:real_sld_jtag_hub|tdo ; altera_reserved_tck ; altera_reserved_tck ; 50.000       ; 0.288      ; 1.899      ;
; 48.408 ; sld_hub:auto_hub|alt_sld_fab_with_jtag_input:\instrumentation_fabric_with_node_gen:fabric_gen_new_way:with_jtag_input_gen:instrumentation_fabric|alt_sld_fab:instrumentation_fabric|alt_sld_fab_alt_sld_fab:alt_sld_fab|alt_sld_fab_alt_sld_fab_sldfabric:sldfabric|sld_jtag_hub:\jtag_hub_gen:real_sld_jtag_hub|irsr_reg[1]                        ; sld_hub:auto_hub|alt_sld_fab_with_jtag_input:\instrumentation_fabric_with_node_gen:fabric_gen_new_way:with_jtag_input_gen:instrumentation_fabric|alt_sld_fab:instrumentation_fabric|alt_sld_fab_alt_sld_fab:alt_sld_fab|alt_sld_fab_alt_sld_fab_sldfabric:sldfabric|sld_jtag_hub:\jtag_hub_gen:real_sld_jtag_hub|tdo ; altera_reserved_tck ; altera_reserved_tck ; 50.000       ; 0.294      ; 1.893      ;
; 48.437 ; jtag_to_avalon_mst_brg_01:u_jtag_avmm|jtag_to_avalon_mst_brg_01_master_0:master_0|altera_avalon_st_jtag_interface:jtag_phy_embedded_in_jtag_master|altera_jtag_dc_streaming:normal.jtag_dc_streaming|altera_jtag_streaming:jtag_streaming|dr_control[0]                                                                                             ; sld_hub:auto_hub|alt_sld_fab_with_jtag_input:\instrumentation_fabric_with_node_gen:fabric_gen_new_way:with_jtag_input_gen:instrumentation_fabric|alt_sld_fab:instrumentation_fabric|alt_sld_fab_alt_sld_fab:alt_sld_fab|alt_sld_fab_alt_sld_fab_sldfabric:sldfabric|sld_jtag_hub:\jtag_hub_gen:real_sld_jtag_hub|tdo ; altera_reserved_tck ; altera_reserved_tck ; 50.000       ; 0.309      ; 1.879      ;
; 48.527 ; jtag_to_avalon_mst_brg_01:u_jtag_avmm|jtag_to_avalon_mst_brg_01_master_0:master_0|altera_avalon_st_jtag_interface:jtag_phy_embedded_in_jtag_master|altera_jtag_dc_streaming:normal.jtag_dc_streaming|altera_jtag_streaming:jtag_streaming|dr_loopback                                                                                               ; sld_hub:auto_hub|alt_sld_fab_with_jtag_input:\instrumentation_fabric_with_node_gen:fabric_gen_new_way:with_jtag_input_gen:instrumentation_fabric|alt_sld_fab:instrumentation_fabric|alt_sld_fab_alt_sld_fab:alt_sld_fab|alt_sld_fab_alt_sld_fab_sldfabric:sldfabric|sld_jtag_hub:\jtag_hub_gen:real_sld_jtag_hub|tdo ; altera_reserved_tck ; altera_reserved_tck ; 50.000       ; 0.305      ; 1.785      ;
; 48.530 ; sld_hub:auto_hub|alt_sld_fab_with_jtag_input:\instrumentation_fabric_with_node_gen:fabric_gen_new_way:with_jtag_input_gen:instrumentation_fabric|alt_sld_fab:instrumentation_fabric|alt_sld_fab_alt_sld_fab:alt_sld_fab|alt_sld_fab_alt_sld_fab_sldfabric:sldfabric|sld_jtag_hub:\jtag_hub_gen:real_sld_jtag_hub|irsr_reg[2]                        ; sld_hub:auto_hub|alt_sld_fab_with_jtag_input:\instrumentation_fabric_with_node_gen:fabric_gen_new_way:with_jtag_input_gen:instrumentation_fabric|alt_sld_fab:instrumentation_fabric|alt_sld_fab_alt_sld_fab:alt_sld_fab|alt_sld_fab_alt_sld_fab_sldfabric:sldfabric|sld_jtag_hub:\jtag_hub_gen:real_sld_jtag_hub|tdo ; altera_reserved_tck ; altera_reserved_tck ; 50.000       ; 0.294      ; 1.771      ;
; 48.768 ; jtag_to_avalon_mst_brg_01:u_jtag_avmm|jtag_to_avalon_mst_brg_01_master_0:master_0|altera_avalon_st_jtag_interface:jtag_phy_embedded_in_jtag_master|altera_jtag_dc_streaming:normal.jtag_dc_streaming|altera_jtag_streaming:jtag_streaming|dr_debug[0]                                                                                               ; sld_hub:auto_hub|alt_sld_fab_with_jtag_input:\instrumentation_fabric_with_node_gen:fabric_gen_new_way:with_jtag_input_gen:instrumentation_fabric|alt_sld_fab:instrumentation_fabric|alt_sld_fab_alt_sld_fab:alt_sld_fab|alt_sld_fab_alt_sld_fab_sldfabric:sldfabric|sld_jtag_hub:\jtag_hub_gen:real_sld_jtag_hub|tdo ; altera_reserved_tck ; altera_reserved_tck ; 50.000       ; 0.305      ; 1.544      ;
; 48.807 ; sld_hub:auto_hub|alt_sld_fab_with_jtag_input:\instrumentation_fabric_with_node_gen:fabric_gen_new_way:with_jtag_input_gen:instrumentation_fabric|alt_sld_fab:instrumentation_fabric|alt_sld_fab_alt_sld_fab:alt_sld_fab|alt_sld_fab_alt_sld_fab_sldfabric:sldfabric|sld_jtag_hub:\jtag_hub_gen:real_sld_jtag_hub|irsr_reg[4]                        ; sld_hub:auto_hub|alt_sld_fab_with_jtag_input:\instrumentation_fabric_with_node_gen:fabric_gen_new_way:with_jtag_input_gen:instrumentation_fabric|alt_sld_fab:instrumentation_fabric|alt_sld_fab_alt_sld_fab:alt_sld_fab|alt_sld_fab_alt_sld_fab_sldfabric:sldfabric|sld_jtag_hub:\jtag_hub_gen:real_sld_jtag_hub|tdo ; altera_reserved_tck ; altera_reserved_tck ; 50.000       ; 0.294      ; 1.494      ;
; 48.837 ; sld_hub:auto_hub|alt_sld_fab_with_jtag_input:\instrumentation_fabric_with_node_gen:fabric_gen_new_way:with_jtag_input_gen:instrumentation_fabric|alt_sld_fab:instrumentation_fabric|alt_sld_fab_alt_sld_fab:alt_sld_fab|alt_sld_fab_alt_sld_fab_sldfabric:sldfabric|sld_jtag_hub:\jtag_hub_gen:real_sld_jtag_hub|tdo_bypass_reg                     ; sld_hub:auto_hub|alt_sld_fab_with_jtag_input:\instrumentation_fabric_with_node_gen:fabric_gen_new_way:with_jtag_input_gen:instrumentation_fabric|alt_sld_fab:instrumentation_fabric|alt_sld_fab_alt_sld_fab:alt_sld_fab|alt_sld_fab_alt_sld_fab_sldfabric:sldfabric|sld_jtag_hub:\jtag_hub_gen:real_sld_jtag_hub|tdo ; altera_reserved_tck ; altera_reserved_tck ; 50.000       ; 0.279      ; 1.449      ;
; 49.070 ; sld_hub:auto_hub|alt_sld_fab_with_jtag_input:\instrumentation_fabric_with_node_gen:fabric_gen_new_way:with_jtag_input_gen:instrumentation_fabric|alt_sld_fab:instrumentation_fabric|alt_sld_fab_alt_sld_fab:alt_sld_fab|alt_sld_fab_alt_sld_fab_sldfabric:sldfabric|sld_jtag_hub:\jtag_hub_gen:real_sld_jtag_hub|hub_minor_ver_reg[0]               ; sld_hub:auto_hub|alt_sld_fab_with_jtag_input:\instrumentation_fabric_with_node_gen:fabric_gen_new_way:with_jtag_input_gen:instrumentation_fabric|alt_sld_fab:instrumentation_fabric|alt_sld_fab_alt_sld_fab:alt_sld_fab|alt_sld_fab_alt_sld_fab_sldfabric:sldfabric|sld_jtag_hub:\jtag_hub_gen:real_sld_jtag_hub|tdo ; altera_reserved_tck ; altera_reserved_tck ; 50.000       ; 0.302      ; 1.239      ;
; 49.109 ; sld_hub:auto_hub|alt_sld_fab_with_jtag_input:\instrumentation_fabric_with_node_gen:fabric_gen_new_way:with_jtag_input_gen:instrumentation_fabric|alt_sld_fab:instrumentation_fabric|alt_sld_fab_alt_sld_fab:alt_sld_fab|alt_sld_fab_alt_sld_fab_sldfabric:sldfabric|sld_jtag_hub:\jtag_hub_gen:real_sld_jtag_hub|sld_rom_sr:hub_info_reg|WORD_SR[0] ; sld_hub:auto_hub|alt_sld_fab_with_jtag_input:\instrumentation_fabric_with_node_gen:fabric_gen_new_way:with_jtag_input_gen:instrumentation_fabric|alt_sld_fab:instrumentation_fabric|alt_sld_fab_alt_sld_fab:alt_sld_fab|alt_sld_fab_alt_sld_fab_sldfabric:sldfabric|sld_jtag_hub:\jtag_hub_gen:real_sld_jtag_hub|tdo ; altera_reserved_tck ; altera_reserved_tck ; 50.000       ; 0.289      ; 1.187      ;
; 49.222 ; sld_hub:auto_hub|alt_sld_fab_with_jtag_input:\instrumentation_fabric_with_node_gen:fabric_gen_new_way:with_jtag_input_gen:instrumentation_fabric|alt_sld_fab:instrumentation_fabric|alt_sld_fab_alt_sld_fab:alt_sld_fab|alt_sld_fab_alt_sld_fab_sldfabric:sldfabric|sld_jtag_hub:\jtag_hub_gen:real_sld_jtag_hub|sld_shadow_jsm:shadow_jsm|state[8] ; sld_hub:auto_hub|alt_sld_fab_with_jtag_input:\instrumentation_fabric_with_node_gen:fabric_gen_new_way:with_jtag_input_gen:instrumentation_fabric|alt_sld_fab:instrumentation_fabric|alt_sld_fab_alt_sld_fab:alt_sld_fab|alt_sld_fab_alt_sld_fab_sldfabric:sldfabric|sld_jtag_hub:\jtag_hub_gen:real_sld_jtag_hub|tdo ; altera_reserved_tck ; altera_reserved_tck ; 50.000       ; 0.279      ; 1.064      ;
; 49.290 ; sld_hub:auto_hub|alt_sld_fab_with_jtag_input:\instrumentation_fabric_with_node_gen:fabric_gen_new_way:with_jtag_input_gen:instrumentation_fabric|alt_sld_fab:instrumentation_fabric|alt_sld_fab_alt_sld_fab:alt_sld_fab|alt_sld_fab_alt_sld_fab_sldfabric:sldfabric|sld_jtag_hub:\jtag_hub_gen:real_sld_jtag_hub|design_hash_reg[0]                 ; sld_hub:auto_hub|alt_sld_fab_with_jtag_input:\instrumentation_fabric_with_node_gen:fabric_gen_new_way:with_jtag_input_gen:instrumentation_fabric|alt_sld_fab:instrumentation_fabric|alt_sld_fab_alt_sld_fab:alt_sld_fab|alt_sld_fab_alt_sld_fab_sldfabric:sldfabric|sld_jtag_hub:\jtag_hub_gen:real_sld_jtag_hub|tdo ; altera_reserved_tck ; altera_reserved_tck ; 50.000       ; 0.302      ; 1.019      ;
; 96.163 ; sld_hub:auto_hub|alt_sld_fab_with_jtag_input:\instrumentation_fabric_with_node_gen:fabric_gen_new_way:with_jtag_input_gen:instrumentation_fabric|alt_sld_fab:instrumentation_fabric|alt_sld_fab_alt_sld_fab:alt_sld_fab|alt_sld_fab_alt_sld_fab_sldfabric:sldfabric|sld_jtag_hub:\jtag_hub_gen:real_sld_jtag_hub|virtual_ir_scan_reg                ; jtag_to_avalon_mst_brg_01:u_jtag_avmm|jtag_to_avalon_mst_brg_01_master_0:master_0|altera_avalon_st_jtag_interface:jtag_phy_embedded_in_jtag_master|altera_jtag_dc_streaming:normal.jtag_dc_streaming|altera_jtag_streaming:jtag_streaming|valid_write_data_length_byte_counter[3]                                    ; altera_reserved_tck ; altera_reserved_tck ; 100.000      ; -0.038     ; 3.806      ;
; 96.163 ; sld_hub:auto_hub|alt_sld_fab_with_jtag_input:\instrumentation_fabric_with_node_gen:fabric_gen_new_way:with_jtag_input_gen:instrumentation_fabric|alt_sld_fab:instrumentation_fabric|alt_sld_fab_alt_sld_fab:alt_sld_fab|alt_sld_fab_alt_sld_fab_sldfabric:sldfabric|sld_jtag_hub:\jtag_hub_gen:real_sld_jtag_hub|virtual_ir_scan_reg                ; jtag_to_avalon_mst_brg_01:u_jtag_avmm|jtag_to_avalon_mst_brg_01_master_0:master_0|altera_avalon_st_jtag_interface:jtag_phy_embedded_in_jtag_master|altera_jtag_dc_streaming:normal.jtag_dc_streaming|altera_jtag_streaming:jtag_streaming|valid_write_data_length_byte_counter[4]                                    ; altera_reserved_tck ; altera_reserved_tck ; 100.000      ; -0.038     ; 3.806      ;
; 96.163 ; sld_hub:auto_hub|alt_sld_fab_with_jtag_input:\instrumentation_fabric_with_node_gen:fabric_gen_new_way:with_jtag_input_gen:instrumentation_fabric|alt_sld_fab:instrumentation_fabric|alt_sld_fab_alt_sld_fab:alt_sld_fab|alt_sld_fab_alt_sld_fab_sldfabric:sldfabric|sld_jtag_hub:\jtag_hub_gen:real_sld_jtag_hub|virtual_ir_scan_reg                ; jtag_to_avalon_mst_brg_01:u_jtag_avmm|jtag_to_avalon_mst_brg_01_master_0:master_0|altera_avalon_st_jtag_interface:jtag_phy_embedded_in_jtag_master|altera_jtag_dc_streaming:normal.jtag_dc_streaming|altera_jtag_streaming:jtag_streaming|valid_write_data_length_byte_counter[6]                                    ; altera_reserved_tck ; altera_reserved_tck ; 100.000      ; -0.038     ; 3.806      ;
; 96.172 ; sld_hub:auto_hub|alt_sld_fab_with_jtag_input:\instrumentation_fabric_with_node_gen:fabric_gen_new_way:with_jtag_input_gen:instrumentation_fabric|alt_sld_fab:instrumentation_fabric|alt_sld_fab_alt_sld_fab:alt_sld_fab|alt_sld_fab_alt_sld_fab_sldfabric:sldfabric|sld_jtag_hub:\jtag_hub_gen:real_sld_jtag_hub|virtual_ir_scan_reg                ; jtag_to_avalon_mst_brg_01:u_jtag_avmm|jtag_to_avalon_mst_brg_01_master_0:master_0|altera_avalon_st_jtag_interface:jtag_phy_embedded_in_jtag_master|altera_jtag_dc_streaming:normal.jtag_dc_streaming|altera_jtag_streaming:jtag_streaming|valid_write_data_length_byte_counter[0]                                    ; altera_reserved_tck ; altera_reserved_tck ; 100.000      ; -0.036     ; 3.799      ;
; 96.172 ; sld_hub:auto_hub|alt_sld_fab_with_jtag_input:\instrumentation_fabric_with_node_gen:fabric_gen_new_way:with_jtag_input_gen:instrumentation_fabric|alt_sld_fab:instrumentation_fabric|alt_sld_fab_alt_sld_fab:alt_sld_fab|alt_sld_fab_alt_sld_fab_sldfabric:sldfabric|sld_jtag_hub:\jtag_hub_gen:real_sld_jtag_hub|virtual_ir_scan_reg                ; jtag_to_avalon_mst_brg_01:u_jtag_avmm|jtag_to_avalon_mst_brg_01_master_0:master_0|altera_avalon_st_jtag_interface:jtag_phy_embedded_in_jtag_master|altera_jtag_dc_streaming:normal.jtag_dc_streaming|altera_jtag_streaming:jtag_streaming|valid_write_data_length_byte_counter[1]                                    ; altera_reserved_tck ; altera_reserved_tck ; 100.000      ; -0.036     ; 3.799      ;
; 96.172 ; sld_hub:auto_hub|alt_sld_fab_with_jtag_input:\instrumentation_fabric_with_node_gen:fabric_gen_new_way:with_jtag_input_gen:instrumentation_fabric|alt_sld_fab:instrumentation_fabric|alt_sld_fab_alt_sld_fab:alt_sld_fab|alt_sld_fab_alt_sld_fab_sldfabric:sldfabric|sld_jtag_hub:\jtag_hub_gen:real_sld_jtag_hub|virtual_ir_scan_reg                ; jtag_to_avalon_mst_brg_01:u_jtag_avmm|jtag_to_avalon_mst_brg_01_master_0:master_0|altera_avalon_st_jtag_interface:jtag_phy_embedded_in_jtag_master|altera_jtag_dc_streaming:normal.jtag_dc_streaming|altera_jtag_streaming:jtag_streaming|valid_write_data_length_byte_counter[2]                                    ; altera_reserved_tck ; altera_reserved_tck ; 100.000      ; -0.036     ; 3.799      ;
; 96.172 ; sld_hub:auto_hub|alt_sld_fab_with_jtag_input:\instrumentation_fabric_with_node_gen:fabric_gen_new_way:with_jtag_input_gen:instrumentation_fabric|alt_sld_fab:instrumentation_fabric|alt_sld_fab_alt_sld_fab:alt_sld_fab|alt_sld_fab_alt_sld_fab_sldfabric:sldfabric|sld_jtag_hub:\jtag_hub_gen:real_sld_jtag_hub|virtual_ir_scan_reg                ; jtag_to_avalon_mst_brg_01:u_jtag_avmm|jtag_to_avalon_mst_brg_01_master_0:master_0|altera_avalon_st_jtag_interface:jtag_phy_embedded_in_jtag_master|altera_jtag_dc_streaming:normal.jtag_dc_streaming|altera_jtag_streaming:jtag_streaming|valid_write_data_length_byte_counter[5]                                    ; altera_reserved_tck ; altera_reserved_tck ; 100.000      ; -0.036     ; 3.799      ;
; 96.172 ; sld_hub:auto_hub|alt_sld_fab_with_jtag_input:\instrumentation_fabric_with_node_gen:fabric_gen_new_way:with_jtag_input_gen:instrumentation_fabric|alt_sld_fab:instrumentation_fabric|alt_sld_fab_alt_sld_fab:alt_sld_fab|alt_sld_fab_alt_sld_fab_sldfabric:sldfabric|sld_jtag_hub:\jtag_hub_gen:real_sld_jtag_hub|virtual_ir_scan_reg                ; jtag_to_avalon_mst_brg_01:u_jtag_avmm|jtag_to_avalon_mst_brg_01_master_0:master_0|altera_avalon_st_jtag_interface:jtag_phy_embedded_in_jtag_master|altera_jtag_dc_streaming:normal.jtag_dc_streaming|altera_jtag_streaming:jtag_streaming|valid_write_data_length_byte_counter[7]                                    ; altera_reserved_tck ; altera_reserved_tck ; 100.000      ; -0.036     ; 3.799      ;
; 96.204 ; sld_hub:auto_hub|alt_sld_fab_with_jtag_input:\instrumentation_fabric_with_node_gen:fabric_gen_new_way:with_jtag_input_gen:instrumentation_fabric|alt_sld_fab:instrumentation_fabric|alt_sld_fab_alt_sld_fab:alt_sld_fab|alt_sld_fab_alt_sld_fab_sldfabric:sldfabric|sld_jtag_hub:\jtag_hub_gen:real_sld_jtag_hub|virtual_ir_scan_reg                ; jtag_to_avalon_mst_brg_01:u_jtag_avmm|jtag_to_avalon_mst_brg_01_master_0:master_0|altera_avalon_st_jtag_interface:jtag_phy_embedded_in_jtag_master|altera_jtag_dc_streaming:normal.jtag_dc_streaming|altera_jtag_streaming:jtag_streaming|valid_write_data_length_byte_counter[8]                                    ; altera_reserved_tck ; altera_reserved_tck ; 100.000      ; -0.040     ; 3.763      ;
; 96.204 ; sld_hub:auto_hub|alt_sld_fab_with_jtag_input:\instrumentation_fabric_with_node_gen:fabric_gen_new_way:with_jtag_input_gen:instrumentation_fabric|alt_sld_fab:instrumentation_fabric|alt_sld_fab_alt_sld_fab:alt_sld_fab|alt_sld_fab_alt_sld_fab_sldfabric:sldfabric|sld_jtag_hub:\jtag_hub_gen:real_sld_jtag_hub|virtual_ir_scan_reg                ; jtag_to_avalon_mst_brg_01:u_jtag_avmm|jtag_to_avalon_mst_brg_01_master_0:master_0|altera_avalon_st_jtag_interface:jtag_phy_embedded_in_jtag_master|altera_jtag_dc_streaming:normal.jtag_dc_streaming|altera_jtag_streaming:jtag_streaming|valid_write_data_length_byte_counter[9]                                    ; altera_reserved_tck ; altera_reserved_tck ; 100.000      ; -0.040     ; 3.763      ;
; 96.204 ; sld_hub:auto_hub|alt_sld_fab_with_jtag_input:\instrumentation_fabric_with_node_gen:fabric_gen_new_way:with_jtag_input_gen:instrumentation_fabric|alt_sld_fab:instrumentation_fabric|alt_sld_fab_alt_sld_fab:alt_sld_fab|alt_sld_fab_alt_sld_fab_sldfabric:sldfabric|sld_jtag_hub:\jtag_hub_gen:real_sld_jtag_hub|virtual_ir_scan_reg                ; jtag_to_avalon_mst_brg_01:u_jtag_avmm|jtag_to_avalon_mst_brg_01_master_0:master_0|altera_avalon_st_jtag_interface:jtag_phy_embedded_in_jtag_master|altera_jtag_dc_streaming:normal.jtag_dc_streaming|altera_jtag_streaming:jtag_streaming|valid_write_data_length_byte_counter[10]                                   ; altera_reserved_tck ; altera_reserved_tck ; 100.000      ; -0.040     ; 3.763      ;
; 96.204 ; sld_hub:auto_hub|alt_sld_fab_with_jtag_input:\instrumentation_fabric_with_node_gen:fabric_gen_new_way:with_jtag_input_gen:instrumentation_fabric|alt_sld_fab:instrumentation_fabric|alt_sld_fab_alt_sld_fab:alt_sld_fab|alt_sld_fab_alt_sld_fab_sldfabric:sldfabric|sld_jtag_hub:\jtag_hub_gen:real_sld_jtag_hub|virtual_ir_scan_reg                ; jtag_to_avalon_mst_brg_01:u_jtag_avmm|jtag_to_avalon_mst_brg_01_master_0:master_0|altera_avalon_st_jtag_interface:jtag_phy_embedded_in_jtag_master|altera_jtag_dc_streaming:normal.jtag_dc_streaming|altera_jtag_streaming:jtag_streaming|valid_write_data_length_byte_counter[11]                                   ; altera_reserved_tck ; altera_reserved_tck ; 100.000      ; -0.040     ; 3.763      ;
; 96.204 ; sld_hub:auto_hub|alt_sld_fab_with_jtag_input:\instrumentation_fabric_with_node_gen:fabric_gen_new_way:with_jtag_input_gen:instrumentation_fabric|alt_sld_fab:instrumentation_fabric|alt_sld_fab_alt_sld_fab:alt_sld_fab|alt_sld_fab_alt_sld_fab_sldfabric:sldfabric|sld_jtag_hub:\jtag_hub_gen:real_sld_jtag_hub|virtual_ir_scan_reg                ; jtag_to_avalon_mst_brg_01:u_jtag_avmm|jtag_to_avalon_mst_brg_01_master_0:master_0|altera_avalon_st_jtag_interface:jtag_phy_embedded_in_jtag_master|altera_jtag_dc_streaming:normal.jtag_dc_streaming|altera_jtag_streaming:jtag_streaming|valid_write_data_length_byte_counter[13]                                   ; altera_reserved_tck ; altera_reserved_tck ; 100.000      ; -0.040     ; 3.763      ;
; 96.293 ; sld_hub:auto_hub|alt_sld_fab_with_jtag_input:\instrumentation_fabric_with_node_gen:fabric_gen_new_way:with_jtag_input_gen:instrumentation_fabric|alt_sld_fab:instrumentation_fabric|alt_sld_fab_alt_sld_fab:alt_sld_fab|alt_sld_fab_alt_sld_fab_sldfabric:sldfabric|sld_jtag_hub:\jtag_hub_gen:real_sld_jtag_hub|virtual_ir_scan_reg                ; jtag_to_avalon_mst_brg_01:u_jtag_avmm|jtag_to_avalon_mst_brg_01_master_0:master_0|altera_avalon_st_jtag_interface:jtag_phy_embedded_in_jtag_master|altera_jtag_dc_streaming:normal.jtag_dc_streaming|altera_jtag_streaming:jtag_streaming|valid_write_data_length_byte_counter[12]                                   ; altera_reserved_tck ; altera_reserved_tck ; 100.000      ; -0.042     ; 3.672      ;
; 96.293 ; sld_hub:auto_hub|alt_sld_fab_with_jtag_input:\instrumentation_fabric_with_node_gen:fabric_gen_new_way:with_jtag_input_gen:instrumentation_fabric|alt_sld_fab:instrumentation_fabric|alt_sld_fab_alt_sld_fab:alt_sld_fab|alt_sld_fab_alt_sld_fab_sldfabric:sldfabric|sld_jtag_hub:\jtag_hub_gen:real_sld_jtag_hub|virtual_ir_scan_reg                ; jtag_to_avalon_mst_brg_01:u_jtag_avmm|jtag_to_avalon_mst_brg_01_master_0:master_0|altera_avalon_st_jtag_interface:jtag_phy_embedded_in_jtag_master|altera_jtag_dc_streaming:normal.jtag_dc_streaming|altera_jtag_streaming:jtag_streaming|valid_write_data_length_byte_counter[14]                                   ; altera_reserved_tck ; altera_reserved_tck ; 100.000      ; -0.042     ; 3.672      ;
; 96.304 ; sld_hub:auto_hub|alt_sld_fab_with_jtag_input:\instrumentation_fabric_with_node_gen:fabric_gen_new_way:with_jtag_input_gen:instrumentation_fabric|alt_sld_fab:instrumentation_fabric|alt_sld_fab_alt_sld_fab:alt_sld_fab|alt_sld_fab_alt_sld_fab_sldfabric:sldfabric|sld_jtag_hub:\jtag_hub_gen:real_sld_jtag_hub|virtual_ir_scan_reg                ; jtag_to_avalon_mst_brg_01:u_jtag_avmm|jtag_to_avalon_mst_brg_01_master_0:master_0|altera_avalon_st_jtag_interface:jtag_phy_embedded_in_jtag_master|altera_jtag_dc_streaming:normal.jtag_dc_streaming|altera_jtag_streaming:jtag_streaming|valid_write_data_length_byte_counter[17]                                   ; altera_reserved_tck ; altera_reserved_tck ; 100.000      ; -0.044     ; 3.659      ;
; 96.304 ; sld_hub:auto_hub|alt_sld_fab_with_jtag_input:\instrumentation_fabric_with_node_gen:fabric_gen_new_way:with_jtag_input_gen:instrumentation_fabric|alt_sld_fab:instrumentation_fabric|alt_sld_fab_alt_sld_fab:alt_sld_fab|alt_sld_fab_alt_sld_fab_sldfabric:sldfabric|sld_jtag_hub:\jtag_hub_gen:real_sld_jtag_hub|virtual_ir_scan_reg                ; jtag_to_avalon_mst_brg_01:u_jtag_avmm|jtag_to_avalon_mst_brg_01_master_0:master_0|altera_avalon_st_jtag_interface:jtag_phy_embedded_in_jtag_master|altera_jtag_dc_streaming:normal.jtag_dc_streaming|altera_jtag_streaming:jtag_streaming|valid_write_data_length_byte_counter[15]                                   ; altera_reserved_tck ; altera_reserved_tck ; 100.000      ; -0.044     ; 3.659      ;
; 96.304 ; sld_hub:auto_hub|alt_sld_fab_with_jtag_input:\instrumentation_fabric_with_node_gen:fabric_gen_new_way:with_jtag_input_gen:instrumentation_fabric|alt_sld_fab:instrumentation_fabric|alt_sld_fab_alt_sld_fab:alt_sld_fab|alt_sld_fab_alt_sld_fab_sldfabric:sldfabric|sld_jtag_hub:\jtag_hub_gen:real_sld_jtag_hub|virtual_ir_scan_reg                ; jtag_to_avalon_mst_brg_01:u_jtag_avmm|jtag_to_avalon_mst_brg_01_master_0:master_0|altera_avalon_st_jtag_interface:jtag_phy_embedded_in_jtag_master|altera_jtag_dc_streaming:normal.jtag_dc_streaming|altera_jtag_streaming:jtag_streaming|valid_write_data_length_byte_counter[16]                                   ; altera_reserved_tck ; altera_reserved_tck ; 100.000      ; -0.044     ; 3.659      ;
; 96.304 ; sld_hub:auto_hub|alt_sld_fab_with_jtag_input:\instrumentation_fabric_with_node_gen:fabric_gen_new_way:with_jtag_input_gen:instrumentation_fabric|alt_sld_fab:instrumentation_fabric|alt_sld_fab_alt_sld_fab:alt_sld_fab|alt_sld_fab_alt_sld_fab_sldfabric:sldfabric|sld_jtag_hub:\jtag_hub_gen:real_sld_jtag_hub|virtual_ir_scan_reg                ; jtag_to_avalon_mst_brg_01:u_jtag_avmm|jtag_to_avalon_mst_brg_01_master_0:master_0|altera_avalon_st_jtag_interface:jtag_phy_embedded_in_jtag_master|altera_jtag_dc_streaming:normal.jtag_dc_streaming|altera_jtag_streaming:jtag_streaming|valid_write_data_length_byte_counter[18]                                   ; altera_reserved_tck ; altera_reserved_tck ; 100.000      ; -0.044     ; 3.659      ;
; 96.441 ; sld_hub:auto_hub|alt_sld_fab_with_jtag_input:\instrumentation_fabric_with_node_gen:fabric_gen_new_way:with_jtag_input_gen:instrumentation_fabric|alt_sld_fab:instrumentation_fabric|alt_sld_fab_alt_sld_fab:alt_sld_fab|splitter_nodes_receive_0[3]                                                                                                 ; jtag_to_avalon_mst_brg_01:u_jtag_avmm|jtag_to_avalon_mst_brg_01_master_0:master_0|altera_avalon_st_jtag_interface:jtag_phy_embedded_in_jtag_master|altera_jtag_dc_streaming:normal.jtag_dc_streaming|altera_jtag_streaming:jtag_streaming|valid_write_data_length_byte_counter[3]                                    ; altera_reserved_tck ; altera_reserved_tck ; 100.000      ; -0.037     ; 3.529      ;
; 96.441 ; sld_hub:auto_hub|alt_sld_fab_with_jtag_input:\instrumentation_fabric_with_node_gen:fabric_gen_new_way:with_jtag_input_gen:instrumentation_fabric|alt_sld_fab:instrumentation_fabric|alt_sld_fab_alt_sld_fab:alt_sld_fab|splitter_nodes_receive_0[3]                                                                                                 ; jtag_to_avalon_mst_brg_01:u_jtag_avmm|jtag_to_avalon_mst_brg_01_master_0:master_0|altera_avalon_st_jtag_interface:jtag_phy_embedded_in_jtag_master|altera_jtag_dc_streaming:normal.jtag_dc_streaming|altera_jtag_streaming:jtag_streaming|valid_write_data_length_byte_counter[4]                                    ; altera_reserved_tck ; altera_reserved_tck ; 100.000      ; -0.037     ; 3.529      ;
; 96.441 ; sld_hub:auto_hub|alt_sld_fab_with_jtag_input:\instrumentation_fabric_with_node_gen:fabric_gen_new_way:with_jtag_input_gen:instrumentation_fabric|alt_sld_fab:instrumentation_fabric|alt_sld_fab_alt_sld_fab:alt_sld_fab|splitter_nodes_receive_0[3]                                                                                                 ; jtag_to_avalon_mst_brg_01:u_jtag_avmm|jtag_to_avalon_mst_brg_01_master_0:master_0|altera_avalon_st_jtag_interface:jtag_phy_embedded_in_jtag_master|altera_jtag_dc_streaming:normal.jtag_dc_streaming|altera_jtag_streaming:jtag_streaming|valid_write_data_length_byte_counter[6]                                    ; altera_reserved_tck ; altera_reserved_tck ; 100.000      ; -0.037     ; 3.529      ;
; 96.450 ; sld_hub:auto_hub|alt_sld_fab_with_jtag_input:\instrumentation_fabric_with_node_gen:fabric_gen_new_way:with_jtag_input_gen:instrumentation_fabric|alt_sld_fab:instrumentation_fabric|alt_sld_fab_alt_sld_fab:alt_sld_fab|splitter_nodes_receive_0[3]                                                                                                 ; jtag_to_avalon_mst_brg_01:u_jtag_avmm|jtag_to_avalon_mst_brg_01_master_0:master_0|altera_avalon_st_jtag_interface:jtag_phy_embedded_in_jtag_master|altera_jtag_dc_streaming:normal.jtag_dc_streaming|altera_jtag_streaming:jtag_streaming|valid_write_data_length_byte_counter[0]                                    ; altera_reserved_tck ; altera_reserved_tck ; 100.000      ; -0.035     ; 3.522      ;
; 96.450 ; sld_hub:auto_hub|alt_sld_fab_with_jtag_input:\instrumentation_fabric_with_node_gen:fabric_gen_new_way:with_jtag_input_gen:instrumentation_fabric|alt_sld_fab:instrumentation_fabric|alt_sld_fab_alt_sld_fab:alt_sld_fab|splitter_nodes_receive_0[3]                                                                                                 ; jtag_to_avalon_mst_brg_01:u_jtag_avmm|jtag_to_avalon_mst_brg_01_master_0:master_0|altera_avalon_st_jtag_interface:jtag_phy_embedded_in_jtag_master|altera_jtag_dc_streaming:normal.jtag_dc_streaming|altera_jtag_streaming:jtag_streaming|valid_write_data_length_byte_counter[1]                                    ; altera_reserved_tck ; altera_reserved_tck ; 100.000      ; -0.035     ; 3.522      ;
; 96.450 ; sld_hub:auto_hub|alt_sld_fab_with_jtag_input:\instrumentation_fabric_with_node_gen:fabric_gen_new_way:with_jtag_input_gen:instrumentation_fabric|alt_sld_fab:instrumentation_fabric|alt_sld_fab_alt_sld_fab:alt_sld_fab|splitter_nodes_receive_0[3]                                                                                                 ; jtag_to_avalon_mst_brg_01:u_jtag_avmm|jtag_to_avalon_mst_brg_01_master_0:master_0|altera_avalon_st_jtag_interface:jtag_phy_embedded_in_jtag_master|altera_jtag_dc_streaming:normal.jtag_dc_streaming|altera_jtag_streaming:jtag_streaming|valid_write_data_length_byte_counter[2]                                    ; altera_reserved_tck ; altera_reserved_tck ; 100.000      ; -0.035     ; 3.522      ;
; 96.450 ; sld_hub:auto_hub|alt_sld_fab_with_jtag_input:\instrumentation_fabric_with_node_gen:fabric_gen_new_way:with_jtag_input_gen:instrumentation_fabric|alt_sld_fab:instrumentation_fabric|alt_sld_fab_alt_sld_fab:alt_sld_fab|splitter_nodes_receive_0[3]                                                                                                 ; jtag_to_avalon_mst_brg_01:u_jtag_avmm|jtag_to_avalon_mst_brg_01_master_0:master_0|altera_avalon_st_jtag_interface:jtag_phy_embedded_in_jtag_master|altera_jtag_dc_streaming:normal.jtag_dc_streaming|altera_jtag_streaming:jtag_streaming|valid_write_data_length_byte_counter[5]                                    ; altera_reserved_tck ; altera_reserved_tck ; 100.000      ; -0.035     ; 3.522      ;
; 96.450 ; sld_hub:auto_hub|alt_sld_fab_with_jtag_input:\instrumentation_fabric_with_node_gen:fabric_gen_new_way:with_jtag_input_gen:instrumentation_fabric|alt_sld_fab:instrumentation_fabric|alt_sld_fab_alt_sld_fab:alt_sld_fab|splitter_nodes_receive_0[3]                                                                                                 ; jtag_to_avalon_mst_brg_01:u_jtag_avmm|jtag_to_avalon_mst_brg_01_master_0:master_0|altera_avalon_st_jtag_interface:jtag_phy_embedded_in_jtag_master|altera_jtag_dc_streaming:normal.jtag_dc_streaming|altera_jtag_streaming:jtag_streaming|valid_write_data_length_byte_counter[7]                                    ; altera_reserved_tck ; altera_reserved_tck ; 100.000      ; -0.035     ; 3.522      ;
; 96.474 ; sld_hub:auto_hub|alt_sld_fab_with_jtag_input:\instrumentation_fabric_with_node_gen:fabric_gen_new_way:with_jtag_input_gen:instrumentation_fabric|alt_sld_fab:instrumentation_fabric|alt_sld_fab_alt_sld_fab:alt_sld_fab|alt_sld_fab_alt_sld_fab_sldfabric:sldfabric|sld_jtag_hub:\jtag_hub_gen:real_sld_jtag_hub|sld_shadow_jsm:shadow_jsm|state[4] ; jtag_to_avalon_mst_brg_01:u_jtag_avmm|jtag_to_avalon_mst_brg_01_master_0:master_0|altera_avalon_st_jtag_interface:jtag_phy_embedded_in_jtag_master|altera_jtag_dc_streaming:normal.jtag_dc_streaming|altera_jtag_streaming:jtag_streaming|valid_write_data_length_byte_counter[3]                                    ; altera_reserved_tck ; altera_reserved_tck ; 100.000      ; -0.051     ; 3.482      ;
; 96.474 ; sld_hub:auto_hub|alt_sld_fab_with_jtag_input:\instrumentation_fabric_with_node_gen:fabric_gen_new_way:with_jtag_input_gen:instrumentation_fabric|alt_sld_fab:instrumentation_fabric|alt_sld_fab_alt_sld_fab:alt_sld_fab|alt_sld_fab_alt_sld_fab_sldfabric:sldfabric|sld_jtag_hub:\jtag_hub_gen:real_sld_jtag_hub|sld_shadow_jsm:shadow_jsm|state[4] ; jtag_to_avalon_mst_brg_01:u_jtag_avmm|jtag_to_avalon_mst_brg_01_master_0:master_0|altera_avalon_st_jtag_interface:jtag_phy_embedded_in_jtag_master|altera_jtag_dc_streaming:normal.jtag_dc_streaming|altera_jtag_streaming:jtag_streaming|valid_write_data_length_byte_counter[4]                                    ; altera_reserved_tck ; altera_reserved_tck ; 100.000      ; -0.051     ; 3.482      ;
; 96.474 ; sld_hub:auto_hub|alt_sld_fab_with_jtag_input:\instrumentation_fabric_with_node_gen:fabric_gen_new_way:with_jtag_input_gen:instrumentation_fabric|alt_sld_fab:instrumentation_fabric|alt_sld_fab_alt_sld_fab:alt_sld_fab|alt_sld_fab_alt_sld_fab_sldfabric:sldfabric|sld_jtag_hub:\jtag_hub_gen:real_sld_jtag_hub|sld_shadow_jsm:shadow_jsm|state[4] ; jtag_to_avalon_mst_brg_01:u_jtag_avmm|jtag_to_avalon_mst_brg_01_master_0:master_0|altera_avalon_st_jtag_interface:jtag_phy_embedded_in_jtag_master|altera_jtag_dc_streaming:normal.jtag_dc_streaming|altera_jtag_streaming:jtag_streaming|valid_write_data_length_byte_counter[6]                                    ; altera_reserved_tck ; altera_reserved_tck ; 100.000      ; -0.051     ; 3.482      ;
; 96.483 ; sld_hub:auto_hub|alt_sld_fab_with_jtag_input:\instrumentation_fabric_with_node_gen:fabric_gen_new_way:with_jtag_input_gen:instrumentation_fabric|alt_sld_fab:instrumentation_fabric|alt_sld_fab_alt_sld_fab:alt_sld_fab|alt_sld_fab_alt_sld_fab_sldfabric:sldfabric|sld_jtag_hub:\jtag_hub_gen:real_sld_jtag_hub|sld_shadow_jsm:shadow_jsm|state[4] ; jtag_to_avalon_mst_brg_01:u_jtag_avmm|jtag_to_avalon_mst_brg_01_master_0:master_0|altera_avalon_st_jtag_interface:jtag_phy_embedded_in_jtag_master|altera_jtag_dc_streaming:normal.jtag_dc_streaming|altera_jtag_streaming:jtag_streaming|valid_write_data_length_byte_counter[0]                                    ; altera_reserved_tck ; altera_reserved_tck ; 100.000      ; -0.049     ; 3.475      ;
; 96.483 ; sld_hub:auto_hub|alt_sld_fab_with_jtag_input:\instrumentation_fabric_with_node_gen:fabric_gen_new_way:with_jtag_input_gen:instrumentation_fabric|alt_sld_fab:instrumentation_fabric|alt_sld_fab_alt_sld_fab:alt_sld_fab|alt_sld_fab_alt_sld_fab_sldfabric:sldfabric|sld_jtag_hub:\jtag_hub_gen:real_sld_jtag_hub|sld_shadow_jsm:shadow_jsm|state[4] ; jtag_to_avalon_mst_brg_01:u_jtag_avmm|jtag_to_avalon_mst_brg_01_master_0:master_0|altera_avalon_st_jtag_interface:jtag_phy_embedded_in_jtag_master|altera_jtag_dc_streaming:normal.jtag_dc_streaming|altera_jtag_streaming:jtag_streaming|valid_write_data_length_byte_counter[1]                                    ; altera_reserved_tck ; altera_reserved_tck ; 100.000      ; -0.049     ; 3.475      ;
; 96.483 ; sld_hub:auto_hub|alt_sld_fab_with_jtag_input:\instrumentation_fabric_with_node_gen:fabric_gen_new_way:with_jtag_input_gen:instrumentation_fabric|alt_sld_fab:instrumentation_fabric|alt_sld_fab_alt_sld_fab:alt_sld_fab|alt_sld_fab_alt_sld_fab_sldfabric:sldfabric|sld_jtag_hub:\jtag_hub_gen:real_sld_jtag_hub|sld_shadow_jsm:shadow_jsm|state[4] ; jtag_to_avalon_mst_brg_01:u_jtag_avmm|jtag_to_avalon_mst_brg_01_master_0:master_0|altera_avalon_st_jtag_interface:jtag_phy_embedded_in_jtag_master|altera_jtag_dc_streaming:normal.jtag_dc_streaming|altera_jtag_streaming:jtag_streaming|valid_write_data_length_byte_counter[2]                                    ; altera_reserved_tck ; altera_reserved_tck ; 100.000      ; -0.049     ; 3.475      ;
; 96.483 ; sld_hub:auto_hub|alt_sld_fab_with_jtag_input:\instrumentation_fabric_with_node_gen:fabric_gen_new_way:with_jtag_input_gen:instrumentation_fabric|alt_sld_fab:instrumentation_fabric|alt_sld_fab_alt_sld_fab:alt_sld_fab|alt_sld_fab_alt_sld_fab_sldfabric:sldfabric|sld_jtag_hub:\jtag_hub_gen:real_sld_jtag_hub|sld_shadow_jsm:shadow_jsm|state[4] ; jtag_to_avalon_mst_brg_01:u_jtag_avmm|jtag_to_avalon_mst_brg_01_master_0:master_0|altera_avalon_st_jtag_interface:jtag_phy_embedded_in_jtag_master|altera_jtag_dc_streaming:normal.jtag_dc_streaming|altera_jtag_streaming:jtag_streaming|valid_write_data_length_byte_counter[5]                                    ; altera_reserved_tck ; altera_reserved_tck ; 100.000      ; -0.049     ; 3.475      ;
; 96.483 ; sld_hub:auto_hub|alt_sld_fab_with_jtag_input:\instrumentation_fabric_with_node_gen:fabric_gen_new_way:with_jtag_input_gen:instrumentation_fabric|alt_sld_fab:instrumentation_fabric|alt_sld_fab_alt_sld_fab:alt_sld_fab|alt_sld_fab_alt_sld_fab_sldfabric:sldfabric|sld_jtag_hub:\jtag_hub_gen:real_sld_jtag_hub|sld_shadow_jsm:shadow_jsm|state[4] ; jtag_to_avalon_mst_brg_01:u_jtag_avmm|jtag_to_avalon_mst_brg_01_master_0:master_0|altera_avalon_st_jtag_interface:jtag_phy_embedded_in_jtag_master|altera_jtag_dc_streaming:normal.jtag_dc_streaming|altera_jtag_streaming:jtag_streaming|valid_write_data_length_byte_counter[7]                                    ; altera_reserved_tck ; altera_reserved_tck ; 100.000      ; -0.049     ; 3.475      ;
; 96.492 ; sld_hub:auto_hub|alt_sld_fab_with_jtag_input:\instrumentation_fabric_with_node_gen:fabric_gen_new_way:with_jtag_input_gen:instrumentation_fabric|alt_sld_fab:instrumentation_fabric|alt_sld_fab_alt_sld_fab:alt_sld_fab|splitter_nodes_receive_0[3]                                                                                                 ; jtag_to_avalon_mst_brg_01:u_jtag_avmm|jtag_to_avalon_mst_brg_01_master_0:master_0|altera_avalon_st_jtag_interface:jtag_phy_embedded_in_jtag_master|altera_jtag_dc_streaming:normal.jtag_dc_streaming|altera_jtag_streaming:jtag_streaming|valid_write_data_length_byte_counter[8]                                    ; altera_reserved_tck ; altera_reserved_tck ; 100.000      ; -0.039     ; 3.476      ;
; 96.492 ; sld_hub:auto_hub|alt_sld_fab_with_jtag_input:\instrumentation_fabric_with_node_gen:fabric_gen_new_way:with_jtag_input_gen:instrumentation_fabric|alt_sld_fab:instrumentation_fabric|alt_sld_fab_alt_sld_fab:alt_sld_fab|splitter_nodes_receive_0[3]                                                                                                 ; jtag_to_avalon_mst_brg_01:u_jtag_avmm|jtag_to_avalon_mst_brg_01_master_0:master_0|altera_avalon_st_jtag_interface:jtag_phy_embedded_in_jtag_master|altera_jtag_dc_streaming:normal.jtag_dc_streaming|altera_jtag_streaming:jtag_streaming|valid_write_data_length_byte_counter[9]                                    ; altera_reserved_tck ; altera_reserved_tck ; 100.000      ; -0.039     ; 3.476      ;
; 96.492 ; sld_hub:auto_hub|alt_sld_fab_with_jtag_input:\instrumentation_fabric_with_node_gen:fabric_gen_new_way:with_jtag_input_gen:instrumentation_fabric|alt_sld_fab:instrumentation_fabric|alt_sld_fab_alt_sld_fab:alt_sld_fab|splitter_nodes_receive_0[3]                                                                                                 ; jtag_to_avalon_mst_brg_01:u_jtag_avmm|jtag_to_avalon_mst_brg_01_master_0:master_0|altera_avalon_st_jtag_interface:jtag_phy_embedded_in_jtag_master|altera_jtag_dc_streaming:normal.jtag_dc_streaming|altera_jtag_streaming:jtag_streaming|valid_write_data_length_byte_counter[10]                                   ; altera_reserved_tck ; altera_reserved_tck ; 100.000      ; -0.039     ; 3.476      ;
; 96.492 ; sld_hub:auto_hub|alt_sld_fab_with_jtag_input:\instrumentation_fabric_with_node_gen:fabric_gen_new_way:with_jtag_input_gen:instrumentation_fabric|alt_sld_fab:instrumentation_fabric|alt_sld_fab_alt_sld_fab:alt_sld_fab|splitter_nodes_receive_0[3]                                                                                                 ; jtag_to_avalon_mst_brg_01:u_jtag_avmm|jtag_to_avalon_mst_brg_01_master_0:master_0|altera_avalon_st_jtag_interface:jtag_phy_embedded_in_jtag_master|altera_jtag_dc_streaming:normal.jtag_dc_streaming|altera_jtag_streaming:jtag_streaming|valid_write_data_length_byte_counter[11]                                   ; altera_reserved_tck ; altera_reserved_tck ; 100.000      ; -0.039     ; 3.476      ;
; 96.492 ; sld_hub:auto_hub|alt_sld_fab_with_jtag_input:\instrumentation_fabric_with_node_gen:fabric_gen_new_way:with_jtag_input_gen:instrumentation_fabric|alt_sld_fab:instrumentation_fabric|alt_sld_fab_alt_sld_fab:alt_sld_fab|splitter_nodes_receive_0[3]                                                                                                 ; jtag_to_avalon_mst_brg_01:u_jtag_avmm|jtag_to_avalon_mst_brg_01_master_0:master_0|altera_avalon_st_jtag_interface:jtag_phy_embedded_in_jtag_master|altera_jtag_dc_streaming:normal.jtag_dc_streaming|altera_jtag_streaming:jtag_streaming|valid_write_data_length_byte_counter[13]                                   ; altera_reserved_tck ; altera_reserved_tck ; 100.000      ; -0.039     ; 3.476      ;
; 96.525 ; sld_hub:auto_hub|alt_sld_fab_with_jtag_input:\instrumentation_fabric_with_node_gen:fabric_gen_new_way:with_jtag_input_gen:instrumentation_fabric|alt_sld_fab:instrumentation_fabric|alt_sld_fab_alt_sld_fab:alt_sld_fab|alt_sld_fab_alt_sld_fab_sldfabric:sldfabric|sld_jtag_hub:\jtag_hub_gen:real_sld_jtag_hub|sld_shadow_jsm:shadow_jsm|state[4] ; jtag_to_avalon_mst_brg_01:u_jtag_avmm|jtag_to_avalon_mst_brg_01_master_0:master_0|altera_avalon_st_jtag_interface:jtag_phy_embedded_in_jtag_master|altera_jtag_dc_streaming:normal.jtag_dc_streaming|altera_jtag_streaming:jtag_streaming|valid_write_data_length_byte_counter[8]                                    ; altera_reserved_tck ; altera_reserved_tck ; 100.000      ; -0.053     ; 3.429      ;
; 96.525 ; sld_hub:auto_hub|alt_sld_fab_with_jtag_input:\instrumentation_fabric_with_node_gen:fabric_gen_new_way:with_jtag_input_gen:instrumentation_fabric|alt_sld_fab:instrumentation_fabric|alt_sld_fab_alt_sld_fab:alt_sld_fab|alt_sld_fab_alt_sld_fab_sldfabric:sldfabric|sld_jtag_hub:\jtag_hub_gen:real_sld_jtag_hub|sld_shadow_jsm:shadow_jsm|state[4] ; jtag_to_avalon_mst_brg_01:u_jtag_avmm|jtag_to_avalon_mst_brg_01_master_0:master_0|altera_avalon_st_jtag_interface:jtag_phy_embedded_in_jtag_master|altera_jtag_dc_streaming:normal.jtag_dc_streaming|altera_jtag_streaming:jtag_streaming|valid_write_data_length_byte_counter[9]                                    ; altera_reserved_tck ; altera_reserved_tck ; 100.000      ; -0.053     ; 3.429      ;
; 96.525 ; sld_hub:auto_hub|alt_sld_fab_with_jtag_input:\instrumentation_fabric_with_node_gen:fabric_gen_new_way:with_jtag_input_gen:instrumentation_fabric|alt_sld_fab:instrumentation_fabric|alt_sld_fab_alt_sld_fab:alt_sld_fab|alt_sld_fab_alt_sld_fab_sldfabric:sldfabric|sld_jtag_hub:\jtag_hub_gen:real_sld_jtag_hub|sld_shadow_jsm:shadow_jsm|state[4] ; jtag_to_avalon_mst_brg_01:u_jtag_avmm|jtag_to_avalon_mst_brg_01_master_0:master_0|altera_avalon_st_jtag_interface:jtag_phy_embedded_in_jtag_master|altera_jtag_dc_streaming:normal.jtag_dc_streaming|altera_jtag_streaming:jtag_streaming|valid_write_data_length_byte_counter[10]                                   ; altera_reserved_tck ; altera_reserved_tck ; 100.000      ; -0.053     ; 3.429      ;
; 96.525 ; sld_hub:auto_hub|alt_sld_fab_with_jtag_input:\instrumentation_fabric_with_node_gen:fabric_gen_new_way:with_jtag_input_gen:instrumentation_fabric|alt_sld_fab:instrumentation_fabric|alt_sld_fab_alt_sld_fab:alt_sld_fab|alt_sld_fab_alt_sld_fab_sldfabric:sldfabric|sld_jtag_hub:\jtag_hub_gen:real_sld_jtag_hub|sld_shadow_jsm:shadow_jsm|state[4] ; jtag_to_avalon_mst_brg_01:u_jtag_avmm|jtag_to_avalon_mst_brg_01_master_0:master_0|altera_avalon_st_jtag_interface:jtag_phy_embedded_in_jtag_master|altera_jtag_dc_streaming:normal.jtag_dc_streaming|altera_jtag_streaming:jtag_streaming|valid_write_data_length_byte_counter[11]                                   ; altera_reserved_tck ; altera_reserved_tck ; 100.000      ; -0.053     ; 3.429      ;
; 96.525 ; sld_hub:auto_hub|alt_sld_fab_with_jtag_input:\instrumentation_fabric_with_node_gen:fabric_gen_new_way:with_jtag_input_gen:instrumentation_fabric|alt_sld_fab:instrumentation_fabric|alt_sld_fab_alt_sld_fab:alt_sld_fab|alt_sld_fab_alt_sld_fab_sldfabric:sldfabric|sld_jtag_hub:\jtag_hub_gen:real_sld_jtag_hub|sld_shadow_jsm:shadow_jsm|state[4] ; jtag_to_avalon_mst_brg_01:u_jtag_avmm|jtag_to_avalon_mst_brg_01_master_0:master_0|altera_avalon_st_jtag_interface:jtag_phy_embedded_in_jtag_master|altera_jtag_dc_streaming:normal.jtag_dc_streaming|altera_jtag_streaming:jtag_streaming|valid_write_data_length_byte_counter[13]                                   ; altera_reserved_tck ; altera_reserved_tck ; 100.000      ; -0.053     ; 3.429      ;
; 96.580 ; sld_hub:auto_hub|alt_sld_fab_with_jtag_input:\instrumentation_fabric_with_node_gen:fabric_gen_new_way:with_jtag_input_gen:instrumentation_fabric|alt_sld_fab:instrumentation_fabric|alt_sld_fab_alt_sld_fab:alt_sld_fab|splitter_nodes_receive_0[3]                                                                                                 ; jtag_to_avalon_mst_brg_01:u_jtag_avmm|jtag_to_avalon_mst_brg_01_master_0:master_0|altera_avalon_st_jtag_interface:jtag_phy_embedded_in_jtag_master|altera_jtag_dc_streaming:normal.jtag_dc_streaming|altera_jtag_streaming:jtag_streaming|valid_write_data_length_byte_counter[12]                                   ; altera_reserved_tck ; altera_reserved_tck ; 100.000      ; -0.041     ; 3.386      ;
; 96.580 ; sld_hub:auto_hub|alt_sld_fab_with_jtag_input:\instrumentation_fabric_with_node_gen:fabric_gen_new_way:with_jtag_input_gen:instrumentation_fabric|alt_sld_fab:instrumentation_fabric|alt_sld_fab_alt_sld_fab:alt_sld_fab|splitter_nodes_receive_0[3]                                                                                                 ; jtag_to_avalon_mst_brg_01:u_jtag_avmm|jtag_to_avalon_mst_brg_01_master_0:master_0|altera_avalon_st_jtag_interface:jtag_phy_embedded_in_jtag_master|altera_jtag_dc_streaming:normal.jtag_dc_streaming|altera_jtag_streaming:jtag_streaming|valid_write_data_length_byte_counter[14]                                   ; altera_reserved_tck ; altera_reserved_tck ; 100.000      ; -0.041     ; 3.386      ;
; 96.592 ; sld_hub:auto_hub|alt_sld_fab_with_jtag_input:\instrumentation_fabric_with_node_gen:fabric_gen_new_way:with_jtag_input_gen:instrumentation_fabric|alt_sld_fab:instrumentation_fabric|alt_sld_fab_alt_sld_fab:alt_sld_fab|splitter_nodes_receive_0[3]                                                                                                 ; jtag_to_avalon_mst_brg_01:u_jtag_avmm|jtag_to_avalon_mst_brg_01_master_0:master_0|altera_avalon_st_jtag_interface:jtag_phy_embedded_in_jtag_master|altera_jtag_dc_streaming:normal.jtag_dc_streaming|altera_jtag_streaming:jtag_streaming|valid_write_data_length_byte_counter[17]                                   ; altera_reserved_tck ; altera_reserved_tck ; 100.000      ; -0.043     ; 3.372      ;
; 96.592 ; sld_hub:auto_hub|alt_sld_fab_with_jtag_input:\instrumentation_fabric_with_node_gen:fabric_gen_new_way:with_jtag_input_gen:instrumentation_fabric|alt_sld_fab:instrumentation_fabric|alt_sld_fab_alt_sld_fab:alt_sld_fab|splitter_nodes_receive_0[3]                                                                                                 ; jtag_to_avalon_mst_brg_01:u_jtag_avmm|jtag_to_avalon_mst_brg_01_master_0:master_0|altera_avalon_st_jtag_interface:jtag_phy_embedded_in_jtag_master|altera_jtag_dc_streaming:normal.jtag_dc_streaming|altera_jtag_streaming:jtag_streaming|valid_write_data_length_byte_counter[15]                                   ; altera_reserved_tck ; altera_reserved_tck ; 100.000      ; -0.043     ; 3.372      ;
; 96.592 ; sld_hub:auto_hub|alt_sld_fab_with_jtag_input:\instrumentation_fabric_with_node_gen:fabric_gen_new_way:with_jtag_input_gen:instrumentation_fabric|alt_sld_fab:instrumentation_fabric|alt_sld_fab_alt_sld_fab:alt_sld_fab|splitter_nodes_receive_0[3]                                                                                                 ; jtag_to_avalon_mst_brg_01:u_jtag_avmm|jtag_to_avalon_mst_brg_01_master_0:master_0|altera_avalon_st_jtag_interface:jtag_phy_embedded_in_jtag_master|altera_jtag_dc_streaming:normal.jtag_dc_streaming|altera_jtag_streaming:jtag_streaming|valid_write_data_length_byte_counter[16]                                   ; altera_reserved_tck ; altera_reserved_tck ; 100.000      ; -0.043     ; 3.372      ;
; 96.592 ; sld_hub:auto_hub|alt_sld_fab_with_jtag_input:\instrumentation_fabric_with_node_gen:fabric_gen_new_way:with_jtag_input_gen:instrumentation_fabric|alt_sld_fab:instrumentation_fabric|alt_sld_fab_alt_sld_fab:alt_sld_fab|splitter_nodes_receive_0[3]                                                                                                 ; jtag_to_avalon_mst_brg_01:u_jtag_avmm|jtag_to_avalon_mst_brg_01_master_0:master_0|altera_avalon_st_jtag_interface:jtag_phy_embedded_in_jtag_master|altera_jtag_dc_streaming:normal.jtag_dc_streaming|altera_jtag_streaming:jtag_streaming|valid_write_data_length_byte_counter[18]                                   ; altera_reserved_tck ; altera_reserved_tck ; 100.000      ; -0.043     ; 3.372      ;
; 96.613 ; sld_hub:auto_hub|alt_sld_fab_with_jtag_input:\instrumentation_fabric_with_node_gen:fabric_gen_new_way:with_jtag_input_gen:instrumentation_fabric|alt_sld_fab:instrumentation_fabric|alt_sld_fab_alt_sld_fab:alt_sld_fab|alt_sld_fab_alt_sld_fab_sldfabric:sldfabric|sld_jtag_hub:\jtag_hub_gen:real_sld_jtag_hub|sld_shadow_jsm:shadow_jsm|state[4] ; jtag_to_avalon_mst_brg_01:u_jtag_avmm|jtag_to_avalon_mst_brg_01_master_0:master_0|altera_avalon_st_jtag_interface:jtag_phy_embedded_in_jtag_master|altera_jtag_dc_streaming:normal.jtag_dc_streaming|altera_jtag_streaming:jtag_streaming|valid_write_data_length_byte_counter[12]                                   ; altera_reserved_tck ; altera_reserved_tck ; 100.000      ; -0.055     ; 3.339      ;
; 96.613 ; sld_hub:auto_hub|alt_sld_fab_with_jtag_input:\instrumentation_fabric_with_node_gen:fabric_gen_new_way:with_jtag_input_gen:instrumentation_fabric|alt_sld_fab:instrumentation_fabric|alt_sld_fab_alt_sld_fab:alt_sld_fab|alt_sld_fab_alt_sld_fab_sldfabric:sldfabric|sld_jtag_hub:\jtag_hub_gen:real_sld_jtag_hub|sld_shadow_jsm:shadow_jsm|state[4] ; jtag_to_avalon_mst_brg_01:u_jtag_avmm|jtag_to_avalon_mst_brg_01_master_0:master_0|altera_avalon_st_jtag_interface:jtag_phy_embedded_in_jtag_master|altera_jtag_dc_streaming:normal.jtag_dc_streaming|altera_jtag_streaming:jtag_streaming|valid_write_data_length_byte_counter[14]                                   ; altera_reserved_tck ; altera_reserved_tck ; 100.000      ; -0.055     ; 3.339      ;
; 96.625 ; sld_hub:auto_hub|alt_sld_fab_with_jtag_input:\instrumentation_fabric_with_node_gen:fabric_gen_new_way:with_jtag_input_gen:instrumentation_fabric|alt_sld_fab:instrumentation_fabric|alt_sld_fab_alt_sld_fab:alt_sld_fab|alt_sld_fab_alt_sld_fab_sldfabric:sldfabric|sld_jtag_hub:\jtag_hub_gen:real_sld_jtag_hub|sld_shadow_jsm:shadow_jsm|state[4] ; jtag_to_avalon_mst_brg_01:u_jtag_avmm|jtag_to_avalon_mst_brg_01_master_0:master_0|altera_avalon_st_jtag_interface:jtag_phy_embedded_in_jtag_master|altera_jtag_dc_streaming:normal.jtag_dc_streaming|altera_jtag_streaming:jtag_streaming|valid_write_data_length_byte_counter[17]                                   ; altera_reserved_tck ; altera_reserved_tck ; 100.000      ; -0.057     ; 3.325      ;
; 96.625 ; sld_hub:auto_hub|alt_sld_fab_with_jtag_input:\instrumentation_fabric_with_node_gen:fabric_gen_new_way:with_jtag_input_gen:instrumentation_fabric|alt_sld_fab:instrumentation_fabric|alt_sld_fab_alt_sld_fab:alt_sld_fab|alt_sld_fab_alt_sld_fab_sldfabric:sldfabric|sld_jtag_hub:\jtag_hub_gen:real_sld_jtag_hub|sld_shadow_jsm:shadow_jsm|state[4] ; jtag_to_avalon_mst_brg_01:u_jtag_avmm|jtag_to_avalon_mst_brg_01_master_0:master_0|altera_avalon_st_jtag_interface:jtag_phy_embedded_in_jtag_master|altera_jtag_dc_streaming:normal.jtag_dc_streaming|altera_jtag_streaming:jtag_streaming|valid_write_data_length_byte_counter[15]                                   ; altera_reserved_tck ; altera_reserved_tck ; 100.000      ; -0.057     ; 3.325      ;
; 96.625 ; sld_hub:auto_hub|alt_sld_fab_with_jtag_input:\instrumentation_fabric_with_node_gen:fabric_gen_new_way:with_jtag_input_gen:instrumentation_fabric|alt_sld_fab:instrumentation_fabric|alt_sld_fab_alt_sld_fab:alt_sld_fab|alt_sld_fab_alt_sld_fab_sldfabric:sldfabric|sld_jtag_hub:\jtag_hub_gen:real_sld_jtag_hub|sld_shadow_jsm:shadow_jsm|state[4] ; jtag_to_avalon_mst_brg_01:u_jtag_avmm|jtag_to_avalon_mst_brg_01_master_0:master_0|altera_avalon_st_jtag_interface:jtag_phy_embedded_in_jtag_master|altera_jtag_dc_streaming:normal.jtag_dc_streaming|altera_jtag_streaming:jtag_streaming|valid_write_data_length_byte_counter[16]                                   ; altera_reserved_tck ; altera_reserved_tck ; 100.000      ; -0.057     ; 3.325      ;
; 96.625 ; sld_hub:auto_hub|alt_sld_fab_with_jtag_input:\instrumentation_fabric_with_node_gen:fabric_gen_new_way:with_jtag_input_gen:instrumentation_fabric|alt_sld_fab:instrumentation_fabric|alt_sld_fab_alt_sld_fab:alt_sld_fab|alt_sld_fab_alt_sld_fab_sldfabric:sldfabric|sld_jtag_hub:\jtag_hub_gen:real_sld_jtag_hub|sld_shadow_jsm:shadow_jsm|state[4] ; jtag_to_avalon_mst_brg_01:u_jtag_avmm|jtag_to_avalon_mst_brg_01_master_0:master_0|altera_avalon_st_jtag_interface:jtag_phy_embedded_in_jtag_master|altera_jtag_dc_streaming:normal.jtag_dc_streaming|altera_jtag_streaming:jtag_streaming|valid_write_data_length_byte_counter[18]                                   ; altera_reserved_tck ; altera_reserved_tck ; 100.000      ; -0.057     ; 3.325      ;
; 96.746 ; sld_hub:auto_hub|alt_sld_fab_with_jtag_input:\instrumentation_fabric_with_node_gen:fabric_gen_new_way:with_jtag_input_gen:instrumentation_fabric|alt_sld_fab:instrumentation_fabric|alt_sld_fab_alt_sld_fab:alt_sld_fab|alt_sld_fab_alt_sld_fab_sldfabric:sldfabric|sld_jtag_hub:\jtag_hub_gen:real_sld_jtag_hub|virtual_ir_scan_reg                ; jtag_to_avalon_mst_brg_01:u_jtag_avmm|jtag_to_avalon_mst_brg_01_master_0:master_0|altera_avalon_st_jtag_interface:jtag_phy_embedded_in_jtag_master|altera_jtag_dc_streaming:normal.jtag_dc_streaming|altera_jtag_streaming:jtag_streaming|padded_bit_counter[7]                                                      ; altera_reserved_tck ; altera_reserved_tck ; 100.000      ; -0.049     ; 3.212      ;
; 96.746 ; sld_hub:auto_hub|alt_sld_fab_with_jtag_input:\instrumentation_fabric_with_node_gen:fabric_gen_new_way:with_jtag_input_gen:instrumentation_fabric|alt_sld_fab:instrumentation_fabric|alt_sld_fab_alt_sld_fab:alt_sld_fab|alt_sld_fab_alt_sld_fab_sldfabric:sldfabric|sld_jtag_hub:\jtag_hub_gen:real_sld_jtag_hub|virtual_ir_scan_reg                ; jtag_to_avalon_mst_brg_01:u_jtag_avmm|jtag_to_avalon_mst_brg_01_master_0:master_0|altera_avalon_st_jtag_interface:jtag_phy_embedded_in_jtag_master|altera_jtag_dc_streaming:normal.jtag_dc_streaming|altera_jtag_streaming:jtag_streaming|padded_bit_counter[6]                                                      ; altera_reserved_tck ; altera_reserved_tck ; 100.000      ; -0.049     ; 3.212      ;
; 96.746 ; sld_hub:auto_hub|alt_sld_fab_with_jtag_input:\instrumentation_fabric_with_node_gen:fabric_gen_new_way:with_jtag_input_gen:instrumentation_fabric|alt_sld_fab:instrumentation_fabric|alt_sld_fab_alt_sld_fab:alt_sld_fab|alt_sld_fab_alt_sld_fab_sldfabric:sldfabric|sld_jtag_hub:\jtag_hub_gen:real_sld_jtag_hub|virtual_ir_scan_reg                ; jtag_to_avalon_mst_brg_01:u_jtag_avmm|jtag_to_avalon_mst_brg_01_master_0:master_0|altera_avalon_st_jtag_interface:jtag_phy_embedded_in_jtag_master|altera_jtag_dc_streaming:normal.jtag_dc_streaming|altera_jtag_streaming:jtag_streaming|padded_bit_counter[5]                                                      ; altera_reserved_tck ; altera_reserved_tck ; 100.000      ; -0.049     ; 3.212      ;
; 96.746 ; sld_hub:auto_hub|alt_sld_fab_with_jtag_input:\instrumentation_fabric_with_node_gen:fabric_gen_new_way:with_jtag_input_gen:instrumentation_fabric|alt_sld_fab:instrumentation_fabric|alt_sld_fab_alt_sld_fab:alt_sld_fab|alt_sld_fab_alt_sld_fab_sldfabric:sldfabric|sld_jtag_hub:\jtag_hub_gen:real_sld_jtag_hub|virtual_ir_scan_reg                ; jtag_to_avalon_mst_brg_01:u_jtag_avmm|jtag_to_avalon_mst_brg_01_master_0:master_0|altera_avalon_st_jtag_interface:jtag_phy_embedded_in_jtag_master|altera_jtag_dc_streaming:normal.jtag_dc_streaming|altera_jtag_streaming:jtag_streaming|padded_bit_counter[4]                                                      ; altera_reserved_tck ; altera_reserved_tck ; 100.000      ; -0.049     ; 3.212      ;
; 96.746 ; sld_hub:auto_hub|alt_sld_fab_with_jtag_input:\instrumentation_fabric_with_node_gen:fabric_gen_new_way:with_jtag_input_gen:instrumentation_fabric|alt_sld_fab:instrumentation_fabric|alt_sld_fab_alt_sld_fab:alt_sld_fab|alt_sld_fab_alt_sld_fab_sldfabric:sldfabric|sld_jtag_hub:\jtag_hub_gen:real_sld_jtag_hub|virtual_ir_scan_reg                ; jtag_to_avalon_mst_brg_01:u_jtag_avmm|jtag_to_avalon_mst_brg_01_master_0:master_0|altera_avalon_st_jtag_interface:jtag_phy_embedded_in_jtag_master|altera_jtag_dc_streaming:normal.jtag_dc_streaming|altera_jtag_streaming:jtag_streaming|padded_bit_counter[3]                                                      ; altera_reserved_tck ; altera_reserved_tck ; 100.000      ; -0.049     ; 3.212      ;
; 96.746 ; sld_hub:auto_hub|alt_sld_fab_with_jtag_input:\instrumentation_fabric_with_node_gen:fabric_gen_new_way:with_jtag_input_gen:instrumentation_fabric|alt_sld_fab:instrumentation_fabric|alt_sld_fab_alt_sld_fab:alt_sld_fab|alt_sld_fab_alt_sld_fab_sldfabric:sldfabric|sld_jtag_hub:\jtag_hub_gen:real_sld_jtag_hub|virtual_ir_scan_reg                ; jtag_to_avalon_mst_brg_01:u_jtag_avmm|jtag_to_avalon_mst_brg_01_master_0:master_0|altera_avalon_st_jtag_interface:jtag_phy_embedded_in_jtag_master|altera_jtag_dc_streaming:normal.jtag_dc_streaming|altera_jtag_streaming:jtag_streaming|padded_bit_counter[0]                                                      ; altera_reserved_tck ; altera_reserved_tck ; 100.000      ; -0.049     ; 3.212      ;
; 96.787 ; sld_hub:auto_hub|alt_sld_fab_with_jtag_input:\instrumentation_fabric_with_node_gen:fabric_gen_new_way:with_jtag_input_gen:instrumentation_fabric|alt_sld_fab:instrumentation_fabric|alt_sld_fab_alt_sld_fab:alt_sld_fab|alt_sld_fab_alt_sld_fab_sldfabric:sldfabric|sld_jtag_hub:\jtag_hub_gen:real_sld_jtag_hub|virtual_ir_scan_reg                ; jtag_to_avalon_mst_brg_01:u_jtag_avmm|jtag_to_avalon_mst_brg_01_master_0:master_0|altera_avalon_st_jtag_interface:jtag_phy_embedded_in_jtag_master|altera_jtag_dc_streaming:normal.jtag_dc_streaming|altera_jtag_streaming:jtag_streaming|read_data_valid                                                            ; altera_reserved_tck ; altera_reserved_tck ; 100.000      ; -0.029     ; 3.191      ;
; 96.801 ; jtag_to_avalon_mst_brg_01:u_jtag_avmm|jtag_to_avalon_mst_brg_01_master_0:master_0|altera_avalon_st_jtag_interface:jtag_phy_embedded_in_jtag_master|altera_jtag_dc_streaming:normal.jtag_dc_streaming|altera_jtag_streaming:jtag_streaming|padded_bit_counter[8]                                                                                     ; jtag_to_avalon_mst_brg_01:u_jtag_avmm|jtag_to_avalon_mst_brg_01_master_0:master_0|altera_avalon_st_jtag_interface:jtag_phy_embedded_in_jtag_master|altera_jtag_dc_streaming:normal.jtag_dc_streaming|altera_jtag_streaming:jtag_streaming|padded_bit_counter[7]                                                      ; altera_reserved_tck ; altera_reserved_tck ; 100.000      ; -0.034     ; 3.172      ;
; 96.801 ; jtag_to_avalon_mst_brg_01:u_jtag_avmm|jtag_to_avalon_mst_brg_01_master_0:master_0|altera_avalon_st_jtag_interface:jtag_phy_embedded_in_jtag_master|altera_jtag_dc_streaming:normal.jtag_dc_streaming|altera_jtag_streaming:jtag_streaming|padded_bit_counter[8]                                                                                     ; jtag_to_avalon_mst_brg_01:u_jtag_avmm|jtag_to_avalon_mst_brg_01_master_0:master_0|altera_avalon_st_jtag_interface:jtag_phy_embedded_in_jtag_master|altera_jtag_dc_streaming:normal.jtag_dc_streaming|altera_jtag_streaming:jtag_streaming|padded_bit_counter[6]                                                      ; altera_reserved_tck ; altera_reserved_tck ; 100.000      ; -0.034     ; 3.172      ;
; 96.801 ; jtag_to_avalon_mst_brg_01:u_jtag_avmm|jtag_to_avalon_mst_brg_01_master_0:master_0|altera_avalon_st_jtag_interface:jtag_phy_embedded_in_jtag_master|altera_jtag_dc_streaming:normal.jtag_dc_streaming|altera_jtag_streaming:jtag_streaming|padded_bit_counter[8]                                                                                     ; jtag_to_avalon_mst_brg_01:u_jtag_avmm|jtag_to_avalon_mst_brg_01_master_0:master_0|altera_avalon_st_jtag_interface:jtag_phy_embedded_in_jtag_master|altera_jtag_dc_streaming:normal.jtag_dc_streaming|altera_jtag_streaming:jtag_streaming|padded_bit_counter[5]                                                      ; altera_reserved_tck ; altera_reserved_tck ; 100.000      ; -0.034     ; 3.172      ;
; 96.801 ; jtag_to_avalon_mst_brg_01:u_jtag_avmm|jtag_to_avalon_mst_brg_01_master_0:master_0|altera_avalon_st_jtag_interface:jtag_phy_embedded_in_jtag_master|altera_jtag_dc_streaming:normal.jtag_dc_streaming|altera_jtag_streaming:jtag_streaming|padded_bit_counter[8]                                                                                     ; jtag_to_avalon_mst_brg_01:u_jtag_avmm|jtag_to_avalon_mst_brg_01_master_0:master_0|altera_avalon_st_jtag_interface:jtag_phy_embedded_in_jtag_master|altera_jtag_dc_streaming:normal.jtag_dc_streaming|altera_jtag_streaming:jtag_streaming|padded_bit_counter[4]                                                      ; altera_reserved_tck ; altera_reserved_tck ; 100.000      ; -0.034     ; 3.172      ;
; 96.801 ; jtag_to_avalon_mst_brg_01:u_jtag_avmm|jtag_to_avalon_mst_brg_01_master_0:master_0|altera_avalon_st_jtag_interface:jtag_phy_embedded_in_jtag_master|altera_jtag_dc_streaming:normal.jtag_dc_streaming|altera_jtag_streaming:jtag_streaming|padded_bit_counter[8]                                                                                     ; jtag_to_avalon_mst_brg_01:u_jtag_avmm|jtag_to_avalon_mst_brg_01_master_0:master_0|altera_avalon_st_jtag_interface:jtag_phy_embedded_in_jtag_master|altera_jtag_dc_streaming:normal.jtag_dc_streaming|altera_jtag_streaming:jtag_streaming|padded_bit_counter[3]                                                      ; altera_reserved_tck ; altera_reserved_tck ; 100.000      ; -0.034     ; 3.172      ;
; 96.801 ; jtag_to_avalon_mst_brg_01:u_jtag_avmm|jtag_to_avalon_mst_brg_01_master_0:master_0|altera_avalon_st_jtag_interface:jtag_phy_embedded_in_jtag_master|altera_jtag_dc_streaming:normal.jtag_dc_streaming|altera_jtag_streaming:jtag_streaming|padded_bit_counter[8]                                                                                     ; jtag_to_avalon_mst_brg_01:u_jtag_avmm|jtag_to_avalon_mst_brg_01_master_0:master_0|altera_avalon_st_jtag_interface:jtag_phy_embedded_in_jtag_master|altera_jtag_dc_streaming:normal.jtag_dc_streaming|altera_jtag_streaming:jtag_streaming|padded_bit_counter[0]                                                      ; altera_reserved_tck ; altera_reserved_tck ; 100.000      ; -0.034     ; 3.172      ;
; 96.841 ; sld_hub:auto_hub|alt_sld_fab_with_jtag_input:\instrumentation_fabric_with_node_gen:fabric_gen_new_way:with_jtag_input_gen:instrumentation_fabric|alt_sld_fab:instrumentation_fabric|alt_sld_fab_alt_sld_fab:alt_sld_fab|alt_sld_fab_alt_sld_fab_sldfabric:sldfabric|sld_jtag_hub:\jtag_hub_gen:real_sld_jtag_hub|virtual_ir_scan_reg                ; jtag_to_avalon_mst_brg_01:u_jtag_avmm|jtag_to_avalon_mst_brg_01_master_0:master_0|altera_avalon_st_jtag_interface:jtag_phy_embedded_in_jtag_master|altera_jtag_dc_streaming:normal.jtag_dc_streaming|altera_jtag_streaming:jtag_streaming|scan_length_byte_counter[16]                                               ; altera_reserved_tck ; altera_reserved_tck ; 100.000      ; -0.023     ; 3.143      ;
; 96.841 ; sld_hub:auto_hub|alt_sld_fab_with_jtag_input:\instrumentation_fabric_with_node_gen:fabric_gen_new_way:with_jtag_input_gen:instrumentation_fabric|alt_sld_fab:instrumentation_fabric|alt_sld_fab_alt_sld_fab:alt_sld_fab|alt_sld_fab_alt_sld_fab_sldfabric:sldfabric|sld_jtag_hub:\jtag_hub_gen:real_sld_jtag_hub|virtual_ir_scan_reg                ; jtag_to_avalon_mst_brg_01:u_jtag_avmm|jtag_to_avalon_mst_brg_01_master_0:master_0|altera_avalon_st_jtag_interface:jtag_phy_embedded_in_jtag_master|altera_jtag_dc_streaming:normal.jtag_dc_streaming|altera_jtag_streaming:jtag_streaming|scan_length_byte_counter[15]                                               ; altera_reserved_tck ; altera_reserved_tck ; 100.000      ; -0.023     ; 3.143      ;
; 96.848 ; sld_hub:auto_hub|alt_sld_fab_with_jtag_input:\instrumentation_fabric_with_node_gen:fabric_gen_new_way:with_jtag_input_gen:instrumentation_fabric|alt_sld_fab:instrumentation_fabric|alt_sld_fab_alt_sld_fab:alt_sld_fab|alt_sld_fab_alt_sld_fab_sldfabric:sldfabric|sld_jtag_hub:\jtag_hub_gen:real_sld_jtag_hub|virtual_ir_scan_reg                ; jtag_to_avalon_mst_brg_01:u_jtag_avmm|jtag_to_avalon_mst_brg_01_master_0:master_0|altera_avalon_st_jtag_interface:jtag_phy_embedded_in_jtag_master|altera_jtag_dc_streaming:normal.jtag_dc_streaming|altera_jtag_streaming:jtag_streaming|scan_length_byte_counter[10]                                               ; altera_reserved_tck ; altera_reserved_tck ; 100.000      ; -0.025     ; 3.134      ;
; 96.848 ; sld_hub:auto_hub|alt_sld_fab_with_jtag_input:\instrumentation_fabric_with_node_gen:fabric_gen_new_way:with_jtag_input_gen:instrumentation_fabric|alt_sld_fab:instrumentation_fabric|alt_sld_fab_alt_sld_fab:alt_sld_fab|alt_sld_fab_alt_sld_fab_sldfabric:sldfabric|sld_jtag_hub:\jtag_hub_gen:real_sld_jtag_hub|virtual_ir_scan_reg                ; jtag_to_avalon_mst_brg_01:u_jtag_avmm|jtag_to_avalon_mst_brg_01_master_0:master_0|altera_avalon_st_jtag_interface:jtag_phy_embedded_in_jtag_master|altera_jtag_dc_streaming:normal.jtag_dc_streaming|altera_jtag_streaming:jtag_streaming|scan_length_byte_counter[14]                                               ; altera_reserved_tck ; altera_reserved_tck ; 100.000      ; -0.025     ; 3.134      ;
; 96.848 ; sld_hub:auto_hub|alt_sld_fab_with_jtag_input:\instrumentation_fabric_with_node_gen:fabric_gen_new_way:with_jtag_input_gen:instrumentation_fabric|alt_sld_fab:instrumentation_fabric|alt_sld_fab_alt_sld_fab:alt_sld_fab|alt_sld_fab_alt_sld_fab_sldfabric:sldfabric|sld_jtag_hub:\jtag_hub_gen:real_sld_jtag_hub|virtual_ir_scan_reg                ; jtag_to_avalon_mst_brg_01:u_jtag_avmm|jtag_to_avalon_mst_brg_01_master_0:master_0|altera_avalon_st_jtag_interface:jtag_phy_embedded_in_jtag_master|altera_jtag_dc_streaming:normal.jtag_dc_streaming|altera_jtag_streaming:jtag_streaming|scan_length_byte_counter[17]                                               ; altera_reserved_tck ; altera_reserved_tck ; 100.000      ; -0.025     ; 3.134      ;
; 96.848 ; sld_hub:auto_hub|alt_sld_fab_with_jtag_input:\instrumentation_fabric_with_node_gen:fabric_gen_new_way:with_jtag_input_gen:instrumentation_fabric|alt_sld_fab:instrumentation_fabric|alt_sld_fab_alt_sld_fab:alt_sld_fab|alt_sld_fab_alt_sld_fab_sldfabric:sldfabric|sld_jtag_hub:\jtag_hub_gen:real_sld_jtag_hub|virtual_ir_scan_reg                ; jtag_to_avalon_mst_brg_01:u_jtag_avmm|jtag_to_avalon_mst_brg_01_master_0:master_0|altera_avalon_st_jtag_interface:jtag_phy_embedded_in_jtag_master|altera_jtag_dc_streaming:normal.jtag_dc_streaming|altera_jtag_streaming:jtag_streaming|scan_length_byte_counter[13]                                               ; altera_reserved_tck ; altera_reserved_tck ; 100.000      ; -0.025     ; 3.134      ;
; 96.848 ; sld_hub:auto_hub|alt_sld_fab_with_jtag_input:\instrumentation_fabric_with_node_gen:fabric_gen_new_way:with_jtag_input_gen:instrumentation_fabric|alt_sld_fab:instrumentation_fabric|alt_sld_fab_alt_sld_fab:alt_sld_fab|alt_sld_fab_alt_sld_fab_sldfabric:sldfabric|sld_jtag_hub:\jtag_hub_gen:real_sld_jtag_hub|virtual_ir_scan_reg                ; jtag_to_avalon_mst_brg_01:u_jtag_avmm|jtag_to_avalon_mst_brg_01_master_0:master_0|altera_avalon_st_jtag_interface:jtag_phy_embedded_in_jtag_master|altera_jtag_dc_streaming:normal.jtag_dc_streaming|altera_jtag_streaming:jtag_streaming|scan_length_byte_counter[12]                                               ; altera_reserved_tck ; altera_reserved_tck ; 100.000      ; -0.025     ; 3.134      ;
; 96.848 ; sld_hub:auto_hub|alt_sld_fab_with_jtag_input:\instrumentation_fabric_with_node_gen:fabric_gen_new_way:with_jtag_input_gen:instrumentation_fabric|alt_sld_fab:instrumentation_fabric|alt_sld_fab_alt_sld_fab:alt_sld_fab|alt_sld_fab_alt_sld_fab_sldfabric:sldfabric|sld_jtag_hub:\jtag_hub_gen:real_sld_jtag_hub|virtual_ir_scan_reg                ; jtag_to_avalon_mst_brg_01:u_jtag_avmm|jtag_to_avalon_mst_brg_01_master_0:master_0|altera_avalon_st_jtag_interface:jtag_phy_embedded_in_jtag_master|altera_jtag_dc_streaming:normal.jtag_dc_streaming|altera_jtag_streaming:jtag_streaming|scan_length_byte_counter[11]                                               ; altera_reserved_tck ; altera_reserved_tck ; 100.000      ; -0.025     ; 3.134      ;
; 96.848 ; sld_hub:auto_hub|alt_sld_fab_with_jtag_input:\instrumentation_fabric_with_node_gen:fabric_gen_new_way:with_jtag_input_gen:instrumentation_fabric|alt_sld_fab:instrumentation_fabric|alt_sld_fab_alt_sld_fab:alt_sld_fab|alt_sld_fab_alt_sld_fab_sldfabric:sldfabric|sld_jtag_hub:\jtag_hub_gen:real_sld_jtag_hub|virtual_ir_scan_reg                ; jtag_to_avalon_mst_brg_01:u_jtag_avmm|jtag_to_avalon_mst_brg_01_master_0:master_0|altera_avalon_st_jtag_interface:jtag_phy_embedded_in_jtag_master|altera_jtag_dc_streaming:normal.jtag_dc_streaming|altera_jtag_streaming:jtag_streaming|scan_length_byte_counter[8]                                                ; altera_reserved_tck ; altera_reserved_tck ; 100.000      ; -0.025     ; 3.134      ;
+--------+-----------------------------------------------------------------------------------------------------------------------------------------------------------------------------------------------------------------------------------------------------------------------------------------------------------------------------------------------------+----------------------------------------------------------------------------------------------------------------------------------------------------------------------------------------------------------------------------------------------------------------------------------------------------------------------+---------------------+---------------------+--------------+------------+------------+


+------------------------------------------------------------------------------------------------------------------------------------------------------------------------------------------------------------------------------------------------------------------------------------------------------------------------------------------------------------------------------------------------------------------------------------------------------------------------------------------------------------------------------------------------------------------------------------------------------------------------------------------------------------------------------------------------------------------------------------------------------------------------------------------------------------+
; Fast 1200mV 0C Model Hold: 'altera_reserved_tck'                                                                                                                                                                                                                                                                                                                                                                                                                                                                                                                                                                                                                                                                                                                                                           ;
+-------+-------------------------------------------------------------------------------------------------------------------------------------------------------------------------------------------------------------------------------------------------------------------------------------------------------------------------------------------------------+-------------------------------------------------------------------------------------------------------------------------------------------------------------------------------------------------------------------------------------------------------------------------------------------------------------------------------------------------------+---------------------+---------------------+--------------+------------+------------+
; Slack ; From Node                                                                                                                                                                                                                                                                                                                                             ; To Node                                                                                                                                                                                                                                                                                                                                               ; Launch Clock        ; Latch Clock         ; Relationship ; Clock Skew ; Data Delay ;
+-------+-------------------------------------------------------------------------------------------------------------------------------------------------------------------------------------------------------------------------------------------------------------------------------------------------------------------------------------------------------+-------------------------------------------------------------------------------------------------------------------------------------------------------------------------------------------------------------------------------------------------------------------------------------------------------------------------------------------------------+---------------------+---------------------+--------------+------------+------------+
; 0.183 ; jtag_to_avalon_mst_brg_01:u_jtag_avmm|jtag_to_avalon_mst_brg_01_master_0:master_0|altera_avalon_st_jtag_interface:jtag_phy_embedded_in_jtag_master|altera_jtag_dc_streaming:normal.jtag_dc_streaming|altera_avalon_st_clock_crosser:sink_crosser|altera_avalon_st_pipeline_base:output_stage|full1                                                    ; jtag_to_avalon_mst_brg_01:u_jtag_avmm|jtag_to_avalon_mst_brg_01_master_0:master_0|altera_avalon_st_jtag_interface:jtag_phy_embedded_in_jtag_master|altera_jtag_dc_streaming:normal.jtag_dc_streaming|altera_avalon_st_clock_crosser:sink_crosser|altera_avalon_st_pipeline_base:output_stage|full1                                                    ; altera_reserved_tck ; altera_reserved_tck ; 0.000        ; 0.040      ; 0.307      ;
; 0.183 ; jtag_to_avalon_mst_brg_01:u_jtag_avmm|jtag_to_avalon_mst_brg_01_master_0:master_0|altera_avalon_st_jtag_interface:jtag_phy_embedded_in_jtag_master|altera_jtag_dc_streaming:normal.jtag_dc_streaming|altera_jtag_streaming:jtag_streaming|altera_avalon_st_idle_inserter:idle_inserter|received_esc                                                   ; jtag_to_avalon_mst_brg_01:u_jtag_avmm|jtag_to_avalon_mst_brg_01_master_0:master_0|altera_avalon_st_jtag_interface:jtag_phy_embedded_in_jtag_master|altera_jtag_dc_streaming:normal.jtag_dc_streaming|altera_jtag_streaming:jtag_streaming|altera_avalon_st_idle_inserter:idle_inserter|received_esc                                                   ; altera_reserved_tck ; altera_reserved_tck ; 0.000        ; 0.040      ; 0.307      ;
; 0.183 ; jtag_to_avalon_mst_brg_01:u_jtag_avmm|jtag_to_avalon_mst_brg_01_master_0:master_0|altera_avalon_st_jtag_interface:jtag_phy_embedded_in_jtag_master|altera_jtag_dc_streaming:normal.jtag_dc_streaming|altera_avalon_st_clock_crosser:sink_crosser|altera_avalon_st_pipeline_base:output_stage|full0                                                    ; jtag_to_avalon_mst_brg_01:u_jtag_avmm|jtag_to_avalon_mst_brg_01_master_0:master_0|altera_avalon_st_jtag_interface:jtag_phy_embedded_in_jtag_master|altera_jtag_dc_streaming:normal.jtag_dc_streaming|altera_avalon_st_clock_crosser:sink_crosser|altera_avalon_st_pipeline_base:output_stage|full0                                                    ; altera_reserved_tck ; altera_reserved_tck ; 0.000        ; 0.040      ; 0.307      ;
; 0.183 ; jtag_to_avalon_mst_brg_01:u_jtag_avmm|jtag_to_avalon_mst_brg_01_master_0:master_0|altera_avalon_st_jtag_interface:jtag_phy_embedded_in_jtag_master|altera_jtag_dc_streaming:normal.jtag_dc_streaming|altera_jtag_streaming:jtag_streaming|scan_length_byte_counter[18]                                                                                ; jtag_to_avalon_mst_brg_01:u_jtag_avmm|jtag_to_avalon_mst_brg_01_master_0:master_0|altera_avalon_st_jtag_interface:jtag_phy_embedded_in_jtag_master|altera_jtag_dc_streaming:normal.jtag_dc_streaming|altera_jtag_streaming:jtag_streaming|scan_length_byte_counter[18]                                                                                ; altera_reserved_tck ; altera_reserved_tck ; 0.000        ; 0.040      ; 0.307      ;
; 0.183 ; jtag_to_avalon_mst_brg_01:u_jtag_avmm|jtag_to_avalon_mst_brg_01_master_0:master_0|altera_avalon_st_jtag_interface:jtag_phy_embedded_in_jtag_master|altera_jtag_dc_streaming:normal.jtag_dc_streaming|altera_jtag_streaming:jtag_streaming|read_data_bit_counter[1]                                                                                    ; jtag_to_avalon_mst_brg_01:u_jtag_avmm|jtag_to_avalon_mst_brg_01_master_0:master_0|altera_avalon_st_jtag_interface:jtag_phy_embedded_in_jtag_master|altera_jtag_dc_streaming:normal.jtag_dc_streaming|altera_jtag_streaming:jtag_streaming|read_data_bit_counter[1]                                                                                    ; altera_reserved_tck ; altera_reserved_tck ; 0.000        ; 0.040      ; 0.307      ;
; 0.183 ; jtag_to_avalon_mst_brg_01:u_jtag_avmm|jtag_to_avalon_mst_brg_01_master_0:master_0|altera_avalon_st_jtag_interface:jtag_phy_embedded_in_jtag_master|altera_jtag_dc_streaming:normal.jtag_dc_streaming|altera_jtag_streaming:jtag_streaming|header_out_bit_counter[1]                                                                                   ; jtag_to_avalon_mst_brg_01:u_jtag_avmm|jtag_to_avalon_mst_brg_01_master_0:master_0|altera_avalon_st_jtag_interface:jtag_phy_embedded_in_jtag_master|altera_jtag_dc_streaming:normal.jtag_dc_streaming|altera_jtag_streaming:jtag_streaming|header_out_bit_counter[1]                                                                                   ; altera_reserved_tck ; altera_reserved_tck ; 0.000        ; 0.040      ; 0.307      ;
; 0.183 ; sld_hub:auto_hub|alt_sld_fab_with_jtag_input:\instrumentation_fabric_with_node_gen:fabric_gen_new_way:with_jtag_input_gen:instrumentation_fabric|alt_sld_fab:instrumentation_fabric|alt_sld_fab_alt_sld_fab:alt_sld_fab|alt_sld_fab_alt_sld_fab_sldfabric:sldfabric|sld_jtag_hub:\jtag_hub_gen:real_sld_jtag_hub|hub_mode_reg[2]                      ; sld_hub:auto_hub|alt_sld_fab_with_jtag_input:\instrumentation_fabric_with_node_gen:fabric_gen_new_way:with_jtag_input_gen:instrumentation_fabric|alt_sld_fab:instrumentation_fabric|alt_sld_fab_alt_sld_fab:alt_sld_fab|alt_sld_fab_alt_sld_fab_sldfabric:sldfabric|sld_jtag_hub:\jtag_hub_gen:real_sld_jtag_hub|hub_mode_reg[2]                      ; altera_reserved_tck ; altera_reserved_tck ; 0.000        ; 0.040      ; 0.307      ;
; 0.183 ; sld_hub:auto_hub|alt_sld_fab_with_jtag_input:\instrumentation_fabric_with_node_gen:fabric_gen_new_way:with_jtag_input_gen:instrumentation_fabric|alt_sld_fab:instrumentation_fabric|alt_sld_fab_alt_sld_fab:alt_sld_fab|alt_sld_fab_alt_sld_fab_sldfabric:sldfabric|sld_jtag_hub:\jtag_hub_gen:real_sld_jtag_hub|hub_mode_reg[1]                      ; sld_hub:auto_hub|alt_sld_fab_with_jtag_input:\instrumentation_fabric_with_node_gen:fabric_gen_new_way:with_jtag_input_gen:instrumentation_fabric|alt_sld_fab:instrumentation_fabric|alt_sld_fab_alt_sld_fab:alt_sld_fab|alt_sld_fab_alt_sld_fab_sldfabric:sldfabric|sld_jtag_hub:\jtag_hub_gen:real_sld_jtag_hub|hub_mode_reg[1]                      ; altera_reserved_tck ; altera_reserved_tck ; 0.000        ; 0.040      ; 0.307      ;
; 0.183 ; sld_hub:auto_hub|alt_sld_fab_with_jtag_input:\instrumentation_fabric_with_node_gen:fabric_gen_new_way:with_jtag_input_gen:instrumentation_fabric|alt_sld_fab:instrumentation_fabric|alt_sld_fab_alt_sld_fab:alt_sld_fab|alt_sld_fab_alt_sld_fab_sldfabric:sldfabric|sld_jtag_hub:\jtag_hub_gen:real_sld_jtag_hub|tdo_bypass_reg                       ; sld_hub:auto_hub|alt_sld_fab_with_jtag_input:\instrumentation_fabric_with_node_gen:fabric_gen_new_way:with_jtag_input_gen:instrumentation_fabric|alt_sld_fab:instrumentation_fabric|alt_sld_fab_alt_sld_fab:alt_sld_fab|alt_sld_fab_alt_sld_fab_sldfabric:sldfabric|sld_jtag_hub:\jtag_hub_gen:real_sld_jtag_hub|tdo_bypass_reg                       ; altera_reserved_tck ; altera_reserved_tck ; 0.000        ; 0.040      ; 0.307      ;
; 0.183 ; sld_hub:auto_hub|alt_sld_fab_with_jtag_input:\instrumentation_fabric_with_node_gen:fabric_gen_new_way:with_jtag_input_gen:instrumentation_fabric|alt_sld_fab:instrumentation_fabric|alt_sld_fab_alt_sld_fab:alt_sld_fab|alt_sld_fab_alt_sld_fab_sldfabric:sldfabric|sld_jtag_hub:\jtag_hub_gen:real_sld_jtag_hub|sld_shadow_jsm:shadow_jsm|state[4]   ; sld_hub:auto_hub|alt_sld_fab_with_jtag_input:\instrumentation_fabric_with_node_gen:fabric_gen_new_way:with_jtag_input_gen:instrumentation_fabric|alt_sld_fab:instrumentation_fabric|alt_sld_fab_alt_sld_fab:alt_sld_fab|alt_sld_fab_alt_sld_fab_sldfabric:sldfabric|sld_jtag_hub:\jtag_hub_gen:real_sld_jtag_hub|sld_shadow_jsm:shadow_jsm|state[4]   ; altera_reserved_tck ; altera_reserved_tck ; 0.000        ; 0.040      ; 0.307      ;
; 0.183 ; sld_hub:auto_hub|alt_sld_fab_with_jtag_input:\instrumentation_fabric_with_node_gen:fabric_gen_new_way:with_jtag_input_gen:instrumentation_fabric|alt_sld_fab:instrumentation_fabric|alt_sld_fab_alt_sld_fab:alt_sld_fab|alt_sld_fab_alt_sld_fab_sldfabric:sldfabric|sld_jtag_hub:\jtag_hub_gen:real_sld_jtag_hub|sld_shadow_jsm:shadow_jsm|state[6]   ; sld_hub:auto_hub|alt_sld_fab_with_jtag_input:\instrumentation_fabric_with_node_gen:fabric_gen_new_way:with_jtag_input_gen:instrumentation_fabric|alt_sld_fab:instrumentation_fabric|alt_sld_fab_alt_sld_fab:alt_sld_fab|alt_sld_fab_alt_sld_fab_sldfabric:sldfabric|sld_jtag_hub:\jtag_hub_gen:real_sld_jtag_hub|sld_shadow_jsm:shadow_jsm|state[6]   ; altera_reserved_tck ; altera_reserved_tck ; 0.000        ; 0.040      ; 0.307      ;
; 0.184 ; jtag_to_avalon_mst_brg_01:u_jtag_avmm|jtag_to_avalon_mst_brg_01_master_0:master_0|altera_avalon_st_jtag_interface:jtag_phy_embedded_in_jtag_master|altera_jtag_dc_streaming:normal.jtag_dc_streaming|altera_jtag_streaming:jtag_streaming|scan_length_byte_counter[0]                                                                                 ; jtag_to_avalon_mst_brg_01:u_jtag_avmm|jtag_to_avalon_mst_brg_01_master_0:master_0|altera_avalon_st_jtag_interface:jtag_phy_embedded_in_jtag_master|altera_jtag_dc_streaming:normal.jtag_dc_streaming|altera_jtag_streaming:jtag_streaming|scan_length_byte_counter[0]                                                                                 ; altera_reserved_tck ; altera_reserved_tck ; 0.000        ; 0.039      ; 0.307      ;
; 0.184 ; jtag_to_avalon_mst_brg_01:u_jtag_avmm|jtag_to_avalon_mst_brg_01_master_0:master_0|altera_avalon_st_jtag_interface:jtag_phy_embedded_in_jtag_master|altera_jtag_dc_streaming:normal.jtag_dc_streaming|altera_jtag_streaming:jtag_streaming|scan_length_byte_counter[1]                                                                                 ; jtag_to_avalon_mst_brg_01:u_jtag_avmm|jtag_to_avalon_mst_brg_01_master_0:master_0|altera_avalon_st_jtag_interface:jtag_phy_embedded_in_jtag_master|altera_jtag_dc_streaming:normal.jtag_dc_streaming|altera_jtag_streaming:jtag_streaming|scan_length_byte_counter[1]                                                                                 ; altera_reserved_tck ; altera_reserved_tck ; 0.000        ; 0.039      ; 0.307      ;
; 0.184 ; jtag_to_avalon_mst_brg_01:u_jtag_avmm|jtag_to_avalon_mst_brg_01_master_0:master_0|altera_avalon_st_jtag_interface:jtag_phy_embedded_in_jtag_master|altera_jtag_dc_streaming:normal.jtag_dc_streaming|altera_jtag_streaming:jtag_streaming|scan_length_byte_counter[2]                                                                                 ; jtag_to_avalon_mst_brg_01:u_jtag_avmm|jtag_to_avalon_mst_brg_01_master_0:master_0|altera_avalon_st_jtag_interface:jtag_phy_embedded_in_jtag_master|altera_jtag_dc_streaming:normal.jtag_dc_streaming|altera_jtag_streaming:jtag_streaming|scan_length_byte_counter[2]                                                                                 ; altera_reserved_tck ; altera_reserved_tck ; 0.000        ; 0.039      ; 0.307      ;
; 0.184 ; jtag_to_avalon_mst_brg_01:u_jtag_avmm|jtag_to_avalon_mst_brg_01_master_0:master_0|altera_avalon_st_jtag_interface:jtag_phy_embedded_in_jtag_master|altera_jtag_dc_streaming:normal.jtag_dc_streaming|altera_jtag_streaming:jtag_streaming|scan_length_byte_counter[3]                                                                                 ; jtag_to_avalon_mst_brg_01:u_jtag_avmm|jtag_to_avalon_mst_brg_01_master_0:master_0|altera_avalon_st_jtag_interface:jtag_phy_embedded_in_jtag_master|altera_jtag_dc_streaming:normal.jtag_dc_streaming|altera_jtag_streaming:jtag_streaming|scan_length_byte_counter[3]                                                                                 ; altera_reserved_tck ; altera_reserved_tck ; 0.000        ; 0.039      ; 0.307      ;
; 0.184 ; jtag_to_avalon_mst_brg_01:u_jtag_avmm|jtag_to_avalon_mst_brg_01_master_0:master_0|altera_avalon_st_jtag_interface:jtag_phy_embedded_in_jtag_master|altera_jtag_dc_streaming:normal.jtag_dc_streaming|altera_jtag_streaming:jtag_streaming|scan_length_byte_counter[4]                                                                                 ; jtag_to_avalon_mst_brg_01:u_jtag_avmm|jtag_to_avalon_mst_brg_01_master_0:master_0|altera_avalon_st_jtag_interface:jtag_phy_embedded_in_jtag_master|altera_jtag_dc_streaming:normal.jtag_dc_streaming|altera_jtag_streaming:jtag_streaming|scan_length_byte_counter[4]                                                                                 ; altera_reserved_tck ; altera_reserved_tck ; 0.000        ; 0.039      ; 0.307      ;
; 0.184 ; jtag_to_avalon_mst_brg_01:u_jtag_avmm|jtag_to_avalon_mst_brg_01_master_0:master_0|altera_avalon_st_jtag_interface:jtag_phy_embedded_in_jtag_master|altera_jtag_dc_streaming:normal.jtag_dc_streaming|altera_jtag_streaming:jtag_streaming|scan_length_byte_counter[5]                                                                                 ; jtag_to_avalon_mst_brg_01:u_jtag_avmm|jtag_to_avalon_mst_brg_01_master_0:master_0|altera_avalon_st_jtag_interface:jtag_phy_embedded_in_jtag_master|altera_jtag_dc_streaming:normal.jtag_dc_streaming|altera_jtag_streaming:jtag_streaming|scan_length_byte_counter[5]                                                                                 ; altera_reserved_tck ; altera_reserved_tck ; 0.000        ; 0.039      ; 0.307      ;
; 0.184 ; jtag_to_avalon_mst_brg_01:u_jtag_avmm|jtag_to_avalon_mst_brg_01_master_0:master_0|altera_avalon_st_jtag_interface:jtag_phy_embedded_in_jtag_master|altera_jtag_dc_streaming:normal.jtag_dc_streaming|altera_jtag_streaming:jtag_streaming|scan_length_byte_counter[6]                                                                                 ; jtag_to_avalon_mst_brg_01:u_jtag_avmm|jtag_to_avalon_mst_brg_01_master_0:master_0|altera_avalon_st_jtag_interface:jtag_phy_embedded_in_jtag_master|altera_jtag_dc_streaming:normal.jtag_dc_streaming|altera_jtag_streaming:jtag_streaming|scan_length_byte_counter[6]                                                                                 ; altera_reserved_tck ; altera_reserved_tck ; 0.000        ; 0.039      ; 0.307      ;
; 0.184 ; jtag_to_avalon_mst_brg_01:u_jtag_avmm|jtag_to_avalon_mst_brg_01_master_0:master_0|altera_avalon_st_jtag_interface:jtag_phy_embedded_in_jtag_master|altera_jtag_dc_streaming:normal.jtag_dc_streaming|altera_jtag_streaming:jtag_streaming|scan_length_byte_counter[7]                                                                                 ; jtag_to_avalon_mst_brg_01:u_jtag_avmm|jtag_to_avalon_mst_brg_01_master_0:master_0|altera_avalon_st_jtag_interface:jtag_phy_embedded_in_jtag_master|altera_jtag_dc_streaming:normal.jtag_dc_streaming|altera_jtag_streaming:jtag_streaming|scan_length_byte_counter[7]                                                                                 ; altera_reserved_tck ; altera_reserved_tck ; 0.000        ; 0.039      ; 0.307      ;
; 0.184 ; jtag_to_avalon_mst_brg_01:u_jtag_avmm|jtag_to_avalon_mst_brg_01_master_0:master_0|altera_avalon_st_jtag_interface:jtag_phy_embedded_in_jtag_master|altera_jtag_dc_streaming:normal.jtag_dc_streaming|altera_jtag_streaming:jtag_streaming|altera_avalon_st_idle_remover:idle_remover|received_esc                                                     ; jtag_to_avalon_mst_brg_01:u_jtag_avmm|jtag_to_avalon_mst_brg_01_master_0:master_0|altera_avalon_st_jtag_interface:jtag_phy_embedded_in_jtag_master|altera_jtag_dc_streaming:normal.jtag_dc_streaming|altera_jtag_streaming:jtag_streaming|altera_avalon_st_idle_remover:idle_remover|received_esc                                                     ; altera_reserved_tck ; altera_reserved_tck ; 0.000        ; 0.039      ; 0.307      ;
; 0.184 ; jtag_to_avalon_mst_brg_01:u_jtag_avmm|jtag_to_avalon_mst_brg_01_master_0:master_0|altera_avalon_st_jtag_interface:jtag_phy_embedded_in_jtag_master|altera_jtag_dc_streaming:normal.jtag_dc_streaming|altera_jtag_streaming:jtag_streaming|write_data_bit_counter[1]                                                                                   ; jtag_to_avalon_mst_brg_01:u_jtag_avmm|jtag_to_avalon_mst_brg_01_master_0:master_0|altera_avalon_st_jtag_interface:jtag_phy_embedded_in_jtag_master|altera_jtag_dc_streaming:normal.jtag_dc_streaming|altera_jtag_streaming:jtag_streaming|write_data_bit_counter[1]                                                                                   ; altera_reserved_tck ; altera_reserved_tck ; 0.000        ; 0.039      ; 0.307      ;
; 0.184 ; jtag_to_avalon_mst_brg_01:u_jtag_avmm|jtag_to_avalon_mst_brg_01_master_0:master_0|altera_avalon_st_jtag_interface:jtag_phy_embedded_in_jtag_master|altera_jtag_dc_streaming:normal.jtag_dc_streaming|altera_jtag_streaming:jtag_streaming|header_in_bit_counter[3]                                                                                    ; jtag_to_avalon_mst_brg_01:u_jtag_avmm|jtag_to_avalon_mst_brg_01_master_0:master_0|altera_avalon_st_jtag_interface:jtag_phy_embedded_in_jtag_master|altera_jtag_dc_streaming:normal.jtag_dc_streaming|altera_jtag_streaming:jtag_streaming|header_in_bit_counter[3]                                                                                    ; altera_reserved_tck ; altera_reserved_tck ; 0.000        ; 0.039      ; 0.307      ;
; 0.184 ; jtag_to_avalon_mst_brg_01:u_jtag_avmm|jtag_to_avalon_mst_brg_01_master_0:master_0|altera_avalon_st_jtag_interface:jtag_phy_embedded_in_jtag_master|altera_jtag_dc_streaming:normal.jtag_dc_streaming|altera_jtag_streaming:jtag_streaming|header_in_bit_counter[2]                                                                                    ; jtag_to_avalon_mst_brg_01:u_jtag_avmm|jtag_to_avalon_mst_brg_01_master_0:master_0|altera_avalon_st_jtag_interface:jtag_phy_embedded_in_jtag_master|altera_jtag_dc_streaming:normal.jtag_dc_streaming|altera_jtag_streaming:jtag_streaming|header_in_bit_counter[2]                                                                                    ; altera_reserved_tck ; altera_reserved_tck ; 0.000        ; 0.039      ; 0.307      ;
; 0.184 ; jtag_to_avalon_mst_brg_01:u_jtag_avmm|jtag_to_avalon_mst_brg_01_master_0:master_0|altera_avalon_st_jtag_interface:jtag_phy_embedded_in_jtag_master|altera_jtag_dc_streaming:normal.jtag_dc_streaming|altera_jtag_streaming:jtag_streaming|header_in_bit_counter[1]                                                                                    ; jtag_to_avalon_mst_brg_01:u_jtag_avmm|jtag_to_avalon_mst_brg_01_master_0:master_0|altera_avalon_st_jtag_interface:jtag_phy_embedded_in_jtag_master|altera_jtag_dc_streaming:normal.jtag_dc_streaming|altera_jtag_streaming:jtag_streaming|header_in_bit_counter[1]                                                                                    ; altera_reserved_tck ; altera_reserved_tck ; 0.000        ; 0.039      ; 0.307      ;
; 0.184 ; jtag_to_avalon_mst_brg_01:u_jtag_avmm|jtag_to_avalon_mst_brg_01_master_0:master_0|altera_avalon_st_jtag_interface:jtag_phy_embedded_in_jtag_master|altera_jtag_dc_streaming:normal.jtag_dc_streaming|altera_jtag_streaming:jtag_streaming|dr_info[8]                                                                                                  ; jtag_to_avalon_mst_brg_01:u_jtag_avmm|jtag_to_avalon_mst_brg_01_master_0:master_0|altera_avalon_st_jtag_interface:jtag_phy_embedded_in_jtag_master|altera_jtag_dc_streaming:normal.jtag_dc_streaming|altera_jtag_streaming:jtag_streaming|dr_info[8]                                                                                                  ; altera_reserved_tck ; altera_reserved_tck ; 0.000        ; 0.039      ; 0.307      ;
; 0.184 ; jtag_to_avalon_mst_brg_01:u_jtag_avmm|jtag_to_avalon_mst_brg_01_master_0:master_0|altera_avalon_st_jtag_interface:jtag_phy_embedded_in_jtag_master|altera_jtag_dc_streaming:normal.jtag_dc_streaming|altera_jtag_streaming:jtag_streaming|dr_debug[2]                                                                                                 ; jtag_to_avalon_mst_brg_01:u_jtag_avmm|jtag_to_avalon_mst_brg_01_master_0:master_0|altera_avalon_st_jtag_interface:jtag_phy_embedded_in_jtag_master|altera_jtag_dc_streaming:normal.jtag_dc_streaming|altera_jtag_streaming:jtag_streaming|dr_debug[2]                                                                                                 ; altera_reserved_tck ; altera_reserved_tck ; 0.000        ; 0.039      ; 0.307      ;
; 0.184 ; jtag_to_avalon_mst_brg_01:u_jtag_avmm|jtag_to_avalon_mst_brg_01_master_0:master_0|altera_avalon_st_jtag_interface:jtag_phy_embedded_in_jtag_master|altera_jtag_dc_streaming:normal.jtag_dc_streaming|altera_jtag_streaming:jtag_streaming|dr_loopback                                                                                                 ; jtag_to_avalon_mst_brg_01:u_jtag_avmm|jtag_to_avalon_mst_brg_01_master_0:master_0|altera_avalon_st_jtag_interface:jtag_phy_embedded_in_jtag_master|altera_jtag_dc_streaming:normal.jtag_dc_streaming|altera_jtag_streaming:jtag_streaming|dr_loopback                                                                                                 ; altera_reserved_tck ; altera_reserved_tck ; 0.000        ; 0.039      ; 0.307      ;
; 0.184 ; sld_hub:auto_hub|alt_sld_fab_with_jtag_input:\instrumentation_fabric_with_node_gen:fabric_gen_new_way:with_jtag_input_gen:instrumentation_fabric|alt_sld_fab:instrumentation_fabric|alt_sld_fab_alt_sld_fab:alt_sld_fab|splitter_nodes_receive_0[3]                                                                                                   ; sld_hub:auto_hub|alt_sld_fab_with_jtag_input:\instrumentation_fabric_with_node_gen:fabric_gen_new_way:with_jtag_input_gen:instrumentation_fabric|alt_sld_fab:instrumentation_fabric|alt_sld_fab_alt_sld_fab:alt_sld_fab|splitter_nodes_receive_0[3]                                                                                                   ; altera_reserved_tck ; altera_reserved_tck ; 0.000        ; 0.039      ; 0.307      ;
; 0.184 ; sld_hub:auto_hub|alt_sld_fab_with_jtag_input:\instrumentation_fabric_with_node_gen:fabric_gen_new_way:with_jtag_input_gen:instrumentation_fabric|alt_sld_fab:instrumentation_fabric|alt_sld_fab_alt_sld_fab:alt_sld_fab|alt_sld_fab_alt_sld_fab_sldfabric:sldfabric|sld_jtag_hub:\jtag_hub_gen:real_sld_jtag_hub|hub_mode_reg[0]                      ; sld_hub:auto_hub|alt_sld_fab_with_jtag_input:\instrumentation_fabric_with_node_gen:fabric_gen_new_way:with_jtag_input_gen:instrumentation_fabric|alt_sld_fab:instrumentation_fabric|alt_sld_fab_alt_sld_fab:alt_sld_fab|alt_sld_fab_alt_sld_fab_sldfabric:sldfabric|sld_jtag_hub:\jtag_hub_gen:real_sld_jtag_hub|hub_mode_reg[0]                      ; altera_reserved_tck ; altera_reserved_tck ; 0.000        ; 0.039      ; 0.307      ;
; 0.184 ; sld_hub:auto_hub|alt_sld_fab_with_jtag_input:\instrumentation_fabric_with_node_gen:fabric_gen_new_way:with_jtag_input_gen:instrumentation_fabric|alt_sld_fab:instrumentation_fabric|alt_sld_fab_alt_sld_fab:alt_sld_fab|alt_sld_fab_alt_sld_fab_sldfabric:sldfabric|sld_jtag_hub:\jtag_hub_gen:real_sld_jtag_hub|irsr_reg[3]                          ; sld_hub:auto_hub|alt_sld_fab_with_jtag_input:\instrumentation_fabric_with_node_gen:fabric_gen_new_way:with_jtag_input_gen:instrumentation_fabric|alt_sld_fab:instrumentation_fabric|alt_sld_fab_alt_sld_fab:alt_sld_fab|alt_sld_fab_alt_sld_fab_sldfabric:sldfabric|sld_jtag_hub:\jtag_hub_gen:real_sld_jtag_hub|irsr_reg[3]                          ; altera_reserved_tck ; altera_reserved_tck ; 0.000        ; 0.039      ; 0.307      ;
; 0.184 ; sld_hub:auto_hub|alt_sld_fab_with_jtag_input:\instrumentation_fabric_with_node_gen:fabric_gen_new_way:with_jtag_input_gen:instrumentation_fabric|alt_sld_fab:instrumentation_fabric|alt_sld_fab_alt_sld_fab:alt_sld_fab|alt_sld_fab_alt_sld_fab_sldfabric:sldfabric|sld_jtag_hub:\jtag_hub_gen:real_sld_jtag_hub|sld_shadow_jsm:shadow_jsm|state[13]  ; sld_hub:auto_hub|alt_sld_fab_with_jtag_input:\instrumentation_fabric_with_node_gen:fabric_gen_new_way:with_jtag_input_gen:instrumentation_fabric|alt_sld_fab:instrumentation_fabric|alt_sld_fab_alt_sld_fab:alt_sld_fab|alt_sld_fab_alt_sld_fab_sldfabric:sldfabric|sld_jtag_hub:\jtag_hub_gen:real_sld_jtag_hub|sld_shadow_jsm:shadow_jsm|state[13]  ; altera_reserved_tck ; altera_reserved_tck ; 0.000        ; 0.039      ; 0.307      ;
; 0.184 ; sld_hub:auto_hub|alt_sld_fab_with_jtag_input:\instrumentation_fabric_with_node_gen:fabric_gen_new_way:with_jtag_input_gen:instrumentation_fabric|alt_sld_fab:instrumentation_fabric|alt_sld_fab_alt_sld_fab:alt_sld_fab|alt_sld_fab_alt_sld_fab_sldfabric:sldfabric|sld_jtag_hub:\jtag_hub_gen:real_sld_jtag_hub|sld_shadow_jsm:shadow_jsm|state[11]  ; sld_hub:auto_hub|alt_sld_fab_with_jtag_input:\instrumentation_fabric_with_node_gen:fabric_gen_new_way:with_jtag_input_gen:instrumentation_fabric|alt_sld_fab:instrumentation_fabric|alt_sld_fab_alt_sld_fab:alt_sld_fab|alt_sld_fab_alt_sld_fab_sldfabric:sldfabric|sld_jtag_hub:\jtag_hub_gen:real_sld_jtag_hub|sld_shadow_jsm:shadow_jsm|state[11]  ; altera_reserved_tck ; altera_reserved_tck ; 0.000        ; 0.039      ; 0.307      ;
; 0.184 ; sld_hub:auto_hub|alt_sld_fab_with_jtag_input:\instrumentation_fabric_with_node_gen:fabric_gen_new_way:with_jtag_input_gen:instrumentation_fabric|alt_sld_fab:instrumentation_fabric|alt_sld_fab_alt_sld_fab:alt_sld_fab|alt_sld_fab_alt_sld_fab_sldfabric:sldfabric|sld_jtag_hub:\jtag_hub_gen:real_sld_jtag_hub|sld_shadow_jsm:shadow_jsm|state[1]   ; sld_hub:auto_hub|alt_sld_fab_with_jtag_input:\instrumentation_fabric_with_node_gen:fabric_gen_new_way:with_jtag_input_gen:instrumentation_fabric|alt_sld_fab:instrumentation_fabric|alt_sld_fab_alt_sld_fab:alt_sld_fab|alt_sld_fab_alt_sld_fab_sldfabric:sldfabric|sld_jtag_hub:\jtag_hub_gen:real_sld_jtag_hub|sld_shadow_jsm:shadow_jsm|state[1]   ; altera_reserved_tck ; altera_reserved_tck ; 0.000        ; 0.039      ; 0.307      ;
; 0.184 ; sld_hub:auto_hub|alt_sld_fab_with_jtag_input:\instrumentation_fabric_with_node_gen:fabric_gen_new_way:with_jtag_input_gen:instrumentation_fabric|alt_sld_fab:instrumentation_fabric|alt_sld_fab_alt_sld_fab:alt_sld_fab|alt_sld_fab_alt_sld_fab_sldfabric:sldfabric|sld_jtag_hub:\jtag_hub_gen:real_sld_jtag_hub|sld_shadow_jsm:shadow_jsm|state[0]   ; sld_hub:auto_hub|alt_sld_fab_with_jtag_input:\instrumentation_fabric_with_node_gen:fabric_gen_new_way:with_jtag_input_gen:instrumentation_fabric|alt_sld_fab:instrumentation_fabric|alt_sld_fab_alt_sld_fab:alt_sld_fab|alt_sld_fab_alt_sld_fab_sldfabric:sldfabric|sld_jtag_hub:\jtag_hub_gen:real_sld_jtag_hub|sld_shadow_jsm:shadow_jsm|state[0]   ; altera_reserved_tck ; altera_reserved_tck ; 0.000        ; 0.039      ; 0.307      ;
; 0.184 ; sld_hub:auto_hub|alt_sld_fab_with_jtag_input:\instrumentation_fabric_with_node_gen:fabric_gen_new_way:with_jtag_input_gen:instrumentation_fabric|alt_sld_fab:instrumentation_fabric|alt_sld_fab_alt_sld_fab:alt_sld_fab|alt_sld_fab_alt_sld_fab_sldfabric:sldfabric|sld_jtag_hub:\jtag_hub_gen:real_sld_jtag_hub|sld_shadow_jsm:shadow_jsm|tms_cnt[2] ; sld_hub:auto_hub|alt_sld_fab_with_jtag_input:\instrumentation_fabric_with_node_gen:fabric_gen_new_way:with_jtag_input_gen:instrumentation_fabric|alt_sld_fab:instrumentation_fabric|alt_sld_fab_alt_sld_fab:alt_sld_fab|alt_sld_fab_alt_sld_fab_sldfabric:sldfabric|sld_jtag_hub:\jtag_hub_gen:real_sld_jtag_hub|sld_shadow_jsm:shadow_jsm|tms_cnt[2] ; altera_reserved_tck ; altera_reserved_tck ; 0.000        ; 0.039      ; 0.307      ;
; 0.184 ; sld_hub:auto_hub|alt_sld_fab_with_jtag_input:\instrumentation_fabric_with_node_gen:fabric_gen_new_way:with_jtag_input_gen:instrumentation_fabric|alt_sld_fab:instrumentation_fabric|alt_sld_fab_alt_sld_fab:alt_sld_fab|alt_sld_fab_alt_sld_fab_sldfabric:sldfabric|sld_jtag_hub:\jtag_hub_gen:real_sld_jtag_hub|sld_shadow_jsm:shadow_jsm|tms_cnt[1] ; sld_hub:auto_hub|alt_sld_fab_with_jtag_input:\instrumentation_fabric_with_node_gen:fabric_gen_new_way:with_jtag_input_gen:instrumentation_fabric|alt_sld_fab:instrumentation_fabric|alt_sld_fab_alt_sld_fab:alt_sld_fab|alt_sld_fab_alt_sld_fab_sldfabric:sldfabric|sld_jtag_hub:\jtag_hub_gen:real_sld_jtag_hub|sld_shadow_jsm:shadow_jsm|tms_cnt[1] ; altera_reserved_tck ; altera_reserved_tck ; 0.000        ; 0.039      ; 0.307      ;
; 0.190 ; jtag_to_avalon_mst_brg_01:u_jtag_avmm|jtag_to_avalon_mst_brg_01_master_0:master_0|altera_avalon_st_jtag_interface:jtag_phy_embedded_in_jtag_master|altera_jtag_dc_streaming:normal.jtag_dc_streaming|altera_avalon_st_clock_crosser:sink_crosser|altera_avalon_st_pipeline_base:output_stage|data0[0]                                                 ; jtag_to_avalon_mst_brg_01:u_jtag_avmm|jtag_to_avalon_mst_brg_01_master_0:master_0|altera_avalon_st_jtag_interface:jtag_phy_embedded_in_jtag_master|altera_jtag_dc_streaming:normal.jtag_dc_streaming|altera_avalon_st_clock_crosser:sink_crosser|altera_avalon_st_pipeline_base:output_stage|data1[0]                                                 ; altera_reserved_tck ; altera_reserved_tck ; 0.000        ; 0.040      ; 0.314      ;
; 0.190 ; jtag_to_avalon_mst_brg_01:u_jtag_avmm|jtag_to_avalon_mst_brg_01_master_0:master_0|altera_avalon_st_jtag_interface:jtag_phy_embedded_in_jtag_master|altera_jtag_dc_streaming:normal.jtag_dc_streaming|altera_avalon_st_clock_crosser:sink_crosser|altera_avalon_st_pipeline_base:output_stage|data0[4]                                                 ; jtag_to_avalon_mst_brg_01:u_jtag_avmm|jtag_to_avalon_mst_brg_01_master_0:master_0|altera_avalon_st_jtag_interface:jtag_phy_embedded_in_jtag_master|altera_jtag_dc_streaming:normal.jtag_dc_streaming|altera_avalon_st_clock_crosser:sink_crosser|altera_avalon_st_pipeline_base:output_stage|data1[4]                                                 ; altera_reserved_tck ; altera_reserved_tck ; 0.000        ; 0.040      ; 0.314      ;
; 0.190 ; jtag_to_avalon_mst_brg_01:u_jtag_avmm|jtag_to_avalon_mst_brg_01_master_0:master_0|altera_avalon_st_jtag_interface:jtag_phy_embedded_in_jtag_master|altera_jtag_dc_streaming:normal.jtag_dc_streaming|altera_jtag_streaming:jtag_streaming|read_data_bit_counter[0]                                                                                    ; jtag_to_avalon_mst_brg_01:u_jtag_avmm|jtag_to_avalon_mst_brg_01_master_0:master_0|altera_avalon_st_jtag_interface:jtag_phy_embedded_in_jtag_master|altera_jtag_dc_streaming:normal.jtag_dc_streaming|altera_jtag_streaming:jtag_streaming|read_data_bit_counter[0]                                                                                    ; altera_reserved_tck ; altera_reserved_tck ; 0.000        ; 0.040      ; 0.314      ;
; 0.190 ; jtag_to_avalon_mst_brg_01:u_jtag_avmm|jtag_to_avalon_mst_brg_01_master_0:master_0|altera_avalon_st_jtag_interface:jtag_phy_embedded_in_jtag_master|altera_jtag_dc_streaming:normal.jtag_dc_streaming|altera_jtag_streaming:jtag_streaming|header_out_bit_counter[0]                                                                                   ; jtag_to_avalon_mst_brg_01:u_jtag_avmm|jtag_to_avalon_mst_brg_01_master_0:master_0|altera_avalon_st_jtag_interface:jtag_phy_embedded_in_jtag_master|altera_jtag_dc_streaming:normal.jtag_dc_streaming|altera_jtag_streaming:jtag_streaming|header_out_bit_counter[0]                                                                                   ; altera_reserved_tck ; altera_reserved_tck ; 0.000        ; 0.040      ; 0.314      ;
; 0.190 ; jtag_to_avalon_mst_brg_01:u_jtag_avmm|jtag_to_avalon_mst_brg_01_master_0:master_0|altera_avalon_st_jtag_interface:jtag_phy_embedded_in_jtag_master|altera_jtag_dc_streaming:normal.jtag_dc_streaming|altera_std_synchronizer:synchronizer|dreg[0]                                                                                                     ; jtag_to_avalon_mst_brg_01:u_jtag_avmm|jtag_to_avalon_mst_brg_01_master_0:master_0|altera_avalon_st_jtag_interface:jtag_phy_embedded_in_jtag_master|altera_jtag_dc_streaming:normal.jtag_dc_streaming|altera_std_synchronizer:synchronizer|dreg[1]                                                                                                     ; altera_reserved_tck ; altera_reserved_tck ; 0.000        ; 0.040      ; 0.314      ;
; 0.190 ; jtag_to_avalon_mst_brg_01:u_jtag_avmm|jtag_to_avalon_mst_brg_01_master_0:master_0|altera_avalon_st_jtag_interface:jtag_phy_embedded_in_jtag_master|altera_jtag_dc_streaming:normal.jtag_dc_streaming|altera_jtag_streaming:jtag_streaming|dr_info[5]                                                                                                  ; jtag_to_avalon_mst_brg_01:u_jtag_avmm|jtag_to_avalon_mst_brg_01_master_0:master_0|altera_avalon_st_jtag_interface:jtag_phy_embedded_in_jtag_master|altera_jtag_dc_streaming:normal.jtag_dc_streaming|altera_jtag_streaming:jtag_streaming|dr_info[4]                                                                                                  ; altera_reserved_tck ; altera_reserved_tck ; 0.000        ; 0.040      ; 0.314      ;
; 0.190 ; jtag_to_avalon_mst_brg_01:u_jtag_avmm|jtag_to_avalon_mst_brg_01_master_0:master_0|altera_avalon_st_jtag_interface:jtag_phy_embedded_in_jtag_master|altera_jtag_dc_streaming:normal.jtag_dc_streaming|altera_jtag_streaming:jtag_streaming|dr_info[7]                                                                                                  ; jtag_to_avalon_mst_brg_01:u_jtag_avmm|jtag_to_avalon_mst_brg_01_master_0:master_0|altera_avalon_st_jtag_interface:jtag_phy_embedded_in_jtag_master|altera_jtag_dc_streaming:normal.jtag_dc_streaming|altera_jtag_streaming:jtag_streaming|dr_info[6]                                                                                                  ; altera_reserved_tck ; altera_reserved_tck ; 0.000        ; 0.040      ; 0.314      ;
; 0.191 ; jtag_to_avalon_mst_brg_01:u_jtag_avmm|jtag_to_avalon_mst_brg_01_master_0:master_0|altera_avalon_st_jtag_interface:jtag_phy_embedded_in_jtag_master|altera_jtag_dc_streaming:normal.jtag_dc_streaming|altera_avalon_st_clock_crosser:sink_crosser|altera_avalon_st_pipeline_base:output_stage|data0[6]                                                 ; jtag_to_avalon_mst_brg_01:u_jtag_avmm|jtag_to_avalon_mst_brg_01_master_0:master_0|altera_avalon_st_jtag_interface:jtag_phy_embedded_in_jtag_master|altera_jtag_dc_streaming:normal.jtag_dc_streaming|altera_avalon_st_clock_crosser:sink_crosser|altera_avalon_st_pipeline_base:output_stage|data1[6]                                                 ; altera_reserved_tck ; altera_reserved_tck ; 0.000        ; 0.040      ; 0.315      ;
; 0.191 ; jtag_to_avalon_mst_brg_01:u_jtag_avmm|jtag_to_avalon_mst_brg_01_master_0:master_0|altera_avalon_st_jtag_interface:jtag_phy_embedded_in_jtag_master|altera_jtag_dc_streaming:normal.jtag_dc_streaming|altera_jtag_streaming:jtag_streaming|read_state.ST_PADDED                                                                                        ; jtag_to_avalon_mst_brg_01:u_jtag_avmm|jtag_to_avalon_mst_brg_01_master_0:master_0|altera_avalon_st_jtag_interface:jtag_phy_embedded_in_jtag_master|altera_jtag_dc_streaming:normal.jtag_dc_streaming|altera_jtag_streaming:jtag_streaming|read_state.ST_PADDED                                                                                        ; altera_reserved_tck ; altera_reserved_tck ; 0.000        ; 0.039      ; 0.314      ;
; 0.191 ; jtag_to_avalon_mst_brg_01:u_jtag_avmm|jtag_to_avalon_mst_brg_01_master_0:master_0|altera_avalon_st_jtag_interface:jtag_phy_embedded_in_jtag_master|altera_jtag_dc_streaming:normal.jtag_dc_streaming|altera_jtag_streaming:jtag_streaming|idle_remover_sink_data[3]                                                                                   ; jtag_to_avalon_mst_brg_01:u_jtag_avmm|jtag_to_avalon_mst_brg_01_master_0:master_0|altera_avalon_st_jtag_interface:jtag_phy_embedded_in_jtag_master|altera_jtag_dc_streaming:normal.jtag_dc_streaming|altera_jtag_src_crosser:source_crosser|sink_data_buffer[3]                                                                                       ; altera_reserved_tck ; altera_reserved_tck ; 0.000        ; 0.039      ; 0.314      ;
; 0.191 ; jtag_to_avalon_mst_brg_01:u_jtag_avmm|jtag_to_avalon_mst_brg_01_master_0:master_0|altera_avalon_st_jtag_interface:jtag_phy_embedded_in_jtag_master|altera_jtag_dc_streaming:normal.jtag_dc_streaming|altera_std_synchronizer:synchronizer|din_s1                                                                                                      ; jtag_to_avalon_mst_brg_01:u_jtag_avmm|jtag_to_avalon_mst_brg_01_master_0:master_0|altera_avalon_st_jtag_interface:jtag_phy_embedded_in_jtag_master|altera_jtag_dc_streaming:normal.jtag_dc_streaming|altera_std_synchronizer:synchronizer|dreg[0]                                                                                                     ; altera_reserved_tck ; altera_reserved_tck ; 0.000        ; 0.040      ; 0.315      ;
; 0.191 ; jtag_to_avalon_mst_brg_01:u_jtag_avmm|jtag_to_avalon_mst_brg_01_master_0:master_0|altera_avalon_st_jtag_interface:jtag_phy_embedded_in_jtag_master|altera_jtag_dc_streaming:normal.jtag_dc_streaming|altera_jtag_streaming:jtag_streaming|write_data_bit_counter[0]                                                                                   ; jtag_to_avalon_mst_brg_01:u_jtag_avmm|jtag_to_avalon_mst_brg_01_master_0:master_0|altera_avalon_st_jtag_interface:jtag_phy_embedded_in_jtag_master|altera_jtag_dc_streaming:normal.jtag_dc_streaming|altera_jtag_streaming:jtag_streaming|write_data_bit_counter[0]                                                                                   ; altera_reserved_tck ; altera_reserved_tck ; 0.000        ; 0.039      ; 0.314      ;
; 0.191 ; jtag_to_avalon_mst_brg_01:u_jtag_avmm|jtag_to_avalon_mst_brg_01_master_0:master_0|altera_avalon_st_jtag_interface:jtag_phy_embedded_in_jtag_master|altera_jtag_dc_streaming:normal.jtag_dc_streaming|altera_jtag_streaming:jtag_streaming|header_in_bit_counter[0]                                                                                    ; jtag_to_avalon_mst_brg_01:u_jtag_avmm|jtag_to_avalon_mst_brg_01_master_0:master_0|altera_avalon_st_jtag_interface:jtag_phy_embedded_in_jtag_master|altera_jtag_dc_streaming:normal.jtag_dc_streaming|altera_jtag_streaming:jtag_streaming|header_in_bit_counter[0]                                                                                    ; altera_reserved_tck ; altera_reserved_tck ; 0.000        ; 0.039      ; 0.314      ;
; 0.191 ; sld_hub:auto_hub|alt_sld_fab_with_jtag_input:\instrumentation_fabric_with_node_gen:fabric_gen_new_way:with_jtag_input_gen:instrumentation_fabric|alt_sld_fab:instrumentation_fabric|alt_sld_fab_alt_sld_fab:alt_sld_fab|alt_sld_fab_alt_sld_fab_sldfabric:sldfabric|sld_jtag_hub:\jtag_hub_gen:real_sld_jtag_hub|sld_rom_sr:hub_info_reg|WORD_SR[2]   ; sld_hub:auto_hub|alt_sld_fab_with_jtag_input:\instrumentation_fabric_with_node_gen:fabric_gen_new_way:with_jtag_input_gen:instrumentation_fabric|alt_sld_fab:instrumentation_fabric|alt_sld_fab_alt_sld_fab:alt_sld_fab|alt_sld_fab_alt_sld_fab_sldfabric:sldfabric|sld_jtag_hub:\jtag_hub_gen:real_sld_jtag_hub|sld_rom_sr:hub_info_reg|WORD_SR[1]   ; altera_reserved_tck ; altera_reserved_tck ; 0.000        ; 0.039      ; 0.314      ;
; 0.191 ; sld_hub:auto_hub|alt_sld_fab_with_jtag_input:\instrumentation_fabric_with_node_gen:fabric_gen_new_way:with_jtag_input_gen:instrumentation_fabric|alt_sld_fab:instrumentation_fabric|alt_sld_fab_alt_sld_fab:alt_sld_fab|alt_sld_fab_alt_sld_fab_sldfabric:sldfabric|sld_jtag_hub:\jtag_hub_gen:real_sld_jtag_hub|hub_minor_ver_reg[1]                 ; sld_hub:auto_hub|alt_sld_fab_with_jtag_input:\instrumentation_fabric_with_node_gen:fabric_gen_new_way:with_jtag_input_gen:instrumentation_fabric|alt_sld_fab:instrumentation_fabric|alt_sld_fab_alt_sld_fab:alt_sld_fab|alt_sld_fab_alt_sld_fab_sldfabric:sldfabric|sld_jtag_hub:\jtag_hub_gen:real_sld_jtag_hub|hub_minor_ver_reg[0]                 ; altera_reserved_tck ; altera_reserved_tck ; 0.000        ; 0.039      ; 0.314      ;
; 0.191 ; sld_hub:auto_hub|alt_sld_fab_with_jtag_input:\instrumentation_fabric_with_node_gen:fabric_gen_new_way:with_jtag_input_gen:instrumentation_fabric|alt_sld_fab:instrumentation_fabric|alt_sld_fab_alt_sld_fab:alt_sld_fab|alt_sld_fab_alt_sld_fab_sldfabric:sldfabric|sld_jtag_hub:\jtag_hub_gen:real_sld_jtag_hub|hub_minor_ver_reg[3]                 ; sld_hub:auto_hub|alt_sld_fab_with_jtag_input:\instrumentation_fabric_with_node_gen:fabric_gen_new_way:with_jtag_input_gen:instrumentation_fabric|alt_sld_fab:instrumentation_fabric|alt_sld_fab_alt_sld_fab:alt_sld_fab|alt_sld_fab_alt_sld_fab_sldfabric:sldfabric|sld_jtag_hub:\jtag_hub_gen:real_sld_jtag_hub|hub_minor_ver_reg[2]                 ; altera_reserved_tck ; altera_reserved_tck ; 0.000        ; 0.039      ; 0.314      ;
; 0.191 ; sld_hub:auto_hub|alt_sld_fab_with_jtag_input:\instrumentation_fabric_with_node_gen:fabric_gen_new_way:with_jtag_input_gen:instrumentation_fabric|alt_sld_fab:instrumentation_fabric|alt_sld_fab_alt_sld_fab:alt_sld_fab|alt_sld_fab_alt_sld_fab_sldfabric:sldfabric|sld_jtag_hub:\jtag_hub_gen:real_sld_jtag_hub|identity_contrib_shift_reg[0]        ; sld_hub:auto_hub|alt_sld_fab_with_jtag_input:\instrumentation_fabric_with_node_gen:fabric_gen_new_way:with_jtag_input_gen:instrumentation_fabric|alt_sld_fab:instrumentation_fabric|alt_sld_fab_alt_sld_fab:alt_sld_fab|sldfabric_ident_writedata[0]                                                                                                  ; altera_reserved_tck ; altera_reserved_tck ; 0.000        ; 0.039      ; 0.314      ;
; 0.191 ; jtag_to_avalon_mst_brg_01:u_jtag_avmm|jtag_to_avalon_mst_brg_01_master_0:master_0|altera_avalon_st_jtag_interface:jtag_phy_embedded_in_jtag_master|altera_jtag_dc_streaming:normal.jtag_dc_streaming|altera_jtag_streaming:jtag_streaming|altera_std_synchronizer:reset_to_sample_synchronizer|din_s1                                                 ; jtag_to_avalon_mst_brg_01:u_jtag_avmm|jtag_to_avalon_mst_brg_01_master_0:master_0|altera_avalon_st_jtag_interface:jtag_phy_embedded_in_jtag_master|altera_jtag_dc_streaming:normal.jtag_dc_streaming|altera_jtag_streaming:jtag_streaming|altera_std_synchronizer:reset_to_sample_synchronizer|dreg[0]                                                ; altera_reserved_tck ; altera_reserved_tck ; 0.000        ; 0.039      ; 0.314      ;
; 0.191 ; jtag_to_avalon_mst_brg_01:u_jtag_avmm|jtag_to_avalon_mst_brg_01_master_0:master_0|altera_avalon_st_jtag_interface:jtag_phy_embedded_in_jtag_master|altera_jtag_dc_streaming:normal.jtag_dc_streaming|altera_jtag_streaming:jtag_streaming|altera_std_synchronizer:clock_to_sample_div2_synchronizer|dreg[0]                                           ; jtag_to_avalon_mst_brg_01:u_jtag_avmm|jtag_to_avalon_mst_brg_01_master_0:master_0|altera_avalon_st_jtag_interface:jtag_phy_embedded_in_jtag_master|altera_jtag_dc_streaming:normal.jtag_dc_streaming|altera_jtag_streaming:jtag_streaming|altera_std_synchronizer:clock_to_sample_div2_synchronizer|dreg[1]                                           ; altera_reserved_tck ; altera_reserved_tck ; 0.000        ; 0.039      ; 0.314      ;
; 0.191 ; jtag_to_avalon_mst_brg_01:u_jtag_avmm|jtag_to_avalon_mst_brg_01_master_0:master_0|altera_avalon_st_jtag_interface:jtag_phy_embedded_in_jtag_master|altera_jtag_dc_streaming:normal.jtag_dc_streaming|altera_jtag_streaming:jtag_streaming|altera_std_synchronizer:clock_to_sample_div2_synchronizer|din_s1                                            ; jtag_to_avalon_mst_brg_01:u_jtag_avmm|jtag_to_avalon_mst_brg_01_master_0:master_0|altera_avalon_st_jtag_interface:jtag_phy_embedded_in_jtag_master|altera_jtag_dc_streaming:normal.jtag_dc_streaming|altera_jtag_streaming:jtag_streaming|altera_std_synchronizer:clock_to_sample_div2_synchronizer|dreg[0]                                           ; altera_reserved_tck ; altera_reserved_tck ; 0.000        ; 0.039      ; 0.314      ;
; 0.191 ; sld_hub:auto_hub|alt_sld_fab_with_jtag_input:\instrumentation_fabric_with_node_gen:fabric_gen_new_way:with_jtag_input_gen:instrumentation_fabric|alt_sld_fab:instrumentation_fabric|alt_sld_fab_alt_sld_fab:alt_sld_fab|alt_sld_fab_alt_sld_fab_sldfabric:sldfabric|sld_jtag_hub:\jtag_hub_gen:real_sld_jtag_hub|hub_mode_reg[2]                      ; sld_hub:auto_hub|alt_sld_fab_with_jtag_input:\instrumentation_fabric_with_node_gen:fabric_gen_new_way:with_jtag_input_gen:instrumentation_fabric|alt_sld_fab:instrumentation_fabric|alt_sld_fab_alt_sld_fab:alt_sld_fab|alt_sld_fab_alt_sld_fab_sldfabric:sldfabric|sld_jtag_hub:\jtag_hub_gen:real_sld_jtag_hub|clr_reg                              ; altera_reserved_tck ; altera_reserved_tck ; 0.000        ; 0.040      ; 0.315      ;
; 0.191 ; sld_hub:auto_hub|alt_sld_fab_with_jtag_input:\instrumentation_fabric_with_node_gen:fabric_gen_new_way:with_jtag_input_gen:instrumentation_fabric|alt_sld_fab:instrumentation_fabric|alt_sld_fab_alt_sld_fab:alt_sld_fab|alt_sld_fab_alt_sld_fab_sldfabric:sldfabric|sld_jtag_hub:\jtag_hub_gen:real_sld_jtag_hub|sld_shadow_jsm:shadow_jsm|state[6]   ; sld_hub:auto_hub|alt_sld_fab_with_jtag_input:\instrumentation_fabric_with_node_gen:fabric_gen_new_way:with_jtag_input_gen:instrumentation_fabric|alt_sld_fab:instrumentation_fabric|alt_sld_fab_alt_sld_fab:alt_sld_fab|alt_sld_fab_alt_sld_fab_sldfabric:sldfabric|sld_jtag_hub:\jtag_hub_gen:real_sld_jtag_hub|sld_shadow_jsm:shadow_jsm|state[7]   ; altera_reserved_tck ; altera_reserved_tck ; 0.000        ; 0.040      ; 0.315      ;
; 0.191 ; sld_hub:auto_hub|alt_sld_fab_with_jtag_input:\instrumentation_fabric_with_node_gen:fabric_gen_new_way:with_jtag_input_gen:instrumentation_fabric|alt_sld_fab:instrumentation_fabric|alt_sld_fab_alt_sld_fab:alt_sld_fab|alt_sld_fab_alt_sld_fab_sldfabric:sldfabric|sld_jtag_hub:\jtag_hub_gen:real_sld_jtag_hub|sld_shadow_jsm:shadow_jsm|tms_cnt[0] ; sld_hub:auto_hub|alt_sld_fab_with_jtag_input:\instrumentation_fabric_with_node_gen:fabric_gen_new_way:with_jtag_input_gen:instrumentation_fabric|alt_sld_fab:instrumentation_fabric|alt_sld_fab_alt_sld_fab:alt_sld_fab|alt_sld_fab_alt_sld_fab_sldfabric:sldfabric|sld_jtag_hub:\jtag_hub_gen:real_sld_jtag_hub|sld_shadow_jsm:shadow_jsm|tms_cnt[0] ; altera_reserved_tck ; altera_reserved_tck ; 0.000        ; 0.039      ; 0.314      ;
; 0.192 ; jtag_to_avalon_mst_brg_01:u_jtag_avmm|jtag_to_avalon_mst_brg_01_master_0:master_0|altera_avalon_st_jtag_interface:jtag_phy_embedded_in_jtag_master|altera_jtag_dc_streaming:normal.jtag_dc_streaming|altera_avalon_st_clock_crosser:sink_crosser|altera_avalon_st_pipeline_base:output_stage|data0[5]                                                 ; jtag_to_avalon_mst_brg_01:u_jtag_avmm|jtag_to_avalon_mst_brg_01_master_0:master_0|altera_avalon_st_jtag_interface:jtag_phy_embedded_in_jtag_master|altera_jtag_dc_streaming:normal.jtag_dc_streaming|altera_avalon_st_clock_crosser:sink_crosser|altera_avalon_st_pipeline_base:output_stage|data1[5]                                                 ; altera_reserved_tck ; altera_reserved_tck ; 0.000        ; 0.040      ; 0.316      ;
; 0.192 ; sld_hub:auto_hub|alt_sld_fab_with_jtag_input:\instrumentation_fabric_with_node_gen:fabric_gen_new_way:with_jtag_input_gen:instrumentation_fabric|alt_sld_fab:instrumentation_fabric|alt_sld_fab_alt_sld_fab:alt_sld_fab|alt_sld_fab_alt_sld_fab_sldfabric:sldfabric|sld_jtag_hub:\jtag_hub_gen:real_sld_jtag_hub|hub_minor_ver_reg[2]                 ; sld_hub:auto_hub|alt_sld_fab_with_jtag_input:\instrumentation_fabric_with_node_gen:fabric_gen_new_way:with_jtag_input_gen:instrumentation_fabric|alt_sld_fab:instrumentation_fabric|alt_sld_fab_alt_sld_fab:alt_sld_fab|alt_sld_fab_alt_sld_fab_sldfabric:sldfabric|sld_jtag_hub:\jtag_hub_gen:real_sld_jtag_hub|hub_minor_ver_reg[1]                 ; altera_reserved_tck ; altera_reserved_tck ; 0.000        ; 0.039      ; 0.315      ;
; 0.192 ; jtag_to_avalon_mst_brg_01:u_jtag_avmm|jtag_to_avalon_mst_brg_01_master_0:master_0|altera_avalon_st_jtag_interface:jtag_phy_embedded_in_jtag_master|altera_jtag_dc_streaming:normal.jtag_dc_streaming|altera_jtag_streaming:jtag_streaming|altera_std_synchronizer:reset_to_sample_synchronizer|dreg[0]                                                ; jtag_to_avalon_mst_brg_01:u_jtag_avmm|jtag_to_avalon_mst_brg_01_master_0:master_0|altera_avalon_st_jtag_interface:jtag_phy_embedded_in_jtag_master|altera_jtag_dc_streaming:normal.jtag_dc_streaming|altera_jtag_streaming:jtag_streaming|altera_std_synchronizer:reset_to_sample_synchronizer|dreg[1]                                                ; altera_reserved_tck ; altera_reserved_tck ; 0.000        ; 0.039      ; 0.315      ;
; 0.192 ; sld_hub:auto_hub|alt_sld_fab_with_jtag_input:\instrumentation_fabric_with_node_gen:fabric_gen_new_way:with_jtag_input_gen:instrumentation_fabric|alt_sld_fab:instrumentation_fabric|alt_sld_fab_alt_sld_fab:alt_sld_fab|alt_sld_fab_alt_sld_fab_sldfabric:sldfabric|sld_jtag_hub:\jtag_hub_gen:real_sld_jtag_hub|sld_shadow_jsm:shadow_jsm|tms_cnt[1] ; sld_hub:auto_hub|alt_sld_fab_with_jtag_input:\instrumentation_fabric_with_node_gen:fabric_gen_new_way:with_jtag_input_gen:instrumentation_fabric|alt_sld_fab:instrumentation_fabric|alt_sld_fab_alt_sld_fab:alt_sld_fab|alt_sld_fab_alt_sld_fab_sldfabric:sldfabric|sld_jtag_hub:\jtag_hub_gen:real_sld_jtag_hub|sld_shadow_jsm:shadow_jsm|tms_cnt[2] ; altera_reserved_tck ; altera_reserved_tck ; 0.000        ; 0.039      ; 0.315      ;
; 0.193 ; jtag_to_avalon_mst_brg_01:u_jtag_avmm|jtag_to_avalon_mst_brg_01_master_0:master_0|altera_avalon_st_jtag_interface:jtag_phy_embedded_in_jtag_master|altera_jtag_dc_streaming:normal.jtag_dc_streaming|altera_avalon_st_clock_crosser:sink_crosser|altera_avalon_st_pipeline_base:output_stage|data0[3]                                                 ; jtag_to_avalon_mst_brg_01:u_jtag_avmm|jtag_to_avalon_mst_brg_01_master_0:master_0|altera_avalon_st_jtag_interface:jtag_phy_embedded_in_jtag_master|altera_jtag_dc_streaming:normal.jtag_dc_streaming|altera_avalon_st_clock_crosser:sink_crosser|altera_avalon_st_pipeline_base:output_stage|data1[3]                                                 ; altera_reserved_tck ; altera_reserved_tck ; 0.000        ; 0.040      ; 0.317      ;
; 0.193 ; sld_hub:auto_hub|alt_sld_fab_with_jtag_input:\instrumentation_fabric_with_node_gen:fabric_gen_new_way:with_jtag_input_gen:instrumentation_fabric|alt_sld_fab:instrumentation_fabric|alt_sld_fab_alt_sld_fab:alt_sld_fab|alt_sld_fab_alt_sld_fab_sldfabric:sldfabric|sld_jtag_hub:\jtag_hub_gen:real_sld_jtag_hub|sld_rom_sr:hub_info_reg|WORD_SR[3]   ; sld_hub:auto_hub|alt_sld_fab_with_jtag_input:\instrumentation_fabric_with_node_gen:fabric_gen_new_way:with_jtag_input_gen:instrumentation_fabric|alt_sld_fab:instrumentation_fabric|alt_sld_fab_alt_sld_fab:alt_sld_fab|alt_sld_fab_alt_sld_fab_sldfabric:sldfabric|sld_jtag_hub:\jtag_hub_gen:real_sld_jtag_hub|sld_rom_sr:hub_info_reg|WORD_SR[2]   ; altera_reserved_tck ; altera_reserved_tck ; 0.000        ; 0.039      ; 0.316      ;
; 0.193 ; jtag_to_avalon_mst_brg_01:u_jtag_avmm|jtag_to_avalon_mst_brg_01_master_0:master_0|altera_avalon_st_jtag_interface:jtag_phy_embedded_in_jtag_master|altera_jtag_dc_streaming:normal.jtag_dc_streaming|altera_jtag_streaming:jtag_streaming|dr_info[1]                                                                                                  ; jtag_to_avalon_mst_brg_01:u_jtag_avmm|jtag_to_avalon_mst_brg_01_master_0:master_0|altera_avalon_st_jtag_interface:jtag_phy_embedded_in_jtag_master|altera_jtag_dc_streaming:normal.jtag_dc_streaming|altera_jtag_streaming:jtag_streaming|dr_info[0]                                                                                                  ; altera_reserved_tck ; altera_reserved_tck ; 0.000        ; 0.040      ; 0.317      ;
; 0.193 ; sld_hub:auto_hub|alt_sld_fab_with_jtag_input:\instrumentation_fabric_with_node_gen:fabric_gen_new_way:with_jtag_input_gen:instrumentation_fabric|alt_sld_fab:instrumentation_fabric|alt_sld_fab_alt_sld_fab:alt_sld_fab|alt_sld_fab_alt_sld_fab_sldfabric:sldfabric|sld_jtag_hub:\jtag_hub_gen:real_sld_jtag_hub|jtag_ir_reg[4]                       ; sld_hub:auto_hub|alt_sld_fab_with_jtag_input:\instrumentation_fabric_with_node_gen:fabric_gen_new_way:with_jtag_input_gen:instrumentation_fabric|alt_sld_fab:instrumentation_fabric|alt_sld_fab_alt_sld_fab:alt_sld_fab|alt_sld_fab_alt_sld_fab_sldfabric:sldfabric|sld_jtag_hub:\jtag_hub_gen:real_sld_jtag_hub|jtag_ir_reg[3]                       ; altera_reserved_tck ; altera_reserved_tck ; 0.000        ; 0.039      ; 0.316      ;
; 0.193 ; jtag_to_avalon_mst_brg_01:u_jtag_avmm|jtag_to_avalon_mst_brg_01_master_0:master_0|altera_avalon_st_jtag_interface:jtag_phy_embedded_in_jtag_master|altera_jtag_dc_streaming:normal.jtag_dc_streaming|altera_jtag_streaming:jtag_streaming|altera_std_synchronizer:clock_sensor_synchronizer|din_s1                                                    ; jtag_to_avalon_mst_brg_01:u_jtag_avmm|jtag_to_avalon_mst_brg_01_master_0:master_0|altera_avalon_st_jtag_interface:jtag_phy_embedded_in_jtag_master|altera_jtag_dc_streaming:normal.jtag_dc_streaming|altera_jtag_streaming:jtag_streaming|altera_std_synchronizer:clock_sensor_synchronizer|dreg[0]                                                   ; altera_reserved_tck ; altera_reserved_tck ; 0.000        ; 0.039      ; 0.316      ;
; 0.194 ; sld_hub:auto_hub|alt_sld_fab_with_jtag_input:\instrumentation_fabric_with_node_gen:fabric_gen_new_way:with_jtag_input_gen:instrumentation_fabric|alt_sld_fab:instrumentation_fabric|alt_sld_fab_alt_sld_fab:alt_sld_fab|alt_sld_fab_alt_sld_fab_sldfabric:sldfabric|sld_jtag_hub:\jtag_hub_gen:real_sld_jtag_hub|sld_shadow_jsm:shadow_jsm|state[13]  ; sld_hub:auto_hub|alt_sld_fab_with_jtag_input:\instrumentation_fabric_with_node_gen:fabric_gen_new_way:with_jtag_input_gen:instrumentation_fabric|alt_sld_fab:instrumentation_fabric|alt_sld_fab_alt_sld_fab:alt_sld_fab|alt_sld_fab_alt_sld_fab_sldfabric:sldfabric|sld_jtag_hub:\jtag_hub_gen:real_sld_jtag_hub|sld_shadow_jsm:shadow_jsm|state[14]  ; altera_reserved_tck ; altera_reserved_tck ; 0.000        ; 0.039      ; 0.317      ;
; 0.195 ; jtag_to_avalon_mst_brg_01:u_jtag_avmm|jtag_to_avalon_mst_brg_01_master_0:master_0|altera_avalon_st_jtag_interface:jtag_phy_embedded_in_jtag_master|altera_jtag_dc_streaming:normal.jtag_dc_streaming|altera_jtag_streaming:jtag_streaming|idle_remover_sink_data[2]                                                                                   ; jtag_to_avalon_mst_brg_01:u_jtag_avmm|jtag_to_avalon_mst_brg_01_master_0:master_0|altera_avalon_st_jtag_interface:jtag_phy_embedded_in_jtag_master|altera_jtag_dc_streaming:normal.jtag_dc_streaming|altera_jtag_src_crosser:source_crosser|sink_data_buffer[2]                                                                                       ; altera_reserved_tck ; altera_reserved_tck ; 0.000        ; 0.039      ; 0.318      ;
; 0.195 ; sld_hub:auto_hub|alt_sld_fab_with_jtag_input:\instrumentation_fabric_with_node_gen:fabric_gen_new_way:with_jtag_input_gen:instrumentation_fabric|alt_sld_fab:instrumentation_fabric|alt_sld_fab_alt_sld_fab:alt_sld_fab|alt_sld_fab_alt_sld_fab_sldfabric:sldfabric|sld_jtag_hub:\jtag_hub_gen:real_sld_jtag_hub|irsr_reg[3]                          ; sld_hub:auto_hub|alt_sld_fab_with_jtag_input:\instrumentation_fabric_with_node_gen:fabric_gen_new_way:with_jtag_input_gen:instrumentation_fabric|alt_sld_fab:instrumentation_fabric|alt_sld_fab_alt_sld_fab:alt_sld_fab|alt_sld_fab_alt_sld_fab_sldfabric:sldfabric|sld_jtag_hub:\jtag_hub_gen:real_sld_jtag_hub|irsr_reg[2]                          ; altera_reserved_tck ; altera_reserved_tck ; 0.000        ; 0.039      ; 0.318      ;
; 0.195 ; sld_hub:auto_hub|alt_sld_fab_with_jtag_input:\instrumentation_fabric_with_node_gen:fabric_gen_new_way:with_jtag_input_gen:instrumentation_fabric|alt_sld_fab:instrumentation_fabric|alt_sld_fab_alt_sld_fab:alt_sld_fab|alt_sld_fab_alt_sld_fab_sldfabric:sldfabric|sld_jtag_hub:\jtag_hub_gen:real_sld_jtag_hub|identity_contrib_shift_reg[2]        ; sld_hub:auto_hub|alt_sld_fab_with_jtag_input:\instrumentation_fabric_with_node_gen:fabric_gen_new_way:with_jtag_input_gen:instrumentation_fabric|alt_sld_fab:instrumentation_fabric|alt_sld_fab_alt_sld_fab:alt_sld_fab|alt_sld_fab_alt_sld_fab_sldfabric:sldfabric|sld_jtag_hub:\jtag_hub_gen:real_sld_jtag_hub|identity_contrib_shift_reg[1]        ; altera_reserved_tck ; altera_reserved_tck ; 0.000        ; 0.039      ; 0.318      ;
; 0.195 ; sld_hub:auto_hub|alt_sld_fab_with_jtag_input:\instrumentation_fabric_with_node_gen:fabric_gen_new_way:with_jtag_input_gen:instrumentation_fabric|alt_sld_fab:instrumentation_fabric|alt_sld_fab_alt_sld_fab:alt_sld_fab|alt_sld_fab_alt_sld_fab_sldfabric:sldfabric|sld_jtag_hub:\jtag_hub_gen:real_sld_jtag_hub|identity_contrib_shift_reg[2]        ; sld_hub:auto_hub|alt_sld_fab_with_jtag_input:\instrumentation_fabric_with_node_gen:fabric_gen_new_way:with_jtag_input_gen:instrumentation_fabric|alt_sld_fab:instrumentation_fabric|alt_sld_fab_alt_sld_fab:alt_sld_fab|sldfabric_ident_writedata[2]                                                                                                  ; altera_reserved_tck ; altera_reserved_tck ; 0.000        ; 0.039      ; 0.318      ;
; 0.195 ; sld_hub:auto_hub|alt_sld_fab_with_jtag_input:\instrumentation_fabric_with_node_gen:fabric_gen_new_way:with_jtag_input_gen:instrumentation_fabric|alt_sld_fab:instrumentation_fabric|alt_sld_fab_alt_sld_fab:alt_sld_fab|alt_sld_fab_alt_sld_fab_sldfabric:sldfabric|sld_jtag_hub:\jtag_hub_gen:real_sld_jtag_hub|identity_contrib_shift_reg[3]        ; sld_hub:auto_hub|alt_sld_fab_with_jtag_input:\instrumentation_fabric_with_node_gen:fabric_gen_new_way:with_jtag_input_gen:instrumentation_fabric|alt_sld_fab:instrumentation_fabric|alt_sld_fab_alt_sld_fab:alt_sld_fab|alt_sld_fab_alt_sld_fab_sldfabric:sldfabric|sld_jtag_hub:\jtag_hub_gen:real_sld_jtag_hub|identity_contrib_shift_reg[2]        ; altera_reserved_tck ; altera_reserved_tck ; 0.000        ; 0.039      ; 0.318      ;
; 0.195 ; sld_hub:auto_hub|alt_sld_fab_with_jtag_input:\instrumentation_fabric_with_node_gen:fabric_gen_new_way:with_jtag_input_gen:instrumentation_fabric|alt_sld_fab:instrumentation_fabric|alt_sld_fab_alt_sld_fab:alt_sld_fab|alt_sld_fab_alt_sld_fab_sldfabric:sldfabric|sld_jtag_hub:\jtag_hub_gen:real_sld_jtag_hub|identity_contrib_shift_reg[3]        ; sld_hub:auto_hub|alt_sld_fab_with_jtag_input:\instrumentation_fabric_with_node_gen:fabric_gen_new_way:with_jtag_input_gen:instrumentation_fabric|alt_sld_fab:instrumentation_fabric|alt_sld_fab_alt_sld_fab:alt_sld_fab|sldfabric_ident_writedata[3]                                                                                                  ; altera_reserved_tck ; altera_reserved_tck ; 0.000        ; 0.039      ; 0.318      ;
; 0.195 ; sld_hub:auto_hub|alt_sld_fab_with_jtag_input:\instrumentation_fabric_with_node_gen:fabric_gen_new_way:with_jtag_input_gen:instrumentation_fabric|alt_sld_fab:instrumentation_fabric|alt_sld_fab_alt_sld_fab:alt_sld_fab|alt_sld_fab_alt_sld_fab_sldfabric:sldfabric|sld_jtag_hub:\jtag_hub_gen:real_sld_jtag_hub|sld_shadow_jsm:shadow_jsm|state[9]   ; sld_hub:auto_hub|alt_sld_fab_with_jtag_input:\instrumentation_fabric_with_node_gen:fabric_gen_new_way:with_jtag_input_gen:instrumentation_fabric|alt_sld_fab:instrumentation_fabric|alt_sld_fab_alt_sld_fab:alt_sld_fab|alt_sld_fab_alt_sld_fab_sldfabric:sldfabric|sld_jtag_hub:\jtag_hub_gen:real_sld_jtag_hub|sld_shadow_jsm:shadow_jsm|state[10]  ; altera_reserved_tck ; altera_reserved_tck ; 0.000        ; 0.039      ; 0.318      ;
; 0.195 ; sld_hub:auto_hub|alt_sld_fab_with_jtag_input:\instrumentation_fabric_with_node_gen:fabric_gen_new_way:with_jtag_input_gen:instrumentation_fabric|alt_sld_fab:instrumentation_fabric|alt_sld_fab_alt_sld_fab:alt_sld_fab|alt_sld_fab_alt_sld_fab_sldfabric:sldfabric|sld_jtag_hub:\jtag_hub_gen:real_sld_jtag_hub|sld_shadow_jsm:shadow_jsm|tms_cnt[0] ; sld_hub:auto_hub|alt_sld_fab_with_jtag_input:\instrumentation_fabric_with_node_gen:fabric_gen_new_way:with_jtag_input_gen:instrumentation_fabric|alt_sld_fab:instrumentation_fabric|alt_sld_fab_alt_sld_fab:alt_sld_fab|alt_sld_fab_alt_sld_fab_sldfabric:sldfabric|sld_jtag_hub:\jtag_hub_gen:real_sld_jtag_hub|sld_shadow_jsm:shadow_jsm|tms_cnt[1] ; altera_reserved_tck ; altera_reserved_tck ; 0.000        ; 0.039      ; 0.318      ;
; 0.196 ; jtag_to_avalon_mst_brg_01:u_jtag_avmm|jtag_to_avalon_mst_brg_01_master_0:master_0|altera_avalon_st_jtag_interface:jtag_phy_embedded_in_jtag_master|altera_jtag_dc_streaming:normal.jtag_dc_streaming|altera_jtag_streaming:jtag_streaming|idle_remover_sink_data[6]                                                                                   ; jtag_to_avalon_mst_brg_01:u_jtag_avmm|jtag_to_avalon_mst_brg_01_master_0:master_0|altera_avalon_st_jtag_interface:jtag_phy_embedded_in_jtag_master|altera_jtag_dc_streaming:normal.jtag_dc_streaming|altera_jtag_src_crosser:source_crosser|sink_data_buffer[6]                                                                                       ; altera_reserved_tck ; altera_reserved_tck ; 0.000        ; 0.039      ; 0.319      ;
; 0.196 ; jtag_to_avalon_mst_brg_01:u_jtag_avmm|jtag_to_avalon_mst_brg_01_master_0:master_0|altera_avalon_st_jtag_interface:jtag_phy_embedded_in_jtag_master|altera_jtag_dc_streaming:normal.jtag_dc_streaming|altera_jtag_streaming:jtag_streaming|idle_remover_sink_data[1]                                                                                   ; jtag_to_avalon_mst_brg_01:u_jtag_avmm|jtag_to_avalon_mst_brg_01_master_0:master_0|altera_avalon_st_jtag_interface:jtag_phy_embedded_in_jtag_master|altera_jtag_dc_streaming:normal.jtag_dc_streaming|altera_jtag_src_crosser:source_crosser|sink_data_buffer[1]                                                                                       ; altera_reserved_tck ; altera_reserved_tck ; 0.000        ; 0.039      ; 0.319      ;
; 0.196 ; jtag_to_avalon_mst_brg_01:u_jtag_avmm|jtag_to_avalon_mst_brg_01_master_0:master_0|altera_avalon_st_jtag_interface:jtag_phy_embedded_in_jtag_master|altera_jtag_dc_streaming:normal.jtag_dc_streaming|altera_jtag_streaming:jtag_streaming|dr_control[8]                                                                                               ; jtag_to_avalon_mst_brg_01:u_jtag_avmm|jtag_to_avalon_mst_brg_01_master_0:master_0|altera_avalon_st_jtag_interface:jtag_phy_embedded_in_jtag_master|altera_jtag_dc_streaming:normal.jtag_dc_streaming|altera_jtag_streaming:jtag_streaming|dr_control[7]                                                                                               ; altera_reserved_tck ; altera_reserved_tck ; 0.000        ; 0.039      ; 0.319      ;
; 0.197 ; sld_hub:auto_hub|alt_sld_fab_with_jtag_input:\instrumentation_fabric_with_node_gen:fabric_gen_new_way:with_jtag_input_gen:instrumentation_fabric|alt_sld_fab:instrumentation_fabric|alt_sld_fab_alt_sld_fab:alt_sld_fab|alt_sld_fab_alt_sld_fab_sldfabric:sldfabric|sld_jtag_hub:\jtag_hub_gen:real_sld_jtag_hub|sld_shadow_jsm:shadow_jsm|state[5]   ; sld_hub:auto_hub|alt_sld_fab_with_jtag_input:\instrumentation_fabric_with_node_gen:fabric_gen_new_way:with_jtag_input_gen:instrumentation_fabric|alt_sld_fab:instrumentation_fabric|alt_sld_fab_alt_sld_fab:alt_sld_fab|alt_sld_fab_alt_sld_fab_sldfabric:sldfabric|sld_jtag_hub:\jtag_hub_gen:real_sld_jtag_hub|reset_ena_reg                        ; altera_reserved_tck ; altera_reserved_tck ; 0.000        ; 0.040      ; 0.321      ;
; 0.197 ; sld_hub:auto_hub|alt_sld_fab_with_jtag_input:\instrumentation_fabric_with_node_gen:fabric_gen_new_way:with_jtag_input_gen:instrumentation_fabric|alt_sld_fab:instrumentation_fabric|alt_sld_fab_alt_sld_fab:alt_sld_fab|alt_sld_fab_alt_sld_fab_sldfabric:sldfabric|sld_jtag_hub:\jtag_hub_gen:real_sld_jtag_hub|jtag_ir_reg[2]                       ; sld_hub:auto_hub|alt_sld_fab_with_jtag_input:\instrumentation_fabric_with_node_gen:fabric_gen_new_way:with_jtag_input_gen:instrumentation_fabric|alt_sld_fab:instrumentation_fabric|alt_sld_fab_alt_sld_fab:alt_sld_fab|alt_sld_fab_alt_sld_fab_sldfabric:sldfabric|sld_jtag_hub:\jtag_hub_gen:real_sld_jtag_hub|jtag_ir_reg[1]                       ; altera_reserved_tck ; altera_reserved_tck ; 0.000        ; 0.039      ; 0.320      ;
; 0.197 ; sld_hub:auto_hub|alt_sld_fab_with_jtag_input:\instrumentation_fabric_with_node_gen:fabric_gen_new_way:with_jtag_input_gen:instrumentation_fabric|alt_sld_fab:instrumentation_fabric|alt_sld_fab_alt_sld_fab:alt_sld_fab|alt_sld_fab_alt_sld_fab_sldfabric:sldfabric|sld_jtag_hub:\jtag_hub_gen:real_sld_jtag_hub|sld_shadow_jsm:shadow_jsm|state[5]   ; sld_hub:auto_hub|alt_sld_fab_with_jtag_input:\instrumentation_fabric_with_node_gen:fabric_gen_new_way:with_jtag_input_gen:instrumentation_fabric|alt_sld_fab:instrumentation_fabric|alt_sld_fab_alt_sld_fab:alt_sld_fab|alt_sld_fab_alt_sld_fab_sldfabric:sldfabric|sld_jtag_hub:\jtag_hub_gen:real_sld_jtag_hub|sld_shadow_jsm:shadow_jsm|state[6]   ; altera_reserved_tck ; altera_reserved_tck ; 0.000        ; 0.040      ; 0.321      ;
; 0.198 ; jtag_to_avalon_mst_brg_01:u_jtag_avmm|jtag_to_avalon_mst_brg_01_master_0:master_0|altera_avalon_st_jtag_interface:jtag_phy_embedded_in_jtag_master|altera_jtag_dc_streaming:normal.jtag_dc_streaming|altera_jtag_streaming:jtag_streaming|dr_control[8]                                                                                               ; jtag_to_avalon_mst_brg_01:u_jtag_avmm|jtag_to_avalon_mst_brg_01_master_0:master_0|altera_avalon_st_jtag_interface:jtag_phy_embedded_in_jtag_master|altera_jtag_dc_streaming:normal.jtag_dc_streaming|altera_jtag_streaming:jtag_streaming|resetrequest                                                                                                ; altera_reserved_tck ; altera_reserved_tck ; 0.000        ; 0.039      ; 0.321      ;
; 0.198 ; sld_hub:auto_hub|alt_sld_fab_with_jtag_input:\instrumentation_fabric_with_node_gen:fabric_gen_new_way:with_jtag_input_gen:instrumentation_fabric|alt_sld_fab:instrumentation_fabric|alt_sld_fab_alt_sld_fab:alt_sld_fab|alt_sld_fab_alt_sld_fab_sldfabric:sldfabric|sld_jtag_hub:\jtag_hub_gen:real_sld_jtag_hub|jtag_ir_reg[7]                       ; sld_hub:auto_hub|alt_sld_fab_with_jtag_input:\instrumentation_fabric_with_node_gen:fabric_gen_new_way:with_jtag_input_gen:instrumentation_fabric|alt_sld_fab:instrumentation_fabric|alt_sld_fab_alt_sld_fab:alt_sld_fab|alt_sld_fab_alt_sld_fab_sldfabric:sldfabric|sld_jtag_hub:\jtag_hub_gen:real_sld_jtag_hub|jtag_ir_reg[6]                       ; altera_reserved_tck ; altera_reserved_tck ; 0.000        ; 0.039      ; 0.321      ;
; 0.198 ; sld_hub:auto_hub|alt_sld_fab_with_jtag_input:\instrumentation_fabric_with_node_gen:fabric_gen_new_way:with_jtag_input_gen:instrumentation_fabric|alt_sld_fab:instrumentation_fabric|alt_sld_fab_alt_sld_fab:alt_sld_fab|alt_sld_fab_alt_sld_fab_sldfabric:sldfabric|sld_jtag_hub:\jtag_hub_gen:real_sld_jtag_hub|sld_shadow_jsm:shadow_jsm|state[5]   ; sld_hub:auto_hub|alt_sld_fab_with_jtag_input:\instrumentation_fabric_with_node_gen:fabric_gen_new_way:with_jtag_input_gen:instrumentation_fabric|alt_sld_fab:instrumentation_fabric|alt_sld_fab_alt_sld_fab:alt_sld_fab|alt_sld_fab_alt_sld_fab_sldfabric:sldfabric|sld_jtag_hub:\jtag_hub_gen:real_sld_jtag_hub|sld_shadow_jsm:shadow_jsm|state[8]   ; altera_reserved_tck ; altera_reserved_tck ; 0.000        ; 0.040      ; 0.322      ;
; 0.198 ; sld_hub:auto_hub|alt_sld_fab_with_jtag_input:\instrumentation_fabric_with_node_gen:fabric_gen_new_way:with_jtag_input_gen:instrumentation_fabric|alt_sld_fab:instrumentation_fabric|alt_sld_fab_alt_sld_fab:alt_sld_fab|alt_sld_fab_alt_sld_fab_sldfabric:sldfabric|sld_jtag_hub:\jtag_hub_gen:real_sld_jtag_hub|sld_shadow_jsm:shadow_jsm|state[12]  ; sld_hub:auto_hub|alt_sld_fab_with_jtag_input:\instrumentation_fabric_with_node_gen:fabric_gen_new_way:with_jtag_input_gen:instrumentation_fabric|alt_sld_fab:instrumentation_fabric|alt_sld_fab_alt_sld_fab:alt_sld_fab|alt_sld_fab_alt_sld_fab_sldfabric:sldfabric|sld_jtag_hub:\jtag_hub_gen:real_sld_jtag_hub|sld_shadow_jsm:shadow_jsm|state[13]  ; altera_reserved_tck ; altera_reserved_tck ; 0.000        ; 0.039      ; 0.321      ;
; 0.198 ; sld_hub:auto_hub|alt_sld_fab_with_jtag_input:\instrumentation_fabric_with_node_gen:fabric_gen_new_way:with_jtag_input_gen:instrumentation_fabric|alt_sld_fab:instrumentation_fabric|alt_sld_fab_alt_sld_fab:alt_sld_fab|alt_sld_fab_alt_sld_fab_sldfabric:sldfabric|sld_jtag_hub:\jtag_hub_gen:real_sld_jtag_hub|sld_shadow_jsm:shadow_jsm|state[14]  ; sld_hub:auto_hub|alt_sld_fab_with_jtag_input:\instrumentation_fabric_with_node_gen:fabric_gen_new_way:with_jtag_input_gen:instrumentation_fabric|alt_sld_fab:instrumentation_fabric|alt_sld_fab_alt_sld_fab:alt_sld_fab|alt_sld_fab_alt_sld_fab_sldfabric:sldfabric|sld_jtag_hub:\jtag_hub_gen:real_sld_jtag_hub|sld_shadow_jsm:shadow_jsm|state[11]  ; altera_reserved_tck ; altera_reserved_tck ; 0.000        ; 0.039      ; 0.321      ;
; 0.198 ; sld_hub:auto_hub|alt_sld_fab_with_jtag_input:\instrumentation_fabric_with_node_gen:fabric_gen_new_way:with_jtag_input_gen:instrumentation_fabric|alt_sld_fab:instrumentation_fabric|alt_sld_fab_alt_sld_fab:alt_sld_fab|alt_sld_fab_alt_sld_fab_sldfabric:sldfabric|sld_jtag_hub:\jtag_hub_gen:real_sld_jtag_hub|sld_shadow_jsm:shadow_jsm|state[9]   ; sld_hub:auto_hub|alt_sld_fab_with_jtag_input:\instrumentation_fabric_with_node_gen:fabric_gen_new_way:with_jtag_input_gen:instrumentation_fabric|alt_sld_fab:instrumentation_fabric|alt_sld_fab_alt_sld_fab:alt_sld_fab|alt_sld_fab_alt_sld_fab_sldfabric:sldfabric|sld_jtag_hub:\jtag_hub_gen:real_sld_jtag_hub|sld_shadow_jsm:shadow_jsm|state[0]   ; altera_reserved_tck ; altera_reserved_tck ; 0.000        ; 0.039      ; 0.321      ;
; 0.199 ; jtag_to_avalon_mst_brg_01:u_jtag_avmm|jtag_to_avalon_mst_brg_01_master_0:master_0|altera_avalon_st_jtag_interface:jtag_phy_embedded_in_jtag_master|altera_jtag_dc_streaming:normal.jtag_dc_streaming|altera_jtag_streaming:jtag_streaming|idle_remover_sink_data[5]                                                                                   ; jtag_to_avalon_mst_brg_01:u_jtag_avmm|jtag_to_avalon_mst_brg_01_master_0:master_0|altera_avalon_st_jtag_interface:jtag_phy_embedded_in_jtag_master|altera_jtag_dc_streaming:normal.jtag_dc_streaming|altera_jtag_src_crosser:source_crosser|sink_data_buffer[5]                                                                                       ; altera_reserved_tck ; altera_reserved_tck ; 0.000        ; 0.039      ; 0.322      ;
; 0.200 ; jtag_to_avalon_mst_brg_01:u_jtag_avmm|jtag_to_avalon_mst_brg_01_master_0:master_0|altera_avalon_st_jtag_interface:jtag_phy_embedded_in_jtag_master|altera_jtag_dc_streaming:normal.jtag_dc_streaming|altera_jtag_streaming:jtag_streaming|idle_remover_sink_data[0]                                                                                   ; jtag_to_avalon_mst_brg_01:u_jtag_avmm|jtag_to_avalon_mst_brg_01_master_0:master_0|altera_avalon_st_jtag_interface:jtag_phy_embedded_in_jtag_master|altera_jtag_dc_streaming:normal.jtag_dc_streaming|altera_jtag_src_crosser:source_crosser|sink_data_buffer[0]                                                                                       ; altera_reserved_tck ; altera_reserved_tck ; 0.000        ; 0.039      ; 0.323      ;
; 0.201 ; jtag_to_avalon_mst_brg_01:u_jtag_avmm|jtag_to_avalon_mst_brg_01_master_0:master_0|altera_avalon_st_jtag_interface:jtag_phy_embedded_in_jtag_master|altera_jtag_dc_streaming:normal.jtag_dc_streaming|altera_jtag_streaming:jtag_streaming|header_in[7]                                                                                                ; jtag_to_avalon_mst_brg_01:u_jtag_avmm|jtag_to_avalon_mst_brg_01_master_0:master_0|altera_avalon_st_jtag_interface:jtag_phy_embedded_in_jtag_master|altera_jtag_dc_streaming:normal.jtag_dc_streaming|altera_jtag_streaming:jtag_streaming|header_in[6]                                                                                                ; altera_reserved_tck ; altera_reserved_tck ; 0.000        ; 0.039      ; 0.324      ;
; 0.201 ; sld_hub:auto_hub|alt_sld_fab_with_jtag_input:\instrumentation_fabric_with_node_gen:fabric_gen_new_way:with_jtag_input_gen:instrumentation_fabric|alt_sld_fab:instrumentation_fabric|alt_sld_fab_alt_sld_fab:alt_sld_fab|alt_sld_fab_alt_sld_fab_sldfabric:sldfabric|sld_jtag_hub:\jtag_hub_gen:real_sld_jtag_hub|sld_shadow_jsm:shadow_jsm|state[7]   ; sld_hub:auto_hub|alt_sld_fab_with_jtag_input:\instrumentation_fabric_with_node_gen:fabric_gen_new_way:with_jtag_input_gen:instrumentation_fabric|alt_sld_fab:instrumentation_fabric|alt_sld_fab_alt_sld_fab:alt_sld_fab|alt_sld_fab_alt_sld_fab_sldfabric:sldfabric|sld_jtag_hub:\jtag_hub_gen:real_sld_jtag_hub|sld_shadow_jsm:shadow_jsm|state[4]   ; altera_reserved_tck ; altera_reserved_tck ; 0.000        ; 0.040      ; 0.325      ;
; 0.202 ; jtag_to_avalon_mst_brg_01:u_jtag_avmm|jtag_to_avalon_mst_brg_01_master_0:master_0|altera_avalon_st_jtag_interface:jtag_phy_embedded_in_jtag_master|altera_jtag_dc_streaming:normal.jtag_dc_streaming|altera_jtag_streaming:jtag_streaming|dr_data_in[5]                                                                                               ; jtag_to_avalon_mst_brg_01:u_jtag_avmm|jtag_to_avalon_mst_brg_01_master_0:master_0|altera_avalon_st_jtag_interface:jtag_phy_embedded_in_jtag_master|altera_jtag_dc_streaming:normal.jtag_dc_streaming|altera_jtag_streaming:jtag_streaming|dr_data_in[4]                                                                                               ; altera_reserved_tck ; altera_reserved_tck ; 0.000        ; 0.039      ; 0.325      ;
; 0.202 ; jtag_to_avalon_mst_brg_01:u_jtag_avmm|jtag_to_avalon_mst_brg_01_master_0:master_0|altera_avalon_st_jtag_interface:jtag_phy_embedded_in_jtag_master|altera_jtag_dc_streaming:normal.jtag_dc_streaming|altera_jtag_streaming:jtag_streaming|dr_data_in[6]                                                                                               ; jtag_to_avalon_mst_brg_01:u_jtag_avmm|jtag_to_avalon_mst_brg_01_master_0:master_0|altera_avalon_st_jtag_interface:jtag_phy_embedded_in_jtag_master|altera_jtag_dc_streaming:normal.jtag_dc_streaming|altera_jtag_streaming:jtag_streaming|dr_data_in[5]                                                                                               ; altera_reserved_tck ; altera_reserved_tck ; 0.000        ; 0.039      ; 0.325      ;
; 0.202 ; jtag_to_avalon_mst_brg_01:u_jtag_avmm|jtag_to_avalon_mst_brg_01_master_0:master_0|altera_avalon_st_jtag_interface:jtag_phy_embedded_in_jtag_master|altera_jtag_dc_streaming:normal.jtag_dc_streaming|altera_jtag_streaming:jtag_streaming|header_in[11]                                                                                               ; jtag_to_avalon_mst_brg_01:u_jtag_avmm|jtag_to_avalon_mst_brg_01_master_0:master_0|altera_avalon_st_jtag_interface:jtag_phy_embedded_in_jtag_master|altera_jtag_dc_streaming:normal.jtag_dc_streaming|altera_jtag_streaming:jtag_streaming|header_in[10]                                                                                               ; altera_reserved_tck ; altera_reserved_tck ; 0.000        ; 0.039      ; 0.325      ;
; 0.202 ; jtag_to_avalon_mst_brg_01:u_jtag_avmm|jtag_to_avalon_mst_brg_01_master_0:master_0|altera_avalon_st_jtag_interface:jtag_phy_embedded_in_jtag_master|altera_jtag_dc_streaming:normal.jtag_dc_streaming|altera_jtag_streaming:jtag_streaming|header_in[13]                                                                                               ; jtag_to_avalon_mst_brg_01:u_jtag_avmm|jtag_to_avalon_mst_brg_01_master_0:master_0|altera_avalon_st_jtag_interface:jtag_phy_embedded_in_jtag_master|altera_jtag_dc_streaming:normal.jtag_dc_streaming|altera_jtag_streaming:jtag_streaming|header_in[12]                                                                                               ; altera_reserved_tck ; altera_reserved_tck ; 0.000        ; 0.039      ; 0.325      ;
; 0.202 ; jtag_to_avalon_mst_brg_01:u_jtag_avmm|jtag_to_avalon_mst_brg_01_master_0:master_0|altera_avalon_st_jtag_interface:jtag_phy_embedded_in_jtag_master|altera_jtag_dc_streaming:normal.jtag_dc_streaming|altera_jtag_streaming:jtag_streaming|header_in[14]                                                                                               ; jtag_to_avalon_mst_brg_01:u_jtag_avmm|jtag_to_avalon_mst_brg_01_master_0:master_0|altera_avalon_st_jtag_interface:jtag_phy_embedded_in_jtag_master|altera_jtag_dc_streaming:normal.jtag_dc_streaming|altera_jtag_streaming:jtag_streaming|header_in[13]                                                                                               ; altera_reserved_tck ; altera_reserved_tck ; 0.000        ; 0.039      ; 0.325      ;
; 0.202 ; jtag_to_avalon_mst_brg_01:u_jtag_avmm|jtag_to_avalon_mst_brg_01_master_0:master_0|altera_avalon_st_jtag_interface:jtag_phy_embedded_in_jtag_master|altera_jtag_dc_streaming:normal.jtag_dc_streaming|altera_jtag_streaming:jtag_streaming|dr_control[6]                                                                                               ; jtag_to_avalon_mst_brg_01:u_jtag_avmm|jtag_to_avalon_mst_brg_01_master_0:master_0|altera_avalon_st_jtag_interface:jtag_phy_embedded_in_jtag_master|altera_jtag_dc_streaming:normal.jtag_dc_streaming|altera_jtag_streaming:jtag_streaming|dr_control[5]                                                                                               ; altera_reserved_tck ; altera_reserved_tck ; 0.000        ; 0.039      ; 0.325      ;
; 0.202 ; sld_hub:auto_hub|alt_sld_fab_with_jtag_input:\instrumentation_fabric_with_node_gen:fabric_gen_new_way:with_jtag_input_gen:instrumentation_fabric|alt_sld_fab:instrumentation_fabric|alt_sld_fab_alt_sld_fab:alt_sld_fab|alt_sld_fab_alt_sld_fab_sldfabric:sldfabric|sld_jtag_hub:\jtag_hub_gen:real_sld_jtag_hub|sld_shadow_jsm:shadow_jsm|state[1]   ; sld_hub:auto_hub|alt_sld_fab_with_jtag_input:\instrumentation_fabric_with_node_gen:fabric_gen_new_way:with_jtag_input_gen:instrumentation_fabric|alt_sld_fab:instrumentation_fabric|alt_sld_fab_alt_sld_fab:alt_sld_fab|alt_sld_fab_alt_sld_fab_sldfabric:sldfabric|sld_jtag_hub:\jtag_hub_gen:real_sld_jtag_hub|sld_shadow_jsm:shadow_jsm|state[2]   ; altera_reserved_tck ; altera_reserved_tck ; 0.000        ; 0.039      ; 0.325      ;
+-------+-------------------------------------------------------------------------------------------------------------------------------------------------------------------------------------------------------------------------------------------------------------------------------------------------------------------------------------------------------+-------------------------------------------------------------------------------------------------------------------------------------------------------------------------------------------------------------------------------------------------------------------------------------------------------------------------------------------------------+---------------------+---------------------+--------------+------------+------------+


+------------------------------------------------------------------------------------------------------------------------------------------------------------------------------------------------------------------------------------------------------------------------------------------------------------------------------------------------------------------------------------------------------------------------------------------------------------------------------------------------------------------------------------------------------------------------------------------------------------------------------------------------------------------------------------------------------------------------------------------------------------------------------------------+
; Fast 1200mV 0C Model Recovery: 'altera_reserved_tck'                                                                                                                                                                                                                                                                                                                                                                                                                                                                                                                                                                                                                                                                                                                                     ;
+--------+-----------------------------------------------------------------------------------------------------------------------------------------------------------------------------------------------------------------------------------------------------------------------------------------------------------------------------------------------------+--------------------------------------------------------------------------------------------------------------------------------------------------------------------------------------------------------------------------------------------------------------------------------------------------------------------------------------+---------------------+---------------------+--------------+------------+------------+
; Slack  ; From Node                                                                                                                                                                                                                                                                                                                                           ; To Node                                                                                                                                                                                                                                                                                                                              ; Launch Clock        ; Latch Clock         ; Relationship ; Clock Skew ; Data Delay ;
+--------+-----------------------------------------------------------------------------------------------------------------------------------------------------------------------------------------------------------------------------------------------------------------------------------------------------------------------------------------------------+--------------------------------------------------------------------------------------------------------------------------------------------------------------------------------------------------------------------------------------------------------------------------------------------------------------------------------------+---------------------+---------------------+--------------+------------+------------+
; 98.781 ; jtag_to_avalon_mst_brg_01:u_jtag_avmm|jtag_to_avalon_mst_brg_01_master_0:master_0|altera_avalon_st_jtag_interface:jtag_phy_embedded_in_jtag_master|altera_jtag_dc_streaming:normal.jtag_dc_streaming|altera_std_synchronizer:synchronizer|dreg[1]                                                                                                   ; jtag_to_avalon_mst_brg_01:u_jtag_avmm|jtag_to_avalon_mst_brg_01_master_0:master_0|altera_avalon_st_jtag_interface:jtag_phy_embedded_in_jtag_master|altera_jtag_dc_streaming:normal.jtag_dc_streaming|altera_avalon_st_clock_crosser:sink_crosser|out_data_buffer[4]                                                                  ; altera_reserved_tck ; altera_reserved_tck ; 100.000      ; -0.055     ; 1.171      ;
; 98.781 ; jtag_to_avalon_mst_brg_01:u_jtag_avmm|jtag_to_avalon_mst_brg_01_master_0:master_0|altera_avalon_st_jtag_interface:jtag_phy_embedded_in_jtag_master|altera_jtag_dc_streaming:normal.jtag_dc_streaming|altera_std_synchronizer:synchronizer|dreg[1]                                                                                                   ; jtag_to_avalon_mst_brg_01:u_jtag_avmm|jtag_to_avalon_mst_brg_01_master_0:master_0|altera_avalon_st_jtag_interface:jtag_phy_embedded_in_jtag_master|altera_jtag_dc_streaming:normal.jtag_dc_streaming|altera_avalon_st_clock_crosser:sink_crosser|out_data_buffer[0]                                                                  ; altera_reserved_tck ; altera_reserved_tck ; 100.000      ; -0.055     ; 1.171      ;
; 98.781 ; jtag_to_avalon_mst_brg_01:u_jtag_avmm|jtag_to_avalon_mst_brg_01_master_0:master_0|altera_avalon_st_jtag_interface:jtag_phy_embedded_in_jtag_master|altera_jtag_dc_streaming:normal.jtag_dc_streaming|altera_std_synchronizer:synchronizer|dreg[1]                                                                                                   ; jtag_to_avalon_mst_brg_01:u_jtag_avmm|jtag_to_avalon_mst_brg_01_master_0:master_0|altera_avalon_st_jtag_interface:jtag_phy_embedded_in_jtag_master|altera_jtag_dc_streaming:normal.jtag_dc_streaming|altera_avalon_st_clock_crosser:sink_crosser|out_data_buffer[2]                                                                  ; altera_reserved_tck ; altera_reserved_tck ; 100.000      ; -0.055     ; 1.171      ;
; 98.781 ; jtag_to_avalon_mst_brg_01:u_jtag_avmm|jtag_to_avalon_mst_brg_01_master_0:master_0|altera_avalon_st_jtag_interface:jtag_phy_embedded_in_jtag_master|altera_jtag_dc_streaming:normal.jtag_dc_streaming|altera_std_synchronizer:synchronizer|dreg[1]                                                                                                   ; jtag_to_avalon_mst_brg_01:u_jtag_avmm|jtag_to_avalon_mst_brg_01_master_0:master_0|altera_avalon_st_jtag_interface:jtag_phy_embedded_in_jtag_master|altera_jtag_dc_streaming:normal.jtag_dc_streaming|altera_avalon_st_clock_crosser:sink_crosser|out_data_buffer[1]                                                                  ; altera_reserved_tck ; altera_reserved_tck ; 100.000      ; -0.055     ; 1.171      ;
; 98.781 ; jtag_to_avalon_mst_brg_01:u_jtag_avmm|jtag_to_avalon_mst_brg_01_master_0:master_0|altera_avalon_st_jtag_interface:jtag_phy_embedded_in_jtag_master|altera_jtag_dc_streaming:normal.jtag_dc_streaming|altera_std_synchronizer:synchronizer|dreg[1]                                                                                                   ; jtag_to_avalon_mst_brg_01:u_jtag_avmm|jtag_to_avalon_mst_brg_01_master_0:master_0|altera_avalon_st_jtag_interface:jtag_phy_embedded_in_jtag_master|altera_jtag_dc_streaming:normal.jtag_dc_streaming|altera_avalon_st_clock_crosser:sink_crosser|out_data_buffer[7]                                                                  ; altera_reserved_tck ; altera_reserved_tck ; 100.000      ; -0.055     ; 1.171      ;
; 98.781 ; jtag_to_avalon_mst_brg_01:u_jtag_avmm|jtag_to_avalon_mst_brg_01_master_0:master_0|altera_avalon_st_jtag_interface:jtag_phy_embedded_in_jtag_master|altera_jtag_dc_streaming:normal.jtag_dc_streaming|altera_std_synchronizer:synchronizer|dreg[1]                                                                                                   ; jtag_to_avalon_mst_brg_01:u_jtag_avmm|jtag_to_avalon_mst_brg_01_master_0:master_0|altera_avalon_st_jtag_interface:jtag_phy_embedded_in_jtag_master|altera_jtag_dc_streaming:normal.jtag_dc_streaming|altera_avalon_st_clock_crosser:sink_crosser|out_data_buffer[6]                                                                  ; altera_reserved_tck ; altera_reserved_tck ; 100.000      ; -0.055     ; 1.171      ;
; 98.781 ; jtag_to_avalon_mst_brg_01:u_jtag_avmm|jtag_to_avalon_mst_brg_01_master_0:master_0|altera_avalon_st_jtag_interface:jtag_phy_embedded_in_jtag_master|altera_jtag_dc_streaming:normal.jtag_dc_streaming|altera_std_synchronizer:synchronizer|dreg[1]                                                                                                   ; jtag_to_avalon_mst_brg_01:u_jtag_avmm|jtag_to_avalon_mst_brg_01_master_0:master_0|altera_avalon_st_jtag_interface:jtag_phy_embedded_in_jtag_master|altera_jtag_dc_streaming:normal.jtag_dc_streaming|altera_avalon_st_clock_crosser:sink_crosser|out_data_buffer[5]                                                                  ; altera_reserved_tck ; altera_reserved_tck ; 100.000      ; -0.055     ; 1.171      ;
; 98.781 ; jtag_to_avalon_mst_brg_01:u_jtag_avmm|jtag_to_avalon_mst_brg_01_master_0:master_0|altera_avalon_st_jtag_interface:jtag_phy_embedded_in_jtag_master|altera_jtag_dc_streaming:normal.jtag_dc_streaming|altera_std_synchronizer:synchronizer|dreg[1]                                                                                                   ; jtag_to_avalon_mst_brg_01:u_jtag_avmm|jtag_to_avalon_mst_brg_01_master_0:master_0|altera_avalon_st_jtag_interface:jtag_phy_embedded_in_jtag_master|altera_jtag_dc_streaming:normal.jtag_dc_streaming|altera_avalon_st_clock_crosser:sink_crosser|out_data_buffer[3]                                                                  ; altera_reserved_tck ; altera_reserved_tck ; 100.000      ; -0.055     ; 1.171      ;
; 98.791 ; jtag_to_avalon_mst_brg_01:u_jtag_avmm|jtag_to_avalon_mst_brg_01_master_0:master_0|altera_avalon_st_jtag_interface:jtag_phy_embedded_in_jtag_master|altera_jtag_dc_streaming:normal.jtag_dc_streaming|altera_std_synchronizer:synchronizer|dreg[1]                                                                                                   ; jtag_to_avalon_mst_brg_01:u_jtag_avmm|jtag_to_avalon_mst_brg_01_master_0:master_0|altera_avalon_st_jtag_interface:jtag_phy_embedded_in_jtag_master|altera_jtag_dc_streaming:normal.jtag_dc_streaming|altera_jtag_streaming:jtag_streaming|altera_avalon_st_idle_remover:idle_remover|received_esc                                    ; altera_reserved_tck ; altera_reserved_tck ; 100.000      ; -0.053     ; 1.163      ;
; 98.791 ; jtag_to_avalon_mst_brg_01:u_jtag_avmm|jtag_to_avalon_mst_brg_01_master_0:master_0|altera_avalon_st_jtag_interface:jtag_phy_embedded_in_jtag_master|altera_jtag_dc_streaming:normal.jtag_dc_streaming|altera_std_synchronizer:synchronizer|dreg[1]                                                                                                   ; jtag_to_avalon_mst_brg_01:u_jtag_avmm|jtag_to_avalon_mst_brg_01_master_0:master_0|altera_avalon_st_jtag_interface:jtag_phy_embedded_in_jtag_master|altera_jtag_dc_streaming:normal.jtag_dc_streaming|altera_jtag_src_crosser:source_crosser|sink_valid_buffer                                                                        ; altera_reserved_tck ; altera_reserved_tck ; 100.000      ; -0.053     ; 1.163      ;
; 98.796 ; sld_hub:auto_hub|alt_sld_fab_with_jtag_input:\instrumentation_fabric_with_node_gen:fabric_gen_new_way:with_jtag_input_gen:instrumentation_fabric|alt_sld_fab:instrumentation_fabric|alt_sld_fab_alt_sld_fab:alt_sld_fab|alt_sld_fab_alt_sld_fab_sldfabric:sldfabric|sld_jtag_hub:\jtag_hub_gen:real_sld_jtag_hub|virtual_ir_scan_reg                ; sld_hub:auto_hub|alt_sld_fab_with_jtag_input:\instrumentation_fabric_with_node_gen:fabric_gen_new_way:with_jtag_input_gen:instrumentation_fabric|alt_sld_fab:instrumentation_fabric|alt_sld_fab_alt_sld_fab:alt_sld_fab|alt_sld_fab_alt_sld_fab_sldfabric:sldfabric|sld_jtag_hub:\jtag_hub_gen:real_sld_jtag_hub|hub_mode_reg[2]     ; altera_reserved_tck ; altera_reserved_tck ; 100.000      ; -0.027     ; 1.184      ;
; 98.816 ; jtag_to_avalon_mst_brg_01:u_jtag_avmm|jtag_to_avalon_mst_brg_01_master_0:master_0|altera_avalon_st_jtag_interface:jtag_phy_embedded_in_jtag_master|altera_jtag_dc_streaming:normal.jtag_dc_streaming|altera_std_synchronizer:synchronizer|dreg[1]                                                                                                   ; jtag_to_avalon_mst_brg_01:u_jtag_avmm|jtag_to_avalon_mst_brg_01_master_0:master_0|altera_avalon_st_jtag_interface:jtag_phy_embedded_in_jtag_master|altera_jtag_dc_streaming:normal.jtag_dc_streaming|altera_jtag_src_crosser:source_crosser|sink_data_buffer[5]                                                                      ; altera_reserved_tck ; altera_reserved_tck ; 100.000      ; -0.058     ; 1.133      ;
; 98.816 ; jtag_to_avalon_mst_brg_01:u_jtag_avmm|jtag_to_avalon_mst_brg_01_master_0:master_0|altera_avalon_st_jtag_interface:jtag_phy_embedded_in_jtag_master|altera_jtag_dc_streaming:normal.jtag_dc_streaming|altera_std_synchronizer:synchronizer|dreg[1]                                                                                                   ; jtag_to_avalon_mst_brg_01:u_jtag_avmm|jtag_to_avalon_mst_brg_01_master_0:master_0|altera_avalon_st_jtag_interface:jtag_phy_embedded_in_jtag_master|altera_jtag_dc_streaming:normal.jtag_dc_streaming|altera_jtag_src_crosser:source_crosser|sink_data_buffer[7]                                                                      ; altera_reserved_tck ; altera_reserved_tck ; 100.000      ; -0.058     ; 1.133      ;
; 98.816 ; jtag_to_avalon_mst_brg_01:u_jtag_avmm|jtag_to_avalon_mst_brg_01_master_0:master_0|altera_avalon_st_jtag_interface:jtag_phy_embedded_in_jtag_master|altera_jtag_dc_streaming:normal.jtag_dc_streaming|altera_std_synchronizer:synchronizer|dreg[1]                                                                                                   ; jtag_to_avalon_mst_brg_01:u_jtag_avmm|jtag_to_avalon_mst_brg_01_master_0:master_0|altera_avalon_st_jtag_interface:jtag_phy_embedded_in_jtag_master|altera_jtag_dc_streaming:normal.jtag_dc_streaming|altera_jtag_src_crosser:source_crosser|sink_data_buffer[6]                                                                      ; altera_reserved_tck ; altera_reserved_tck ; 100.000      ; -0.058     ; 1.133      ;
; 98.816 ; jtag_to_avalon_mst_brg_01:u_jtag_avmm|jtag_to_avalon_mst_brg_01_master_0:master_0|altera_avalon_st_jtag_interface:jtag_phy_embedded_in_jtag_master|altera_jtag_dc_streaming:normal.jtag_dc_streaming|altera_std_synchronizer:synchronizer|dreg[1]                                                                                                   ; jtag_to_avalon_mst_brg_01:u_jtag_avmm|jtag_to_avalon_mst_brg_01_master_0:master_0|altera_avalon_st_jtag_interface:jtag_phy_embedded_in_jtag_master|altera_jtag_dc_streaming:normal.jtag_dc_streaming|altera_jtag_src_crosser:source_crosser|sink_data_buffer[4]                                                                      ; altera_reserved_tck ; altera_reserved_tck ; 100.000      ; -0.058     ; 1.133      ;
; 98.816 ; jtag_to_avalon_mst_brg_01:u_jtag_avmm|jtag_to_avalon_mst_brg_01_master_0:master_0|altera_avalon_st_jtag_interface:jtag_phy_embedded_in_jtag_master|altera_jtag_dc_streaming:normal.jtag_dc_streaming|altera_std_synchronizer:synchronizer|dreg[1]                                                                                                   ; jtag_to_avalon_mst_brg_01:u_jtag_avmm|jtag_to_avalon_mst_brg_01_master_0:master_0|altera_avalon_st_jtag_interface:jtag_phy_embedded_in_jtag_master|altera_jtag_dc_streaming:normal.jtag_dc_streaming|altera_jtag_src_crosser:source_crosser|sink_data_buffer[3]                                                                      ; altera_reserved_tck ; altera_reserved_tck ; 100.000      ; -0.058     ; 1.133      ;
; 98.816 ; jtag_to_avalon_mst_brg_01:u_jtag_avmm|jtag_to_avalon_mst_brg_01_master_0:master_0|altera_avalon_st_jtag_interface:jtag_phy_embedded_in_jtag_master|altera_jtag_dc_streaming:normal.jtag_dc_streaming|altera_std_synchronizer:synchronizer|dreg[1]                                                                                                   ; jtag_to_avalon_mst_brg_01:u_jtag_avmm|jtag_to_avalon_mst_brg_01_master_0:master_0|altera_avalon_st_jtag_interface:jtag_phy_embedded_in_jtag_master|altera_jtag_dc_streaming:normal.jtag_dc_streaming|altera_jtag_src_crosser:source_crosser|sink_data_buffer[2]                                                                      ; altera_reserved_tck ; altera_reserved_tck ; 100.000      ; -0.058     ; 1.133      ;
; 98.816 ; jtag_to_avalon_mst_brg_01:u_jtag_avmm|jtag_to_avalon_mst_brg_01_master_0:master_0|altera_avalon_st_jtag_interface:jtag_phy_embedded_in_jtag_master|altera_jtag_dc_streaming:normal.jtag_dc_streaming|altera_std_synchronizer:synchronizer|dreg[1]                                                                                                   ; jtag_to_avalon_mst_brg_01:u_jtag_avmm|jtag_to_avalon_mst_brg_01_master_0:master_0|altera_avalon_st_jtag_interface:jtag_phy_embedded_in_jtag_master|altera_jtag_dc_streaming:normal.jtag_dc_streaming|altera_jtag_src_crosser:source_crosser|sink_data_buffer[1]                                                                      ; altera_reserved_tck ; altera_reserved_tck ; 100.000      ; -0.058     ; 1.133      ;
; 98.816 ; jtag_to_avalon_mst_brg_01:u_jtag_avmm|jtag_to_avalon_mst_brg_01_master_0:master_0|altera_avalon_st_jtag_interface:jtag_phy_embedded_in_jtag_master|altera_jtag_dc_streaming:normal.jtag_dc_streaming|altera_std_synchronizer:synchronizer|dreg[1]                                                                                                   ; jtag_to_avalon_mst_brg_01:u_jtag_avmm|jtag_to_avalon_mst_brg_01_master_0:master_0|altera_avalon_st_jtag_interface:jtag_phy_embedded_in_jtag_master|altera_jtag_dc_streaming:normal.jtag_dc_streaming|altera_jtag_src_crosser:source_crosser|sink_data_buffer[0]                                                                      ; altera_reserved_tck ; altera_reserved_tck ; 100.000      ; -0.058     ; 1.133      ;
; 98.821 ; sld_hub:auto_hub|alt_sld_fab_with_jtag_input:\instrumentation_fabric_with_node_gen:fabric_gen_new_way:with_jtag_input_gen:instrumentation_fabric|alt_sld_fab:instrumentation_fabric|alt_sld_fab_alt_sld_fab:alt_sld_fab|alt_sld_fab_alt_sld_fab_sldfabric:sldfabric|sld_jtag_hub:\jtag_hub_gen:real_sld_jtag_hub|clr_reg                            ; sld_hub:auto_hub|alt_sld_fab_with_jtag_input:\instrumentation_fabric_with_node_gen:fabric_gen_new_way:with_jtag_input_gen:instrumentation_fabric|alt_sld_fab:instrumentation_fabric|alt_sld_fab_alt_sld_fab:alt_sld_fab|alt_sld_fab_alt_sld_fab_sldfabric:sldfabric|sld_jtag_hub:\jtag_hub_gen:real_sld_jtag_hub|irf_reg[1][1]       ; altera_reserved_tck ; altera_reserved_tck ; 100.000      ; -0.068     ; 1.118      ;
; 98.821 ; sld_hub:auto_hub|alt_sld_fab_with_jtag_input:\instrumentation_fabric_with_node_gen:fabric_gen_new_way:with_jtag_input_gen:instrumentation_fabric|alt_sld_fab:instrumentation_fabric|alt_sld_fab_alt_sld_fab:alt_sld_fab|alt_sld_fab_alt_sld_fab_sldfabric:sldfabric|sld_jtag_hub:\jtag_hub_gen:real_sld_jtag_hub|clr_reg                            ; sld_hub:auto_hub|alt_sld_fab_with_jtag_input:\instrumentation_fabric_with_node_gen:fabric_gen_new_way:with_jtag_input_gen:instrumentation_fabric|alt_sld_fab:instrumentation_fabric|alt_sld_fab_alt_sld_fab:alt_sld_fab|alt_sld_fab_alt_sld_fab_sldfabric:sldfabric|sld_jtag_hub:\jtag_hub_gen:real_sld_jtag_hub|irf_reg[1][0]       ; altera_reserved_tck ; altera_reserved_tck ; 100.000      ; -0.068     ; 1.118      ;
; 98.821 ; sld_hub:auto_hub|alt_sld_fab_with_jtag_input:\instrumentation_fabric_with_node_gen:fabric_gen_new_way:with_jtag_input_gen:instrumentation_fabric|alt_sld_fab:instrumentation_fabric|alt_sld_fab_alt_sld_fab:alt_sld_fab|alt_sld_fab_alt_sld_fab_sldfabric:sldfabric|sld_jtag_hub:\jtag_hub_gen:real_sld_jtag_hub|clr_reg                            ; sld_hub:auto_hub|alt_sld_fab_with_jtag_input:\instrumentation_fabric_with_node_gen:fabric_gen_new_way:with_jtag_input_gen:instrumentation_fabric|alt_sld_fab:instrumentation_fabric|alt_sld_fab_alt_sld_fab:alt_sld_fab|alt_sld_fab_alt_sld_fab_sldfabric:sldfabric|sld_jtag_hub:\jtag_hub_gen:real_sld_jtag_hub|irf_reg[1][2]       ; altera_reserved_tck ; altera_reserved_tck ; 100.000      ; -0.068     ; 1.118      ;
; 98.834 ; jtag_to_avalon_mst_brg_01:u_jtag_avmm|jtag_to_avalon_mst_brg_01_master_0:master_0|altera_avalon_st_jtag_interface:jtag_phy_embedded_in_jtag_master|altera_jtag_dc_streaming:normal.jtag_dc_streaming|altera_std_synchronizer:synchronizer|dreg[1]                                                                                                   ; jtag_to_avalon_mst_brg_01:u_jtag_avmm|jtag_to_avalon_mst_brg_01_master_0:master_0|altera_avalon_st_jtag_interface:jtag_phy_embedded_in_jtag_master|altera_jtag_dc_streaming:normal.jtag_dc_streaming|altera_avalon_st_clock_crosser:sink_crosser|altera_avalon_st_pipeline_base:output_stage|data1[3]                                ; altera_reserved_tck ; altera_reserved_tck ; 100.000      ; -0.043     ; 1.130      ;
; 98.834 ; jtag_to_avalon_mst_brg_01:u_jtag_avmm|jtag_to_avalon_mst_brg_01_master_0:master_0|altera_avalon_st_jtag_interface:jtag_phy_embedded_in_jtag_master|altera_jtag_dc_streaming:normal.jtag_dc_streaming|altera_std_synchronizer:synchronizer|dreg[1]                                                                                                   ; jtag_to_avalon_mst_brg_01:u_jtag_avmm|jtag_to_avalon_mst_brg_01_master_0:master_0|altera_avalon_st_jtag_interface:jtag_phy_embedded_in_jtag_master|altera_jtag_dc_streaming:normal.jtag_dc_streaming|altera_avalon_st_clock_crosser:sink_crosser|altera_avalon_st_pipeline_base:output_stage|data1[5]                                ; altera_reserved_tck ; altera_reserved_tck ; 100.000      ; -0.043     ; 1.130      ;
; 98.834 ; jtag_to_avalon_mst_brg_01:u_jtag_avmm|jtag_to_avalon_mst_brg_01_master_0:master_0|altera_avalon_st_jtag_interface:jtag_phy_embedded_in_jtag_master|altera_jtag_dc_streaming:normal.jtag_dc_streaming|altera_std_synchronizer:synchronizer|dreg[1]                                                                                                   ; jtag_to_avalon_mst_brg_01:u_jtag_avmm|jtag_to_avalon_mst_brg_01_master_0:master_0|altera_avalon_st_jtag_interface:jtag_phy_embedded_in_jtag_master|altera_jtag_dc_streaming:normal.jtag_dc_streaming|altera_avalon_st_clock_crosser:sink_crosser|altera_avalon_st_pipeline_base:output_stage|data1[6]                                ; altera_reserved_tck ; altera_reserved_tck ; 100.000      ; -0.043     ; 1.130      ;
; 98.834 ; jtag_to_avalon_mst_brg_01:u_jtag_avmm|jtag_to_avalon_mst_brg_01_master_0:master_0|altera_avalon_st_jtag_interface:jtag_phy_embedded_in_jtag_master|altera_jtag_dc_streaming:normal.jtag_dc_streaming|altera_std_synchronizer:synchronizer|dreg[1]                                                                                                   ; jtag_to_avalon_mst_brg_01:u_jtag_avmm|jtag_to_avalon_mst_brg_01_master_0:master_0|altera_avalon_st_jtag_interface:jtag_phy_embedded_in_jtag_master|altera_jtag_dc_streaming:normal.jtag_dc_streaming|altera_avalon_st_clock_crosser:sink_crosser|altera_avalon_st_pipeline_base:output_stage|data1[7]                                ; altera_reserved_tck ; altera_reserved_tck ; 100.000      ; -0.043     ; 1.130      ;
; 98.834 ; jtag_to_avalon_mst_brg_01:u_jtag_avmm|jtag_to_avalon_mst_brg_01_master_0:master_0|altera_avalon_st_jtag_interface:jtag_phy_embedded_in_jtag_master|altera_jtag_dc_streaming:normal.jtag_dc_streaming|altera_std_synchronizer:synchronizer|dreg[1]                                                                                                   ; jtag_to_avalon_mst_brg_01:u_jtag_avmm|jtag_to_avalon_mst_brg_01_master_0:master_0|altera_avalon_st_jtag_interface:jtag_phy_embedded_in_jtag_master|altera_jtag_dc_streaming:normal.jtag_dc_streaming|altera_avalon_st_clock_crosser:sink_crosser|altera_avalon_st_pipeline_base:output_stage|data1[1]                                ; altera_reserved_tck ; altera_reserved_tck ; 100.000      ; -0.043     ; 1.130      ;
; 98.834 ; jtag_to_avalon_mst_brg_01:u_jtag_avmm|jtag_to_avalon_mst_brg_01_master_0:master_0|altera_avalon_st_jtag_interface:jtag_phy_embedded_in_jtag_master|altera_jtag_dc_streaming:normal.jtag_dc_streaming|altera_std_synchronizer:synchronizer|dreg[1]                                                                                                   ; jtag_to_avalon_mst_brg_01:u_jtag_avmm|jtag_to_avalon_mst_brg_01_master_0:master_0|altera_avalon_st_jtag_interface:jtag_phy_embedded_in_jtag_master|altera_jtag_dc_streaming:normal.jtag_dc_streaming|altera_avalon_st_clock_crosser:sink_crosser|altera_avalon_st_pipeline_base:output_stage|data1[0]                                ; altera_reserved_tck ; altera_reserved_tck ; 100.000      ; -0.043     ; 1.130      ;
; 98.834 ; jtag_to_avalon_mst_brg_01:u_jtag_avmm|jtag_to_avalon_mst_brg_01_master_0:master_0|altera_avalon_st_jtag_interface:jtag_phy_embedded_in_jtag_master|altera_jtag_dc_streaming:normal.jtag_dc_streaming|altera_std_synchronizer:synchronizer|dreg[1]                                                                                                   ; jtag_to_avalon_mst_brg_01:u_jtag_avmm|jtag_to_avalon_mst_brg_01_master_0:master_0|altera_avalon_st_jtag_interface:jtag_phy_embedded_in_jtag_master|altera_jtag_dc_streaming:normal.jtag_dc_streaming|altera_avalon_st_clock_crosser:sink_crosser|altera_avalon_st_pipeline_base:output_stage|data1[4]                                ; altera_reserved_tck ; altera_reserved_tck ; 100.000      ; -0.043     ; 1.130      ;
; 98.834 ; jtag_to_avalon_mst_brg_01:u_jtag_avmm|jtag_to_avalon_mst_brg_01_master_0:master_0|altera_avalon_st_jtag_interface:jtag_phy_embedded_in_jtag_master|altera_jtag_dc_streaming:normal.jtag_dc_streaming|altera_std_synchronizer:synchronizer|dreg[1]                                                                                                   ; jtag_to_avalon_mst_brg_01:u_jtag_avmm|jtag_to_avalon_mst_brg_01_master_0:master_0|altera_avalon_st_jtag_interface:jtag_phy_embedded_in_jtag_master|altera_jtag_dc_streaming:normal.jtag_dc_streaming|altera_avalon_st_clock_crosser:sink_crosser|altera_avalon_st_pipeline_base:output_stage|data0[4]                                ; altera_reserved_tck ; altera_reserved_tck ; 100.000      ; -0.043     ; 1.130      ;
; 98.834 ; jtag_to_avalon_mst_brg_01:u_jtag_avmm|jtag_to_avalon_mst_brg_01_master_0:master_0|altera_avalon_st_jtag_interface:jtag_phy_embedded_in_jtag_master|altera_jtag_dc_streaming:normal.jtag_dc_streaming|altera_std_synchronizer:synchronizer|dreg[1]                                                                                                   ; jtag_to_avalon_mst_brg_01:u_jtag_avmm|jtag_to_avalon_mst_brg_01_master_0:master_0|altera_avalon_st_jtag_interface:jtag_phy_embedded_in_jtag_master|altera_jtag_dc_streaming:normal.jtag_dc_streaming|altera_avalon_st_clock_crosser:sink_crosser|altera_avalon_st_pipeline_base:output_stage|data0[0]                                ; altera_reserved_tck ; altera_reserved_tck ; 100.000      ; -0.043     ; 1.130      ;
; 98.834 ; jtag_to_avalon_mst_brg_01:u_jtag_avmm|jtag_to_avalon_mst_brg_01_master_0:master_0|altera_avalon_st_jtag_interface:jtag_phy_embedded_in_jtag_master|altera_jtag_dc_streaming:normal.jtag_dc_streaming|altera_std_synchronizer:synchronizer|dreg[1]                                                                                                   ; jtag_to_avalon_mst_brg_01:u_jtag_avmm|jtag_to_avalon_mst_brg_01_master_0:master_0|altera_avalon_st_jtag_interface:jtag_phy_embedded_in_jtag_master|altera_jtag_dc_streaming:normal.jtag_dc_streaming|altera_avalon_st_clock_crosser:sink_crosser|altera_avalon_st_pipeline_base:output_stage|data0[1]                                ; altera_reserved_tck ; altera_reserved_tck ; 100.000      ; -0.043     ; 1.130      ;
; 98.834 ; jtag_to_avalon_mst_brg_01:u_jtag_avmm|jtag_to_avalon_mst_brg_01_master_0:master_0|altera_avalon_st_jtag_interface:jtag_phy_embedded_in_jtag_master|altera_jtag_dc_streaming:normal.jtag_dc_streaming|altera_std_synchronizer:synchronizer|dreg[1]                                                                                                   ; jtag_to_avalon_mst_brg_01:u_jtag_avmm|jtag_to_avalon_mst_brg_01_master_0:master_0|altera_avalon_st_jtag_interface:jtag_phy_embedded_in_jtag_master|altera_jtag_dc_streaming:normal.jtag_dc_streaming|altera_avalon_st_clock_crosser:sink_crosser|altera_avalon_st_pipeline_base:output_stage|data0[7]                                ; altera_reserved_tck ; altera_reserved_tck ; 100.000      ; -0.043     ; 1.130      ;
; 98.834 ; jtag_to_avalon_mst_brg_01:u_jtag_avmm|jtag_to_avalon_mst_brg_01_master_0:master_0|altera_avalon_st_jtag_interface:jtag_phy_embedded_in_jtag_master|altera_jtag_dc_streaming:normal.jtag_dc_streaming|altera_std_synchronizer:synchronizer|dreg[1]                                                                                                   ; jtag_to_avalon_mst_brg_01:u_jtag_avmm|jtag_to_avalon_mst_brg_01_master_0:master_0|altera_avalon_st_jtag_interface:jtag_phy_embedded_in_jtag_master|altera_jtag_dc_streaming:normal.jtag_dc_streaming|altera_avalon_st_clock_crosser:sink_crosser|altera_avalon_st_pipeline_base:output_stage|data0[6]                                ; altera_reserved_tck ; altera_reserved_tck ; 100.000      ; -0.043     ; 1.130      ;
; 98.834 ; jtag_to_avalon_mst_brg_01:u_jtag_avmm|jtag_to_avalon_mst_brg_01_master_0:master_0|altera_avalon_st_jtag_interface:jtag_phy_embedded_in_jtag_master|altera_jtag_dc_streaming:normal.jtag_dc_streaming|altera_std_synchronizer:synchronizer|dreg[1]                                                                                                   ; jtag_to_avalon_mst_brg_01:u_jtag_avmm|jtag_to_avalon_mst_brg_01_master_0:master_0|altera_avalon_st_jtag_interface:jtag_phy_embedded_in_jtag_master|altera_jtag_dc_streaming:normal.jtag_dc_streaming|altera_avalon_st_clock_crosser:sink_crosser|altera_avalon_st_pipeline_base:output_stage|data0[5]                                ; altera_reserved_tck ; altera_reserved_tck ; 100.000      ; -0.043     ; 1.130      ;
; 98.834 ; jtag_to_avalon_mst_brg_01:u_jtag_avmm|jtag_to_avalon_mst_brg_01_master_0:master_0|altera_avalon_st_jtag_interface:jtag_phy_embedded_in_jtag_master|altera_jtag_dc_streaming:normal.jtag_dc_streaming|altera_std_synchronizer:synchronizer|dreg[1]                                                                                                   ; jtag_to_avalon_mst_brg_01:u_jtag_avmm|jtag_to_avalon_mst_brg_01_master_0:master_0|altera_avalon_st_jtag_interface:jtag_phy_embedded_in_jtag_master|altera_jtag_dc_streaming:normal.jtag_dc_streaming|altera_avalon_st_clock_crosser:sink_crosser|altera_avalon_st_pipeline_base:output_stage|data0[3]                                ; altera_reserved_tck ; altera_reserved_tck ; 100.000      ; -0.043     ; 1.130      ;
; 98.871 ; sld_hub:auto_hub|alt_sld_fab_with_jtag_input:\instrumentation_fabric_with_node_gen:fabric_gen_new_way:with_jtag_input_gen:instrumentation_fabric|alt_sld_fab:instrumentation_fabric|alt_sld_fab_alt_sld_fab:alt_sld_fab|alt_sld_fab_alt_sld_fab_sldfabric:sldfabric|sld_jtag_hub:\jtag_hub_gen:real_sld_jtag_hub|clr_reg                            ; sld_hub:auto_hub|alt_sld_fab_with_jtag_input:\instrumentation_fabric_with_node_gen:fabric_gen_new_way:with_jtag_input_gen:instrumentation_fabric|alt_sld_fab:instrumentation_fabric|alt_sld_fab_alt_sld_fab:alt_sld_fab|splitter_nodes_receive_0[3]                                                                                  ; altera_reserved_tck ; altera_reserved_tck ; 100.000      ; -0.053     ; 1.083      ;
; 98.896 ; sld_hub:auto_hub|alt_sld_fab_with_jtag_input:\instrumentation_fabric_with_node_gen:fabric_gen_new_way:with_jtag_input_gen:instrumentation_fabric|alt_sld_fab:instrumentation_fabric|alt_sld_fab_alt_sld_fab:alt_sld_fab|alt_sld_fab_alt_sld_fab_sldfabric:sldfabric|sld_jtag_hub:\jtag_hub_gen:real_sld_jtag_hub|clr_reg                            ; sld_hub:auto_hub|alt_sld_fab_with_jtag_input:\instrumentation_fabric_with_node_gen:fabric_gen_new_way:with_jtag_input_gen:instrumentation_fabric|alt_sld_fab:instrumentation_fabric|alt_sld_fab_alt_sld_fab:alt_sld_fab|alt_sld_fab_alt_sld_fab_sldfabric:sldfabric|sld_jtag_hub:\jtag_hub_gen:real_sld_jtag_hub|hub_mode_reg[1]     ; altera_reserved_tck ; altera_reserved_tck ; 100.000      ; -0.034     ; 1.077      ;
; 98.979 ; jtag_to_avalon_mst_brg_01:u_jtag_avmm|jtag_to_avalon_mst_brg_01_master_0:master_0|altera_avalon_st_jtag_interface:jtag_phy_embedded_in_jtag_master|altera_jtag_dc_streaming:normal.jtag_dc_streaming|altera_std_synchronizer:synchronizer|dreg[1]                                                                                                   ; jtag_to_avalon_mst_brg_01:u_jtag_avmm|jtag_to_avalon_mst_brg_01_master_0:master_0|altera_avalon_st_jtag_interface:jtag_phy_embedded_in_jtag_master|altera_jtag_dc_streaming:normal.jtag_dc_streaming|altera_avalon_st_clock_crosser:sink_crosser|altera_avalon_st_pipeline_base:output_stage|data1[2]                                ; altera_reserved_tck ; altera_reserved_tck ; 100.000      ; -0.047     ; 0.981      ;
; 98.979 ; jtag_to_avalon_mst_brg_01:u_jtag_avmm|jtag_to_avalon_mst_brg_01_master_0:master_0|altera_avalon_st_jtag_interface:jtag_phy_embedded_in_jtag_master|altera_jtag_dc_streaming:normal.jtag_dc_streaming|altera_std_synchronizer:synchronizer|dreg[1]                                                                                                   ; jtag_to_avalon_mst_brg_01:u_jtag_avmm|jtag_to_avalon_mst_brg_01_master_0:master_0|altera_avalon_st_jtag_interface:jtag_phy_embedded_in_jtag_master|altera_jtag_dc_streaming:normal.jtag_dc_streaming|altera_avalon_st_clock_crosser:sink_crosser|altera_avalon_st_pipeline_base:output_stage|data0[2]                                ; altera_reserved_tck ; altera_reserved_tck ; 100.000      ; -0.047     ; 0.981      ;
; 99.002 ; sld_hub:auto_hub|alt_sld_fab_with_jtag_input:\instrumentation_fabric_with_node_gen:fabric_gen_new_way:with_jtag_input_gen:instrumentation_fabric|alt_sld_fab:instrumentation_fabric|alt_sld_fab_alt_sld_fab:alt_sld_fab|alt_sld_fab_alt_sld_fab_sldfabric:sldfabric|sld_jtag_hub:\jtag_hub_gen:real_sld_jtag_hub|clr_reg                            ; sld_hub:auto_hub|alt_sld_fab_with_jtag_input:\instrumentation_fabric_with_node_gen:fabric_gen_new_way:with_jtag_input_gen:instrumentation_fabric|alt_sld_fab:instrumentation_fabric|alt_sld_fab_alt_sld_fab:alt_sld_fab|alt_sld_fab_alt_sld_fab_sldfabric:sldfabric|sld_jtag_hub:\jtag_hub_gen:real_sld_jtag_hub|irsr_reg[0]         ; altera_reserved_tck ; altera_reserved_tck ; 100.000      ; -0.054     ; 0.951      ;
; 99.002 ; sld_hub:auto_hub|alt_sld_fab_with_jtag_input:\instrumentation_fabric_with_node_gen:fabric_gen_new_way:with_jtag_input_gen:instrumentation_fabric|alt_sld_fab:instrumentation_fabric|alt_sld_fab_alt_sld_fab:alt_sld_fab|alt_sld_fab_alt_sld_fab_sldfabric:sldfabric|sld_jtag_hub:\jtag_hub_gen:real_sld_jtag_hub|clr_reg                            ; sld_hub:auto_hub|alt_sld_fab_with_jtag_input:\instrumentation_fabric_with_node_gen:fabric_gen_new_way:with_jtag_input_gen:instrumentation_fabric|alt_sld_fab:instrumentation_fabric|alt_sld_fab_alt_sld_fab:alt_sld_fab|alt_sld_fab_alt_sld_fab_sldfabric:sldfabric|sld_jtag_hub:\jtag_hub_gen:real_sld_jtag_hub|irsr_reg[1]         ; altera_reserved_tck ; altera_reserved_tck ; 100.000      ; -0.054     ; 0.951      ;
; 99.002 ; sld_hub:auto_hub|alt_sld_fab_with_jtag_input:\instrumentation_fabric_with_node_gen:fabric_gen_new_way:with_jtag_input_gen:instrumentation_fabric|alt_sld_fab:instrumentation_fabric|alt_sld_fab_alt_sld_fab:alt_sld_fab|alt_sld_fab_alt_sld_fab_sldfabric:sldfabric|sld_jtag_hub:\jtag_hub_gen:real_sld_jtag_hub|clr_reg                            ; sld_hub:auto_hub|alt_sld_fab_with_jtag_input:\instrumentation_fabric_with_node_gen:fabric_gen_new_way:with_jtag_input_gen:instrumentation_fabric|alt_sld_fab:instrumentation_fabric|alt_sld_fab_alt_sld_fab:alt_sld_fab|alt_sld_fab_alt_sld_fab_sldfabric:sldfabric|sld_jtag_hub:\jtag_hub_gen:real_sld_jtag_hub|irsr_reg[2]         ; altera_reserved_tck ; altera_reserved_tck ; 100.000      ; -0.054     ; 0.951      ;
; 99.002 ; sld_hub:auto_hub|alt_sld_fab_with_jtag_input:\instrumentation_fabric_with_node_gen:fabric_gen_new_way:with_jtag_input_gen:instrumentation_fabric|alt_sld_fab:instrumentation_fabric|alt_sld_fab_alt_sld_fab:alt_sld_fab|alt_sld_fab_alt_sld_fab_sldfabric:sldfabric|sld_jtag_hub:\jtag_hub_gen:real_sld_jtag_hub|clr_reg                            ; sld_hub:auto_hub|alt_sld_fab_with_jtag_input:\instrumentation_fabric_with_node_gen:fabric_gen_new_way:with_jtag_input_gen:instrumentation_fabric|alt_sld_fab:instrumentation_fabric|alt_sld_fab_alt_sld_fab:alt_sld_fab|alt_sld_fab_alt_sld_fab_sldfabric:sldfabric|sld_jtag_hub:\jtag_hub_gen:real_sld_jtag_hub|hub_mode_reg[0]     ; altera_reserved_tck ; altera_reserved_tck ; 100.000      ; -0.054     ; 0.951      ;
; 99.002 ; sld_hub:auto_hub|alt_sld_fab_with_jtag_input:\instrumentation_fabric_with_node_gen:fabric_gen_new_way:with_jtag_input_gen:instrumentation_fabric|alt_sld_fab:instrumentation_fabric|alt_sld_fab_alt_sld_fab:alt_sld_fab|alt_sld_fab_alt_sld_fab_sldfabric:sldfabric|sld_jtag_hub:\jtag_hub_gen:real_sld_jtag_hub|clr_reg                            ; sld_hub:auto_hub|alt_sld_fab_with_jtag_input:\instrumentation_fabric_with_node_gen:fabric_gen_new_way:with_jtag_input_gen:instrumentation_fabric|alt_sld_fab:instrumentation_fabric|alt_sld_fab_alt_sld_fab:alt_sld_fab|alt_sld_fab_alt_sld_fab_sldfabric:sldfabric|sld_jtag_hub:\jtag_hub_gen:real_sld_jtag_hub|irsr_reg[4]         ; altera_reserved_tck ; altera_reserved_tck ; 100.000      ; -0.054     ; 0.951      ;
; 99.002 ; sld_hub:auto_hub|alt_sld_fab_with_jtag_input:\instrumentation_fabric_with_node_gen:fabric_gen_new_way:with_jtag_input_gen:instrumentation_fabric|alt_sld_fab:instrumentation_fabric|alt_sld_fab_alt_sld_fab:alt_sld_fab|alt_sld_fab_alt_sld_fab_sldfabric:sldfabric|sld_jtag_hub:\jtag_hub_gen:real_sld_jtag_hub|clr_reg                            ; sld_hub:auto_hub|alt_sld_fab_with_jtag_input:\instrumentation_fabric_with_node_gen:fabric_gen_new_way:with_jtag_input_gen:instrumentation_fabric|alt_sld_fab:instrumentation_fabric|alt_sld_fab_alt_sld_fab:alt_sld_fab|alt_sld_fab_alt_sld_fab_sldfabric:sldfabric|sld_jtag_hub:\jtag_hub_gen:real_sld_jtag_hub|irsr_reg[3]         ; altera_reserved_tck ; altera_reserved_tck ; 100.000      ; -0.054     ; 0.951      ;
; 99.156 ; sld_hub:auto_hub|alt_sld_fab_with_jtag_input:\instrumentation_fabric_with_node_gen:fabric_gen_new_way:with_jtag_input_gen:instrumentation_fabric|alt_sld_fab:instrumentation_fabric|alt_sld_fab_alt_sld_fab:alt_sld_fab|alt_sld_fab_alt_sld_fab_sldfabric:sldfabric|sld_jtag_hub:\jtag_hub_gen:real_sld_jtag_hub|sld_shadow_jsm:shadow_jsm|state[0] ; sld_hub:auto_hub|alt_sld_fab_with_jtag_input:\instrumentation_fabric_with_node_gen:fabric_gen_new_way:with_jtag_input_gen:instrumentation_fabric|alt_sld_fab:instrumentation_fabric|alt_sld_fab_alt_sld_fab:alt_sld_fab|alt_sld_fab_alt_sld_fab_sldfabric:sldfabric|sld_jtag_hub:\jtag_hub_gen:real_sld_jtag_hub|virtual_ir_scan_reg ; altera_reserved_tck ; altera_reserved_tck ; 100.000      ; -0.038     ; 0.813      ;
; 99.156 ; sld_hub:auto_hub|alt_sld_fab_with_jtag_input:\instrumentation_fabric_with_node_gen:fabric_gen_new_way:with_jtag_input_gen:instrumentation_fabric|alt_sld_fab:instrumentation_fabric|alt_sld_fab_alt_sld_fab:alt_sld_fab|alt_sld_fab_alt_sld_fab_sldfabric:sldfabric|sld_jtag_hub:\jtag_hub_gen:real_sld_jtag_hub|sld_shadow_jsm:shadow_jsm|state[0] ; sld_hub:auto_hub|alt_sld_fab_with_jtag_input:\instrumentation_fabric_with_node_gen:fabric_gen_new_way:with_jtag_input_gen:instrumentation_fabric|alt_sld_fab:instrumentation_fabric|alt_sld_fab_alt_sld_fab:alt_sld_fab|alt_sld_fab_alt_sld_fab_sldfabric:sldfabric|sld_jtag_hub:\jtag_hub_gen:real_sld_jtag_hub|virtual_dr_scan_reg ; altera_reserved_tck ; altera_reserved_tck ; 100.000      ; -0.038     ; 0.813      ;
; 99.156 ; sld_hub:auto_hub|alt_sld_fab_with_jtag_input:\instrumentation_fabric_with_node_gen:fabric_gen_new_way:with_jtag_input_gen:instrumentation_fabric|alt_sld_fab:instrumentation_fabric|alt_sld_fab_alt_sld_fab:alt_sld_fab|alt_sld_fab_alt_sld_fab_sldfabric:sldfabric|sld_jtag_hub:\jtag_hub_gen:real_sld_jtag_hub|sld_shadow_jsm:shadow_jsm|state[0] ; sld_hub:auto_hub|alt_sld_fab_with_jtag_input:\instrumentation_fabric_with_node_gen:fabric_gen_new_way:with_jtag_input_gen:instrumentation_fabric|alt_sld_fab:instrumentation_fabric|alt_sld_fab_alt_sld_fab:alt_sld_fab|alt_sld_fab_alt_sld_fab_sldfabric:sldfabric|sld_jtag_hub:\jtag_hub_gen:real_sld_jtag_hub|jtag_ir_reg[1]      ; altera_reserved_tck ; altera_reserved_tck ; 100.000      ; -0.038     ; 0.813      ;
; 99.156 ; sld_hub:auto_hub|alt_sld_fab_with_jtag_input:\instrumentation_fabric_with_node_gen:fabric_gen_new_way:with_jtag_input_gen:instrumentation_fabric|alt_sld_fab:instrumentation_fabric|alt_sld_fab_alt_sld_fab:alt_sld_fab|alt_sld_fab_alt_sld_fab_sldfabric:sldfabric|sld_jtag_hub:\jtag_hub_gen:real_sld_jtag_hub|sld_shadow_jsm:shadow_jsm|state[0] ; sld_hub:auto_hub|alt_sld_fab_with_jtag_input:\instrumentation_fabric_with_node_gen:fabric_gen_new_way:with_jtag_input_gen:instrumentation_fabric|alt_sld_fab:instrumentation_fabric|alt_sld_fab_alt_sld_fab:alt_sld_fab|alt_sld_fab_alt_sld_fab_sldfabric:sldfabric|sld_jtag_hub:\jtag_hub_gen:real_sld_jtag_hub|jtag_ir_reg[0]      ; altera_reserved_tck ; altera_reserved_tck ; 100.000      ; -0.038     ; 0.813      ;
; 99.156 ; sld_hub:auto_hub|alt_sld_fab_with_jtag_input:\instrumentation_fabric_with_node_gen:fabric_gen_new_way:with_jtag_input_gen:instrumentation_fabric|alt_sld_fab:instrumentation_fabric|alt_sld_fab_alt_sld_fab:alt_sld_fab|alt_sld_fab_alt_sld_fab_sldfabric:sldfabric|sld_jtag_hub:\jtag_hub_gen:real_sld_jtag_hub|sld_shadow_jsm:shadow_jsm|state[0] ; sld_hub:auto_hub|alt_sld_fab_with_jtag_input:\instrumentation_fabric_with_node_gen:fabric_gen_new_way:with_jtag_input_gen:instrumentation_fabric|alt_sld_fab:instrumentation_fabric|alt_sld_fab_alt_sld_fab:alt_sld_fab|alt_sld_fab_alt_sld_fab_sldfabric:sldfabric|sld_jtag_hub:\jtag_hub_gen:real_sld_jtag_hub|jtag_ir_reg[3]      ; altera_reserved_tck ; altera_reserved_tck ; 100.000      ; -0.038     ; 0.813      ;
; 99.156 ; sld_hub:auto_hub|alt_sld_fab_with_jtag_input:\instrumentation_fabric_with_node_gen:fabric_gen_new_way:with_jtag_input_gen:instrumentation_fabric|alt_sld_fab:instrumentation_fabric|alt_sld_fab_alt_sld_fab:alt_sld_fab|alt_sld_fab_alt_sld_fab_sldfabric:sldfabric|sld_jtag_hub:\jtag_hub_gen:real_sld_jtag_hub|sld_shadow_jsm:shadow_jsm|state[0] ; sld_hub:auto_hub|alt_sld_fab_with_jtag_input:\instrumentation_fabric_with_node_gen:fabric_gen_new_way:with_jtag_input_gen:instrumentation_fabric|alt_sld_fab:instrumentation_fabric|alt_sld_fab_alt_sld_fab:alt_sld_fab|alt_sld_fab_alt_sld_fab_sldfabric:sldfabric|sld_jtag_hub:\jtag_hub_gen:real_sld_jtag_hub|jtag_ir_reg[2]      ; altera_reserved_tck ; altera_reserved_tck ; 100.000      ; -0.038     ; 0.813      ;
; 99.156 ; sld_hub:auto_hub|alt_sld_fab_with_jtag_input:\instrumentation_fabric_with_node_gen:fabric_gen_new_way:with_jtag_input_gen:instrumentation_fabric|alt_sld_fab:instrumentation_fabric|alt_sld_fab_alt_sld_fab:alt_sld_fab|alt_sld_fab_alt_sld_fab_sldfabric:sldfabric|sld_jtag_hub:\jtag_hub_gen:real_sld_jtag_hub|sld_shadow_jsm:shadow_jsm|state[0] ; sld_hub:auto_hub|alt_sld_fab_with_jtag_input:\instrumentation_fabric_with_node_gen:fabric_gen_new_way:with_jtag_input_gen:instrumentation_fabric|alt_sld_fab:instrumentation_fabric|alt_sld_fab_alt_sld_fab:alt_sld_fab|alt_sld_fab_alt_sld_fab_sldfabric:sldfabric|sld_jtag_hub:\jtag_hub_gen:real_sld_jtag_hub|jtag_ir_reg[9]      ; altera_reserved_tck ; altera_reserved_tck ; 100.000      ; -0.038     ; 0.813      ;
; 99.156 ; sld_hub:auto_hub|alt_sld_fab_with_jtag_input:\instrumentation_fabric_with_node_gen:fabric_gen_new_way:with_jtag_input_gen:instrumentation_fabric|alt_sld_fab:instrumentation_fabric|alt_sld_fab_alt_sld_fab:alt_sld_fab|alt_sld_fab_alt_sld_fab_sldfabric:sldfabric|sld_jtag_hub:\jtag_hub_gen:real_sld_jtag_hub|sld_shadow_jsm:shadow_jsm|state[0] ; sld_hub:auto_hub|alt_sld_fab_with_jtag_input:\instrumentation_fabric_with_node_gen:fabric_gen_new_way:with_jtag_input_gen:instrumentation_fabric|alt_sld_fab:instrumentation_fabric|alt_sld_fab_alt_sld_fab:alt_sld_fab|alt_sld_fab_alt_sld_fab_sldfabric:sldfabric|sld_jtag_hub:\jtag_hub_gen:real_sld_jtag_hub|jtag_ir_reg[8]      ; altera_reserved_tck ; altera_reserved_tck ; 100.000      ; -0.038     ; 0.813      ;
; 99.156 ; sld_hub:auto_hub|alt_sld_fab_with_jtag_input:\instrumentation_fabric_with_node_gen:fabric_gen_new_way:with_jtag_input_gen:instrumentation_fabric|alt_sld_fab:instrumentation_fabric|alt_sld_fab_alt_sld_fab:alt_sld_fab|alt_sld_fab_alt_sld_fab_sldfabric:sldfabric|sld_jtag_hub:\jtag_hub_gen:real_sld_jtag_hub|sld_shadow_jsm:shadow_jsm|state[0] ; sld_hub:auto_hub|alt_sld_fab_with_jtag_input:\instrumentation_fabric_with_node_gen:fabric_gen_new_way:with_jtag_input_gen:instrumentation_fabric|alt_sld_fab:instrumentation_fabric|alt_sld_fab_alt_sld_fab:alt_sld_fab|alt_sld_fab_alt_sld_fab_sldfabric:sldfabric|sld_jtag_hub:\jtag_hub_gen:real_sld_jtag_hub|jtag_ir_reg[7]      ; altera_reserved_tck ; altera_reserved_tck ; 100.000      ; -0.038     ; 0.813      ;
; 99.156 ; sld_hub:auto_hub|alt_sld_fab_with_jtag_input:\instrumentation_fabric_with_node_gen:fabric_gen_new_way:with_jtag_input_gen:instrumentation_fabric|alt_sld_fab:instrumentation_fabric|alt_sld_fab_alt_sld_fab:alt_sld_fab|alt_sld_fab_alt_sld_fab_sldfabric:sldfabric|sld_jtag_hub:\jtag_hub_gen:real_sld_jtag_hub|sld_shadow_jsm:shadow_jsm|state[0] ; sld_hub:auto_hub|alt_sld_fab_with_jtag_input:\instrumentation_fabric_with_node_gen:fabric_gen_new_way:with_jtag_input_gen:instrumentation_fabric|alt_sld_fab:instrumentation_fabric|alt_sld_fab_alt_sld_fab:alt_sld_fab|alt_sld_fab_alt_sld_fab_sldfabric:sldfabric|sld_jtag_hub:\jtag_hub_gen:real_sld_jtag_hub|jtag_ir_reg[6]      ; altera_reserved_tck ; altera_reserved_tck ; 100.000      ; -0.038     ; 0.813      ;
; 99.156 ; sld_hub:auto_hub|alt_sld_fab_with_jtag_input:\instrumentation_fabric_with_node_gen:fabric_gen_new_way:with_jtag_input_gen:instrumentation_fabric|alt_sld_fab:instrumentation_fabric|alt_sld_fab_alt_sld_fab:alt_sld_fab|alt_sld_fab_alt_sld_fab_sldfabric:sldfabric|sld_jtag_hub:\jtag_hub_gen:real_sld_jtag_hub|sld_shadow_jsm:shadow_jsm|state[0] ; sld_hub:auto_hub|alt_sld_fab_with_jtag_input:\instrumentation_fabric_with_node_gen:fabric_gen_new_way:with_jtag_input_gen:instrumentation_fabric|alt_sld_fab:instrumentation_fabric|alt_sld_fab_alt_sld_fab:alt_sld_fab|alt_sld_fab_alt_sld_fab_sldfabric:sldfabric|sld_jtag_hub:\jtag_hub_gen:real_sld_jtag_hub|jtag_ir_reg[5]      ; altera_reserved_tck ; altera_reserved_tck ; 100.000      ; -0.038     ; 0.813      ;
; 99.156 ; sld_hub:auto_hub|alt_sld_fab_with_jtag_input:\instrumentation_fabric_with_node_gen:fabric_gen_new_way:with_jtag_input_gen:instrumentation_fabric|alt_sld_fab:instrumentation_fabric|alt_sld_fab_alt_sld_fab:alt_sld_fab|alt_sld_fab_alt_sld_fab_sldfabric:sldfabric|sld_jtag_hub:\jtag_hub_gen:real_sld_jtag_hub|sld_shadow_jsm:shadow_jsm|state[0] ; sld_hub:auto_hub|alt_sld_fab_with_jtag_input:\instrumentation_fabric_with_node_gen:fabric_gen_new_way:with_jtag_input_gen:instrumentation_fabric|alt_sld_fab:instrumentation_fabric|alt_sld_fab_alt_sld_fab:alt_sld_fab|alt_sld_fab_alt_sld_fab_sldfabric:sldfabric|sld_jtag_hub:\jtag_hub_gen:real_sld_jtag_hub|jtag_ir_reg[4]      ; altera_reserved_tck ; altera_reserved_tck ; 100.000      ; -0.038     ; 0.813      ;
; 99.167 ; jtag_to_avalon_mst_brg_01:u_jtag_avmm|jtag_to_avalon_mst_brg_01_master_0:master_0|altera_avalon_st_jtag_interface:jtag_phy_embedded_in_jtag_master|altera_jtag_dc_streaming:normal.jtag_dc_streaming|altera_std_synchronizer:synchronizer|dreg[1]                                                                                                   ; jtag_to_avalon_mst_brg_01:u_jtag_avmm|jtag_to_avalon_mst_brg_01_master_0:master_0|altera_avalon_st_jtag_interface:jtag_phy_embedded_in_jtag_master|altera_jtag_dc_streaming:normal.jtag_dc_streaming|altera_avalon_st_clock_crosser:sink_crosser|altera_avalon_st_pipeline_base:output_stage|full1                                   ; altera_reserved_tck ; altera_reserved_tck ; 100.000      ; -0.040     ; 0.800      ;
; 99.167 ; jtag_to_avalon_mst_brg_01:u_jtag_avmm|jtag_to_avalon_mst_brg_01_master_0:master_0|altera_avalon_st_jtag_interface:jtag_phy_embedded_in_jtag_master|altera_jtag_dc_streaming:normal.jtag_dc_streaming|altera_std_synchronizer:synchronizer|dreg[1]                                                                                                   ; jtag_to_avalon_mst_brg_01:u_jtag_avmm|jtag_to_avalon_mst_brg_01_master_0:master_0|altera_avalon_st_jtag_interface:jtag_phy_embedded_in_jtag_master|altera_jtag_dc_streaming:normal.jtag_dc_streaming|altera_jtag_streaming:jtag_streaming|altera_avalon_st_idle_inserter:idle_inserter|received_esc                                  ; altera_reserved_tck ; altera_reserved_tck ; 100.000      ; -0.040     ; 0.800      ;
; 99.167 ; jtag_to_avalon_mst_brg_01:u_jtag_avmm|jtag_to_avalon_mst_brg_01_master_0:master_0|altera_avalon_st_jtag_interface:jtag_phy_embedded_in_jtag_master|altera_jtag_dc_streaming:normal.jtag_dc_streaming|altera_std_synchronizer:synchronizer|dreg[1]                                                                                                   ; jtag_to_avalon_mst_brg_01:u_jtag_avmm|jtag_to_avalon_mst_brg_01_master_0:master_0|altera_avalon_st_jtag_interface:jtag_phy_embedded_in_jtag_master|altera_jtag_dc_streaming:normal.jtag_dc_streaming|altera_avalon_st_clock_crosser:sink_crosser|altera_avalon_st_pipeline_base:output_stage|full0                                   ; altera_reserved_tck ; altera_reserved_tck ; 100.000      ; -0.040     ; 0.800      ;
; 99.167 ; jtag_to_avalon_mst_brg_01:u_jtag_avmm|jtag_to_avalon_mst_brg_01_master_0:master_0|altera_avalon_st_jtag_interface:jtag_phy_embedded_in_jtag_master|altera_jtag_dc_streaming:normal.jtag_dc_streaming|altera_std_synchronizer:synchronizer|dreg[1]                                                                                                   ; jtag_to_avalon_mst_brg_01:u_jtag_avmm|jtag_to_avalon_mst_brg_01_master_0:master_0|altera_avalon_st_jtag_interface:jtag_phy_embedded_in_jtag_master|altera_jtag_dc_streaming:normal.jtag_dc_streaming|altera_avalon_st_clock_crosser:sink_crosser|out_data_toggle_flopped                                                             ; altera_reserved_tck ; altera_reserved_tck ; 100.000      ; -0.040     ; 0.800      ;
; 99.167 ; jtag_to_avalon_mst_brg_01:u_jtag_avmm|jtag_to_avalon_mst_brg_01_master_0:master_0|altera_avalon_st_jtag_interface:jtag_phy_embedded_in_jtag_master|altera_jtag_dc_streaming:normal.jtag_dc_streaming|altera_std_synchronizer:synchronizer|dreg[1]                                                                                                   ; jtag_to_avalon_mst_brg_01:u_jtag_avmm|jtag_to_avalon_mst_brg_01_master_0:master_0|altera_avalon_st_jtag_interface:jtag_phy_embedded_in_jtag_master|altera_jtag_dc_streaming:normal.jtag_dc_streaming|altera_avalon_st_clock_crosser:sink_crosser|altera_std_synchronizer_nocut:in_to_out_synchronizer|dreg[1]                        ; altera_reserved_tck ; altera_reserved_tck ; 100.000      ; -0.040     ; 0.800      ;
; 99.167 ; jtag_to_avalon_mst_brg_01:u_jtag_avmm|jtag_to_avalon_mst_brg_01_master_0:master_0|altera_avalon_st_jtag_interface:jtag_phy_embedded_in_jtag_master|altera_jtag_dc_streaming:normal.jtag_dc_streaming|altera_std_synchronizer:synchronizer|dreg[1]                                                                                                   ; jtag_to_avalon_mst_brg_01:u_jtag_avmm|jtag_to_avalon_mst_brg_01_master_0:master_0|altera_avalon_st_jtag_interface:jtag_phy_embedded_in_jtag_master|altera_jtag_dc_streaming:normal.jtag_dc_streaming|altera_avalon_st_clock_crosser:sink_crosser|altera_std_synchronizer_nocut:in_to_out_synchronizer|dreg[0]                        ; altera_reserved_tck ; altera_reserved_tck ; 100.000      ; -0.040     ; 0.800      ;
; 99.167 ; jtag_to_avalon_mst_brg_01:u_jtag_avmm|jtag_to_avalon_mst_brg_01_master_0:master_0|altera_avalon_st_jtag_interface:jtag_phy_embedded_in_jtag_master|altera_jtag_dc_streaming:normal.jtag_dc_streaming|altera_std_synchronizer:synchronizer|dreg[1]                                                                                                   ; jtag_to_avalon_mst_brg_01:u_jtag_avmm|jtag_to_avalon_mst_brg_01_master_0:master_0|altera_avalon_st_jtag_interface:jtag_phy_embedded_in_jtag_master|altera_jtag_dc_streaming:normal.jtag_dc_streaming|altera_avalon_st_clock_crosser:sink_crosser|altera_std_synchronizer_nocut:in_to_out_synchronizer|din_s1                         ; altera_reserved_tck ; altera_reserved_tck ; 100.000      ; -0.040     ; 0.800      ;
+--------+-----------------------------------------------------------------------------------------------------------------------------------------------------------------------------------------------------------------------------------------------------------------------------------------------------------------------------------------------------+--------------------------------------------------------------------------------------------------------------------------------------------------------------------------------------------------------------------------------------------------------------------------------------------------------------------------------------+---------------------+---------------------+--------------+------------+------------+


+-----------------------------------------------------------------------------------------------------------------------------------------------------------------------------------------------------------------------------------------------------------------------------------------------------------------------------------------------------------------------------------------------------------------------------------------------------------------------------------------------------------------------------------------------------------------------------------------------------------------------------------------------------------------------------------------------------------------------------------------------------------------------------------------+
; Fast 1200mV 0C Model Removal: 'altera_reserved_tck'                                                                                                                                                                                                                                                                                                                                                                                                                                                                                                                                                                                                                                                                                                                                     ;
+-------+-----------------------------------------------------------------------------------------------------------------------------------------------------------------------------------------------------------------------------------------------------------------------------------------------------------------------------------------------------+--------------------------------------------------------------------------------------------------------------------------------------------------------------------------------------------------------------------------------------------------------------------------------------------------------------------------------------+---------------------+---------------------+--------------+------------+------------+
; Slack ; From Node                                                                                                                                                                                                                                                                                                                                           ; To Node                                                                                                                                                                                                                                                                                                                              ; Launch Clock        ; Latch Clock         ; Relationship ; Clock Skew ; Data Delay ;
+-------+-----------------------------------------------------------------------------------------------------------------------------------------------------------------------------------------------------------------------------------------------------------------------------------------------------------------------------------------------------+--------------------------------------------------------------------------------------------------------------------------------------------------------------------------------------------------------------------------------------------------------------------------------------------------------------------------------------+---------------------+---------------------+--------------+------------+------------+
; 0.560 ; jtag_to_avalon_mst_brg_01:u_jtag_avmm|jtag_to_avalon_mst_brg_01_master_0:master_0|altera_avalon_st_jtag_interface:jtag_phy_embedded_in_jtag_master|altera_jtag_dc_streaming:normal.jtag_dc_streaming|altera_std_synchronizer:synchronizer|dreg[1]                                                                                                   ; jtag_to_avalon_mst_brg_01:u_jtag_avmm|jtag_to_avalon_mst_brg_01_master_0:master_0|altera_avalon_st_jtag_interface:jtag_phy_embedded_in_jtag_master|altera_jtag_dc_streaming:normal.jtag_dc_streaming|altera_avalon_st_clock_crosser:sink_crosser|altera_avalon_st_pipeline_base:output_stage|full1                                   ; altera_reserved_tck ; altera_reserved_tck ; 0.000        ; 0.040      ; 0.684      ;
; 0.560 ; jtag_to_avalon_mst_brg_01:u_jtag_avmm|jtag_to_avalon_mst_brg_01_master_0:master_0|altera_avalon_st_jtag_interface:jtag_phy_embedded_in_jtag_master|altera_jtag_dc_streaming:normal.jtag_dc_streaming|altera_std_synchronizer:synchronizer|dreg[1]                                                                                                   ; jtag_to_avalon_mst_brg_01:u_jtag_avmm|jtag_to_avalon_mst_brg_01_master_0:master_0|altera_avalon_st_jtag_interface:jtag_phy_embedded_in_jtag_master|altera_jtag_dc_streaming:normal.jtag_dc_streaming|altera_jtag_streaming:jtag_streaming|altera_avalon_st_idle_inserter:idle_inserter|received_esc                                  ; altera_reserved_tck ; altera_reserved_tck ; 0.000        ; 0.040      ; 0.684      ;
; 0.560 ; jtag_to_avalon_mst_brg_01:u_jtag_avmm|jtag_to_avalon_mst_brg_01_master_0:master_0|altera_avalon_st_jtag_interface:jtag_phy_embedded_in_jtag_master|altera_jtag_dc_streaming:normal.jtag_dc_streaming|altera_std_synchronizer:synchronizer|dreg[1]                                                                                                   ; jtag_to_avalon_mst_brg_01:u_jtag_avmm|jtag_to_avalon_mst_brg_01_master_0:master_0|altera_avalon_st_jtag_interface:jtag_phy_embedded_in_jtag_master|altera_jtag_dc_streaming:normal.jtag_dc_streaming|altera_avalon_st_clock_crosser:sink_crosser|altera_avalon_st_pipeline_base:output_stage|full0                                   ; altera_reserved_tck ; altera_reserved_tck ; 0.000        ; 0.040      ; 0.684      ;
; 0.560 ; jtag_to_avalon_mst_brg_01:u_jtag_avmm|jtag_to_avalon_mst_brg_01_master_0:master_0|altera_avalon_st_jtag_interface:jtag_phy_embedded_in_jtag_master|altera_jtag_dc_streaming:normal.jtag_dc_streaming|altera_std_synchronizer:synchronizer|dreg[1]                                                                                                   ; jtag_to_avalon_mst_brg_01:u_jtag_avmm|jtag_to_avalon_mst_brg_01_master_0:master_0|altera_avalon_st_jtag_interface:jtag_phy_embedded_in_jtag_master|altera_jtag_dc_streaming:normal.jtag_dc_streaming|altera_avalon_st_clock_crosser:sink_crosser|out_data_toggle_flopped                                                             ; altera_reserved_tck ; altera_reserved_tck ; 0.000        ; 0.040      ; 0.684      ;
; 0.560 ; jtag_to_avalon_mst_brg_01:u_jtag_avmm|jtag_to_avalon_mst_brg_01_master_0:master_0|altera_avalon_st_jtag_interface:jtag_phy_embedded_in_jtag_master|altera_jtag_dc_streaming:normal.jtag_dc_streaming|altera_std_synchronizer:synchronizer|dreg[1]                                                                                                   ; jtag_to_avalon_mst_brg_01:u_jtag_avmm|jtag_to_avalon_mst_brg_01_master_0:master_0|altera_avalon_st_jtag_interface:jtag_phy_embedded_in_jtag_master|altera_jtag_dc_streaming:normal.jtag_dc_streaming|altera_avalon_st_clock_crosser:sink_crosser|altera_std_synchronizer_nocut:in_to_out_synchronizer|dreg[1]                        ; altera_reserved_tck ; altera_reserved_tck ; 0.000        ; 0.040      ; 0.684      ;
; 0.560 ; jtag_to_avalon_mst_brg_01:u_jtag_avmm|jtag_to_avalon_mst_brg_01_master_0:master_0|altera_avalon_st_jtag_interface:jtag_phy_embedded_in_jtag_master|altera_jtag_dc_streaming:normal.jtag_dc_streaming|altera_std_synchronizer:synchronizer|dreg[1]                                                                                                   ; jtag_to_avalon_mst_brg_01:u_jtag_avmm|jtag_to_avalon_mst_brg_01_master_0:master_0|altera_avalon_st_jtag_interface:jtag_phy_embedded_in_jtag_master|altera_jtag_dc_streaming:normal.jtag_dc_streaming|altera_avalon_st_clock_crosser:sink_crosser|altera_std_synchronizer_nocut:in_to_out_synchronizer|dreg[0]                        ; altera_reserved_tck ; altera_reserved_tck ; 0.000        ; 0.040      ; 0.684      ;
; 0.560 ; jtag_to_avalon_mst_brg_01:u_jtag_avmm|jtag_to_avalon_mst_brg_01_master_0:master_0|altera_avalon_st_jtag_interface:jtag_phy_embedded_in_jtag_master|altera_jtag_dc_streaming:normal.jtag_dc_streaming|altera_std_synchronizer:synchronizer|dreg[1]                                                                                                   ; jtag_to_avalon_mst_brg_01:u_jtag_avmm|jtag_to_avalon_mst_brg_01_master_0:master_0|altera_avalon_st_jtag_interface:jtag_phy_embedded_in_jtag_master|altera_jtag_dc_streaming:normal.jtag_dc_streaming|altera_avalon_st_clock_crosser:sink_crosser|altera_std_synchronizer_nocut:in_to_out_synchronizer|din_s1                         ; altera_reserved_tck ; altera_reserved_tck ; 0.000        ; 0.040      ; 0.684      ;
; 0.575 ; sld_hub:auto_hub|alt_sld_fab_with_jtag_input:\instrumentation_fabric_with_node_gen:fabric_gen_new_way:with_jtag_input_gen:instrumentation_fabric|alt_sld_fab:instrumentation_fabric|alt_sld_fab_alt_sld_fab:alt_sld_fab|alt_sld_fab_alt_sld_fab_sldfabric:sldfabric|sld_jtag_hub:\jtag_hub_gen:real_sld_jtag_hub|sld_shadow_jsm:shadow_jsm|state[0] ; sld_hub:auto_hub|alt_sld_fab_with_jtag_input:\instrumentation_fabric_with_node_gen:fabric_gen_new_way:with_jtag_input_gen:instrumentation_fabric|alt_sld_fab:instrumentation_fabric|alt_sld_fab_alt_sld_fab:alt_sld_fab|alt_sld_fab_alt_sld_fab_sldfabric:sldfabric|sld_jtag_hub:\jtag_hub_gen:real_sld_jtag_hub|virtual_ir_scan_reg ; altera_reserved_tck ; altera_reserved_tck ; 0.000        ; 0.040      ; 0.699      ;
; 0.575 ; sld_hub:auto_hub|alt_sld_fab_with_jtag_input:\instrumentation_fabric_with_node_gen:fabric_gen_new_way:with_jtag_input_gen:instrumentation_fabric|alt_sld_fab:instrumentation_fabric|alt_sld_fab_alt_sld_fab:alt_sld_fab|alt_sld_fab_alt_sld_fab_sldfabric:sldfabric|sld_jtag_hub:\jtag_hub_gen:real_sld_jtag_hub|sld_shadow_jsm:shadow_jsm|state[0] ; sld_hub:auto_hub|alt_sld_fab_with_jtag_input:\instrumentation_fabric_with_node_gen:fabric_gen_new_way:with_jtag_input_gen:instrumentation_fabric|alt_sld_fab:instrumentation_fabric|alt_sld_fab_alt_sld_fab:alt_sld_fab|alt_sld_fab_alt_sld_fab_sldfabric:sldfabric|sld_jtag_hub:\jtag_hub_gen:real_sld_jtag_hub|virtual_dr_scan_reg ; altera_reserved_tck ; altera_reserved_tck ; 0.000        ; 0.040      ; 0.699      ;
; 0.575 ; sld_hub:auto_hub|alt_sld_fab_with_jtag_input:\instrumentation_fabric_with_node_gen:fabric_gen_new_way:with_jtag_input_gen:instrumentation_fabric|alt_sld_fab:instrumentation_fabric|alt_sld_fab_alt_sld_fab:alt_sld_fab|alt_sld_fab_alt_sld_fab_sldfabric:sldfabric|sld_jtag_hub:\jtag_hub_gen:real_sld_jtag_hub|sld_shadow_jsm:shadow_jsm|state[0] ; sld_hub:auto_hub|alt_sld_fab_with_jtag_input:\instrumentation_fabric_with_node_gen:fabric_gen_new_way:with_jtag_input_gen:instrumentation_fabric|alt_sld_fab:instrumentation_fabric|alt_sld_fab_alt_sld_fab:alt_sld_fab|alt_sld_fab_alt_sld_fab_sldfabric:sldfabric|sld_jtag_hub:\jtag_hub_gen:real_sld_jtag_hub|jtag_ir_reg[1]      ; altera_reserved_tck ; altera_reserved_tck ; 0.000        ; 0.040      ; 0.699      ;
; 0.575 ; sld_hub:auto_hub|alt_sld_fab_with_jtag_input:\instrumentation_fabric_with_node_gen:fabric_gen_new_way:with_jtag_input_gen:instrumentation_fabric|alt_sld_fab:instrumentation_fabric|alt_sld_fab_alt_sld_fab:alt_sld_fab|alt_sld_fab_alt_sld_fab_sldfabric:sldfabric|sld_jtag_hub:\jtag_hub_gen:real_sld_jtag_hub|sld_shadow_jsm:shadow_jsm|state[0] ; sld_hub:auto_hub|alt_sld_fab_with_jtag_input:\instrumentation_fabric_with_node_gen:fabric_gen_new_way:with_jtag_input_gen:instrumentation_fabric|alt_sld_fab:instrumentation_fabric|alt_sld_fab_alt_sld_fab:alt_sld_fab|alt_sld_fab_alt_sld_fab_sldfabric:sldfabric|sld_jtag_hub:\jtag_hub_gen:real_sld_jtag_hub|jtag_ir_reg[0]      ; altera_reserved_tck ; altera_reserved_tck ; 0.000        ; 0.040      ; 0.699      ;
; 0.575 ; sld_hub:auto_hub|alt_sld_fab_with_jtag_input:\instrumentation_fabric_with_node_gen:fabric_gen_new_way:with_jtag_input_gen:instrumentation_fabric|alt_sld_fab:instrumentation_fabric|alt_sld_fab_alt_sld_fab:alt_sld_fab|alt_sld_fab_alt_sld_fab_sldfabric:sldfabric|sld_jtag_hub:\jtag_hub_gen:real_sld_jtag_hub|sld_shadow_jsm:shadow_jsm|state[0] ; sld_hub:auto_hub|alt_sld_fab_with_jtag_input:\instrumentation_fabric_with_node_gen:fabric_gen_new_way:with_jtag_input_gen:instrumentation_fabric|alt_sld_fab:instrumentation_fabric|alt_sld_fab_alt_sld_fab:alt_sld_fab|alt_sld_fab_alt_sld_fab_sldfabric:sldfabric|sld_jtag_hub:\jtag_hub_gen:real_sld_jtag_hub|jtag_ir_reg[3]      ; altera_reserved_tck ; altera_reserved_tck ; 0.000        ; 0.040      ; 0.699      ;
; 0.575 ; sld_hub:auto_hub|alt_sld_fab_with_jtag_input:\instrumentation_fabric_with_node_gen:fabric_gen_new_way:with_jtag_input_gen:instrumentation_fabric|alt_sld_fab:instrumentation_fabric|alt_sld_fab_alt_sld_fab:alt_sld_fab|alt_sld_fab_alt_sld_fab_sldfabric:sldfabric|sld_jtag_hub:\jtag_hub_gen:real_sld_jtag_hub|sld_shadow_jsm:shadow_jsm|state[0] ; sld_hub:auto_hub|alt_sld_fab_with_jtag_input:\instrumentation_fabric_with_node_gen:fabric_gen_new_way:with_jtag_input_gen:instrumentation_fabric|alt_sld_fab:instrumentation_fabric|alt_sld_fab_alt_sld_fab:alt_sld_fab|alt_sld_fab_alt_sld_fab_sldfabric:sldfabric|sld_jtag_hub:\jtag_hub_gen:real_sld_jtag_hub|jtag_ir_reg[2]      ; altera_reserved_tck ; altera_reserved_tck ; 0.000        ; 0.040      ; 0.699      ;
; 0.575 ; sld_hub:auto_hub|alt_sld_fab_with_jtag_input:\instrumentation_fabric_with_node_gen:fabric_gen_new_way:with_jtag_input_gen:instrumentation_fabric|alt_sld_fab:instrumentation_fabric|alt_sld_fab_alt_sld_fab:alt_sld_fab|alt_sld_fab_alt_sld_fab_sldfabric:sldfabric|sld_jtag_hub:\jtag_hub_gen:real_sld_jtag_hub|sld_shadow_jsm:shadow_jsm|state[0] ; sld_hub:auto_hub|alt_sld_fab_with_jtag_input:\instrumentation_fabric_with_node_gen:fabric_gen_new_way:with_jtag_input_gen:instrumentation_fabric|alt_sld_fab:instrumentation_fabric|alt_sld_fab_alt_sld_fab:alt_sld_fab|alt_sld_fab_alt_sld_fab_sldfabric:sldfabric|sld_jtag_hub:\jtag_hub_gen:real_sld_jtag_hub|jtag_ir_reg[9]      ; altera_reserved_tck ; altera_reserved_tck ; 0.000        ; 0.040      ; 0.699      ;
; 0.575 ; sld_hub:auto_hub|alt_sld_fab_with_jtag_input:\instrumentation_fabric_with_node_gen:fabric_gen_new_way:with_jtag_input_gen:instrumentation_fabric|alt_sld_fab:instrumentation_fabric|alt_sld_fab_alt_sld_fab:alt_sld_fab|alt_sld_fab_alt_sld_fab_sldfabric:sldfabric|sld_jtag_hub:\jtag_hub_gen:real_sld_jtag_hub|sld_shadow_jsm:shadow_jsm|state[0] ; sld_hub:auto_hub|alt_sld_fab_with_jtag_input:\instrumentation_fabric_with_node_gen:fabric_gen_new_way:with_jtag_input_gen:instrumentation_fabric|alt_sld_fab:instrumentation_fabric|alt_sld_fab_alt_sld_fab:alt_sld_fab|alt_sld_fab_alt_sld_fab_sldfabric:sldfabric|sld_jtag_hub:\jtag_hub_gen:real_sld_jtag_hub|jtag_ir_reg[8]      ; altera_reserved_tck ; altera_reserved_tck ; 0.000        ; 0.040      ; 0.699      ;
; 0.575 ; sld_hub:auto_hub|alt_sld_fab_with_jtag_input:\instrumentation_fabric_with_node_gen:fabric_gen_new_way:with_jtag_input_gen:instrumentation_fabric|alt_sld_fab:instrumentation_fabric|alt_sld_fab_alt_sld_fab:alt_sld_fab|alt_sld_fab_alt_sld_fab_sldfabric:sldfabric|sld_jtag_hub:\jtag_hub_gen:real_sld_jtag_hub|sld_shadow_jsm:shadow_jsm|state[0] ; sld_hub:auto_hub|alt_sld_fab_with_jtag_input:\instrumentation_fabric_with_node_gen:fabric_gen_new_way:with_jtag_input_gen:instrumentation_fabric|alt_sld_fab:instrumentation_fabric|alt_sld_fab_alt_sld_fab:alt_sld_fab|alt_sld_fab_alt_sld_fab_sldfabric:sldfabric|sld_jtag_hub:\jtag_hub_gen:real_sld_jtag_hub|jtag_ir_reg[7]      ; altera_reserved_tck ; altera_reserved_tck ; 0.000        ; 0.040      ; 0.699      ;
; 0.575 ; sld_hub:auto_hub|alt_sld_fab_with_jtag_input:\instrumentation_fabric_with_node_gen:fabric_gen_new_way:with_jtag_input_gen:instrumentation_fabric|alt_sld_fab:instrumentation_fabric|alt_sld_fab_alt_sld_fab:alt_sld_fab|alt_sld_fab_alt_sld_fab_sldfabric:sldfabric|sld_jtag_hub:\jtag_hub_gen:real_sld_jtag_hub|sld_shadow_jsm:shadow_jsm|state[0] ; sld_hub:auto_hub|alt_sld_fab_with_jtag_input:\instrumentation_fabric_with_node_gen:fabric_gen_new_way:with_jtag_input_gen:instrumentation_fabric|alt_sld_fab:instrumentation_fabric|alt_sld_fab_alt_sld_fab:alt_sld_fab|alt_sld_fab_alt_sld_fab_sldfabric:sldfabric|sld_jtag_hub:\jtag_hub_gen:real_sld_jtag_hub|jtag_ir_reg[6]      ; altera_reserved_tck ; altera_reserved_tck ; 0.000        ; 0.040      ; 0.699      ;
; 0.575 ; sld_hub:auto_hub|alt_sld_fab_with_jtag_input:\instrumentation_fabric_with_node_gen:fabric_gen_new_way:with_jtag_input_gen:instrumentation_fabric|alt_sld_fab:instrumentation_fabric|alt_sld_fab_alt_sld_fab:alt_sld_fab|alt_sld_fab_alt_sld_fab_sldfabric:sldfabric|sld_jtag_hub:\jtag_hub_gen:real_sld_jtag_hub|sld_shadow_jsm:shadow_jsm|state[0] ; sld_hub:auto_hub|alt_sld_fab_with_jtag_input:\instrumentation_fabric_with_node_gen:fabric_gen_new_way:with_jtag_input_gen:instrumentation_fabric|alt_sld_fab:instrumentation_fabric|alt_sld_fab_alt_sld_fab:alt_sld_fab|alt_sld_fab_alt_sld_fab_sldfabric:sldfabric|sld_jtag_hub:\jtag_hub_gen:real_sld_jtag_hub|jtag_ir_reg[5]      ; altera_reserved_tck ; altera_reserved_tck ; 0.000        ; 0.040      ; 0.699      ;
; 0.575 ; sld_hub:auto_hub|alt_sld_fab_with_jtag_input:\instrumentation_fabric_with_node_gen:fabric_gen_new_way:with_jtag_input_gen:instrumentation_fabric|alt_sld_fab:instrumentation_fabric|alt_sld_fab_alt_sld_fab:alt_sld_fab|alt_sld_fab_alt_sld_fab_sldfabric:sldfabric|sld_jtag_hub:\jtag_hub_gen:real_sld_jtag_hub|sld_shadow_jsm:shadow_jsm|state[0] ; sld_hub:auto_hub|alt_sld_fab_with_jtag_input:\instrumentation_fabric_with_node_gen:fabric_gen_new_way:with_jtag_input_gen:instrumentation_fabric|alt_sld_fab:instrumentation_fabric|alt_sld_fab_alt_sld_fab:alt_sld_fab|alt_sld_fab_alt_sld_fab_sldfabric:sldfabric|sld_jtag_hub:\jtag_hub_gen:real_sld_jtag_hub|jtag_ir_reg[4]      ; altera_reserved_tck ; altera_reserved_tck ; 0.000        ; 0.040      ; 0.699      ;
; 0.717 ; jtag_to_avalon_mst_brg_01:u_jtag_avmm|jtag_to_avalon_mst_brg_01_master_0:master_0|altera_avalon_st_jtag_interface:jtag_phy_embedded_in_jtag_master|altera_jtag_dc_streaming:normal.jtag_dc_streaming|altera_std_synchronizer:synchronizer|dreg[1]                                                                                                   ; jtag_to_avalon_mst_brg_01:u_jtag_avmm|jtag_to_avalon_mst_brg_01_master_0:master_0|altera_avalon_st_jtag_interface:jtag_phy_embedded_in_jtag_master|altera_jtag_dc_streaming:normal.jtag_dc_streaming|altera_avalon_st_clock_crosser:sink_crosser|altera_avalon_st_pipeline_base:output_stage|data1[2]                                ; altera_reserved_tck ; altera_reserved_tck ; 0.000        ; 0.033      ; 0.834      ;
; 0.717 ; jtag_to_avalon_mst_brg_01:u_jtag_avmm|jtag_to_avalon_mst_brg_01_master_0:master_0|altera_avalon_st_jtag_interface:jtag_phy_embedded_in_jtag_master|altera_jtag_dc_streaming:normal.jtag_dc_streaming|altera_std_synchronizer:synchronizer|dreg[1]                                                                                                   ; jtag_to_avalon_mst_brg_01:u_jtag_avmm|jtag_to_avalon_mst_brg_01_master_0:master_0|altera_avalon_st_jtag_interface:jtag_phy_embedded_in_jtag_master|altera_jtag_dc_streaming:normal.jtag_dc_streaming|altera_avalon_st_clock_crosser:sink_crosser|altera_avalon_st_pipeline_base:output_stage|data0[2]                                ; altera_reserved_tck ; altera_reserved_tck ; 0.000        ; 0.033      ; 0.834      ;
; 0.726 ; sld_hub:auto_hub|alt_sld_fab_with_jtag_input:\instrumentation_fabric_with_node_gen:fabric_gen_new_way:with_jtag_input_gen:instrumentation_fabric|alt_sld_fab:instrumentation_fabric|alt_sld_fab_alt_sld_fab:alt_sld_fab|alt_sld_fab_alt_sld_fab_sldfabric:sldfabric|sld_jtag_hub:\jtag_hub_gen:real_sld_jtag_hub|clr_reg                            ; sld_hub:auto_hub|alt_sld_fab_with_jtag_input:\instrumentation_fabric_with_node_gen:fabric_gen_new_way:with_jtag_input_gen:instrumentation_fabric|alt_sld_fab:instrumentation_fabric|alt_sld_fab_alt_sld_fab:alt_sld_fab|alt_sld_fab_alt_sld_fab_sldfabric:sldfabric|sld_jtag_hub:\jtag_hub_gen:real_sld_jtag_hub|irsr_reg[0]         ; altera_reserved_tck ; altera_reserved_tck ; 0.000        ; 0.025      ; 0.835      ;
; 0.726 ; sld_hub:auto_hub|alt_sld_fab_with_jtag_input:\instrumentation_fabric_with_node_gen:fabric_gen_new_way:with_jtag_input_gen:instrumentation_fabric|alt_sld_fab:instrumentation_fabric|alt_sld_fab_alt_sld_fab:alt_sld_fab|alt_sld_fab_alt_sld_fab_sldfabric:sldfabric|sld_jtag_hub:\jtag_hub_gen:real_sld_jtag_hub|clr_reg                            ; sld_hub:auto_hub|alt_sld_fab_with_jtag_input:\instrumentation_fabric_with_node_gen:fabric_gen_new_way:with_jtag_input_gen:instrumentation_fabric|alt_sld_fab:instrumentation_fabric|alt_sld_fab_alt_sld_fab:alt_sld_fab|alt_sld_fab_alt_sld_fab_sldfabric:sldfabric|sld_jtag_hub:\jtag_hub_gen:real_sld_jtag_hub|irsr_reg[1]         ; altera_reserved_tck ; altera_reserved_tck ; 0.000        ; 0.025      ; 0.835      ;
; 0.726 ; sld_hub:auto_hub|alt_sld_fab_with_jtag_input:\instrumentation_fabric_with_node_gen:fabric_gen_new_way:with_jtag_input_gen:instrumentation_fabric|alt_sld_fab:instrumentation_fabric|alt_sld_fab_alt_sld_fab:alt_sld_fab|alt_sld_fab_alt_sld_fab_sldfabric:sldfabric|sld_jtag_hub:\jtag_hub_gen:real_sld_jtag_hub|clr_reg                            ; sld_hub:auto_hub|alt_sld_fab_with_jtag_input:\instrumentation_fabric_with_node_gen:fabric_gen_new_way:with_jtag_input_gen:instrumentation_fabric|alt_sld_fab:instrumentation_fabric|alt_sld_fab_alt_sld_fab:alt_sld_fab|alt_sld_fab_alt_sld_fab_sldfabric:sldfabric|sld_jtag_hub:\jtag_hub_gen:real_sld_jtag_hub|irsr_reg[2]         ; altera_reserved_tck ; altera_reserved_tck ; 0.000        ; 0.025      ; 0.835      ;
; 0.726 ; sld_hub:auto_hub|alt_sld_fab_with_jtag_input:\instrumentation_fabric_with_node_gen:fabric_gen_new_way:with_jtag_input_gen:instrumentation_fabric|alt_sld_fab:instrumentation_fabric|alt_sld_fab_alt_sld_fab:alt_sld_fab|alt_sld_fab_alt_sld_fab_sldfabric:sldfabric|sld_jtag_hub:\jtag_hub_gen:real_sld_jtag_hub|clr_reg                            ; sld_hub:auto_hub|alt_sld_fab_with_jtag_input:\instrumentation_fabric_with_node_gen:fabric_gen_new_way:with_jtag_input_gen:instrumentation_fabric|alt_sld_fab:instrumentation_fabric|alt_sld_fab_alt_sld_fab:alt_sld_fab|alt_sld_fab_alt_sld_fab_sldfabric:sldfabric|sld_jtag_hub:\jtag_hub_gen:real_sld_jtag_hub|hub_mode_reg[0]     ; altera_reserved_tck ; altera_reserved_tck ; 0.000        ; 0.025      ; 0.835      ;
; 0.726 ; sld_hub:auto_hub|alt_sld_fab_with_jtag_input:\instrumentation_fabric_with_node_gen:fabric_gen_new_way:with_jtag_input_gen:instrumentation_fabric|alt_sld_fab:instrumentation_fabric|alt_sld_fab_alt_sld_fab:alt_sld_fab|alt_sld_fab_alt_sld_fab_sldfabric:sldfabric|sld_jtag_hub:\jtag_hub_gen:real_sld_jtag_hub|clr_reg                            ; sld_hub:auto_hub|alt_sld_fab_with_jtag_input:\instrumentation_fabric_with_node_gen:fabric_gen_new_way:with_jtag_input_gen:instrumentation_fabric|alt_sld_fab:instrumentation_fabric|alt_sld_fab_alt_sld_fab:alt_sld_fab|alt_sld_fab_alt_sld_fab_sldfabric:sldfabric|sld_jtag_hub:\jtag_hub_gen:real_sld_jtag_hub|irsr_reg[4]         ; altera_reserved_tck ; altera_reserved_tck ; 0.000        ; 0.025      ; 0.835      ;
; 0.726 ; sld_hub:auto_hub|alt_sld_fab_with_jtag_input:\instrumentation_fabric_with_node_gen:fabric_gen_new_way:with_jtag_input_gen:instrumentation_fabric|alt_sld_fab:instrumentation_fabric|alt_sld_fab_alt_sld_fab:alt_sld_fab|alt_sld_fab_alt_sld_fab_sldfabric:sldfabric|sld_jtag_hub:\jtag_hub_gen:real_sld_jtag_hub|clr_reg                            ; sld_hub:auto_hub|alt_sld_fab_with_jtag_input:\instrumentation_fabric_with_node_gen:fabric_gen_new_way:with_jtag_input_gen:instrumentation_fabric|alt_sld_fab:instrumentation_fabric|alt_sld_fab_alt_sld_fab:alt_sld_fab|alt_sld_fab_alt_sld_fab_sldfabric:sldfabric|sld_jtag_hub:\jtag_hub_gen:real_sld_jtag_hub|irsr_reg[3]         ; altera_reserved_tck ; altera_reserved_tck ; 0.000        ; 0.025      ; 0.835      ;
; 0.814 ; sld_hub:auto_hub|alt_sld_fab_with_jtag_input:\instrumentation_fabric_with_node_gen:fabric_gen_new_way:with_jtag_input_gen:instrumentation_fabric|alt_sld_fab:instrumentation_fabric|alt_sld_fab_alt_sld_fab:alt_sld_fab|alt_sld_fab_alt_sld_fab_sldfabric:sldfabric|sld_jtag_hub:\jtag_hub_gen:real_sld_jtag_hub|clr_reg                            ; sld_hub:auto_hub|alt_sld_fab_with_jtag_input:\instrumentation_fabric_with_node_gen:fabric_gen_new_way:with_jtag_input_gen:instrumentation_fabric|alt_sld_fab:instrumentation_fabric|alt_sld_fab_alt_sld_fab:alt_sld_fab|alt_sld_fab_alt_sld_fab_sldfabric:sldfabric|sld_jtag_hub:\jtag_hub_gen:real_sld_jtag_hub|hub_mode_reg[1]     ; altera_reserved_tck ; altera_reserved_tck ; 0.000        ; 0.046      ; 0.944      ;
; 0.839 ; sld_hub:auto_hub|alt_sld_fab_with_jtag_input:\instrumentation_fabric_with_node_gen:fabric_gen_new_way:with_jtag_input_gen:instrumentation_fabric|alt_sld_fab:instrumentation_fabric|alt_sld_fab_alt_sld_fab:alt_sld_fab|alt_sld_fab_alt_sld_fab_sldfabric:sldfabric|sld_jtag_hub:\jtag_hub_gen:real_sld_jtag_hub|clr_reg                            ; sld_hub:auto_hub|alt_sld_fab_with_jtag_input:\instrumentation_fabric_with_node_gen:fabric_gen_new_way:with_jtag_input_gen:instrumentation_fabric|alt_sld_fab:instrumentation_fabric|alt_sld_fab_alt_sld_fab:alt_sld_fab|splitter_nodes_receive_0[3]                                                                                  ; altera_reserved_tck ; altera_reserved_tck ; 0.000        ; 0.026      ; 0.949      ;
; 0.843 ; jtag_to_avalon_mst_brg_01:u_jtag_avmm|jtag_to_avalon_mst_brg_01_master_0:master_0|altera_avalon_st_jtag_interface:jtag_phy_embedded_in_jtag_master|altera_jtag_dc_streaming:normal.jtag_dc_streaming|altera_std_synchronizer:synchronizer|dreg[1]                                                                                                   ; jtag_to_avalon_mst_brg_01:u_jtag_avmm|jtag_to_avalon_mst_brg_01_master_0:master_0|altera_avalon_st_jtag_interface:jtag_phy_embedded_in_jtag_master|altera_jtag_dc_streaming:normal.jtag_dc_streaming|altera_avalon_st_clock_crosser:sink_crosser|altera_avalon_st_pipeline_base:output_stage|data1[3]                                ; altera_reserved_tck ; altera_reserved_tck ; 0.000        ; 0.037      ; 0.964      ;
; 0.843 ; jtag_to_avalon_mst_brg_01:u_jtag_avmm|jtag_to_avalon_mst_brg_01_master_0:master_0|altera_avalon_st_jtag_interface:jtag_phy_embedded_in_jtag_master|altera_jtag_dc_streaming:normal.jtag_dc_streaming|altera_std_synchronizer:synchronizer|dreg[1]                                                                                                   ; jtag_to_avalon_mst_brg_01:u_jtag_avmm|jtag_to_avalon_mst_brg_01_master_0:master_0|altera_avalon_st_jtag_interface:jtag_phy_embedded_in_jtag_master|altera_jtag_dc_streaming:normal.jtag_dc_streaming|altera_avalon_st_clock_crosser:sink_crosser|altera_avalon_st_pipeline_base:output_stage|data1[5]                                ; altera_reserved_tck ; altera_reserved_tck ; 0.000        ; 0.037      ; 0.964      ;
; 0.843 ; jtag_to_avalon_mst_brg_01:u_jtag_avmm|jtag_to_avalon_mst_brg_01_master_0:master_0|altera_avalon_st_jtag_interface:jtag_phy_embedded_in_jtag_master|altera_jtag_dc_streaming:normal.jtag_dc_streaming|altera_std_synchronizer:synchronizer|dreg[1]                                                                                                   ; jtag_to_avalon_mst_brg_01:u_jtag_avmm|jtag_to_avalon_mst_brg_01_master_0:master_0|altera_avalon_st_jtag_interface:jtag_phy_embedded_in_jtag_master|altera_jtag_dc_streaming:normal.jtag_dc_streaming|altera_avalon_st_clock_crosser:sink_crosser|altera_avalon_st_pipeline_base:output_stage|data1[6]                                ; altera_reserved_tck ; altera_reserved_tck ; 0.000        ; 0.037      ; 0.964      ;
; 0.843 ; jtag_to_avalon_mst_brg_01:u_jtag_avmm|jtag_to_avalon_mst_brg_01_master_0:master_0|altera_avalon_st_jtag_interface:jtag_phy_embedded_in_jtag_master|altera_jtag_dc_streaming:normal.jtag_dc_streaming|altera_std_synchronizer:synchronizer|dreg[1]                                                                                                   ; jtag_to_avalon_mst_brg_01:u_jtag_avmm|jtag_to_avalon_mst_brg_01_master_0:master_0|altera_avalon_st_jtag_interface:jtag_phy_embedded_in_jtag_master|altera_jtag_dc_streaming:normal.jtag_dc_streaming|altera_avalon_st_clock_crosser:sink_crosser|altera_avalon_st_pipeline_base:output_stage|data1[7]                                ; altera_reserved_tck ; altera_reserved_tck ; 0.000        ; 0.037      ; 0.964      ;
; 0.843 ; jtag_to_avalon_mst_brg_01:u_jtag_avmm|jtag_to_avalon_mst_brg_01_master_0:master_0|altera_avalon_st_jtag_interface:jtag_phy_embedded_in_jtag_master|altera_jtag_dc_streaming:normal.jtag_dc_streaming|altera_std_synchronizer:synchronizer|dreg[1]                                                                                                   ; jtag_to_avalon_mst_brg_01:u_jtag_avmm|jtag_to_avalon_mst_brg_01_master_0:master_0|altera_avalon_st_jtag_interface:jtag_phy_embedded_in_jtag_master|altera_jtag_dc_streaming:normal.jtag_dc_streaming|altera_avalon_st_clock_crosser:sink_crosser|altera_avalon_st_pipeline_base:output_stage|data1[1]                                ; altera_reserved_tck ; altera_reserved_tck ; 0.000        ; 0.037      ; 0.964      ;
; 0.843 ; jtag_to_avalon_mst_brg_01:u_jtag_avmm|jtag_to_avalon_mst_brg_01_master_0:master_0|altera_avalon_st_jtag_interface:jtag_phy_embedded_in_jtag_master|altera_jtag_dc_streaming:normal.jtag_dc_streaming|altera_std_synchronizer:synchronizer|dreg[1]                                                                                                   ; jtag_to_avalon_mst_brg_01:u_jtag_avmm|jtag_to_avalon_mst_brg_01_master_0:master_0|altera_avalon_st_jtag_interface:jtag_phy_embedded_in_jtag_master|altera_jtag_dc_streaming:normal.jtag_dc_streaming|altera_avalon_st_clock_crosser:sink_crosser|altera_avalon_st_pipeline_base:output_stage|data1[0]                                ; altera_reserved_tck ; altera_reserved_tck ; 0.000        ; 0.037      ; 0.964      ;
; 0.843 ; jtag_to_avalon_mst_brg_01:u_jtag_avmm|jtag_to_avalon_mst_brg_01_master_0:master_0|altera_avalon_st_jtag_interface:jtag_phy_embedded_in_jtag_master|altera_jtag_dc_streaming:normal.jtag_dc_streaming|altera_std_synchronizer:synchronizer|dreg[1]                                                                                                   ; jtag_to_avalon_mst_brg_01:u_jtag_avmm|jtag_to_avalon_mst_brg_01_master_0:master_0|altera_avalon_st_jtag_interface:jtag_phy_embedded_in_jtag_master|altera_jtag_dc_streaming:normal.jtag_dc_streaming|altera_avalon_st_clock_crosser:sink_crosser|altera_avalon_st_pipeline_base:output_stage|data1[4]                                ; altera_reserved_tck ; altera_reserved_tck ; 0.000        ; 0.037      ; 0.964      ;
; 0.843 ; jtag_to_avalon_mst_brg_01:u_jtag_avmm|jtag_to_avalon_mst_brg_01_master_0:master_0|altera_avalon_st_jtag_interface:jtag_phy_embedded_in_jtag_master|altera_jtag_dc_streaming:normal.jtag_dc_streaming|altera_std_synchronizer:synchronizer|dreg[1]                                                                                                   ; jtag_to_avalon_mst_brg_01:u_jtag_avmm|jtag_to_avalon_mst_brg_01_master_0:master_0|altera_avalon_st_jtag_interface:jtag_phy_embedded_in_jtag_master|altera_jtag_dc_streaming:normal.jtag_dc_streaming|altera_avalon_st_clock_crosser:sink_crosser|altera_avalon_st_pipeline_base:output_stage|data0[4]                                ; altera_reserved_tck ; altera_reserved_tck ; 0.000        ; 0.037      ; 0.964      ;
; 0.843 ; jtag_to_avalon_mst_brg_01:u_jtag_avmm|jtag_to_avalon_mst_brg_01_master_0:master_0|altera_avalon_st_jtag_interface:jtag_phy_embedded_in_jtag_master|altera_jtag_dc_streaming:normal.jtag_dc_streaming|altera_std_synchronizer:synchronizer|dreg[1]                                                                                                   ; jtag_to_avalon_mst_brg_01:u_jtag_avmm|jtag_to_avalon_mst_brg_01_master_0:master_0|altera_avalon_st_jtag_interface:jtag_phy_embedded_in_jtag_master|altera_jtag_dc_streaming:normal.jtag_dc_streaming|altera_avalon_st_clock_crosser:sink_crosser|altera_avalon_st_pipeline_base:output_stage|data0[0]                                ; altera_reserved_tck ; altera_reserved_tck ; 0.000        ; 0.037      ; 0.964      ;
; 0.843 ; jtag_to_avalon_mst_brg_01:u_jtag_avmm|jtag_to_avalon_mst_brg_01_master_0:master_0|altera_avalon_st_jtag_interface:jtag_phy_embedded_in_jtag_master|altera_jtag_dc_streaming:normal.jtag_dc_streaming|altera_std_synchronizer:synchronizer|dreg[1]                                                                                                   ; jtag_to_avalon_mst_brg_01:u_jtag_avmm|jtag_to_avalon_mst_brg_01_master_0:master_0|altera_avalon_st_jtag_interface:jtag_phy_embedded_in_jtag_master|altera_jtag_dc_streaming:normal.jtag_dc_streaming|altera_avalon_st_clock_crosser:sink_crosser|altera_avalon_st_pipeline_base:output_stage|data0[1]                                ; altera_reserved_tck ; altera_reserved_tck ; 0.000        ; 0.037      ; 0.964      ;
; 0.843 ; jtag_to_avalon_mst_brg_01:u_jtag_avmm|jtag_to_avalon_mst_brg_01_master_0:master_0|altera_avalon_st_jtag_interface:jtag_phy_embedded_in_jtag_master|altera_jtag_dc_streaming:normal.jtag_dc_streaming|altera_std_synchronizer:synchronizer|dreg[1]                                                                                                   ; jtag_to_avalon_mst_brg_01:u_jtag_avmm|jtag_to_avalon_mst_brg_01_master_0:master_0|altera_avalon_st_jtag_interface:jtag_phy_embedded_in_jtag_master|altera_jtag_dc_streaming:normal.jtag_dc_streaming|altera_avalon_st_clock_crosser:sink_crosser|altera_avalon_st_pipeline_base:output_stage|data0[7]                                ; altera_reserved_tck ; altera_reserved_tck ; 0.000        ; 0.037      ; 0.964      ;
; 0.843 ; jtag_to_avalon_mst_brg_01:u_jtag_avmm|jtag_to_avalon_mst_brg_01_master_0:master_0|altera_avalon_st_jtag_interface:jtag_phy_embedded_in_jtag_master|altera_jtag_dc_streaming:normal.jtag_dc_streaming|altera_std_synchronizer:synchronizer|dreg[1]                                                                                                   ; jtag_to_avalon_mst_brg_01:u_jtag_avmm|jtag_to_avalon_mst_brg_01_master_0:master_0|altera_avalon_st_jtag_interface:jtag_phy_embedded_in_jtag_master|altera_jtag_dc_streaming:normal.jtag_dc_streaming|altera_avalon_st_clock_crosser:sink_crosser|altera_avalon_st_pipeline_base:output_stage|data0[6]                                ; altera_reserved_tck ; altera_reserved_tck ; 0.000        ; 0.037      ; 0.964      ;
; 0.843 ; jtag_to_avalon_mst_brg_01:u_jtag_avmm|jtag_to_avalon_mst_brg_01_master_0:master_0|altera_avalon_st_jtag_interface:jtag_phy_embedded_in_jtag_master|altera_jtag_dc_streaming:normal.jtag_dc_streaming|altera_std_synchronizer:synchronizer|dreg[1]                                                                                                   ; jtag_to_avalon_mst_brg_01:u_jtag_avmm|jtag_to_avalon_mst_brg_01_master_0:master_0|altera_avalon_st_jtag_interface:jtag_phy_embedded_in_jtag_master|altera_jtag_dc_streaming:normal.jtag_dc_streaming|altera_avalon_st_clock_crosser:sink_crosser|altera_avalon_st_pipeline_base:output_stage|data0[5]                                ; altera_reserved_tck ; altera_reserved_tck ; 0.000        ; 0.037      ; 0.964      ;
; 0.843 ; jtag_to_avalon_mst_brg_01:u_jtag_avmm|jtag_to_avalon_mst_brg_01_master_0:master_0|altera_avalon_st_jtag_interface:jtag_phy_embedded_in_jtag_master|altera_jtag_dc_streaming:normal.jtag_dc_streaming|altera_std_synchronizer:synchronizer|dreg[1]                                                                                                   ; jtag_to_avalon_mst_brg_01:u_jtag_avmm|jtag_to_avalon_mst_brg_01_master_0:master_0|altera_avalon_st_jtag_interface:jtag_phy_embedded_in_jtag_master|altera_jtag_dc_streaming:normal.jtag_dc_streaming|altera_avalon_st_clock_crosser:sink_crosser|altera_avalon_st_pipeline_base:output_stage|data0[3]                                ; altera_reserved_tck ; altera_reserved_tck ; 0.000        ; 0.037      ; 0.964      ;
; 0.855 ; jtag_to_avalon_mst_brg_01:u_jtag_avmm|jtag_to_avalon_mst_brg_01_master_0:master_0|altera_avalon_st_jtag_interface:jtag_phy_embedded_in_jtag_master|altera_jtag_dc_streaming:normal.jtag_dc_streaming|altera_std_synchronizer:synchronizer|dreg[1]                                                                                                   ; jtag_to_avalon_mst_brg_01:u_jtag_avmm|jtag_to_avalon_mst_brg_01_master_0:master_0|altera_avalon_st_jtag_interface:jtag_phy_embedded_in_jtag_master|altera_jtag_dc_streaming:normal.jtag_dc_streaming|altera_jtag_src_crosser:source_crosser|sink_data_buffer[5]                                                                      ; altera_reserved_tck ; altera_reserved_tck ; 0.000        ; 0.021      ; 0.960      ;
; 0.855 ; jtag_to_avalon_mst_brg_01:u_jtag_avmm|jtag_to_avalon_mst_brg_01_master_0:master_0|altera_avalon_st_jtag_interface:jtag_phy_embedded_in_jtag_master|altera_jtag_dc_streaming:normal.jtag_dc_streaming|altera_std_synchronizer:synchronizer|dreg[1]                                                                                                   ; jtag_to_avalon_mst_brg_01:u_jtag_avmm|jtag_to_avalon_mst_brg_01_master_0:master_0|altera_avalon_st_jtag_interface:jtag_phy_embedded_in_jtag_master|altera_jtag_dc_streaming:normal.jtag_dc_streaming|altera_jtag_src_crosser:source_crosser|sink_data_buffer[7]                                                                      ; altera_reserved_tck ; altera_reserved_tck ; 0.000        ; 0.021      ; 0.960      ;
; 0.855 ; jtag_to_avalon_mst_brg_01:u_jtag_avmm|jtag_to_avalon_mst_brg_01_master_0:master_0|altera_avalon_st_jtag_interface:jtag_phy_embedded_in_jtag_master|altera_jtag_dc_streaming:normal.jtag_dc_streaming|altera_std_synchronizer:synchronizer|dreg[1]                                                                                                   ; jtag_to_avalon_mst_brg_01:u_jtag_avmm|jtag_to_avalon_mst_brg_01_master_0:master_0|altera_avalon_st_jtag_interface:jtag_phy_embedded_in_jtag_master|altera_jtag_dc_streaming:normal.jtag_dc_streaming|altera_jtag_src_crosser:source_crosser|sink_data_buffer[6]                                                                      ; altera_reserved_tck ; altera_reserved_tck ; 0.000        ; 0.021      ; 0.960      ;
; 0.855 ; jtag_to_avalon_mst_brg_01:u_jtag_avmm|jtag_to_avalon_mst_brg_01_master_0:master_0|altera_avalon_st_jtag_interface:jtag_phy_embedded_in_jtag_master|altera_jtag_dc_streaming:normal.jtag_dc_streaming|altera_std_synchronizer:synchronizer|dreg[1]                                                                                                   ; jtag_to_avalon_mst_brg_01:u_jtag_avmm|jtag_to_avalon_mst_brg_01_master_0:master_0|altera_avalon_st_jtag_interface:jtag_phy_embedded_in_jtag_master|altera_jtag_dc_streaming:normal.jtag_dc_streaming|altera_jtag_src_crosser:source_crosser|sink_data_buffer[4]                                                                      ; altera_reserved_tck ; altera_reserved_tck ; 0.000        ; 0.021      ; 0.960      ;
; 0.855 ; jtag_to_avalon_mst_brg_01:u_jtag_avmm|jtag_to_avalon_mst_brg_01_master_0:master_0|altera_avalon_st_jtag_interface:jtag_phy_embedded_in_jtag_master|altera_jtag_dc_streaming:normal.jtag_dc_streaming|altera_std_synchronizer:synchronizer|dreg[1]                                                                                                   ; jtag_to_avalon_mst_brg_01:u_jtag_avmm|jtag_to_avalon_mst_brg_01_master_0:master_0|altera_avalon_st_jtag_interface:jtag_phy_embedded_in_jtag_master|altera_jtag_dc_streaming:normal.jtag_dc_streaming|altera_jtag_src_crosser:source_crosser|sink_data_buffer[3]                                                                      ; altera_reserved_tck ; altera_reserved_tck ; 0.000        ; 0.021      ; 0.960      ;
; 0.855 ; jtag_to_avalon_mst_brg_01:u_jtag_avmm|jtag_to_avalon_mst_brg_01_master_0:master_0|altera_avalon_st_jtag_interface:jtag_phy_embedded_in_jtag_master|altera_jtag_dc_streaming:normal.jtag_dc_streaming|altera_std_synchronizer:synchronizer|dreg[1]                                                                                                   ; jtag_to_avalon_mst_brg_01:u_jtag_avmm|jtag_to_avalon_mst_brg_01_master_0:master_0|altera_avalon_st_jtag_interface:jtag_phy_embedded_in_jtag_master|altera_jtag_dc_streaming:normal.jtag_dc_streaming|altera_jtag_src_crosser:source_crosser|sink_data_buffer[2]                                                                      ; altera_reserved_tck ; altera_reserved_tck ; 0.000        ; 0.021      ; 0.960      ;
; 0.855 ; jtag_to_avalon_mst_brg_01:u_jtag_avmm|jtag_to_avalon_mst_brg_01_master_0:master_0|altera_avalon_st_jtag_interface:jtag_phy_embedded_in_jtag_master|altera_jtag_dc_streaming:normal.jtag_dc_streaming|altera_std_synchronizer:synchronizer|dreg[1]                                                                                                   ; jtag_to_avalon_mst_brg_01:u_jtag_avmm|jtag_to_avalon_mst_brg_01_master_0:master_0|altera_avalon_st_jtag_interface:jtag_phy_embedded_in_jtag_master|altera_jtag_dc_streaming:normal.jtag_dc_streaming|altera_jtag_src_crosser:source_crosser|sink_data_buffer[1]                                                                      ; altera_reserved_tck ; altera_reserved_tck ; 0.000        ; 0.021      ; 0.960      ;
; 0.855 ; jtag_to_avalon_mst_brg_01:u_jtag_avmm|jtag_to_avalon_mst_brg_01_master_0:master_0|altera_avalon_st_jtag_interface:jtag_phy_embedded_in_jtag_master|altera_jtag_dc_streaming:normal.jtag_dc_streaming|altera_std_synchronizer:synchronizer|dreg[1]                                                                                                   ; jtag_to_avalon_mst_brg_01:u_jtag_avmm|jtag_to_avalon_mst_brg_01_master_0:master_0|altera_avalon_st_jtag_interface:jtag_phy_embedded_in_jtag_master|altera_jtag_dc_streaming:normal.jtag_dc_streaming|altera_jtag_src_crosser:source_crosser|sink_data_buffer[0]                                                                      ; altera_reserved_tck ; altera_reserved_tck ; 0.000        ; 0.021      ; 0.960      ;
; 0.856 ; sld_hub:auto_hub|alt_sld_fab_with_jtag_input:\instrumentation_fabric_with_node_gen:fabric_gen_new_way:with_jtag_input_gen:instrumentation_fabric|alt_sld_fab:instrumentation_fabric|alt_sld_fab_alt_sld_fab:alt_sld_fab|alt_sld_fab_alt_sld_fab_sldfabric:sldfabric|sld_jtag_hub:\jtag_hub_gen:real_sld_jtag_hub|virtual_ir_scan_reg                ; sld_hub:auto_hub|alt_sld_fab_with_jtag_input:\instrumentation_fabric_with_node_gen:fabric_gen_new_way:with_jtag_input_gen:instrumentation_fabric|alt_sld_fab:instrumentation_fabric|alt_sld_fab_alt_sld_fab:alt_sld_fab|alt_sld_fab_alt_sld_fab_sldfabric:sldfabric|sld_jtag_hub:\jtag_hub_gen:real_sld_jtag_hub|hub_mode_reg[2]     ; altera_reserved_tck ; altera_reserved_tck ; 0.000        ; 0.052      ; 0.992      ;
; 0.874 ; jtag_to_avalon_mst_brg_01:u_jtag_avmm|jtag_to_avalon_mst_brg_01_master_0:master_0|altera_avalon_st_jtag_interface:jtag_phy_embedded_in_jtag_master|altera_jtag_dc_streaming:normal.jtag_dc_streaming|altera_std_synchronizer:synchronizer|dreg[1]                                                                                                   ; jtag_to_avalon_mst_brg_01:u_jtag_avmm|jtag_to_avalon_mst_brg_01_master_0:master_0|altera_avalon_st_jtag_interface:jtag_phy_embedded_in_jtag_master|altera_jtag_dc_streaming:normal.jtag_dc_streaming|altera_jtag_streaming:jtag_streaming|altera_avalon_st_idle_remover:idle_remover|received_esc                                    ; altera_reserved_tck ; altera_reserved_tck ; 0.000        ; 0.026      ; 0.984      ;
; 0.874 ; jtag_to_avalon_mst_brg_01:u_jtag_avmm|jtag_to_avalon_mst_brg_01_master_0:master_0|altera_avalon_st_jtag_interface:jtag_phy_embedded_in_jtag_master|altera_jtag_dc_streaming:normal.jtag_dc_streaming|altera_std_synchronizer:synchronizer|dreg[1]                                                                                                   ; jtag_to_avalon_mst_brg_01:u_jtag_avmm|jtag_to_avalon_mst_brg_01_master_0:master_0|altera_avalon_st_jtag_interface:jtag_phy_embedded_in_jtag_master|altera_jtag_dc_streaming:normal.jtag_dc_streaming|altera_jtag_src_crosser:source_crosser|sink_valid_buffer                                                                        ; altera_reserved_tck ; altera_reserved_tck ; 0.000        ; 0.026      ; 0.984      ;
; 0.883 ; sld_hub:auto_hub|alt_sld_fab_with_jtag_input:\instrumentation_fabric_with_node_gen:fabric_gen_new_way:with_jtag_input_gen:instrumentation_fabric|alt_sld_fab:instrumentation_fabric|alt_sld_fab_alt_sld_fab:alt_sld_fab|alt_sld_fab_alt_sld_fab_sldfabric:sldfabric|sld_jtag_hub:\jtag_hub_gen:real_sld_jtag_hub|clr_reg                            ; sld_hub:auto_hub|alt_sld_fab_with_jtag_input:\instrumentation_fabric_with_node_gen:fabric_gen_new_way:with_jtag_input_gen:instrumentation_fabric|alt_sld_fab:instrumentation_fabric|alt_sld_fab_alt_sld_fab:alt_sld_fab|alt_sld_fab_alt_sld_fab_sldfabric:sldfabric|sld_jtag_hub:\jtag_hub_gen:real_sld_jtag_hub|irf_reg[1][1]       ; altera_reserved_tck ; altera_reserved_tck ; 0.000        ; 0.011      ; 0.978      ;
; 0.883 ; sld_hub:auto_hub|alt_sld_fab_with_jtag_input:\instrumentation_fabric_with_node_gen:fabric_gen_new_way:with_jtag_input_gen:instrumentation_fabric|alt_sld_fab:instrumentation_fabric|alt_sld_fab_alt_sld_fab:alt_sld_fab|alt_sld_fab_alt_sld_fab_sldfabric:sldfabric|sld_jtag_hub:\jtag_hub_gen:real_sld_jtag_hub|clr_reg                            ; sld_hub:auto_hub|alt_sld_fab_with_jtag_input:\instrumentation_fabric_with_node_gen:fabric_gen_new_way:with_jtag_input_gen:instrumentation_fabric|alt_sld_fab:instrumentation_fabric|alt_sld_fab_alt_sld_fab:alt_sld_fab|alt_sld_fab_alt_sld_fab_sldfabric:sldfabric|sld_jtag_hub:\jtag_hub_gen:real_sld_jtag_hub|irf_reg[1][0]       ; altera_reserved_tck ; altera_reserved_tck ; 0.000        ; 0.011      ; 0.978      ;
; 0.883 ; sld_hub:auto_hub|alt_sld_fab_with_jtag_input:\instrumentation_fabric_with_node_gen:fabric_gen_new_way:with_jtag_input_gen:instrumentation_fabric|alt_sld_fab:instrumentation_fabric|alt_sld_fab_alt_sld_fab:alt_sld_fab|alt_sld_fab_alt_sld_fab_sldfabric:sldfabric|sld_jtag_hub:\jtag_hub_gen:real_sld_jtag_hub|clr_reg                            ; sld_hub:auto_hub|alt_sld_fab_with_jtag_input:\instrumentation_fabric_with_node_gen:fabric_gen_new_way:with_jtag_input_gen:instrumentation_fabric|alt_sld_fab:instrumentation_fabric|alt_sld_fab_alt_sld_fab:alt_sld_fab|alt_sld_fab_alt_sld_fab_sldfabric:sldfabric|sld_jtag_hub:\jtag_hub_gen:real_sld_jtag_hub|irf_reg[1][2]       ; altera_reserved_tck ; altera_reserved_tck ; 0.000        ; 0.011      ; 0.978      ;
; 0.888 ; jtag_to_avalon_mst_brg_01:u_jtag_avmm|jtag_to_avalon_mst_brg_01_master_0:master_0|altera_avalon_st_jtag_interface:jtag_phy_embedded_in_jtag_master|altera_jtag_dc_streaming:normal.jtag_dc_streaming|altera_std_synchronizer:synchronizer|dreg[1]                                                                                                   ; jtag_to_avalon_mst_brg_01:u_jtag_avmm|jtag_to_avalon_mst_brg_01_master_0:master_0|altera_avalon_st_jtag_interface:jtag_phy_embedded_in_jtag_master|altera_jtag_dc_streaming:normal.jtag_dc_streaming|altera_avalon_st_clock_crosser:sink_crosser|out_data_buffer[4]                                                                  ; altera_reserved_tck ; altera_reserved_tck ; 0.000        ; 0.024      ; 0.996      ;
; 0.888 ; jtag_to_avalon_mst_brg_01:u_jtag_avmm|jtag_to_avalon_mst_brg_01_master_0:master_0|altera_avalon_st_jtag_interface:jtag_phy_embedded_in_jtag_master|altera_jtag_dc_streaming:normal.jtag_dc_streaming|altera_std_synchronizer:synchronizer|dreg[1]                                                                                                   ; jtag_to_avalon_mst_brg_01:u_jtag_avmm|jtag_to_avalon_mst_brg_01_master_0:master_0|altera_avalon_st_jtag_interface:jtag_phy_embedded_in_jtag_master|altera_jtag_dc_streaming:normal.jtag_dc_streaming|altera_avalon_st_clock_crosser:sink_crosser|out_data_buffer[0]                                                                  ; altera_reserved_tck ; altera_reserved_tck ; 0.000        ; 0.024      ; 0.996      ;
; 0.888 ; jtag_to_avalon_mst_brg_01:u_jtag_avmm|jtag_to_avalon_mst_brg_01_master_0:master_0|altera_avalon_st_jtag_interface:jtag_phy_embedded_in_jtag_master|altera_jtag_dc_streaming:normal.jtag_dc_streaming|altera_std_synchronizer:synchronizer|dreg[1]                                                                                                   ; jtag_to_avalon_mst_brg_01:u_jtag_avmm|jtag_to_avalon_mst_brg_01_master_0:master_0|altera_avalon_st_jtag_interface:jtag_phy_embedded_in_jtag_master|altera_jtag_dc_streaming:normal.jtag_dc_streaming|altera_avalon_st_clock_crosser:sink_crosser|out_data_buffer[2]                                                                  ; altera_reserved_tck ; altera_reserved_tck ; 0.000        ; 0.024      ; 0.996      ;
; 0.888 ; jtag_to_avalon_mst_brg_01:u_jtag_avmm|jtag_to_avalon_mst_brg_01_master_0:master_0|altera_avalon_st_jtag_interface:jtag_phy_embedded_in_jtag_master|altera_jtag_dc_streaming:normal.jtag_dc_streaming|altera_std_synchronizer:synchronizer|dreg[1]                                                                                                   ; jtag_to_avalon_mst_brg_01:u_jtag_avmm|jtag_to_avalon_mst_brg_01_master_0:master_0|altera_avalon_st_jtag_interface:jtag_phy_embedded_in_jtag_master|altera_jtag_dc_streaming:normal.jtag_dc_streaming|altera_avalon_st_clock_crosser:sink_crosser|out_data_buffer[1]                                                                  ; altera_reserved_tck ; altera_reserved_tck ; 0.000        ; 0.024      ; 0.996      ;
; 0.888 ; jtag_to_avalon_mst_brg_01:u_jtag_avmm|jtag_to_avalon_mst_brg_01_master_0:master_0|altera_avalon_st_jtag_interface:jtag_phy_embedded_in_jtag_master|altera_jtag_dc_streaming:normal.jtag_dc_streaming|altera_std_synchronizer:synchronizer|dreg[1]                                                                                                   ; jtag_to_avalon_mst_brg_01:u_jtag_avmm|jtag_to_avalon_mst_brg_01_master_0:master_0|altera_avalon_st_jtag_interface:jtag_phy_embedded_in_jtag_master|altera_jtag_dc_streaming:normal.jtag_dc_streaming|altera_avalon_st_clock_crosser:sink_crosser|out_data_buffer[7]                                                                  ; altera_reserved_tck ; altera_reserved_tck ; 0.000        ; 0.024      ; 0.996      ;
; 0.888 ; jtag_to_avalon_mst_brg_01:u_jtag_avmm|jtag_to_avalon_mst_brg_01_master_0:master_0|altera_avalon_st_jtag_interface:jtag_phy_embedded_in_jtag_master|altera_jtag_dc_streaming:normal.jtag_dc_streaming|altera_std_synchronizer:synchronizer|dreg[1]                                                                                                   ; jtag_to_avalon_mst_brg_01:u_jtag_avmm|jtag_to_avalon_mst_brg_01_master_0:master_0|altera_avalon_st_jtag_interface:jtag_phy_embedded_in_jtag_master|altera_jtag_dc_streaming:normal.jtag_dc_streaming|altera_avalon_st_clock_crosser:sink_crosser|out_data_buffer[6]                                                                  ; altera_reserved_tck ; altera_reserved_tck ; 0.000        ; 0.024      ; 0.996      ;
; 0.888 ; jtag_to_avalon_mst_brg_01:u_jtag_avmm|jtag_to_avalon_mst_brg_01_master_0:master_0|altera_avalon_st_jtag_interface:jtag_phy_embedded_in_jtag_master|altera_jtag_dc_streaming:normal.jtag_dc_streaming|altera_std_synchronizer:synchronizer|dreg[1]                                                                                                   ; jtag_to_avalon_mst_brg_01:u_jtag_avmm|jtag_to_avalon_mst_brg_01_master_0:master_0|altera_avalon_st_jtag_interface:jtag_phy_embedded_in_jtag_master|altera_jtag_dc_streaming:normal.jtag_dc_streaming|altera_avalon_st_clock_crosser:sink_crosser|out_data_buffer[5]                                                                  ; altera_reserved_tck ; altera_reserved_tck ; 0.000        ; 0.024      ; 0.996      ;
; 0.888 ; jtag_to_avalon_mst_brg_01:u_jtag_avmm|jtag_to_avalon_mst_brg_01_master_0:master_0|altera_avalon_st_jtag_interface:jtag_phy_embedded_in_jtag_master|altera_jtag_dc_streaming:normal.jtag_dc_streaming|altera_std_synchronizer:synchronizer|dreg[1]                                                                                                   ; jtag_to_avalon_mst_brg_01:u_jtag_avmm|jtag_to_avalon_mst_brg_01_master_0:master_0|altera_avalon_st_jtag_interface:jtag_phy_embedded_in_jtag_master|altera_jtag_dc_streaming:normal.jtag_dc_streaming|altera_avalon_st_clock_crosser:sink_crosser|out_data_buffer[3]                                                                  ; altera_reserved_tck ; altera_reserved_tck ; 0.000        ; 0.024      ; 0.996      ;
+-------+-----------------------------------------------------------------------------------------------------------------------------------------------------------------------------------------------------------------------------------------------------------------------------------------------------------------------------------------------------+--------------------------------------------------------------------------------------------------------------------------------------------------------------------------------------------------------------------------------------------------------------------------------------------------------------------------------------+---------------------+---------------------+--------------+------------+------------+


----------------------------------------------
; Fast 1200mV 0C Model Metastability Summary ;
----------------------------------------------
Typical MTBF of Design is 1e+09 years or 3.15e+16 seconds.

Number of Synchronizer Chains Found: 6
Shortest Synchronizer Chain: 3 Registers
Fraction of Chains for which MTBFs Could Not be Calculated: 0.167
Worst Case Available Settling Time: 199.187 ns

Typical MTBF values are calculated based on the nominal silicon characteristics, at nominal operating conditions.
  - Under typical conditions, an increase of 100ps in available settling time will increase MTBF values by a factor of 10.8



+----------------------------------------------------------------------------------+
; Multicorner Timing Analysis Summary                                              ;
+----------------------+--------+-------+----------+---------+---------------------+
; Clock                ; Setup  ; Hold  ; Recovery ; Removal ; Minimum Pulse Width ;
+----------------------+--------+-------+----------+---------+---------------------+
; Worst-case Slack     ; 44.911 ; 0.183 ; 97.643   ; 0.560   ; 49.473              ;
;  altera_reserved_tck ; 44.911 ; 0.183 ; 97.643   ; 0.560   ; 49.473              ;
; Design-wide TNS      ; 0.0    ; 0.0   ; 0.0      ; 0.0     ; 0.0                 ;
;  altera_reserved_tck ; 0.000  ; 0.000 ; 0.000    ; 0.000   ; 0.000               ;
+----------------------+--------+-------+----------+---------+---------------------+


+------------------------------------------------------------------------------------------------------------------------------------------------------------------------------------------------------------------------------------------------------------------------------------------------------------------------------------------------------------------------------------------------------------------------+
; Board Trace Model Assignments                                                                                                                                                                                                                                                                                                                                                                                          ;
+---------------------+--------------+-------------------+-------------------------+-------------------------+---------------+---------------------+----------------+------------------+--------+------------------+------------------------+------------------------+--------------+---------------+-----------------+-------+---------------------+--------------------+---------------+-----------------+-------------+
; Pin                 ; I/O Standard ; Near Tline Length ; Near Tline L per Length ; Near Tline C per Length ; Near Series R ; Near Differential R ; Near Pull-up R ; Near Pull-down R ; Near C ; Far Tline Length ; Far Tline L per Length ; Far Tline C per Length ; Far Series R ; Far Pull-up R ; Far Pull-down R ; Far C ; Termination Voltage ; Far Differential R ; EBD File Name ; EBD Signal Name ; EBD Far-end ;
+---------------------+--------------+-------------------+-------------------------+-------------------------+---------------+---------------------+----------------+------------------+--------+------------------+------------------------+------------------------+--------------+---------------+-----------------+-------+---------------------+--------------------+---------------+-----------------+-------------+
; altera_reserved_tdo ; 2.5 V        ; 0 in              ; 0 H/in                  ; 0 F/in                  ; short         ; -                   ; open           ; open             ; open   ; 0 in             ; 0 H/in                 ; 0 F/in                 ; short        ; open          ; open            ; open  ; 0 V                 ; -                  ; n/a           ; n/a             ; n/a         ;
; ~ALTERA_DCLK~       ; 2.5 V        ; 0 in              ; 0 H/in                  ; 0 F/in                  ; short         ; -                   ; open           ; open             ; open   ; 0 in             ; 0 H/in                 ; 0 F/in                 ; short        ; open          ; open            ; open  ; 0 V                 ; -                  ; n/a           ; n/a             ; n/a         ;
; ~ALTERA_nCEO~       ; 2.5 V        ; 0 in              ; 0 H/in                  ; 0 F/in                  ; short         ; -                   ; open           ; open             ; open   ; 0 in             ; 0 H/in                 ; 0 F/in                 ; short        ; open          ; open            ; open  ; 0 V                 ; -                  ; n/a           ; n/a             ; n/a         ;
+---------------------+--------------+-------------------+-------------------------+-------------------------+---------------+---------------------+----------------+------------------+--------+------------------+------------------------+------------------------+--------------+---------------+-----------------+-------+---------------------+--------------------+---------------+-----------------+-------------+


+----------------------------------------------------------------------------+
; Input Transition Times                                                     ;
+-------------------------+--------------+-----------------+-----------------+
; Pin                     ; I/O Standard ; 10-90 Rise Time ; 90-10 Fall Time ;
+-------------------------+--------------+-----------------+-----------------+
; CLOCK_50                ; 2.5 V        ; 2000 ps         ; 2000 ps         ;
; KEY0                    ; 2.5 V        ; 2000 ps         ; 2000 ps         ;
; altera_reserved_tms     ; 2.5 V        ; 2000 ps         ; 2000 ps         ;
; altera_reserved_tck     ; 2.5 V        ; 2000 ps         ; 2000 ps         ;
; altera_reserved_tdi     ; 2.5 V        ; 2000 ps         ; 2000 ps         ;
; ~ALTERA_ASDO_DATA1~     ; 2.5 V        ; 2000 ps         ; 2000 ps         ;
; ~ALTERA_FLASH_nCE_nCSO~ ; 2.5 V        ; 2000 ps         ; 2000 ps         ;
; ~ALTERA_DATA0~          ; 2.5 V        ; 2000 ps         ; 2000 ps         ;
+-------------------------+--------------+-----------------+-----------------+


+--------------------------------------------------------------------------------------------------------------------------------------------------------------------------------------------------------------------------------------------------------------------------------------------------------------------------------------------------------------------------------------------------------------------------------------------------------------------------------------------------------------------------------------------------------------------------------------------------------------------------------------------------------------------------------------------------+
; Signal Integrity Metrics (Slow 1200mv 0c Model)                                                                                                                                                                                                                                                                                                                                                                                                                                                                                                                                                                                                                                                  ;
+---------------------+--------------+---------------------+---------------------+------------------------------+------------------------------+---------------------+---------------------+--------------------------------------+--------------------------------------+-----------------------------+-----------------------------+----------------------------+----------------------------+-----------------------------+-----------------------------+--------------------+--------------------+-------------------------------------+-------------------------------------+----------------------------+----------------------------+---------------------------+---------------------------+
; Pin                 ; I/O Standard ; Board Delay on Rise ; Board Delay on Fall ; Steady State Voh at FPGA Pin ; Steady State Vol at FPGA Pin ; Voh Max at FPGA Pin ; Vol Min at FPGA Pin ; Ringback Voltage on Rise at FPGA Pin ; Ringback Voltage on Fall at FPGA Pin ; 10-90 Rise Time at FPGA Pin ; 90-10 Fall Time at FPGA Pin ; Monotonic Rise at FPGA Pin ; Monotonic Fall at FPGA Pin ; Steady State Voh at Far-end ; Steady State Vol at Far-end ; Voh Max at Far-end ; Vol Min at Far-end ; Ringback Voltage on Rise at Far-end ; Ringback Voltage on Fall at Far-end ; 10-90 Rise Time at Far-end ; 90-10 Fall Time at Far-end ; Monotonic Rise at Far-end ; Monotonic Fall at Far-end ;
+---------------------+--------------+---------------------+---------------------+------------------------------+------------------------------+---------------------+---------------------+--------------------------------------+--------------------------------------+-----------------------------+-----------------------------+----------------------------+----------------------------+-----------------------------+-----------------------------+--------------------+--------------------+-------------------------------------+-------------------------------------+----------------------------+----------------------------+---------------------------+---------------------------+
; altera_reserved_tdo ; 2.5 V        ; 0 s                 ; 0 s                 ; 2.32 V                       ; 2.07e-08 V                   ; 2.33 V              ; -0.0049 V           ; 0.041 V                              ; 0.094 V                              ; 8.74e-10 s                  ; 1.89e-09 s                  ; Yes                        ; Yes                        ; 2.32 V                      ; 2.07e-08 V                  ; 2.33 V             ; -0.0049 V          ; 0.041 V                             ; 0.094 V                             ; 8.74e-10 s                 ; 1.89e-09 s                 ; Yes                       ; Yes                       ;
; ~ALTERA_DCLK~       ; 2.5 V        ; 0 s                 ; 0 s                 ; 2.32 V                       ; 2.67e-09 V                   ; 2.38 V              ; -0.0485 V           ; 0.167 V                              ; 0.096 V                              ; 2.95e-10 s                  ; 2.73e-10 s                  ; Yes                        ; Yes                        ; 2.32 V                      ; 2.67e-09 V                  ; 2.38 V             ; -0.0485 V          ; 0.167 V                             ; 0.096 V                             ; 2.95e-10 s                 ; 2.73e-10 s                 ; Yes                       ; Yes                       ;
; ~ALTERA_nCEO~       ; 2.5 V        ; 0 s                 ; 0 s                 ; 2.32 V                       ; 4.18e-09 V                   ; 2.38 V              ; -0.00483 V          ; 0.152 V                              ; 0.012 V                              ; 4.81e-10 s                  ; 6.29e-10 s                  ; Yes                        ; Yes                        ; 2.32 V                      ; 4.18e-09 V                  ; 2.38 V             ; -0.00483 V         ; 0.152 V                             ; 0.012 V                             ; 4.81e-10 s                 ; 6.29e-10 s                 ; Yes                       ; Yes                       ;
+---------------------+--------------+---------------------+---------------------+------------------------------+------------------------------+---------------------+---------------------+--------------------------------------+--------------------------------------+-----------------------------+-----------------------------+----------------------------+----------------------------+-----------------------------+-----------------------------+--------------------+--------------------+-------------------------------------+-------------------------------------+----------------------------+----------------------------+---------------------------+---------------------------+


+--------------------------------------------------------------------------------------------------------------------------------------------------------------------------------------------------------------------------------------------------------------------------------------------------------------------------------------------------------------------------------------------------------------------------------------------------------------------------------------------------------------------------------------------------------------------------------------------------------------------------------------------------------------------------------------------------+
; Signal Integrity Metrics (Slow 1200mv 85c Model)                                                                                                                                                                                                                                                                                                                                                                                                                                                                                                                                                                                                                                                 ;
+---------------------+--------------+---------------------+---------------------+------------------------------+------------------------------+---------------------+---------------------+--------------------------------------+--------------------------------------+-----------------------------+-----------------------------+----------------------------+----------------------------+-----------------------------+-----------------------------+--------------------+--------------------+-------------------------------------+-------------------------------------+----------------------------+----------------------------+---------------------------+---------------------------+
; Pin                 ; I/O Standard ; Board Delay on Rise ; Board Delay on Fall ; Steady State Voh at FPGA Pin ; Steady State Vol at FPGA Pin ; Voh Max at FPGA Pin ; Vol Min at FPGA Pin ; Ringback Voltage on Rise at FPGA Pin ; Ringback Voltage on Fall at FPGA Pin ; 10-90 Rise Time at FPGA Pin ; 90-10 Fall Time at FPGA Pin ; Monotonic Rise at FPGA Pin ; Monotonic Fall at FPGA Pin ; Steady State Voh at Far-end ; Steady State Vol at Far-end ; Voh Max at Far-end ; Vol Min at Far-end ; Ringback Voltage on Rise at Far-end ; Ringback Voltage on Fall at Far-end ; 10-90 Rise Time at Far-end ; 90-10 Fall Time at Far-end ; Monotonic Rise at Far-end ; Monotonic Fall at Far-end ;
+---------------------+--------------+---------------------+---------------------+------------------------------+------------------------------+---------------------+---------------------+--------------------------------------+--------------------------------------+-----------------------------+-----------------------------+----------------------------+----------------------------+-----------------------------+-----------------------------+--------------------+--------------------+-------------------------------------+-------------------------------------+----------------------------+----------------------------+---------------------------+---------------------------+
; altera_reserved_tdo ; 2.5 V        ; 0 s                 ; 0 s                 ; 2.32 V                       ; 3.15e-06 V                   ; 2.33 V              ; 3.15e-06 V          ; 0.014 V                              ; 0.05 V                               ; 1.08e-09 s                  ; 2.51e-09 s                  ; Yes                        ; Yes                        ; 2.32 V                      ; 3.15e-06 V                  ; 2.33 V             ; 3.15e-06 V         ; 0.014 V                             ; 0.05 V                              ; 1.08e-09 s                 ; 2.51e-09 s                 ; Yes                       ; Yes                       ;
; ~ALTERA_DCLK~       ; 2.5 V        ; 0 s                 ; 0 s                 ; 2.32 V                       ; 3.75e-07 V                   ; 2.35 V              ; -0.0109 V           ; 0.084 V                              ; 0.027 V                              ; 4.31e-10 s                  ; 3.61e-10 s                  ; Yes                        ; Yes                        ; 2.32 V                      ; 3.75e-07 V                  ; 2.35 V             ; -0.0109 V          ; 0.084 V                             ; 0.027 V                             ; 4.31e-10 s                 ; 3.61e-10 s                 ; Yes                       ; Yes                       ;
; ~ALTERA_nCEO~       ; 2.5 V        ; 0 s                 ; 0 s                 ; 2.32 V                       ; 6.15e-07 V                   ; 2.35 V              ; -0.00712 V          ; 0.093 V                              ; 0.02 V                               ; 6.21e-10 s                  ; 7.9e-10 s                   ; Yes                        ; Yes                        ; 2.32 V                      ; 6.15e-07 V                  ; 2.35 V             ; -0.00712 V         ; 0.093 V                             ; 0.02 V                              ; 6.21e-10 s                 ; 7.9e-10 s                  ; Yes                       ; Yes                       ;
+---------------------+--------------+---------------------+---------------------+------------------------------+------------------------------+---------------------+---------------------+--------------------------------------+--------------------------------------+-----------------------------+-----------------------------+----------------------------+----------------------------+-----------------------------+-----------------------------+--------------------+--------------------+-------------------------------------+-------------------------------------+----------------------------+----------------------------+---------------------------+---------------------------+


+--------------------------------------------------------------------------------------------------------------------------------------------------------------------------------------------------------------------------------------------------------------------------------------------------------------------------------------------------------------------------------------------------------------------------------------------------------------------------------------------------------------------------------------------------------------------------------------------------------------------------------------------------------------------------------------------------+
; Signal Integrity Metrics (Fast 1200mv 0c Model)                                                                                                                                                                                                                                                                                                                                                                                                                                                                                                                                                                                                                                                  ;
+---------------------+--------------+---------------------+---------------------+------------------------------+------------------------------+---------------------+---------------------+--------------------------------------+--------------------------------------+-----------------------------+-----------------------------+----------------------------+----------------------------+-----------------------------+-----------------------------+--------------------+--------------------+-------------------------------------+-------------------------------------+----------------------------+----------------------------+---------------------------+---------------------------+
; Pin                 ; I/O Standard ; Board Delay on Rise ; Board Delay on Fall ; Steady State Voh at FPGA Pin ; Steady State Vol at FPGA Pin ; Voh Max at FPGA Pin ; Vol Min at FPGA Pin ; Ringback Voltage on Rise at FPGA Pin ; Ringback Voltage on Fall at FPGA Pin ; 10-90 Rise Time at FPGA Pin ; 90-10 Fall Time at FPGA Pin ; Monotonic Rise at FPGA Pin ; Monotonic Fall at FPGA Pin ; Steady State Voh at Far-end ; Steady State Vol at Far-end ; Voh Max at Far-end ; Vol Min at Far-end ; Ringback Voltage on Rise at Far-end ; Ringback Voltage on Fall at Far-end ; 10-90 Rise Time at Far-end ; 90-10 Fall Time at Far-end ; Monotonic Rise at Far-end ; Monotonic Fall at Far-end ;
+---------------------+--------------+---------------------+---------------------+------------------------------+------------------------------+---------------------+---------------------+--------------------------------------+--------------------------------------+-----------------------------+-----------------------------+----------------------------+----------------------------+-----------------------------+-----------------------------+--------------------+--------------------+-------------------------------------+-------------------------------------+----------------------------+----------------------------+---------------------------+---------------------------+
; altera_reserved_tdo ; 2.5 V        ; 0 s                 ; 0 s                 ; 2.62 V                       ; 1.77e-07 V                   ; 2.65 V              ; -0.0108 V           ; 0.18 V                               ; 0.17 V                               ; 6.63e-10 s                  ; 1.56e-09 s                  ; Yes                        ; Yes                        ; 2.62 V                      ; 1.77e-07 V                  ; 2.65 V             ; -0.0108 V          ; 0.18 V                              ; 0.17 V                              ; 6.63e-10 s                 ; 1.56e-09 s                 ; Yes                       ; Yes                       ;
; ~ALTERA_DCLK~       ; 2.5 V        ; 0 s                 ; 0 s                 ; 2.62 V                       ; 2.22e-08 V                   ; 2.74 V              ; -0.06 V             ; 0.158 V                              ; 0.08 V                               ; 2.68e-10 s                  ; 2.19e-10 s                  ; Yes                        ; Yes                        ; 2.62 V                      ; 2.22e-08 V                  ; 2.74 V             ; -0.06 V            ; 0.158 V                             ; 0.08 V                              ; 2.68e-10 s                 ; 2.19e-10 s                 ; Yes                       ; Yes                       ;
; ~ALTERA_nCEO~       ; 2.5 V        ; 0 s                 ; 0 s                 ; 2.62 V                       ; 3.54e-08 V                   ; 2.7 V               ; -0.00943 V          ; 0.276 V                              ; 0.035 V                              ; 3.19e-10 s                  ; 4.99e-10 s                  ; No                         ; Yes                        ; 2.62 V                      ; 3.54e-08 V                  ; 2.7 V              ; -0.00943 V         ; 0.276 V                             ; 0.035 V                             ; 3.19e-10 s                 ; 4.99e-10 s                 ; No                        ; Yes                       ;
+---------------------+--------------+---------------------+---------------------+------------------------------+------------------------------+---------------------+---------------------+--------------------------------------+--------------------------------------+-----------------------------+-----------------------------+----------------------------+----------------------------+-----------------------------+-----------------------------+--------------------+--------------------+-------------------------------------+-------------------------------------+----------------------------+----------------------------+---------------------------+---------------------------+


+---------------------------------------------------------------------------------------+
; Setup Transfers                                                                       ;
+---------------------+---------------------+----------+----------+----------+----------+
; From Clock          ; To Clock            ; RR Paths ; FR Paths ; RF Paths ; FF Paths ;
+---------------------+---------------------+----------+----------+----------+----------+
; altera_reserved_tck ; altera_reserved_tck ; 5885     ; 0        ; 44       ; 0        ;
+---------------------+---------------------+----------+----------+----------+----------+
Entries labeled "false path" only account for clock-to-clock false paths and not path-based false paths. As a result, actual path counts may be lower than reported.


+---------------------------------------------------------------------------------------+
; Hold Transfers                                                                        ;
+---------------------+---------------------+----------+----------+----------+----------+
; From Clock          ; To Clock            ; RR Paths ; FR Paths ; RF Paths ; FF Paths ;
+---------------------+---------------------+----------+----------+----------+----------+
; altera_reserved_tck ; altera_reserved_tck ; 5885     ; 0        ; 44       ; 0        ;
+---------------------+---------------------+----------+----------+----------+----------+
Entries labeled "false path" only account for clock-to-clock false paths and not path-based false paths. As a result, actual path counts may be lower than reported.


+---------------------------------------------------------------------------------------+
; Recovery Transfers                                                                    ;
+---------------------+---------------------+----------+----------+----------+----------+
; From Clock          ; To Clock            ; RR Paths ; FR Paths ; RF Paths ; FF Paths ;
+---------------------+---------------------+----------+----------+----------+----------+
; altera_reserved_tck ; altera_reserved_tck ; 65       ; 0        ; 0        ; 0        ;
+---------------------+---------------------+----------+----------+----------+----------+
Entries labeled "false path" only account for clock-to-clock false paths and not path-based false paths. As a result, actual path counts may be lower than reported.


+---------------------------------------------------------------------------------------+
; Removal Transfers                                                                     ;
+---------------------+---------------------+----------+----------+----------+----------+
; From Clock          ; To Clock            ; RR Paths ; FR Paths ; RF Paths ; FF Paths ;
+---------------------+---------------------+----------+----------+----------+----------+
; altera_reserved_tck ; altera_reserved_tck ; 65       ; 0        ; 0        ; 0        ;
+---------------------+---------------------+----------+----------+----------+----------+
Entries labeled "false path" only account for clock-to-clock false paths and not path-based false paths. As a result, actual path counts may be lower than reported.


---------------
; Report TCCS ;
---------------
No dedicated SERDES Transmitter circuitry present in device or used in design


---------------
; Report RSKM ;
---------------
No non-DPA dedicated SERDES Receiver circuitry present in device or used in design


+------------------------------------------------+
; Unconstrained Paths Summary                    ;
+---------------------------------+-------+------+
; Property                        ; Setup ; Hold ;
+---------------------------------+-------+------+
; Illegal Clocks                  ; 0     ; 0    ;
; Unconstrained Clocks            ; 1     ; 1    ;
; Unconstrained Input Ports       ; 3     ; 3    ;
; Unconstrained Input Port Paths  ; 2214  ; 2214 ;
; Unconstrained Output Ports      ; 1     ; 1    ;
; Unconstrained Output Port Paths ; 1     ; 1    ;
+---------------------------------+-------+------+


+------------------------------------------------------------------+
; Clock Status Summary                                             ;
+---------------------+---------------------+------+---------------+
; Target              ; Clock               ; Type ; Status        ;
+---------------------+---------------------+------+---------------+
; CLOCK_50            ;                     ; Base ; Unconstrained ;
; altera_reserved_tck ; altera_reserved_tck ; Base ; Constrained   ;
+---------------------+---------------------+------+---------------+


+------------------------------------------------------------------------------------------------------------+
; Unconstrained Input Ports                                                                                  ;
+---------------------+--------------------------------------------------------------------------------------+
; Input Port          ; Comment                                                                              ;
+---------------------+--------------------------------------------------------------------------------------+
; KEY0                ; Partially constrained                                                                ;
; altera_reserved_tdi ; No input delay, min/max delays, false-path exceptions, or max skew assignments found ;
; altera_reserved_tms ; No input delay, min/max delays, false-path exceptions, or max skew assignments found ;
+---------------------+--------------------------------------------------------------------------------------+


+-------------------------------------------------------------------------------------------------------------+
; Unconstrained Output Ports                                                                                  ;
+---------------------+---------------------------------------------------------------------------------------+
; Output Port         ; Comment                                                                               ;
+---------------------+---------------------------------------------------------------------------------------+
; altera_reserved_tdo ; No output delay, min/max delays, false-path exceptions, or max skew assignments found ;
+---------------------+---------------------------------------------------------------------------------------+


+------------------------------------------------------------------------------------------------------------+
; Unconstrained Input Ports                                                                                  ;
+---------------------+--------------------------------------------------------------------------------------+
; Input Port          ; Comment                                                                              ;
+---------------------+--------------------------------------------------------------------------------------+
; KEY0                ; Partially constrained                                                                ;
; altera_reserved_tdi ; No input delay, min/max delays, false-path exceptions, or max skew assignments found ;
; altera_reserved_tms ; No input delay, min/max delays, false-path exceptions, or max skew assignments found ;
+---------------------+--------------------------------------------------------------------------------------+


+-------------------------------------------------------------------------------------------------------------+
; Unconstrained Output Ports                                                                                  ;
+---------------------+---------------------------------------------------------------------------------------+
; Output Port         ; Comment                                                                               ;
+---------------------+---------------------------------------------------------------------------------------+
; altera_reserved_tdo ; No output delay, min/max delays, false-path exceptions, or max skew assignments found ;
+---------------------+---------------------------------------------------------------------------------------+


+--------------------------+
; Timing Analyzer Messages ;
+--------------------------+
Info: *******************************************************************
Info: Running Quartus Prime Timing Analyzer
    Info: Version 25.1std.0 Build 1129 10/21/2025 SC Lite Edition
    Info: Processing started: Thu Aug 27 10:28:30 2026
Info: Command: quartus_sta de2_115_setup -c de2_115_setup
Info: qsta_default_script.tcl version: #1
Warning (18236): Number of processors has not been specified which may cause overloading on shared machines.  Set the global assignment NUM_PARALLEL_PROCESSORS in your QSF to an appropriate value for best performance.
Info (20030): Parallel compilation is enabled and will use 10 of the 10 processors detected
Info (21077): Low junction temperature is 0 degrees C
Info (21077): High junction temperature is 85 degrees C
Info (332164): Evaluating HDL-embedded SDC commands
    Info (332165): Entity altera_std_synchronizer
        Info (332166): set_false_path -to [get_keepers {*altera_std_synchronizer:*|din_s1}]
    Info (332165): Entity sld_hub
        Info (332166): create_clock -name altera_reserved_tck [get_ports {altera_reserved_tck}] -period 10MHz   
        Info (332166): set_clock_groups -asynchronous -group {altera_reserved_tck}
Info (332104): Reading SDC File: 'jtag_to_avalon_mst_brg_01/synthesis/submodules/altera_reset_controller.sdc'
Info (332104): Reading SDC File: 'jtag_to_avalon_mst_brg_01/synthesis/submodules/altera_avalon_st_jtag_interface.sdc'
Info (332104): Reading SDC File: '/media/nisitha/My_Passport/MOODLE/P4_Networking/Compiler_design/quartus_setup/de2_115_setup/db/ip/jtag_to_avalon_mst_brg_01/submodules/altera_avalon_st_jtag_interface.sdc'
Info (332104): Reading SDC File: '/media/nisitha/My_Passport/MOODLE/P4_Networking/Compiler_design/quartus_setup/de2_115_setup/db/ip/jtag_to_avalon_mst_brg_01/submodules/altera_reset_controller.sdc'
Warning (332060): Node: CLOCK_50 was determined to be a clock but was found without an associated clock assignment.
    Info (13166): Register jtag_to_avalon_mst_brg_01:u_jtag_avmm|jtag_to_avalon_mst_brg_01_master_0:master_0|altera_avalon_st_jtag_interface:jtag_phy_embedded_in_jtag_master|altera_jtag_dc_streaming:normal.jtag_dc_streaming|altera_jtag_streaming:jtag_streaming|clock_to_sample_div2 is being clocked by CLOCK_50
Critical Warning (332168): The following clock transfers have no clock uncertainty assignment. For more accurate results, apply clock uncertainty assignments or use the derive_clock_uncertainty command.
    Critical Warning (332169): From altera_reserved_tck (Rise) to altera_reserved_tck (Rise) (setup and hold)
    Critical Warning (332169): From altera_reserved_tck (Rise) to altera_reserved_tck (Fall) (setup and hold)
Info: Found TIMING_ANALYZER_REPORT_SCRIPT_INCLUDE_DEFAULT_ANALYSIS = ON
Info: Analyzing Slow 1200mV 85C Model
Info (332146): Worst-case setup slack is 44.911
    Info (332119):     Slack       End Point TNS Clock 
    Info (332119): ========= =================== =====================
    Info (332119):    44.911               0.000 altera_reserved_tck 
Info (332146): Worst-case hold slack is 0.403
    Info (332119):     Slack       End Point TNS Clock 
    Info (332119): ========= =================== =====================
    Info (332119):     0.403               0.000 altera_reserved_tck 
Info (332146): Worst-case recovery slack is 97.643
    Info (332119):     Slack       End Point TNS Clock 
    Info (332119): ========= =================== =====================
    Info (332119):    97.643               0.000 altera_reserved_tck 
Info (332146): Worst-case removal slack is 1.203
    Info (332119):     Slack       End Point TNS Clock 
    Info (332119): ========= =================== =====================
    Info (332119):     1.203               0.000 altera_reserved_tck 
Info (332146): Worst-case minimum pulse width slack is 49.620
    Info (332119):     Slack       End Point TNS Clock 
    Info (332119): ========= =================== =====================
    Info (332119):    49.620               0.000 altera_reserved_tck 
Info (332114): Report Metastability: Found 6 synchronizer chains.
    Info (332114): Typical MTBF of Design is 1e+09 years or 3.15e+16 seconds.

    Info (332114): Number of Synchronizer Chains Found: 6
    Info (332114): Shortest Synchronizer Chain: 3 Registers
    Info (332114): Fraction of Chains for which MTBFs Could Not be Calculated: 0.167
    Info (332114): Worst Case Available Settling Time: 198.299 ns
    Info (332114): 
    Info (332114): Typical MTBF values are calculated based on the nominal silicon characteristics, at nominal operating conditions.
    Info (332114):   - Under typical conditions, an increase of 100ps in available settling time will increase MTBF values by a factor of 10.8
Info: Analyzing Slow 1200mV 0C Model
Info (334003): Started post-fitting delay annotation
Info (334004): Delay annotation completed successfully
Warning (332060): Node: CLOCK_50 was determined to be a clock but was found without an associated clock assignment.
    Info (13166): Register jtag_to_avalon_mst_brg_01:u_jtag_avmm|jtag_to_avalon_mst_brg_01_master_0:master_0|altera_avalon_st_jtag_interface:jtag_phy_embedded_in_jtag_master|altera_jtag_dc_streaming:normal.jtag_dc_streaming|altera_jtag_streaming:jtag_streaming|clock_to_sample_div2 is being clocked by CLOCK_50
Critical Warning (332168): The following clock transfers have no clock uncertainty assignment. For more accurate results, apply clock uncertainty assignments or use the derive_clock_uncertainty command.
    Critical Warning (332169): From altera_reserved_tck (Rise) to altera_reserved_tck (Rise) (setup and hold)
    Critical Warning (332169): From altera_reserved_tck (Rise) to altera_reserved_tck (Fall) (setup and hold)
Info (332146): Worst-case setup slack is 45.416
    Info (332119):     Slack       End Point TNS Clock 
    Info (332119): ========= =================== =====================
    Info (332119):    45.416               0.000 altera_reserved_tck 
Info (332146): Worst-case hold slack is 0.355
    Info (332119):     Slack       End Point TNS Clock 
    Info (332119): ========= =================== =====================
    Info (332119):     0.355               0.000 altera_reserved_tck 
Info (332146): Worst-case recovery slack is 97.858
    Info (332119):     Slack       End Point TNS Clock 
    Info (332119): ========= =================== =====================
    Info (332119):    97.858               0.000 altera_reserved_tck 
Info (332146): Worst-case removal slack is 1.105
    Info (332119):     Slack       End Point TNS Clock 
    Info (332119): ========= =================== =====================
    Info (332119):     1.105               0.000 altera_reserved_tck 
Info (332146): Worst-case minimum pulse width slack is 49.563
    Info (332119):     Slack       End Point TNS Clock 
    Info (332119): ========= =================== =====================
    Info (332119):    49.563               0.000 altera_reserved_tck 
Info (332114): Report Metastability: Found 6 synchronizer chains.
    Info (332114): Typical MTBF of Design is 1e+09 years or 3.15e+16 seconds.

    Info (332114): Number of Synchronizer Chains Found: 6
    Info (332114): Shortest Synchronizer Chain: 3 Registers
    Info (332114): Fraction of Chains for which MTBFs Could Not be Calculated: 0.167
    Info (332114): Worst Case Available Settling Time: 198.475 ns
    Info (332114): 
    Info (332114): Typical MTBF values are calculated based on the nominal silicon characteristics, at nominal operating conditions.
    Info (332114):   - Under typical conditions, an increase of 100ps in available settling time will increase MTBF values by a factor of 10.8
Info: Analyzing Fast 1200mV 0C Model
Warning (332060): Node: CLOCK_50 was determined to be a clock but was found without an associated clock assignment.
    Info (13166): Register jtag_to_avalon_mst_brg_01:u_jtag_avmm|jtag_to_avalon_mst_brg_01_master_0:master_0|altera_avalon_st_jtag_interface:jtag_phy_embedded_in_jtag_master|altera_jtag_dc_streaming:normal.jtag_dc_streaming|altera_jtag_streaming:jtag_streaming|clock_to_sample_div2 is being clocked by CLOCK_50
Critical Warning (332168): The following clock transfers have no clock uncertainty assignment. For more accurate results, apply clock uncertainty assignments or use the derive_clock_uncertainty command.
    Critical Warning (332169): From altera_reserved_tck (Rise) to altera_reserved_tck (Rise) (setup and hold)
    Critical Warning (332169): From altera_reserved_tck (Rise) to altera_reserved_tck (Fall) (setup and hold)
Info (332146): Worst-case setup slack is 47.621
    Info (332119):     Slack       End Point TNS Clock 
    Info (332119): ========= =================== =====================
    Info (332119):    47.621               0.000 altera_reserved_tck 
Info (332146): Worst-case hold slack is 0.183
    Info (332119):     Slack       End Point TNS Clock 
    Info (332119): ========= =================== =====================
    Info (332119):     0.183               0.000 altera_reserved_tck 
Info (332146): Worst-case recovery slack is 98.781
    Info (332119):     Slack       End Point TNS Clock 
    Info (332119): ========= =================== =====================
    Info (332119):    98.781               0.000 altera_reserved_tck 
Info (332146): Worst-case removal slack is 0.560
    Info (332119):     Slack       End Point TNS Clock 
    Info (332119): ========= =================== =====================
    Info (332119):     0.560               0.000 altera_reserved_tck 
Info (332146): Worst-case minimum pulse width slack is 49.473
    Info (332119):     Slack       End Point TNS Clock 
    Info (332119): ========= =================== =====================
    Info (332119):    49.473               0.000 altera_reserved_tck 
Info (332114): Report Metastability: Found 6 synchronizer chains.
    Info (332114): Typical MTBF of Design is 1e+09 years or 3.15e+16 seconds.

    Info (332114): Number of Synchronizer Chains Found: 6
    Info (332114): Shortest Synchronizer Chain: 3 Registers
    Info (332114): Fraction of Chains for which MTBFs Could Not be Calculated: 0.167
    Info (332114): Worst Case Available Settling Time: 199.187 ns
    Info (332114): 
    Info (332114): Typical MTBF values are calculated based on the nominal silicon characteristics, at nominal operating conditions.
    Info (332114):   - Under typical conditions, an increase of 100ps in available settling time will increase MTBF values by a factor of 10.8
Info (332102): Design is not fully constrained for setup requirements
Info (332102): Design is not fully constrained for hold requirements
Info: Quartus Prime Timing Analyzer was successful. 0 errors, 13 warnings
    Info: Peak virtual memory: 735 megabytes
    Info: Processing ended: Thu Aug 27 10:28:34 2026
    Info: Elapsed time: 00:00:04
    Info: Total CPU time (on all processors): 00:00:05


