Fitter report for de2_115_setup
Thu Aug 27 10:28:23 2026
Quartus Prime Version 25.1std.0 Build 1129 10/21/2025 SC Lite Edition


---------------------
; Table of Contents ;
---------------------
  1. Legal Notice
  2. Fitter Summary
  3. Fitter Settings
  4. Parallel Compilation
  5. Fitter Netlist Optimizations
  6. Incremental Compilation Preservation Summary
  7. Incremental Compilation Partition Settings
  8. Incremental Compilation Placement Preservation
  9. Pin-Out File
 10. Fitter Resource Usage Summary
 11. Fitter Partition Statistics
 12. Input Pins
 13. Dual Purpose and Dedicated Pins
 14. I/O Bank Usage
 15. All Package Pins
 16. I/O Assignment Warnings
 17. Fitter Resource Utilization by Entity
 18. Delay Chain Summary
 19. Pad To Core Delay Chain Fanout
 20. Control Signals
 21. Global & Other Fast Signals
 22. Non-Global High Fan-Out Signals
 23. Fitter RAM Summary
 24. Routing Usage Summary
 25. LAB Logic Elements
 26. LAB-wide Signals
 27. LAB Signals Sourced
 28. LAB Signals Sourced Out
 29. LAB Distinct Inputs
 30. I/O Rules Summary
 31. I/O Rules Details
 32. I/O Rules Matrix
 33. Fitter Device Options
 34. Operating Settings and Conditions
 35. Fitter Messages
 36. Fitter Suppressed Messages



----------------
; Legal Notice ;
----------------
Copyright (C) 2025  Altera Corporation. All rights reserved.
Your use of Altera Corporation's design tools, logic functions 
and other software and tools, and any partner logic 
functions, and any output files from any of the foregoing 
(including device programming or simulation files), and any 
associated documentation or information are expressly subject 
to the terms and conditions of the Altera Program License 
Subscription Agreement, the Altera Quartus Prime License Agreement,
the Altera IP License Agreement, or other applicable license
agreement, including, without limitation, that your use is for
the sole purpose of programming logic devices manufactured by
Altera and sold by Altera or its authorized distributors.  Please
refer to the Altera Software License Subscription Agreements 
on the Quartus Prime software download page.



+--------------------------------------------------------------------------------------+
; Fitter Summary                                                                       ;
+------------------------------------+-------------------------------------------------+
; Fitter Status                      ; Successful - Thu Aug 27 10:28:23 2026           ;
; Quartus Prime Version              ; 25.1std.0 Build 1129 10/21/2025 SC Lite Edition ;
; Revision Name                      ; de2_115_setup                                   ;
; Top-level Entity Name              ; de2115_fiveTuple_top                            ;
; Family                             ; Cyclone IV E                                    ;
; Device                             ; EP4CE115F29C7                                   ;
; Timing Models                      ; Final                                           ;
; Total logic elements               ; 16,979 / 114,480 ( 15 % )                       ;
;     Total combinational functions  ; 16,052 / 114,480 ( 14 % )                       ;
;     Dedicated logic registers      ; 3,708 / 114,480 ( 3 % )                         ;
; Total registers                    ; 3708                                            ;
; Total pins                         ; 2 / 529 ( < 1 % )                               ;
; Total virtual pins                 ; 0                                               ;
; Total memory bits                  ; 269,824 / 3,981,312 ( 7 % )                     ;
; Embedded Multiplier 9-bit elements ; 0 / 532 ( 0 % )                                 ;
; Total PLLs                         ; 0 / 4 ( 0 % )                                   ;
+------------------------------------+-------------------------------------------------+


+----------------------------------------------------------------------------------------------------------------------------------------------------+
; Fitter Settings                                                                                                                                    ;
+--------------------------------------------------------------------+---------------------------------------+---------------------------------------+
; Option                                                             ; Setting                               ; Default Value                         ;
+--------------------------------------------------------------------+---------------------------------------+---------------------------------------+
; Device                                                             ; EP4CE115F29C7                         ;                                       ;
; Nominal Core Supply Voltage                                        ; 1.2V                                  ;                                       ;
; Minimum Core Junction Temperature                                  ; 0                                     ;                                       ;
; Maximum Core Junction Temperature                                  ; 85                                    ;                                       ;
; Fit Attempts to Skip                                               ; 0                                     ; 0.0                                   ;
; Use smart compilation                                              ; Off                                   ; Off                                   ;
; Enable parallel Assembler and Timing Analyzer during compilation   ; On                                    ; On                                    ;
; Enable compact report table                                        ; Off                                   ; Off                                   ;
; Auto Merge PLLs                                                    ; On                                    ; On                                    ;
; Router Timing Optimization Level                                   ; Normal                                ; Normal                                ;
; Perform Clocking Topology Analysis During Routing                  ; Off                                   ; Off                                   ;
; Placement Effort Multiplier                                        ; 1.0                                   ; 1.0                                   ;
; Router Effort Multiplier                                           ; 1.0                                   ; 1.0                                   ;
; Optimize Hold Timing                                               ; All Paths                             ; All Paths                             ;
; Optimize Multi-Corner Timing                                       ; On                                    ; On                                    ;
; Power Optimization During Fitting                                  ; Normal compilation                    ; Normal compilation                    ;
; SSN Optimization                                                   ; Off                                   ; Off                                   ;
; Optimize Timing                                                    ; Normal compilation                    ; Normal compilation                    ;
; Optimize Timing for ECOs                                           ; Off                                   ; Off                                   ;
; Regenerate Full Fit Report During ECO Compiles                     ; Off                                   ; Off                                   ;
; Optimize IOC Register Placement for Timing                         ; Normal                                ; Normal                                ;
; Limit to One Fitting Attempt                                       ; Off                                   ; Off                                   ;
; Final Placement Optimizations                                      ; Automatically                         ; Automatically                         ;
; Fitter Aggressive Routability Optimizations                        ; Automatically                         ; Automatically                         ;
; Fitter Initial Placement Seed                                      ; 1                                     ; 1                                     ;
; Periphery to Core Placement and Routing Optimization               ; Off                                   ; Off                                   ;
; PCI I/O                                                            ; Off                                   ; Off                                   ;
; Weak Pull-Up Resistor                                              ; Off                                   ; Off                                   ;
; Enable Bus-Hold Circuitry                                          ; Off                                   ; Off                                   ;
; Auto Packed Registers                                              ; Auto                                  ; Auto                                  ;
; Auto Delay Chains                                                  ; On                                    ; On                                    ;
; Auto Delay Chains for High Fanout Input Pins                       ; Off                                   ; Off                                   ;
; Allow Single-ended Buffer for Differential-XSTL Input              ; Off                                   ; Off                                   ;
; Treat Bidirectional Pin as Output Pin                              ; Off                                   ; Off                                   ;
; Perform Physical Synthesis for Combinational Logic for Fitting     ; Off                                   ; Off                                   ;
; Perform Physical Synthesis for Combinational Logic for Performance ; Off                                   ; Off                                   ;
; Perform Register Duplication for Performance                       ; Off                                   ; Off                                   ;
; Perform Logic to Memory Mapping for Fitting                        ; Off                                   ; Off                                   ;
; Perform Register Retiming for Performance                          ; Off                                   ; Off                                   ;
; Perform Asynchronous Signal Pipelining                             ; Off                                   ; Off                                   ;
; Fitter Effort                                                      ; Auto Fit                              ; Auto Fit                              ;
; Physical Synthesis Effort Level                                    ; Normal                                ; Normal                                ;
; Logic Cell Insertion - Logic Duplication                           ; Auto                                  ; Auto                                  ;
; Auto Register Duplication                                          ; Auto                                  ; Auto                                  ;
; Auto Global Clock                                                  ; On                                    ; On                                    ;
; Auto Global Register Control Signals                               ; On                                    ; On                                    ;
; Reserve all unused pins                                            ; As input tri-stated with weak pull-up ; As input tri-stated with weak pull-up ;
; Synchronizer Identification                                        ; Auto                                  ; Auto                                  ;
; Enable Beneficial Skew Optimization                                ; On                                    ; On                                    ;
; Optimize Design for Metastability                                  ; On                                    ; On                                    ;
; Force Fitter to Avoid Periphery Placement Warnings                 ; Off                                   ; Off                                   ;
; Enable input tri-state on active configuration pins in user mode   ; Off                                   ; Off                                   ;
+--------------------------------------------------------------------+---------------------------------------+---------------------------------------+


+------------------------------------------+
; Parallel Compilation                     ;
+----------------------------+-------------+
; Processors                 ; Number      ;
+----------------------------+-------------+
; Number detected on machine ; 16          ;
; Maximum allowed            ; 10          ;
;                            ;             ;
; Average used               ; 1.16        ;
; Maximum used               ; 10          ;
;                            ;             ;
; Usage by Processor         ; % Time Used ;
;     Processor 1            ; 100.0%      ;
;     Processor 2            ;   1.8%      ;
;     Processor 3            ;   1.8%      ;
;     Processor 4            ;   1.8%      ;
;     Processor 5            ;   1.8%      ;
;     Processor 6            ;   1.8%      ;
;     Processor 7            ;   1.7%      ;
;     Processor 8            ;   1.7%      ;
;     Processors 9-10        ;   1.7%      ;
+----------------------------+-------------+


+------------------------------------------------------------------------------------------------------------------------------------------------------------------------------------------------------------------------------------------------------------------------------------------------------------------------------------------------------------------------------------------------------------------------------------------------+
; Fitter Netlist Optimizations                                                                                                                                                                                                                                                                                                                                                                                                                   ;
+-----------------------------------------------------------------------------------------------------------------------------+-----------------+------------------+---------------------+-----------+----------------+-------------------------------------------------------------------------------------------------------------------------------------------------------------------------------+------------------+-----------------------+
; Node                                                                                                                        ; Action          ; Operation        ; Reason              ; Node Port ; Node Port Name ; Destination Node                                                                                                                                                              ; Destination Port ; Destination Port Name ;
+-----------------------------------------------------------------------------------------------------------------------------+-----------------+------------------+---------------------+-----------+----------------+-------------------------------------------------------------------------------------------------------------------------------------------------------------------------------+------------------+-----------------------+
; jtag_to_avalon_mst_brg_01:u_jtag_avmm|jtag_to_avalon_mst_brg_01_master_0:master_0|altera_avalon_sc_fifo:fifo|out_payload[0] ; Packed Register ; Register Packing ; Timing optimization ; Q         ;                ; jtag_to_avalon_mst_brg_01:u_jtag_avmm|jtag_to_avalon_mst_brg_01_master_0:master_0|altera_avalon_sc_fifo:fifo|altsyncram:mem_rtl_0|altsyncram_0qg1:auto_generated|ram_block1a0 ; PORTBDATAOUT     ;                       ;
; jtag_to_avalon_mst_brg_01:u_jtag_avmm|jtag_to_avalon_mst_brg_01_master_0:master_0|altera_avalon_sc_fifo:fifo|out_payload[1] ; Packed Register ; Register Packing ; Timing optimization ; Q         ;                ; jtag_to_avalon_mst_brg_01:u_jtag_avmm|jtag_to_avalon_mst_brg_01_master_0:master_0|altera_avalon_sc_fifo:fifo|altsyncram:mem_rtl_0|altsyncram_0qg1:auto_generated|ram_block1a1 ; PORTBDATAOUT     ;                       ;
; jtag_to_avalon_mst_brg_01:u_jtag_avmm|jtag_to_avalon_mst_brg_01_master_0:master_0|altera_avalon_sc_fifo:fifo|out_payload[2] ; Packed Register ; Register Packing ; Timing optimization ; Q         ;                ; jtag_to_avalon_mst_brg_01:u_jtag_avmm|jtag_to_avalon_mst_brg_01_master_0:master_0|altera_avalon_sc_fifo:fifo|altsyncram:mem_rtl_0|altsyncram_0qg1:auto_generated|ram_block1a2 ; PORTBDATAOUT     ;                       ;
; jtag_to_avalon_mst_brg_01:u_jtag_avmm|jtag_to_avalon_mst_brg_01_master_0:master_0|altera_avalon_sc_fifo:fifo|out_payload[3] ; Packed Register ; Register Packing ; Timing optimization ; Q         ;                ; jtag_to_avalon_mst_brg_01:u_jtag_avmm|jtag_to_avalon_mst_brg_01_master_0:master_0|altera_avalon_sc_fifo:fifo|altsyncram:mem_rtl_0|altsyncram_0qg1:auto_generated|ram_block1a3 ; PORTBDATAOUT     ;                       ;
; jtag_to_avalon_mst_brg_01:u_jtag_avmm|jtag_to_avalon_mst_brg_01_master_0:master_0|altera_avalon_sc_fifo:fifo|out_payload[4] ; Packed Register ; Register Packing ; Timing optimization ; Q         ;                ; jtag_to_avalon_mst_brg_01:u_jtag_avmm|jtag_to_avalon_mst_brg_01_master_0:master_0|altera_avalon_sc_fifo:fifo|altsyncram:mem_rtl_0|altsyncram_0qg1:auto_generated|ram_block1a4 ; PORTBDATAOUT     ;                       ;
; jtag_to_avalon_mst_brg_01:u_jtag_avmm|jtag_to_avalon_mst_brg_01_master_0:master_0|altera_avalon_sc_fifo:fifo|out_payload[5] ; Packed Register ; Register Packing ; Timing optimization ; Q         ;                ; jtag_to_avalon_mst_brg_01:u_jtag_avmm|jtag_to_avalon_mst_brg_01_master_0:master_0|altera_avalon_sc_fifo:fifo|altsyncram:mem_rtl_0|altsyncram_0qg1:auto_generated|ram_block1a5 ; PORTBDATAOUT     ;                       ;
; jtag_to_avalon_mst_brg_01:u_jtag_avmm|jtag_to_avalon_mst_brg_01_master_0:master_0|altera_avalon_sc_fifo:fifo|out_payload[6] ; Packed Register ; Register Packing ; Timing optimization ; Q         ;                ; jtag_to_avalon_mst_brg_01:u_jtag_avmm|jtag_to_avalon_mst_brg_01_master_0:master_0|altera_avalon_sc_fifo:fifo|altsyncram:mem_rtl_0|altsyncram_0qg1:auto_generated|ram_block1a6 ; PORTBDATAOUT     ;                       ;
; jtag_to_avalon_mst_brg_01:u_jtag_avmm|jtag_to_avalon_mst_brg_01_master_0:master_0|altera_avalon_sc_fifo:fifo|out_payload[7] ; Packed Register ; Register Packing ; Timing optimization ; Q         ;                ; jtag_to_avalon_mst_brg_01:u_jtag_avmm|jtag_to_avalon_mst_brg_01_master_0:master_0|altera_avalon_sc_fifo:fifo|altsyncram:mem_rtl_0|altsyncram_0qg1:auto_generated|ram_block1a7 ; PORTBDATAOUT     ;                       ;
+-----------------------------------------------------------------------------------------------------------------------------+-----------------+------------------+---------------------+-----------+----------------+-------------------------------------------------------------------------------------------------------------------------------------------------------------------------------+------------------+-----------------------+


+----------------------------------------------------------------------------------------------------+
; Incremental Compilation Preservation Summary                                                       ;
+---------------------+----------------------+----------------------------+--------------------------+
; Type                ; Total [A + B]        ; From Design Partitions [A] ; From Rapid Recompile [B] ;
+---------------------+----------------------+----------------------------+--------------------------+
; Placement (by node) ;                      ;                            ;                          ;
;     -- Requested    ; 0.00 % ( 0 / 20856 ) ; 0.00 % ( 0 / 20856 )       ; 0.00 % ( 0 / 20856 )     ;
;     -- Achieved     ; 0.00 % ( 0 / 20856 ) ; 0.00 % ( 0 / 20856 )       ; 0.00 % ( 0 / 20856 )     ;
;                     ;                      ;                            ;                          ;
; Routing (by net)    ;                      ;                            ;                          ;
;     -- Requested    ; 0.00 % ( 0 / 0 )     ; 0.00 % ( 0 / 0 )           ; 0.00 % ( 0 / 0 )         ;
;     -- Achieved     ; 0.00 % ( 0 / 0 )     ; 0.00 % ( 0 / 0 )           ; 0.00 % ( 0 / 0 )         ;
+---------------------+----------------------+----------------------------+--------------------------+


+----------------------------------------------------------------------------------------------------------------------------------------------------------------------------------------+
; Incremental Compilation Partition Settings                                                                                                                                             ;
+--------------------------------+----------------+-------------------+-------------------------+------------------------+------------------------------+--------------------------------+
; Partition Name                 ; Partition Type ; Netlist Type Used ; Preservation Level Used ; Netlist Type Requested ; Preservation Level Requested ; Contents                       ;
+--------------------------------+----------------+-------------------+-------------------------+------------------------+------------------------------+--------------------------------+
; Top                            ; User-created   ; Source File       ; N/A                     ; Source File            ; N/A                          ;                                ;
; sld_hub:auto_hub               ; Auto-generated ; Post-Synthesis    ; N/A                     ; Post-Synthesis         ; N/A                          ; sld_hub:auto_hub               ;
; hard_block:auto_generated_inst ; Auto-generated ; Source File       ; N/A                     ; Source File            ; N/A                          ; hard_block:auto_generated_inst ;
+--------------------------------+----------------+-------------------+-------------------------+------------------------+------------------------------+--------------------------------+


+------------------------------------------------------------------------------------------------------------------------------------+
; Incremental Compilation Placement Preservation                                                                                     ;
+--------------------------------+-----------------------+-------------------------+-------------------+---------------------+-------+
; Partition Name                 ; Preservation Achieved ; Preservation Level Used ; Netlist Type Used ; Preservation Method ; Notes ;
+--------------------------------+-----------------------+-------------------------+-------------------+---------------------+-------+
; Top                            ; 0.00 % ( 0 / 20646 )  ; N/A                     ; Source File       ; N/A                 ;       ;
; sld_hub:auto_hub               ; 0.00 % ( 0 / 200 )    ; N/A                     ; Post-Synthesis    ; N/A                 ;       ;
; hard_block:auto_generated_inst ; 0.00 % ( 0 / 10 )     ; N/A                     ; Source File       ; N/A                 ;       ;
+--------------------------------+-----------------------+-------------------------+-------------------+---------------------+-------+


+--------------+
; Pin-Out File ;
+--------------+
The pin-out file can be found in /media/nisitha/My_Passport/MOODLE/P4_Networking/Compiler_design/quartus_setup/de2_115_setup/output_files/de2_115_setup.pin.


+---------------------------------------------------------------------------+
; Fitter Resource Usage Summary                                             ;
+---------------------------------------------+-----------------------------+
; Resource                                    ; Usage                       ;
+---------------------------------------------+-----------------------------+
; Total logic elements                        ; 16,979 / 114,480 ( 15 % )   ;
;     -- Combinational with no register       ; 13271                       ;
;     -- Register only                        ; 927                         ;
;     -- Combinational with a register        ; 2781                        ;
;                                             ;                             ;
; Logic element usage by number of LUT inputs ;                             ;
;     -- 4 input functions                    ; 11178                       ;
;     -- 3 input functions                    ; 4083                        ;
;     -- <=2 input functions                  ; 791                         ;
;     -- Register only                        ; 927                         ;
;                                             ;                             ;
; Logic elements by mode                      ;                             ;
;     -- normal mode                          ; 15370                       ;
;     -- arithmetic mode                      ; 682                         ;
;                                             ;                             ;
; Total registers*                            ; 3,708 / 117,053 ( 3 % )     ;
;     -- Dedicated logic registers            ; 3,708 / 114,480 ( 3 % )     ;
;     -- I/O registers                        ; 0 / 2,573 ( 0 % )           ;
;                                             ;                             ;
; Total LABs:  partially or completely used   ; 1,318 / 7,155 ( 18 % )      ;
; Virtual pins                                ; 0                           ;
; I/O pins                                    ; 2 / 529 ( < 1 % )           ;
;     -- Clock pins                           ; 2 / 7 ( 29 % )              ;
;     -- Dedicated input pins                 ; 3 / 9 ( 33 % )              ;
;                                             ;                             ;
; M9Ks                                        ; 34 / 432 ( 8 % )            ;
; Total block memory bits                     ; 269,824 / 3,981,312 ( 7 % ) ;
; Total block memory implementation bits      ; 313,344 / 3,981,312 ( 8 % ) ;
; Embedded Multiplier 9-bit elements          ; 0 / 532 ( 0 % )             ;
; PLLs                                        ; 0 / 4 ( 0 % )               ;
; Global signals                              ; 4                           ;
;     -- Global clocks                        ; 4 / 20 ( 20 % )             ;
; JTAGs                                       ; 1 / 1 ( 100 % )             ;
; CRC blocks                                  ; 0 / 1 ( 0 % )               ;
; ASMI blocks                                 ; 0 / 1 ( 0 % )               ;
; Oscillator blocks                           ; 0 / 1 ( 0 % )               ;
; Impedance control blocks                    ; 0 / 4 ( 0 % )               ;
; Average interconnect usage (total/H/V)      ; 10.7% / 10.5% / 11.0%       ;
; Peak interconnect usage (total/H/V)         ; 72.5% / 71.8% / 73.5%       ;
; Maximum fan-out                             ; 3446                        ;
; Highest non-global fan-out                  ; 1690                        ;
; Total fan-out                               ; 73624                       ;
; Average fan-out                             ; 3.59                        ;
+---------------------------------------------+-----------------------------+
*  Register count does not include registers inside RAM blocks or DSP blocks.



+---------------------------------------------------------------------------------------------------------------------------------+
; Fitter Partition Statistics                                                                                                     ;
+---------------------------------------------+-------------------------+------------------------+--------------------------------+
; Statistic                                   ; Top                     ; sld_hub:auto_hub       ; hard_block:auto_generated_inst ;
+---------------------------------------------+-------------------------+------------------------+--------------------------------+
; Difficulty Clustering Region                ; Low                     ; Low                    ; Low                            ;
;                                             ;                         ;                        ;                                ;
; Total logic elements                        ; 16839 / 114480 ( 15 % ) ; 140 / 114480 ( < 1 % ) ; 0 / 114480 ( 0 % )             ;
;     -- Combinational with no register       ; 13208                   ; 63                     ; 0                              ;
;     -- Register only                        ; 910                     ; 17                     ; 0                              ;
;     -- Combinational with a register        ; 2721                    ; 60                     ; 0                              ;
;                                             ;                         ;                        ;                                ;
; Logic element usage by number of LUT inputs ;                         ;                        ;                                ;
;     -- 4 input functions                    ; 11123                   ; 55                     ; 0                              ;
;     -- 3 input functions                    ; 4053                    ; 30                     ; 0                              ;
;     -- <=2 input functions                  ; 753                     ; 38                     ; 0                              ;
;     -- Register only                        ; 910                     ; 17                     ; 0                              ;
;                                             ;                         ;                        ;                                ;
; Logic elements by mode                      ;                         ;                        ;                                ;
;     -- normal mode                          ; 15255                   ; 115                    ; 0                              ;
;     -- arithmetic mode                      ; 674                     ; 8                      ; 0                              ;
;                                             ;                         ;                        ;                                ;
; Total registers                             ; 3631                    ; 77                     ; 0                              ;
;     -- Dedicated logic registers            ; 3631 / 114480 ( 3 % )   ; 77 / 114480 ( < 1 % )  ; 0 / 114480 ( 0 % )             ;
;     -- I/O registers                        ; 0                       ; 0                      ; 0                              ;
;                                             ;                         ;                        ;                                ;
; Total LABs:  partially or completely used   ; 1308 / 7155 ( 18 % )    ; 12 / 7155 ( < 1 % )    ; 0 / 7155 ( 0 % )               ;
;                                             ;                         ;                        ;                                ;
; Virtual pins                                ; 0                       ; 0                      ; 0                              ;
; I/O pins                                    ; 2                       ; 0                      ; 0                              ;
; Embedded Multiplier 9-bit elements          ; 0 / 532 ( 0 % )         ; 0 / 532 ( 0 % )        ; 0 / 532 ( 0 % )                ;
; Total memory bits                           ; 269824                  ; 0                      ; 0                              ;
; Total RAM block bits                        ; 313344                  ; 0                      ; 0                              ;
; JTAG                                        ; 1 / 1 ( 100 % )         ; 0 / 1 ( 0 % )          ; 0 / 1 ( 0 % )                  ;
; M9K                                         ; 34 / 432 ( 7 % )        ; 0 / 432 ( 0 % )        ; 0 / 432 ( 0 % )                ;
; Clock control block                         ; 4 / 24 ( 16 % )         ; 0 / 24 ( 0 % )         ; 0 / 24 ( 0 % )                 ;
;                                             ;                         ;                        ;                                ;
; Connections                                 ;                         ;                        ;                                ;
;     -- Input Connections                    ; 346                     ; 113                    ; 0                              ;
;     -- Registered Input Connections         ; 223                     ; 87                     ; 0                              ;
;     -- Output Connections                   ; 338                     ; 121                    ; 0                              ;
;     -- Registered Output Connections        ; 0                       ; 121                    ; 0                              ;
;                                             ;                         ;                        ;                                ;
; Internal Connections                        ;                         ;                        ;                                ;
;     -- Total Connections                    ; 73641                   ; 761                    ; 5                              ;
;     -- Registered Connections               ; 20469                   ; 538                    ; 0                              ;
;                                             ;                         ;                        ;                                ;
; External Connections                        ;                         ;                        ;                                ;
;     -- Top                                  ; 450                     ; 234                    ; 0                              ;
;     -- sld_hub:auto_hub                     ; 234                     ; 0                      ; 0                              ;
;     -- hard_block:auto_generated_inst       ; 0                       ; 0                      ; 0                              ;
;                                             ;                         ;                        ;                                ;
; Partition Interface                         ;                         ;                        ;                                ;
;     -- Input Ports                          ; 30                      ; 38                     ; 0                              ;
;     -- Output Ports                         ; 5                       ; 55                     ; 0                              ;
;     -- Bidir Ports                          ; 0                       ; 0                      ; 0                              ;
;                                             ;                         ;                        ;                                ;
; Registered Ports                            ;                         ;                        ;                                ;
;     -- Registered Input Ports               ; 0                       ; 3                      ; 0                              ;
;     -- Registered Output Ports              ; 0                       ; 22                     ; 0                              ;
;                                             ;                         ;                        ;                                ;
; Port Connectivity                           ;                         ;                        ;                                ;
;     -- Input Ports driven by GND            ; 0                       ; 4                      ; 0                              ;
;     -- Output Ports driven by GND           ; 0                       ; 28                     ; 0                              ;
;     -- Input Ports driven by VCC            ; 0                       ; 0                      ; 0                              ;
;     -- Output Ports driven by VCC           ; 0                       ; 0                      ; 0                              ;
;     -- Input Ports with no Source           ; 0                       ; 25                     ; 0                              ;
;     -- Output Ports with no Source          ; 0                       ; 0                      ; 0                              ;
;     -- Input Ports with no Fanout           ; 0                       ; 30                     ; 0                              ;
;     -- Output Ports with no Fanout          ; 0                       ; 44                     ; 0                              ;
+---------------------------------------------+-------------------------+------------------------+--------------------------------+


+-------------------------------------------------------------------------------------------------------------------------------------------------------------------------------------------------------------------------------------------------------------------------------------------+
; Input Pins                                                                                                                                                                                                                                                                                ;
+----------+-------+----------+--------------+--------------+--------------+-----------------------+--------------------+--------+----------------+---------------+-----------------+----------+--------------+--------------+---------------------------+----------------------+-----------+
; Name     ; Pin # ; I/O Bank ; X coordinate ; Y coordinate ; Z coordinate ; Combinational Fan-Out ; Registered Fan-Out ; Global ; Input Register ; Power Up High ; PCI I/O Enabled ; Bus Hold ; Weak Pull Up ; I/O Standard ; Termination Control Block ; Location assigned by ; Slew Rate ;
+----------+-------+----------+--------------+--------------+--------------+-----------------------+--------------------+--------+----------------+---------------+-----------------+----------+--------------+--------------+---------------------------+----------------------+-----------+
; CLOCK_50 ; J1    ; 1        ; 0            ; 36           ; 7            ; 3446                  ; 0                  ; yes    ; no             ; no            ; yes             ; no       ; Off          ; 2.5 V        ; --                        ; Fitter               ; no        ;
; KEY0     ; Y2    ; 2        ; 0            ; 36           ; 14           ; 269                   ; 0                  ; yes    ; no             ; no            ; yes             ; no       ; Off          ; 2.5 V        ; --                        ; Fitter               ; no        ;
+----------+-------+----------+--------------+--------------+--------------+-----------------------+--------------------+--------+----------------+---------------+-----------------+----------+--------------+--------------+---------------------------+----------------------+-----------+


+-------------------------------------------------------------------------------------------------------------------------+
; Dual Purpose and Dedicated Pins                                                                                         ;
+----------+-----------------------------+--------------------------+-------------------------+---------------------------+
; Location ; Pin Name                    ; Reserved As              ; User Signal Name        ; Pin Type                  ;
+----------+-----------------------------+--------------------------+-------------------------+---------------------------+
; F4       ; DIFFIO_L5n, DATA1, ASDO     ; As input tri-stated      ; ~ALTERA_ASDO_DATA1~     ; Dual Purpose Pin          ;
; E2       ; DIFFIO_L8p, FLASH_nCE, nCSO ; As input tri-stated      ; ~ALTERA_FLASH_nCE_nCSO~ ; Dual Purpose Pin          ;
; M6       ; nSTATUS                     ; -                        ; -                       ; Dedicated Programming Pin ;
; P3       ; DCLK                        ; As output driving ground ; ~ALTERA_DCLK~           ; Dual Purpose Pin          ;
; N7       ; DATA0                       ; As input tri-stated      ; ~ALTERA_DATA0~          ; Dual Purpose Pin          ;
; P4       ; nCONFIG                     ; -                        ; -                       ; Dedicated Programming Pin ;
; P7       ; TDI                         ; -                        ; altera_reserved_tdi     ; JTAG Pin                  ;
; P5       ; TCK                         ; -                        ; altera_reserved_tck     ; JTAG Pin                  ;
; P8       ; TMS                         ; -                        ; altera_reserved_tms     ; JTAG Pin                  ;
; P6       ; TDO                         ; -                        ; altera_reserved_tdo     ; JTAG Pin                  ;
; R8       ; nCE                         ; -                        ; -                       ; Dedicated Programming Pin ;
; P24      ; CONF_DONE                   ; -                        ; -                       ; Dedicated Programming Pin ;
; N22      ; MSEL0                       ; -                        ; -                       ; Dedicated Programming Pin ;
; P23      ; MSEL1                       ; -                        ; -                       ; Dedicated Programming Pin ;
; M22      ; MSEL2                       ; -                        ; -                       ; Dedicated Programming Pin ;
; P22      ; MSEL3                       ; -                        ; -                       ; Dedicated Programming Pin ;
; P28      ; DIFFIO_R23n, nCEO           ; Use as programming pin   ; ~ALTERA_nCEO~           ; Dual Purpose Pin          ;
+----------+-----------------------------+--------------------------+-------------------------+---------------------------+


+----------------------------------------------------------+
; I/O Bank Usage                                           ;
+----------+----------------+---------------+--------------+
; I/O Bank ; Usage          ; VCCIO Voltage ; VREF Voltage ;
+----------+----------------+---------------+--------------+
; 1        ; 5 / 56 ( 9 % ) ; 2.5V          ; --           ;
; 2        ; 1 / 63 ( 2 % ) ; 2.5V          ; --           ;
; 3        ; 0 / 73 ( 0 % ) ; 2.5V          ; --           ;
; 4        ; 0 / 71 ( 0 % ) ; 2.5V          ; --           ;
; 5        ; 0 / 65 ( 0 % ) ; 2.5V          ; --           ;
; 6        ; 1 / 58 ( 2 % ) ; 2.5V          ; --           ;
; 7        ; 0 / 72 ( 0 % ) ; 2.5V          ; --           ;
; 8        ; 0 / 71 ( 0 % ) ; 2.5V          ; --           ;
+----------+----------------+---------------+--------------+


+-----------------------------------------------------------------------------------------------------------------------------------------------------------------------------------------+
; All Package Pins                                                                                                                                                                        ;
+----------+------------+----------+-----------------------------------------------------------+--------+--------------+---------+------------+-----------------+----------+--------------+
; Location ; Pad Number ; I/O Bank ; Pin Name/Usage                                            ; Dir.   ; I/O Standard ; Voltage ; I/O Type   ; User Assignment ; Bus Hold ; Weak Pull Up ;
+----------+------------+----------+-----------------------------------------------------------+--------+--------------+---------+------------+-----------------+----------+--------------+
; A2       ;            ; 8        ; VCCIO8                                                    ; power  ;              ; 2.5V    ; --         ;                 ; --       ; --           ;
; A3       ; 535        ; 8        ; RESERVED_INPUT_WITH_WEAK_PULLUP                           ;        ;              ;         ; Column I/O ;                 ; no       ; On           ;
; A4       ; 532        ; 8        ; RESERVED_INPUT_WITH_WEAK_PULLUP                           ;        ;              ;         ; Column I/O ;                 ; no       ; On           ;
; A5       ;            ; 8        ; VCCIO8                                                    ; power  ;              ; 2.5V    ; --         ;                 ; --       ; --           ;
; A6       ; 504        ; 8        ; RESERVED_INPUT_WITH_WEAK_PULLUP                           ;        ;              ;         ; Column I/O ;                 ; no       ; On           ;
; A7       ; 501        ; 8        ; RESERVED_INPUT_WITH_WEAK_PULLUP                           ;        ;              ;         ; Column I/O ;                 ; no       ; On           ;
; A8       ; 517        ; 8        ; RESERVED_INPUT_WITH_WEAK_PULLUP                           ;        ;              ;         ; Column I/O ;                 ; no       ; On           ;
; A9       ;            ; 8        ; VCCIO8                                                    ; power  ;              ; 2.5V    ; --         ;                 ; --       ; --           ;
; A10      ; 491        ; 8        ; RESERVED_INPUT_WITH_WEAK_PULLUP                           ;        ;              ;         ; Column I/O ;                 ; no       ; On           ;
; A11      ; 487        ; 8        ; RESERVED_INPUT_WITH_WEAK_PULLUP                           ;        ;              ;         ; Column I/O ;                 ; no       ; On           ;
; A12      ; 482        ; 8        ; RESERVED_INPUT_WITH_WEAK_PULLUP                           ;        ;              ;         ; Column I/O ;                 ; no       ; On           ;
; A13      ;            ; 8        ; VCCIO8                                                    ; power  ;              ; 2.5V    ; --         ;                 ; --       ; --           ;
; A14      ; 472        ; 8        ; GND+                                                      ;        ;              ;         ; Column I/O ;                 ; --       ; --           ;
; A15      ; 470        ; 7        ; GND+                                                      ;        ;              ;         ; Column I/O ;                 ; --       ; --           ;
; A16      ;            ; 7        ; VCCIO7                                                    ; power  ;              ; 2.5V    ; --         ;                 ; --       ; --           ;
; A17      ; 462        ; 7        ; RESERVED_INPUT_WITH_WEAK_PULLUP                           ;        ;              ;         ; Column I/O ;                 ; no       ; On           ;
; A18      ; 442        ; 7        ; RESERVED_INPUT_WITH_WEAK_PULLUP                           ;        ;              ;         ; Column I/O ;                 ; no       ; On           ;
; A19      ; 440        ; 7        ; RESERVED_INPUT_WITH_WEAK_PULLUP                           ;        ;              ;         ; Column I/O ;                 ; no       ; On           ;
; A20      ;            ; 7        ; VCCIO7                                                    ; power  ;              ; 2.5V    ; --         ;                 ; --       ; --           ;
; A21      ; 425        ; 7        ; RESERVED_INPUT_WITH_WEAK_PULLUP                           ;        ;              ;         ; Column I/O ;                 ; no       ; On           ;
; A22      ; 423        ; 7        ; RESERVED_INPUT_WITH_WEAK_PULLUP                           ;        ;              ;         ; Column I/O ;                 ; no       ; On           ;
; A23      ; 412        ; 7        ; RESERVED_INPUT_WITH_WEAK_PULLUP                           ;        ;              ;         ; Column I/O ;                 ; no       ; On           ;
; A24      ;            ; 7        ; VCCIO7                                                    ; power  ;              ; 2.5V    ; --         ;                 ; --       ; --           ;
; A25      ; 405        ; 7        ; RESERVED_INPUT_WITH_WEAK_PULLUP                           ;        ;              ;         ; Column I/O ;                 ; no       ; On           ;
; A26      ; 404        ; 7        ; RESERVED_INPUT_WITH_WEAK_PULLUP                           ;        ;              ;         ; Column I/O ;                 ; no       ; On           ;
; A27      ;            ; 7        ; VCCIO7                                                    ; power  ;              ; 2.5V    ; --         ;                 ; --       ; --           ;
; AA1      ;            ; 2        ; VCCIO2                                                    ; power  ;              ; 2.5V    ; --         ;                 ; --       ; --           ;
; AA2      ;            ;          ; GND                                                       ; gnd    ;              ;         ; --         ;                 ; --       ; --           ;
; AA3      ; 102        ; 2        ; RESERVED_INPUT_WITH_WEAK_PULLUP                           ;        ;              ;         ; Row I/O    ;                 ; no       ; On           ;
; AA4      ; 101        ; 2        ; RESERVED_INPUT_WITH_WEAK_PULLUP                           ;        ;              ;         ; Row I/O    ;                 ; no       ; On           ;
; AA5      ; 119        ; 2        ; RESERVED_INPUT_WITH_WEAK_PULLUP                           ;        ;              ;         ; Row I/O    ;                 ; no       ; On           ;
; AA6      ; 118        ; 2        ; RESERVED_INPUT_WITH_WEAK_PULLUP                           ;        ;              ;         ; Row I/O    ;                 ; no       ; On           ;
; AA7      ; 120        ; 2        ; RESERVED_INPUT_WITH_WEAK_PULLUP                           ;        ;              ;         ; Row I/O    ;                 ; no       ; On           ;
; AA8      ; 154        ; 3        ; RESERVED_INPUT_WITH_WEAK_PULLUP                           ;        ;              ;         ; Column I/O ;                 ; no       ; On           ;
; AA9      ;            ;          ; GNDA1                                                     ; gnd    ;              ;         ; --         ;                 ; --       ; --           ;
; AA10     ; 155        ; 3        ; RESERVED_INPUT_WITH_WEAK_PULLUP                           ;        ;              ;         ; Column I/O ;                 ; no       ; On           ;
; AA11     ;            ; 3        ; VCCIO3                                                    ; power  ;              ; 2.5V    ; --         ;                 ; --       ; --           ;
; AA12     ; 188        ; 3        ; RESERVED_INPUT_WITH_WEAK_PULLUP                           ;        ;              ;         ; Column I/O ;                 ; no       ; On           ;
; AA13     ; 190        ; 3        ; RESERVED_INPUT_WITH_WEAK_PULLUP                           ;        ;              ;         ; Column I/O ;                 ; no       ; On           ;
; AA14     ; 191        ; 3        ; RESERVED_INPUT_WITH_WEAK_PULLUP                           ;        ;              ;         ; Column I/O ;                 ; no       ; On           ;
; AA15     ; 213        ; 4        ; RESERVED_INPUT_WITH_WEAK_PULLUP                           ;        ;              ;         ; Column I/O ;                 ; --       ; --           ;
; AA16     ; 211        ; 4        ; RESERVED_INPUT_WITH_WEAK_PULLUP                           ;        ;              ;         ; Column I/O ;                 ; no       ; On           ;
; AA17     ; 241        ; 4        ; RESERVED_INPUT_WITH_WEAK_PULLUP                           ;        ;              ;         ; Column I/O ;                 ; no       ; On           ;
; AA18     ;            ; 4        ; VCCIO4                                                    ; power  ;              ; 2.5V    ; --         ;                 ; --       ; --           ;
; AA19     ; 264        ; 4        ; RESERVED_INPUT_WITH_WEAK_PULLUP                           ;        ;              ;         ; Column I/O ;                 ; no       ; On           ;
; AA20     ;            ;          ; GNDA4                                                     ; gnd    ;              ;         ; --         ;                 ; --       ; --           ;
; AA21     ; 269        ; 4        ; RESERVED_INPUT_WITH_WEAK_PULLUP                           ;        ;              ;         ; Column I/O ;                 ; no       ; On           ;
; AA22     ; 275        ; 5        ; RESERVED_INPUT_WITH_WEAK_PULLUP                           ;        ;              ;         ; Row I/O    ;                 ; no       ; On           ;
; AA23     ; 280        ; 5        ; RESERVED_INPUT_WITH_WEAK_PULLUP                           ;        ;              ;         ; Row I/O    ;                 ; no       ; On           ;
; AA24     ; 279        ; 5        ; RESERVED_INPUT_WITH_WEAK_PULLUP                           ;        ;              ;         ; Row I/O    ;                 ; --       ; --           ;
; AA25     ; 294        ; 5        ; RESERVED_INPUT_WITH_WEAK_PULLUP                           ;        ;              ;         ; Row I/O    ;                 ; no       ; On           ;
; AA26     ; 293        ; 5        ; RESERVED_INPUT_WITH_WEAK_PULLUP                           ;        ;              ;         ; Row I/O    ;                 ; no       ; On           ;
; AA27     ;            ;          ; GND                                                       ; gnd    ;              ;         ; --         ;                 ; --       ; --           ;
; AA28     ;            ; 5        ; VCCIO5                                                    ; power  ;              ; 2.5V    ; --         ;                 ; --       ; --           ;
; AB1      ; 86         ; 2        ; RESERVED_INPUT_WITH_WEAK_PULLUP                           ;        ;              ;         ; Row I/O    ;                 ; no       ; On           ;
; AB2      ; 85         ; 2        ; RESERVED_INPUT_WITH_WEAK_PULLUP                           ;        ;              ;         ; Row I/O    ;                 ; no       ; On           ;
; AB3      ; 99         ; 2        ; RESERVED_INPUT_WITH_WEAK_PULLUP                           ;        ;              ;         ; Row I/O    ;                 ; no       ; On           ;
; AB4      ; 121        ; 2        ; RESERVED_INPUT_WITH_WEAK_PULLUP                           ;        ;              ;         ; Row I/O    ;                 ; --       ; --           ;
; AB5      ; 127        ; 2        ; RESERVED_INPUT_WITH_WEAK_PULLUP                           ;        ;              ;         ; Row I/O    ;                 ; no       ; On           ;
; AB6      ; 126        ; 2        ; RESERVED_INPUT_WITH_WEAK_PULLUP                           ;        ;              ;         ; Row I/O    ;                 ; no       ; On           ;
; AB7      ; 152        ; 3        ; RESERVED_INPUT_WITH_WEAK_PULLUP                           ;        ;              ;         ; Column I/O ;                 ; no       ; On           ;
; AB8      ; 148        ; 3        ; RESERVED_INPUT_WITH_WEAK_PULLUP                           ;        ;              ;         ; Column I/O ;                 ; no       ; On           ;
; AB9      ; 147        ; 3        ; RESERVED_INPUT_WITH_WEAK_PULLUP                           ;        ;              ;         ; Column I/O ;                 ; no       ; On           ;
; AB10     ; 173        ; 3        ; RESERVED_INPUT_WITH_WEAK_PULLUP                           ;        ;              ;         ; Column I/O ;                 ; no       ; On           ;
; AB11     ; 164        ; 3        ; RESERVED_INPUT_WITH_WEAK_PULLUP                           ;        ;              ;         ; Column I/O ;                 ; --       ; --           ;
; AB12     ; 180        ; 3        ; RESERVED_INPUT_WITH_WEAK_PULLUP                           ;        ;              ;         ; Column I/O ;                 ; no       ; On           ;
; AB13     ; 181        ; 3        ; RESERVED_INPUT_WITH_WEAK_PULLUP                           ;        ;              ;         ; Column I/O ;                 ; --       ; --           ;
; AB14     ; 192        ; 3        ; RESERVED_INPUT_WITH_WEAK_PULLUP                           ;        ;              ;         ; Column I/O ;                 ; no       ; On           ;
; AB15     ; 214        ; 4        ; RESERVED_INPUT_WITH_WEAK_PULLUP                           ;        ;              ;         ; Column I/O ;                 ; no       ; On           ;
; AB16     ; 212        ; 4        ; RESERVED_INPUT_WITH_WEAK_PULLUP                           ;        ;              ;         ; Column I/O ;                 ; no       ; On           ;
; AB17     ; 242        ; 4        ; RESERVED_INPUT_WITH_WEAK_PULLUP                           ;        ;              ;         ; Column I/O ;                 ; no       ; On           ;
; AB18     ; 254        ; 4        ; RESERVED_INPUT_WITH_WEAK_PULLUP                           ;        ;              ;         ; Column I/O ;                 ; no       ; On           ;
; AB19     ; 253        ; 4        ; RESERVED_INPUT_WITH_WEAK_PULLUP                           ;        ;              ;         ; Column I/O ;                 ; no       ; On           ;
; AB20     ; 257        ; 4        ; RESERVED_INPUT_WITH_WEAK_PULLUP                           ;        ;              ;         ; Column I/O ;                 ; --       ; --           ;
; AB21     ; 266        ; 4        ; RESERVED_INPUT_WITH_WEAK_PULLUP                           ;        ;              ;         ; Column I/O ;                 ; no       ; On           ;
; AB22     ; 265        ; 4        ; RESERVED_INPUT_WITH_WEAK_PULLUP                           ;        ;              ;         ; Column I/O ;                 ; no       ; On           ;
; AB23     ; 276        ; 5        ; RESERVED_INPUT_WITH_WEAK_PULLUP                           ;        ;              ;         ; Row I/O    ;                 ; no       ; On           ;
; AB24     ; 274        ; 5        ; RESERVED_INPUT_WITH_WEAK_PULLUP                           ;        ;              ;         ; Row I/O    ;                 ; no       ; On           ;
; AB25     ; 292        ; 5        ; RESERVED_INPUT_WITH_WEAK_PULLUP                           ;        ;              ;         ; Row I/O    ;                 ; no       ; On           ;
; AB26     ; 291        ; 5        ; RESERVED_INPUT_WITH_WEAK_PULLUP                           ;        ;              ;         ; Row I/O    ;                 ; no       ; On           ;
; AB27     ; 296        ; 5        ; RESERVED_INPUT_WITH_WEAK_PULLUP                           ;        ;              ;         ; Row I/O    ;                 ; no       ; On           ;
; AB28     ; 295        ; 5        ; RESERVED_INPUT_WITH_WEAK_PULLUP                           ;        ;              ;         ; Row I/O    ;                 ; no       ; On           ;
; AC1      ; 94         ; 2        ; RESERVED_INPUT_WITH_WEAK_PULLUP                           ;        ;              ;         ; Row I/O    ;                 ; no       ; On           ;
; AC2      ; 93         ; 2        ; RESERVED_INPUT_WITH_WEAK_PULLUP                           ;        ;              ;         ; Row I/O    ;                 ; no       ; On           ;
; AC3      ; 95         ; 2        ; RESERVED_INPUT_WITH_WEAK_PULLUP                           ;        ;              ;         ; Row I/O    ;                 ; no       ; On           ;
; AC4      ; 125        ; 2        ; RESERVED_INPUT_WITH_WEAK_PULLUP                           ;        ;              ;         ; Row I/O    ;                 ; no       ; On           ;
; AC5      ; 124        ; 2        ; RESERVED_INPUT_WITH_WEAK_PULLUP                           ;        ;              ;         ; Row I/O    ;                 ; no       ; On           ;
; AC6      ;            ;          ; GND                                                       ; gnd    ;              ;         ; --         ;                 ; --       ; --           ;
; AC7      ; 144        ; 3        ; RESERVED_INPUT_WITH_WEAK_PULLUP                           ;        ;              ;         ; Column I/O ;                 ; no       ; On           ;
; AC8      ; 153        ; 3        ; RESERVED_INPUT_WITH_WEAK_PULLUP                           ;        ;              ;         ; Column I/O ;                 ; no       ; On           ;
; AC9      ;            ;          ; GND                                                       ; gnd    ;              ;         ; --         ;                 ; --       ; --           ;
; AC10     ; 174        ; 3        ; RESERVED_INPUT_WITH_WEAK_PULLUP                           ;        ;              ;         ; Column I/O ;                 ; no       ; On           ;
; AC11     ; 185        ; 3        ; RESERVED_INPUT_WITH_WEAK_PULLUP                           ;        ;              ;         ; Column I/O ;                 ; no       ; On           ;
; AC12     ; 179        ; 3        ; RESERVED_INPUT_WITH_WEAK_PULLUP                           ;        ;              ;         ; Column I/O ;                 ; no       ; On           ;
; AC13     ;            ;          ; GND                                                       ; gnd    ;              ;         ; --         ;                 ; --       ; --           ;
; AC14     ; 195        ; 3        ; RESERVED_INPUT_WITH_WEAK_PULLUP                           ;        ;              ;         ; Column I/O ;                 ; no       ; On           ;
; AC15     ; 203        ; 4        ; RESERVED_INPUT_WITH_WEAK_PULLUP                           ;        ;              ;         ; Column I/O ;                 ; no       ; On           ;
; AC16     ;            ;          ; GND                                                       ; gnd    ;              ;         ; --         ;                 ; --       ; --           ;
; AC17     ; 221        ; 4        ; RESERVED_INPUT_WITH_WEAK_PULLUP                           ;        ;              ;         ; Column I/O ;                 ; no       ; On           ;
; AC18     ; 240        ; 4        ; RESERVED_INPUT_WITH_WEAK_PULLUP                           ;        ;              ;         ; Column I/O ;                 ; --       ; --           ;
; AC19     ; 247        ; 4        ; RESERVED_INPUT_WITH_WEAK_PULLUP                           ;        ;              ;         ; Column I/O ;                 ; no       ; On           ;
; AC20     ;            ;          ; GND                                                       ; gnd    ;              ;         ; --         ;                 ; --       ; --           ;
; AC21     ; 258        ; 4        ; RESERVED_INPUT_WITH_WEAK_PULLUP                           ;        ;              ;         ; Column I/O ;                 ; no       ; On           ;
; AC22     ; 267        ; 4        ; RESERVED_INPUT_WITH_WEAK_PULLUP                           ;        ;              ;         ; Column I/O ;                 ; no       ; On           ;
; AC23     ;            ;          ; GND                                                       ; gnd    ;              ;         ; --         ;                 ; --       ; --           ;
; AC24     ; 273        ; 5        ; RESERVED_INPUT_WITH_WEAK_PULLUP                           ;        ;              ;         ; Row I/O    ;                 ; no       ; On           ;
; AC25     ; 272        ; 5        ; RESERVED_INPUT_WITH_WEAK_PULLUP                           ;        ;              ;         ; Row I/O    ;                 ; no       ; On           ;
; AC26     ; 282        ; 5        ; RESERVED_INPUT_WITH_WEAK_PULLUP                           ;        ;              ;         ; Row I/O    ;                 ; no       ; On           ;
; AC27     ; 290        ; 5        ; RESERVED_INPUT_WITH_WEAK_PULLUP                           ;        ;              ;         ; Row I/O    ;                 ; no       ; On           ;
; AC28     ; 289        ; 5        ; RESERVED_INPUT_WITH_WEAK_PULLUP                           ;        ;              ;         ; Row I/O    ;                 ; no       ; On           ;
; AD1      ; 98         ; 2        ; RESERVED_INPUT_WITH_WEAK_PULLUP                           ;        ;              ;         ; Row I/O    ;                 ; no       ; On           ;
; AD2      ; 97         ; 2        ; RESERVED_INPUT_WITH_WEAK_PULLUP                           ;        ;              ;         ; Row I/O    ;                 ; no       ; On           ;
; AD3      ; 96         ; 2        ; RESERVED_INPUT_WITH_WEAK_PULLUP                           ;        ;              ;         ; Row I/O    ;                 ; no       ; On           ;
; AD4      ; 130        ; 3        ; RESERVED_INPUT_WITH_WEAK_PULLUP                           ;        ;              ;         ; Column I/O ;                 ; no       ; On           ;
; AD5      ; 128        ; 3        ; RESERVED_INPUT_WITH_WEAK_PULLUP                           ;        ;              ;         ; Column I/O ;                 ; no       ; On           ;
; AD6      ;            ; 3        ; VCCIO3                                                    ; power  ;              ; 2.5V    ; --         ;                 ; --       ; --           ;
; AD7      ; 134        ; 3        ; RESERVED_INPUT_WITH_WEAK_PULLUP                           ;        ;              ;         ; Column I/O ;                 ; no       ; On           ;
; AD8      ; 143        ; 3        ; RESERVED_INPUT_WITH_WEAK_PULLUP                           ;        ;              ;         ; Column I/O ;                 ; no       ; On           ;
; AD9      ;            ; 3        ; VCCIO3                                                    ; power  ;              ; 2.5V    ; --         ;                 ; --       ; --           ;
; AD10     ; 149        ; 3        ; RESERVED_INPUT_WITH_WEAK_PULLUP                           ;        ;              ;         ; Column I/O ;                 ; no       ; On           ;
; AD11     ; 186        ; 3        ; RESERVED_INPUT_WITH_WEAK_PULLUP                           ;        ;              ;         ; Column I/O ;                 ; no       ; On           ;
; AD12     ; 182        ; 3        ; RESERVED_INPUT_WITH_WEAK_PULLUP                           ;        ;              ;         ; Column I/O ;                 ; no       ; On           ;
; AD13     ;            ; 3        ; VCCIO3                                                    ; power  ;              ; 2.5V    ; --         ;                 ; --       ; --           ;
; AD14     ; 196        ; 3        ; RESERVED_INPUT_WITH_WEAK_PULLUP                           ;        ;              ;         ; Column I/O ;                 ; no       ; On           ;
; AD15     ; 204        ; 4        ; RESERVED_INPUT_WITH_WEAK_PULLUP                           ;        ;              ;         ; Column I/O ;                 ; no       ; On           ;
; AD16     ;            ; 4        ; VCCIO4                                                    ; power  ;              ; 2.5V    ; --         ;                 ; --       ; --           ;
; AD17     ; 222        ; 4        ; RESERVED_INPUT_WITH_WEAK_PULLUP                           ;        ;              ;         ; Column I/O ;                 ; no       ; On           ;
; AD18     ; 237        ; 4        ; RESERVED_INPUT_WITH_WEAK_PULLUP                           ;        ;              ;         ; Column I/O ;                 ; no       ; On           ;
; AD19     ; 248        ; 4        ; RESERVED_INPUT_WITH_WEAK_PULLUP                           ;        ;              ;         ; Column I/O ;                 ; no       ; On           ;
; AD20     ;            ; 4        ; VCCIO4                                                    ; power  ;              ; 2.5V    ; --         ;                 ; --       ; --           ;
; AD21     ; 259        ; 4        ; RESERVED_INPUT_WITH_WEAK_PULLUP                           ;        ;              ;         ; Column I/O ;                 ; no       ; On           ;
; AD22     ; 268        ; 4        ; RESERVED_INPUT_WITH_WEAK_PULLUP                           ;        ;              ;         ; Column I/O ;                 ; no       ; On           ;
; AD23     ;            ; 4        ; VCCIO4                                                    ; power  ;              ; 2.5V    ; --         ;                 ; --       ; --           ;
; AD24     ; 260        ; 4        ; RESERVED_INPUT_WITH_WEAK_PULLUP                           ;        ;              ;         ; Column I/O ;                 ; no       ; On           ;
; AD25     ; 255        ; 4        ; RESERVED_INPUT_WITH_WEAK_PULLUP                           ;        ;              ;         ; Column I/O ;                 ; no       ; On           ;
; AD26     ; 281        ; 5        ; RESERVED_INPUT_WITH_WEAK_PULLUP                           ;        ;              ;         ; Row I/O    ;                 ; no       ; On           ;
; AD27     ; 286        ; 5        ; RESERVED_INPUT_WITH_WEAK_PULLUP                           ;        ;              ;         ; Row I/O    ;                 ; no       ; On           ;
; AD28     ; 285        ; 5        ; RESERVED_INPUT_WITH_WEAK_PULLUP                           ;        ;              ;         ; Row I/O    ;                 ; no       ; On           ;
; AE1      ; 106        ; 2        ; RESERVED_INPUT_WITH_WEAK_PULLUP                           ;        ;              ;         ; Row I/O    ;                 ; no       ; On           ;
; AE2      ; 105        ; 2        ; RESERVED_INPUT_WITH_WEAK_PULLUP                           ;        ;              ;         ; Row I/O    ;                 ; no       ; On           ;
; AE3      ; 122        ; 2        ; RESERVED_INPUT_WITH_WEAK_PULLUP                           ;        ;              ;         ; Row I/O    ;                 ; no       ; On           ;
; AE4      ; 132        ; 3        ; RESERVED_INPUT_WITH_WEAK_PULLUP                           ;        ;              ;         ; Column I/O ;                 ; no       ; On           ;
; AE5      ; 135        ; 3        ; RESERVED_INPUT_WITH_WEAK_PULLUP                           ;        ;              ;         ; Column I/O ;                 ; no       ; On           ;
; AE6      ; 129        ; 3        ; RESERVED_INPUT_WITH_WEAK_PULLUP                           ;        ;              ;         ; Column I/O ;                 ; no       ; On           ;
; AE7      ; 158        ; 3        ; RESERVED_INPUT_WITH_WEAK_PULLUP                           ;        ;              ;         ; Column I/O ;                 ; no       ; On           ;
; AE8      ; 161        ; 3        ; RESERVED_INPUT_WITH_WEAK_PULLUP                           ;        ;              ;         ; Column I/O ;                 ; no       ; On           ;
; AE9      ; 163        ; 3        ; RESERVED_INPUT_WITH_WEAK_PULLUP                           ;        ;              ;         ; Column I/O ;                 ; no       ; On           ;
; AE10     ; 165        ; 3        ; RESERVED_INPUT_WITH_WEAK_PULLUP                           ;        ;              ;         ; Column I/O ;                 ; no       ; On           ;
; AE11     ; 171        ; 3        ; RESERVED_INPUT_WITH_WEAK_PULLUP                           ;        ;              ;         ; Column I/O ;                 ; no       ; On           ;
; AE12     ; 169        ; 3        ; RESERVED_INPUT_WITH_WEAK_PULLUP                           ;        ;              ;         ; Column I/O ;                 ; no       ; On           ;
; AE13     ; 177        ; 3        ; RESERVED_INPUT_WITH_WEAK_PULLUP                           ;        ;              ;         ; Column I/O ;                 ; no       ; On           ;
; AE14     ; 183        ; 3        ; RESERVED_INPUT_WITH_WEAK_PULLUP                           ;        ;              ;         ; Column I/O ;                 ; no       ; On           ;
; AE15     ; 205        ; 4        ; RESERVED_INPUT_WITH_WEAK_PULLUP                           ;        ;              ;         ; Column I/O ;                 ; no       ; On           ;
; AE16     ; 209        ; 4        ; RESERVED_INPUT_WITH_WEAK_PULLUP                           ;        ;              ;         ; Column I/O ;                 ; no       ; On           ;
; AE17     ; 215        ; 4        ; RESERVED_INPUT_WITH_WEAK_PULLUP                           ;        ;              ;         ; Column I/O ;                 ; no       ; On           ;
; AE18     ; 225        ; 4        ; RESERVED_INPUT_WITH_WEAK_PULLUP                           ;        ;              ;         ; Column I/O ;                 ; no       ; On           ;
; AE19     ; 231        ; 4        ; RESERVED_INPUT_WITH_WEAK_PULLUP                           ;        ;              ;         ; Column I/O ;                 ; no       ; On           ;
; AE20     ; 235        ; 4        ; RESERVED_INPUT_WITH_WEAK_PULLUP                           ;        ;              ;         ; Column I/O ;                 ; no       ; On           ;
; AE21     ; 238        ; 4        ; RESERVED_INPUT_WITH_WEAK_PULLUP                           ;        ;              ;         ; Column I/O ;                 ; no       ; On           ;
; AE22     ; 251        ; 4        ; RESERVED_INPUT_WITH_WEAK_PULLUP                           ;        ;              ;         ; Column I/O ;                 ; no       ; On           ;
; AE23     ; 261        ; 4        ; RESERVED_INPUT_WITH_WEAK_PULLUP                           ;        ;              ;         ; Column I/O ;                 ; no       ; On           ;
; AE24     ; 256        ; 4        ; RESERVED_INPUT_WITH_WEAK_PULLUP                           ;        ;              ;         ; Column I/O ;                 ; no       ; On           ;
; AE25     ; 243        ; 4        ; RESERVED_INPUT_WITH_WEAK_PULLUP                           ;        ;              ;         ; Column I/O ;                 ; no       ; On           ;
; AE26     ; 278        ; 5        ; RESERVED_INPUT_WITH_WEAK_PULLUP                           ;        ;              ;         ; Row I/O    ;                 ; no       ; On           ;
; AE27     ; 284        ; 5        ; RESERVED_INPUT_WITH_WEAK_PULLUP                           ;        ;              ;         ; Row I/O    ;                 ; no       ; On           ;
; AE28     ; 283        ; 5        ; RESERVED_INPUT_WITH_WEAK_PULLUP                           ;        ;              ;         ; Row I/O    ;                 ; no       ; On           ;
; AF1      ;            ;          ; GND                                                       ; gnd    ;              ;         ; --         ;                 ; --       ; --           ;
; AF2      ; 123        ; 2        ; RESERVED_INPUT_WITH_WEAK_PULLUP                           ;        ;              ;         ; Row I/O    ;                 ; no       ; On           ;
; AF3      ; 138        ; 3        ; RESERVED_INPUT_WITH_WEAK_PULLUP                           ;        ;              ;         ; Column I/O ;                 ; no       ; On           ;
; AF4      ; 131        ; 3        ; RESERVED_INPUT_WITH_WEAK_PULLUP                           ;        ;              ;         ; Column I/O ;                 ; no       ; On           ;
; AF5      ; 136        ; 3        ; RESERVED_INPUT_WITH_WEAK_PULLUP                           ;        ;              ;         ; Column I/O ;                 ; no       ; On           ;
; AF6      ; 139        ; 3        ; RESERVED_INPUT_WITH_WEAK_PULLUP                           ;        ;              ;         ; Column I/O ;                 ; no       ; On           ;
; AF7      ; 159        ; 3        ; RESERVED_INPUT_WITH_WEAK_PULLUP                           ;        ;              ;         ; Column I/O ;                 ; no       ; On           ;
; AF8      ; 162        ; 3        ; RESERVED_INPUT_WITH_WEAK_PULLUP                           ;        ;              ;         ; Column I/O ;                 ; no       ; On           ;
; AF9      ; 160        ; 3        ; RESERVED_INPUT_WITH_WEAK_PULLUP                           ;        ;              ;         ; Column I/O ;                 ; no       ; On           ;
; AF10     ; 166        ; 3        ; RESERVED_INPUT_WITH_WEAK_PULLUP                           ;        ;              ;         ; Column I/O ;                 ; no       ; On           ;
; AF11     ; 172        ; 3        ; RESERVED_INPUT_WITH_WEAK_PULLUP                           ;        ;              ;         ; Column I/O ;                 ; no       ; On           ;
; AF12     ; 170        ; 3        ; RESERVED_INPUT_WITH_WEAK_PULLUP                           ;        ;              ;         ; Column I/O ;                 ; no       ; On           ;
; AF13     ; 178        ; 3        ; RESERVED_INPUT_WITH_WEAK_PULLUP                           ;        ;              ;         ; Column I/O ;                 ; no       ; On           ;
; AF14     ; 184        ; 3        ; RESERVED_INPUT_WITH_WEAK_PULLUP                           ;        ;              ;         ; Column I/O ;                 ; no       ; On           ;
; AF15     ; 206        ; 4        ; RESERVED_INPUT_WITH_WEAK_PULLUP                           ;        ;              ;         ; Column I/O ;                 ; no       ; On           ;
; AF16     ; 210        ; 4        ; RESERVED_INPUT_WITH_WEAK_PULLUP                           ;        ;              ;         ; Column I/O ;                 ; no       ; On           ;
; AF17     ; 216        ; 4        ; RESERVED_INPUT_WITH_WEAK_PULLUP                           ;        ;              ;         ; Column I/O ;                 ; no       ; On           ;
; AF18     ; 226        ; 4        ; RESERVED_INPUT_WITH_WEAK_PULLUP                           ;        ;              ;         ; Column I/O ;                 ; no       ; On           ;
; AF19     ; 232        ; 4        ; RESERVED_INPUT_WITH_WEAK_PULLUP                           ;        ;              ;         ; Column I/O ;                 ; no       ; On           ;
; AF20     ; 236        ; 4        ; RESERVED_INPUT_WITH_WEAK_PULLUP                           ;        ;              ;         ; Column I/O ;                 ; no       ; On           ;
; AF21     ; 239        ; 4        ; RESERVED_INPUT_WITH_WEAK_PULLUP                           ;        ;              ;         ; Column I/O ;                 ; no       ; On           ;
; AF22     ; 252        ; 4        ; RESERVED_INPUT_WITH_WEAK_PULLUP                           ;        ;              ;         ; Column I/O ;                 ; no       ; On           ;
; AF23     ; 262        ; 4        ; RESERVED_INPUT_WITH_WEAK_PULLUP                           ;        ;              ;         ; Column I/O ;                 ; no       ; On           ;
; AF24     ; 233        ; 4        ; RESERVED_INPUT_WITH_WEAK_PULLUP                           ;        ;              ;         ; Column I/O ;                 ; no       ; On           ;
; AF25     ; 234        ; 4        ; RESERVED_INPUT_WITH_WEAK_PULLUP                           ;        ;              ;         ; Column I/O ;                 ; no       ; On           ;
; AF26     ; 244        ; 4        ; RESERVED_INPUT_WITH_WEAK_PULLUP                           ;        ;              ;         ; Column I/O ;                 ; no       ; On           ;
; AF27     ; 277        ; 5        ; RESERVED_INPUT_WITH_WEAK_PULLUP                           ;        ;              ;         ; Row I/O    ;                 ; no       ; On           ;
; AF28     ;            ;          ; GND                                                       ; gnd    ;              ;         ; --         ;                 ; --       ; --           ;
; AG1      ;            ; 2        ; VCCIO2                                                    ; power  ;              ; 2.5V    ; --         ;                 ; --       ; --           ;
; AG2      ;            ;          ; GND                                                       ; gnd    ;              ;         ; --         ;                 ; --       ; --           ;
; AG3      ; 133        ; 3        ; RESERVED_INPUT_WITH_WEAK_PULLUP                           ;        ;              ;         ; Column I/O ;                 ; no       ; On           ;
; AG4      ; 141        ; 3        ; RESERVED_INPUT_WITH_WEAK_PULLUP                           ;        ;              ;         ; Column I/O ;                 ; no       ; On           ;
; AG5      ;            ;          ; GND                                                       ; gnd    ;              ;         ; --         ;                 ; --       ; --           ;
; AG6      ; 145        ; 3        ; RESERVED_INPUT_WITH_WEAK_PULLUP                           ;        ;              ;         ; Column I/O ;                 ; no       ; On           ;
; AG7      ; 150        ; 3        ; RESERVED_INPUT_WITH_WEAK_PULLUP                           ;        ;              ;         ; Column I/O ;                 ; no       ; On           ;
; AG8      ; 156        ; 3        ; RESERVED_INPUT_WITH_WEAK_PULLUP                           ;        ;              ;         ; Column I/O ;                 ; no       ; On           ;
; AG9      ;            ;          ; GND                                                       ; gnd    ;              ;         ; --         ;                 ; --       ; --           ;
; AG10     ; 167        ; 3        ; RESERVED_INPUT_WITH_WEAK_PULLUP                           ;        ;              ;         ; Column I/O ;                 ; no       ; On           ;
; AG11     ; 175        ; 3        ; RESERVED_INPUT_WITH_WEAK_PULLUP                           ;        ;              ;         ; Column I/O ;                 ; no       ; On           ;
; AG12     ; 193        ; 3        ; RESERVED_INPUT_WITH_WEAK_PULLUP                           ;        ;              ;         ; Column I/O ;                 ; no       ; On           ;
; AG13     ;            ;          ; GND                                                       ; gnd    ;              ;         ; --         ;                 ; --       ; --           ;
; AG14     ; 199        ; 3        ; GND+                                                      ;        ;              ;         ; Column I/O ;                 ; --       ; --           ;
; AG15     ; 201        ; 4        ; GND+                                                      ;        ;              ;         ; Column I/O ;                 ; --       ; --           ;
; AG16     ;            ;          ; GND                                                       ; gnd    ;              ;         ; --         ;                 ; --       ; --           ;
; AG17     ; 207        ; 4        ; RESERVED_INPUT_WITH_WEAK_PULLUP                           ;        ;              ;         ; Column I/O ;                 ; no       ; On           ;
; AG18     ; 217        ; 4        ; RESERVED_INPUT_WITH_WEAK_PULLUP                           ;        ;              ;         ; Column I/O ;                 ; no       ; On           ;
; AG19     ; 219        ; 4        ; RESERVED_INPUT_WITH_WEAK_PULLUP                           ;        ;              ;         ; Column I/O ;                 ; no       ; On           ;
; AG20     ;            ;          ; GND                                                       ; gnd    ;              ;         ; --         ;                 ; --       ; --           ;
; AG21     ; 223        ; 4        ; RESERVED_INPUT_WITH_WEAK_PULLUP                           ;        ;              ;         ; Column I/O ;                 ; no       ; On           ;
; AG22     ; 227        ; 4        ; RESERVED_INPUT_WITH_WEAK_PULLUP                           ;        ;              ;         ; Column I/O ;                 ; no       ; On           ;
; AG23     ; 229        ; 4        ; RESERVED_INPUT_WITH_WEAK_PULLUP                           ;        ;              ;         ; Column I/O ;                 ; no       ; On           ;
; AG24     ;            ;          ; GND                                                       ; gnd    ;              ;         ; --         ;                 ; --       ; --           ;
; AG25     ; 245        ; 4        ; RESERVED_INPUT_WITH_WEAK_PULLUP                           ;        ;              ;         ; Column I/O ;                 ; no       ; On           ;
; AG26     ; 270        ; 4        ; RESERVED_INPUT_WITH_WEAK_PULLUP                           ;        ;              ;         ; Column I/O ;                 ; no       ; On           ;
; AG27     ;            ;          ; GND                                                       ; gnd    ;              ;         ; --         ;                 ; --       ; --           ;
; AG28     ;            ; 5        ; VCCIO5                                                    ; power  ;              ; 2.5V    ; --         ;                 ; --       ; --           ;
; AH2      ;            ; 3        ; VCCIO3                                                    ; power  ;              ; 2.5V    ; --         ;                 ; --       ; --           ;
; AH3      ; 137        ; 3        ; RESERVED_INPUT_WITH_WEAK_PULLUP                           ;        ;              ;         ; Column I/O ;                 ; no       ; On           ;
; AH4      ; 142        ; 3        ; RESERVED_INPUT_WITH_WEAK_PULLUP                           ;        ;              ;         ; Column I/O ;                 ; no       ; On           ;
; AH5      ;            ; 3        ; VCCIO3                                                    ; power  ;              ; 2.5V    ; --         ;                 ; --       ; --           ;
; AH6      ; 146        ; 3        ; RESERVED_INPUT_WITH_WEAK_PULLUP                           ;        ;              ;         ; Column I/O ;                 ; no       ; On           ;
; AH7      ; 151        ; 3        ; RESERVED_INPUT_WITH_WEAK_PULLUP                           ;        ;              ;         ; Column I/O ;                 ; no       ; On           ;
; AH8      ; 157        ; 3        ; RESERVED_INPUT_WITH_WEAK_PULLUP                           ;        ;              ;         ; Column I/O ;                 ; no       ; On           ;
; AH9      ;            ; 3        ; VCCIO3                                                    ; power  ;              ; 2.5V    ; --         ;                 ; --       ; --           ;
; AH10     ; 168        ; 3        ; RESERVED_INPUT_WITH_WEAK_PULLUP                           ;        ;              ;         ; Column I/O ;                 ; no       ; On           ;
; AH11     ; 176        ; 3        ; RESERVED_INPUT_WITH_WEAK_PULLUP                           ;        ;              ;         ; Column I/O ;                 ; no       ; On           ;
; AH12     ; 194        ; 3        ; RESERVED_INPUT_WITH_WEAK_PULLUP                           ;        ;              ;         ; Column I/O ;                 ; no       ; On           ;
; AH13     ;            ; 3        ; VCCIO3                                                    ; power  ;              ; 2.5V    ; --         ;                 ; --       ; --           ;
; AH14     ; 200        ; 3        ; GND+                                                      ;        ;              ;         ; Column I/O ;                 ; --       ; --           ;
; AH15     ; 202        ; 4        ; GND+                                                      ;        ;              ;         ; Column I/O ;                 ; --       ; --           ;
; AH16     ;            ; 4        ; VCCIO4                                                    ; power  ;              ; 2.5V    ; --         ;                 ; --       ; --           ;
; AH17     ; 208        ; 4        ; RESERVED_INPUT_WITH_WEAK_PULLUP                           ;        ;              ;         ; Column I/O ;                 ; no       ; On           ;
; AH18     ; 218        ; 4        ; RESERVED_INPUT_WITH_WEAK_PULLUP                           ;        ;              ;         ; Column I/O ;                 ; no       ; On           ;
; AH19     ; 220        ; 4        ; RESERVED_INPUT_WITH_WEAK_PULLUP                           ;        ;              ;         ; Column I/O ;                 ; no       ; On           ;
; AH20     ;            ; 4        ; VCCIO4                                                    ; power  ;              ; 2.5V    ; --         ;                 ; --       ; --           ;
; AH21     ; 224        ; 4        ; RESERVED_INPUT_WITH_WEAK_PULLUP                           ;        ;              ;         ; Column I/O ;                 ; no       ; On           ;
; AH22     ; 228        ; 4        ; RESERVED_INPUT_WITH_WEAK_PULLUP                           ;        ;              ;         ; Column I/O ;                 ; no       ; On           ;
; AH23     ; 230        ; 4        ; RESERVED_INPUT_WITH_WEAK_PULLUP                           ;        ;              ;         ; Column I/O ;                 ; no       ; On           ;
; AH24     ;            ; 4        ; VCCIO4                                                    ; power  ;              ; 2.5V    ; --         ;                 ; --       ; --           ;
; AH25     ; 246        ; 4        ; RESERVED_INPUT_WITH_WEAK_PULLUP                           ;        ;              ;         ; Column I/O ;                 ; no       ; On           ;
; AH26     ; 271        ; 4        ; RESERVED_INPUT_WITH_WEAK_PULLUP                           ;        ;              ;         ; Column I/O ;                 ; no       ; On           ;
; AH27     ;            ; 4        ; VCCIO4                                                    ; power  ;              ; 2.5V    ; --         ;                 ; --       ; --           ;
; B1       ;            ; 1        ; VCCIO1                                                    ; power  ;              ; 2.5V    ; --         ;                 ; --       ; --           ;
; B2       ;            ;          ; GND                                                       ; gnd    ;              ;         ; --         ;                 ; --       ; --           ;
; B3       ; 534        ; 8        ; RESERVED_INPUT_WITH_WEAK_PULLUP                           ;        ;              ;         ; Column I/O ;                 ; no       ; On           ;
; B4       ; 533        ; 8        ; RESERVED_INPUT_WITH_WEAK_PULLUP                           ;        ;              ;         ; Column I/O ;                 ; no       ; On           ;
; B5       ;            ;          ; GND                                                       ; gnd    ;              ;         ; --         ;                 ; --       ; --           ;
; B6       ; 505        ; 8        ; RESERVED_INPUT_WITH_WEAK_PULLUP                           ;        ;              ;         ; Column I/O ;                 ; no       ; On           ;
; B7       ; 502        ; 8        ; RESERVED_INPUT_WITH_WEAK_PULLUP                           ;        ;              ;         ; Column I/O ;                 ; no       ; On           ;
; B8       ; 518        ; 8        ; RESERVED_INPUT_WITH_WEAK_PULLUP                           ;        ;              ;         ; Column I/O ;                 ; no       ; On           ;
; B9       ;            ;          ; GND                                                       ; gnd    ;              ;         ; --         ;                 ; --       ; --           ;
; B10      ; 492        ; 8        ; RESERVED_INPUT_WITH_WEAK_PULLUP                           ;        ;              ;         ; Column I/O ;                 ; no       ; On           ;
; B11      ; 488        ; 8        ; RESERVED_INPUT_WITH_WEAK_PULLUP                           ;        ;              ;         ; Column I/O ;                 ; no       ; On           ;
; B12      ;            ;          ; GND                                                       ; gnd    ;              ;         ; --         ;                 ; --       ; --           ;
; B13      ;            ;          ; GND                                                       ; gnd    ;              ;         ; --         ;                 ; --       ; --           ;
; B14      ; 473        ; 8        ; GND+                                                      ;        ;              ;         ; Column I/O ;                 ; --       ; --           ;
; B15      ; 471        ; 7        ; GND+                                                      ;        ;              ;         ; Column I/O ;                 ; --       ; --           ;
; B16      ;            ;          ; GND                                                       ; gnd    ;              ;         ; --         ;                 ; --       ; --           ;
; B17      ; 463        ; 7        ; RESERVED_INPUT_WITH_WEAK_PULLUP                           ;        ;              ;         ; Column I/O ;                 ; no       ; On           ;
; B18      ; 443        ; 7        ; RESERVED_INPUT_WITH_WEAK_PULLUP                           ;        ;              ;         ; Column I/O ;                 ; no       ; On           ;
; B19      ; 441        ; 7        ; RESERVED_INPUT_WITH_WEAK_PULLUP                           ;        ;              ;         ; Column I/O ;                 ; no       ; On           ;
; B20      ;            ;          ; GND                                                       ; gnd    ;              ;         ; --         ;                 ; --       ; --           ;
; B21      ; 426        ; 7        ; RESERVED_INPUT_WITH_WEAK_PULLUP                           ;        ;              ;         ; Column I/O ;                 ; no       ; On           ;
; B22      ; 424        ; 7        ; RESERVED_INPUT_WITH_WEAK_PULLUP                           ;        ;              ;         ; Column I/O ;                 ; no       ; On           ;
; B23      ; 413        ; 7        ; RESERVED_INPUT_WITH_WEAK_PULLUP                           ;        ;              ;         ; Column I/O ;                 ; no       ; On           ;
; B24      ;            ;          ; GND                                                       ; gnd    ;              ;         ; --         ;                 ; --       ; --           ;
; B25      ; 406        ; 7        ; RESERVED_INPUT_WITH_WEAK_PULLUP                           ;        ;              ;         ; Column I/O ;                 ; no       ; On           ;
; B26      ; 401        ; 7        ; RESERVED_INPUT_WITH_WEAK_PULLUP                           ;        ;              ;         ; Column I/O ;                 ; no       ; On           ;
; B27      ;            ;          ; GND                                                       ; gnd    ;              ;         ; --         ;                 ; --       ; --           ;
; B28      ;            ; 6        ; VCCIO6                                                    ; power  ;              ; 2.5V    ; --         ;                 ; --       ; --           ;
; C1       ;            ;          ; GND                                                       ; gnd    ;              ;         ; --         ;                 ; --       ; --           ;
; C2       ; 1          ; 1        ; RESERVED_INPUT_WITH_WEAK_PULLUP                           ;        ;              ;         ; Row I/O    ;                 ; no       ; On           ;
; C3       ; 543        ; 8        ; RESERVED_INPUT_WITH_WEAK_PULLUP                           ;        ;              ;         ; Column I/O ;                 ; no       ; On           ;
; C4       ; 539        ; 8        ; RESERVED_INPUT_WITH_WEAK_PULLUP                           ;        ;              ;         ; Column I/O ;                 ; no       ; On           ;
; C5       ; 538        ; 8        ; RESERVED_INPUT_WITH_WEAK_PULLUP                           ;        ;              ;         ; Column I/O ;                 ; no       ; On           ;
; C6       ; 536        ; 8        ; RESERVED_INPUT_WITH_WEAK_PULLUP                           ;        ;              ;         ; Column I/O ;                 ; no       ; On           ;
; C7       ; 521        ; 8        ; RESERVED_INPUT_WITH_WEAK_PULLUP                           ;        ;              ;         ; Column I/O ;                 ; no       ; On           ;
; C8       ; 519        ; 8        ; RESERVED_INPUT_WITH_WEAK_PULLUP                           ;        ;              ;         ; Column I/O ;                 ; no       ; On           ;
; C9       ; 510        ; 8        ; RESERVED_INPUT_WITH_WEAK_PULLUP                           ;        ;              ;         ; Column I/O ;                 ; no       ; On           ;
; C10      ; 495        ; 8        ; RESERVED_INPUT_WITH_WEAK_PULLUP                           ;        ;              ;         ; Column I/O ;                 ; no       ; On           ;
; C11      ; 508        ; 8        ; RESERVED_INPUT_WITH_WEAK_PULLUP                           ;        ;              ;         ; Column I/O ;                 ; no       ; On           ;
; C12      ; 478        ; 8        ; RESERVED_INPUT_WITH_WEAK_PULLUP                           ;        ;              ;         ; Column I/O ;                 ; no       ; On           ;
; C13      ; 474        ; 8        ; RESERVED_INPUT_WITH_WEAK_PULLUP                           ;        ;              ;         ; Column I/O ;                 ; no       ; On           ;
; C14      ; 476        ; 8        ; RESERVED_INPUT_WITH_WEAK_PULLUP                           ;        ;              ;         ; Column I/O ;                 ; no       ; On           ;
; C15      ; 468        ; 7        ; RESERVED_INPUT_WITH_WEAK_PULLUP                           ;        ;              ;         ; Column I/O ;                 ; no       ; On           ;
; C16      ; 460        ; 7        ; RESERVED_INPUT_WITH_WEAK_PULLUP                           ;        ;              ;         ; Column I/O ;                 ; no       ; On           ;
; C17      ; 438        ; 7        ; RESERVED_INPUT_WITH_WEAK_PULLUP                           ;        ;              ;         ; Column I/O ;                 ; no       ; On           ;
; C18      ; 429        ; 7        ; RESERVED_INPUT_WITH_WEAK_PULLUP                           ;        ;              ;         ; Column I/O ;                 ; no       ; On           ;
; C19      ; 435        ; 7        ; RESERVED_INPUT_WITH_WEAK_PULLUP                           ;        ;              ;         ; Column I/O ;                 ; no       ; On           ;
; C20      ; 431        ; 7        ; RESERVED_INPUT_WITH_WEAK_PULLUP                           ;        ;              ;         ; Column I/O ;                 ; no       ; On           ;
; C21      ; 422        ; 7        ; RESERVED_INPUT_WITH_WEAK_PULLUP                           ;        ;              ;         ; Column I/O ;                 ; no       ; On           ;
; C22      ; 418        ; 7        ; RESERVED_INPUT_WITH_WEAK_PULLUP                           ;        ;              ;         ; Column I/O ;                 ; no       ; On           ;
; C23      ; 415        ; 7        ; RESERVED_INPUT_WITH_WEAK_PULLUP                           ;        ;              ;         ; Column I/O ;                 ; no       ; On           ;
; C24      ; 416        ; 7        ; RESERVED_INPUT_WITH_WEAK_PULLUP                           ;        ;              ;         ; Column I/O ;                 ; no       ; On           ;
; C25      ; 411        ; 7        ; RESERVED_INPUT_WITH_WEAK_PULLUP                           ;        ;              ;         ; Column I/O ;                 ; no       ; On           ;
; C26      ; 400        ; 7        ; RESERVED_INPUT_WITH_WEAK_PULLUP                           ;        ;              ;         ; Column I/O ;                 ; no       ; On           ;
; C27      ; 382        ; 6        ; RESERVED_INPUT_WITH_WEAK_PULLUP                           ;        ;              ;         ; Row I/O    ;                 ; no       ; On           ;
; C28      ;            ;          ; GND                                                       ; gnd    ;              ;         ; --         ;                 ; --       ; --           ;
; D1       ; 3          ; 1        ; RESERVED_INPUT_WITH_WEAK_PULLUP                           ;        ;              ;         ; Row I/O    ;                 ; no       ; On           ;
; D2       ; 2          ; 1        ; RESERVED_INPUT_WITH_WEAK_PULLUP                           ;        ;              ;         ; Row I/O    ;                 ; no       ; On           ;
; D3       ;            ;          ; GND                                                       ; gnd    ;              ;         ; --         ;                 ; --       ; --           ;
; D4       ; 540        ; 8        ; RESERVED_INPUT_WITH_WEAK_PULLUP                           ;        ;              ;         ; Column I/O ;                 ; no       ; On           ;
; D5       ; 537        ; 8        ; RESERVED_INPUT_WITH_WEAK_PULLUP                           ;        ;              ;         ; Column I/O ;                 ; no       ; On           ;
; D6       ; 524        ; 8        ; RESERVED_INPUT_WITH_WEAK_PULLUP                           ;        ;              ;         ; Column I/O ;                 ; no       ; On           ;
; D7       ; 522        ; 8        ; RESERVED_INPUT_WITH_WEAK_PULLUP                           ;        ;              ;         ; Column I/O ;                 ; no       ; On           ;
; D8       ; 520        ; 8        ; RESERVED_INPUT_WITH_WEAK_PULLUP                           ;        ;              ;         ; Column I/O ;                 ; no       ; On           ;
; D9       ; 511        ; 8        ; RESERVED_INPUT_WITH_WEAK_PULLUP                           ;        ;              ;         ; Column I/O ;                 ; no       ; On           ;
; D10      ; 496        ; 8        ; RESERVED_INPUT_WITH_WEAK_PULLUP                           ;        ;              ;         ; Column I/O ;                 ; no       ; On           ;
; D11      ; 509        ; 8        ; RESERVED_INPUT_WITH_WEAK_PULLUP                           ;        ;              ;         ; Column I/O ;                 ; no       ; On           ;
; D12      ; 479        ; 8        ; RESERVED_INPUT_WITH_WEAK_PULLUP                           ;        ;              ;         ; Column I/O ;                 ; no       ; On           ;
; D13      ; 475        ; 8        ; RESERVED_INPUT_WITH_WEAK_PULLUP                           ;        ;              ;         ; Column I/O ;                 ; no       ; On           ;
; D14      ; 477        ; 8        ; RESERVED_INPUT_WITH_WEAK_PULLUP                           ;        ;              ;         ; Column I/O ;                 ; no       ; On           ;
; D15      ; 469        ; 7        ; RESERVED_INPUT_WITH_WEAK_PULLUP                           ;        ;              ;         ; Column I/O ;                 ; no       ; On           ;
; D16      ; 461        ; 7        ; RESERVED_INPUT_WITH_WEAK_PULLUP                           ;        ;              ;         ; Column I/O ;                 ; no       ; On           ;
; D17      ; 439        ; 7        ; RESERVED_INPUT_WITH_WEAK_PULLUP                           ;        ;              ;         ; Column I/O ;                 ; no       ; On           ;
; D18      ; 430        ; 7        ; RESERVED_INPUT_WITH_WEAK_PULLUP                           ;        ;              ;         ; Column I/O ;                 ; no       ; On           ;
; D19      ; 436        ; 7        ; RESERVED_INPUT_WITH_WEAK_PULLUP                           ;        ;              ;         ; Column I/O ;                 ; no       ; On           ;
; D20      ; 432        ; 7        ; RESERVED_INPUT_WITH_WEAK_PULLUP                           ;        ;              ;         ; Column I/O ;                 ; no       ; On           ;
; D21      ; 419        ; 7        ; RESERVED_INPUT_WITH_WEAK_PULLUP                           ;        ;              ;         ; Column I/O ;                 ; no       ; On           ;
; D22      ; 402        ; 7        ; RESERVED_INPUT_WITH_WEAK_PULLUP                           ;        ;              ;         ; Column I/O ;                 ; no       ; On           ;
; D23      ; 414        ; 7        ; RESERVED_INPUT_WITH_WEAK_PULLUP                           ;        ;              ;         ; Column I/O ;                 ; no       ; On           ;
; D24      ; 417        ; 7        ; RESERVED_INPUT_WITH_WEAK_PULLUP                           ;        ;              ;         ; Column I/O ;                 ; no       ; On           ;
; D25      ; 410        ; 7        ; RESERVED_INPUT_WITH_WEAK_PULLUP                           ;        ;              ;         ; Column I/O ;                 ; no       ; On           ;
; D26      ; 383        ; 6        ; RESERVED_INPUT_WITH_WEAK_PULLUP                           ;        ;              ;         ; Row I/O    ;                 ; no       ; On           ;
; D27      ; 381        ; 6        ; RESERVED_INPUT_WITH_WEAK_PULLUP                           ;        ;              ;         ; Row I/O    ;                 ; no       ; On           ;
; D28      ; 380        ; 6        ; RESERVED_INPUT_WITH_WEAK_PULLUP                           ;        ;              ;         ; Row I/O    ;                 ; no       ; On           ;
; E1       ; 17         ; 1        ; RESERVED_INPUT_WITH_WEAK_PULLUP                           ;        ;              ;         ; Row I/O    ;                 ; no       ; On           ;
; E2       ; 16         ; 1        ; ~ALTERA_FLASH_nCE_nCSO~ / RESERVED_INPUT_WITH_WEAK_PULLUP ; input  ; 2.5 V        ;         ; Row I/O    ; N               ; no       ; On           ;
; E3       ; 7          ; 1        ; RESERVED_INPUT_WITH_WEAK_PULLUP                           ;        ;              ;         ; Row I/O    ;                 ; no       ; On           ;
; E4       ; 541        ; 8        ; RESERVED_INPUT_WITH_WEAK_PULLUP                           ;        ;              ;         ; Column I/O ;                 ; no       ; On           ;
; E5       ; 542        ; 8        ; RESERVED_INPUT_WITH_WEAK_PULLUP                           ;        ;              ;         ; Column I/O ;                 ; no       ; On           ;
; E6       ;            ; 8        ; VCCIO8                                                    ; power  ;              ; 2.5V    ; --         ;                 ; --       ; --           ;
; E7       ; 523        ; 8        ; RESERVED_INPUT_WITH_WEAK_PULLUP                           ;        ;              ;         ; Column I/O ;                 ; no       ; On           ;
; E8       ; 526        ; 8        ; RESERVED_INPUT_WITH_WEAK_PULLUP                           ;        ;              ;         ; Column I/O ;                 ; no       ; On           ;
; E9       ;            ; 8        ; VCCIO8                                                    ; power  ;              ; 2.5V    ; --         ;                 ; --       ; --           ;
; E10      ; 516        ; 8        ; RESERVED_INPUT_WITH_WEAK_PULLUP                           ;        ;              ;         ; Column I/O ;                 ; no       ; On           ;
; E11      ; 499        ; 8        ; RESERVED_INPUT_WITH_WEAK_PULLUP                           ;        ;              ;         ; Column I/O ;                 ; no       ; On           ;
; E12      ; 497        ; 8        ; RESERVED_INPUT_WITH_WEAK_PULLUP                           ;        ;              ;         ; Column I/O ;                 ; no       ; On           ;
; E13      ;            ; 8        ; VCCIO8                                                    ; power  ;              ; 2.5V    ; --         ;                 ; --       ; --           ;
; E14      ; 486        ; 8        ; RESERVED_INPUT_WITH_WEAK_PULLUP                           ;        ;              ;         ; Column I/O ;                 ; no       ; On           ;
; E15      ; 467        ; 7        ; RESERVED_INPUT_WITH_WEAK_PULLUP                           ;        ;              ;         ; Column I/O ;                 ; no       ; On           ;
; E16      ;            ; 7        ; VCCIO7                                                    ; power  ;              ; 2.5V    ; --         ;                 ; --       ; --           ;
; E17      ; 456        ; 7        ; RESERVED_INPUT_WITH_WEAK_PULLUP                           ;        ;              ;         ; Column I/O ;                 ; no       ; On           ;
; E18      ; 427        ; 7        ; RESERVED_INPUT_WITH_WEAK_PULLUP                           ;        ;              ;         ; Column I/O ;                 ; no       ; On           ;
; E19      ; 421        ; 7        ; RESERVED_INPUT_WITH_WEAK_PULLUP                           ;        ;              ;         ; Column I/O ;                 ; no       ; On           ;
; E20      ;            ; 7        ; VCCIO7                                                    ; power  ;              ; 2.5V    ; --         ;                 ; --       ; --           ;
; E21      ; 407        ; 7        ; RESERVED_INPUT_WITH_WEAK_PULLUP                           ;        ;              ;         ; Column I/O ;                 ; no       ; On           ;
; E22      ; 403        ; 7        ; RESERVED_INPUT_WITH_WEAK_PULLUP                           ;        ;              ;         ; Column I/O ;                 ; no       ; On           ;
; E23      ;            ; 7        ; VCCIO7                                                    ; power  ;              ; 2.5V    ; --         ;                 ; --       ; --           ;
; E24      ; 433        ; 7        ; RESERVED_INPUT_WITH_WEAK_PULLUP                           ;        ;              ;         ; Column I/O ;                 ; no       ; On           ;
; E25      ; 434        ; 7        ; RESERVED_INPUT_WITH_WEAK_PULLUP                           ;        ;              ;         ; Column I/O ;                 ; no       ; On           ;
; E26      ; 378        ; 6        ; RESERVED_INPUT_WITH_WEAK_PULLUP                           ;        ;              ;         ; Row I/O    ;                 ; no       ; On           ;
; E27      ; 375        ; 6        ; RESERVED_INPUT_WITH_WEAK_PULLUP                           ;        ;              ;         ; Row I/O    ;                 ; no       ; On           ;
; E28      ; 374        ; 6        ; RESERVED_INPUT_WITH_WEAK_PULLUP                           ;        ;              ;         ; Row I/O    ;                 ; no       ; On           ;
; F1       ; 19         ; 1        ; RESERVED_INPUT_WITH_WEAK_PULLUP                           ;        ;              ;         ; Row I/O    ;                 ; no       ; On           ;
; F2       ; 18         ; 1        ; RESERVED_INPUT_WITH_WEAK_PULLUP                           ;        ;              ;         ; Row I/O    ;                 ; no       ; On           ;
; F3       ; 8          ; 1        ; RESERVED_INPUT_WITH_WEAK_PULLUP                           ;        ;              ;         ; Row I/O    ;                 ; no       ; On           ;
; F4       ; 10         ; 1        ; ~ALTERA_ASDO_DATA1~ / RESERVED_INPUT_WITH_WEAK_PULLUP     ; input  ; 2.5 V        ;         ; Row I/O    ; N               ; no       ; On           ;
; F5       ; 9          ; 1        ; RESERVED_INPUT_WITH_WEAK_PULLUP                           ;        ;              ;         ; Row I/O    ;                 ; no       ; On           ;
; F6       ;            ;          ; GND                                                       ; gnd    ;              ;         ; --         ;                 ; --       ; --           ;
; F7       ; 531        ; 8        ; RESERVED_INPUT_WITH_WEAK_PULLUP                           ;        ;              ;         ; Column I/O ;                 ; no       ; On           ;
; F8       ; 527        ; 8        ; RESERVED_INPUT_WITH_WEAK_PULLUP                           ;        ;              ;         ; Column I/O ;                 ; no       ; On           ;
; F9       ;            ;          ; GND                                                       ; gnd    ;              ;         ; --         ;                 ; --       ; --           ;
; F10      ; 512        ; 8        ; RESERVED_INPUT_WITH_WEAK_PULLUP                           ;        ;              ;         ; Column I/O ;                 ; no       ; On           ;
; F11      ; 500        ; 8        ; RESERVED_INPUT_WITH_WEAK_PULLUP                           ;        ;              ;         ; Column I/O ;                 ; no       ; On           ;
; F12      ; 498        ; 8        ; RESERVED_INPUT_WITH_WEAK_PULLUP                           ;        ;              ;         ; Column I/O ;                 ; no       ; On           ;
; F13      ;            ;          ; GND                                                       ; gnd    ;              ;         ; --         ;                 ; --       ; --           ;
; F14      ; 485        ; 8        ; RESERVED_INPUT_WITH_WEAK_PULLUP                           ;        ;              ;         ; Column I/O ;                 ; no       ; On           ;
; F15      ; 466        ; 7        ; RESERVED_INPUT_WITH_WEAK_PULLUP                           ;        ;              ;         ; Column I/O ;                 ; no       ; On           ;
; F16      ;            ;          ; GND                                                       ; gnd    ;              ;         ; --         ;                 ; --       ; --           ;
; F17      ; 455        ; 7        ; RESERVED_INPUT_WITH_WEAK_PULLUP                           ;        ;              ;         ; Column I/O ;                 ; no       ; On           ;
; F18      ; 428        ; 7        ; RESERVED_INPUT_WITH_WEAK_PULLUP                           ;        ;              ;         ; Column I/O ;                 ; no       ; On           ;
; F19      ; 420        ; 7        ; RESERVED_INPUT_WITH_WEAK_PULLUP                           ;        ;              ;         ; Column I/O ;                 ; no       ; On           ;
; F20      ;            ;          ; GND                                                       ; gnd    ;              ;         ; --         ;                 ; --       ; --           ;
; F21      ; 408        ; 7        ; RESERVED_INPUT_WITH_WEAK_PULLUP                           ;        ;              ;         ; Column I/O ;                 ; no       ; On           ;
; F22      ; 409        ; 7        ; RESERVED_INPUT_WITH_WEAK_PULLUP                           ;        ;              ;         ; Column I/O ;                 ; --       ; --           ;
; F23      ;            ;          ; GND                                                       ; gnd    ;              ;         ; --         ;                 ; --       ; --           ;
; F24      ; 396        ; 6        ; RESERVED_INPUT_WITH_WEAK_PULLUP                           ;        ;              ;         ; Row I/O    ;                 ; no       ; On           ;
; F25      ; 395        ; 6        ; RESERVED_INPUT_WITH_WEAK_PULLUP                           ;        ;              ;         ; Row I/O    ;                 ; no       ; On           ;
; F26      ; 379        ; 6        ; RESERVED_INPUT_WITH_WEAK_PULLUP                           ;        ;              ;         ; Row I/O    ;                 ; no       ; On           ;
; F27      ; 373        ; 6        ; RESERVED_INPUT_WITH_WEAK_PULLUP                           ;        ;              ;         ; Row I/O    ;                 ; no       ; On           ;
; F28      ; 372        ; 6        ; RESERVED_INPUT_WITH_WEAK_PULLUP                           ;        ;              ;         ; Row I/O    ;                 ; no       ; On           ;
; G1       ; 26         ; 1        ; RESERVED_INPUT_WITH_WEAK_PULLUP                           ;        ;              ;         ; Row I/O    ;                 ; no       ; On           ;
; G2       ; 25         ; 1        ; RESERVED_INPUT_WITH_WEAK_PULLUP                           ;        ;              ;         ; Row I/O    ;                 ; no       ; On           ;
; G3       ; 13         ; 1        ; RESERVED_INPUT_WITH_WEAK_PULLUP                           ;        ;              ;         ; Row I/O    ;                 ; no       ; On           ;
; G4       ; 12         ; 1        ; RESERVED_INPUT_WITH_WEAK_PULLUP                           ;        ;              ;         ; Row I/O    ;                 ; no       ; On           ;
; G5       ; 6          ; 1        ; RESERVED_INPUT_WITH_WEAK_PULLUP                           ;        ;              ;         ; Row I/O    ;                 ; no       ; On           ;
; G6       ; 5          ; 1        ; RESERVED_INPUT_WITH_WEAK_PULLUP                           ;        ;              ;         ; Row I/O    ;                 ; no       ; On           ;
; G7       ; 530        ; 8        ; RESERVED_INPUT_WITH_WEAK_PULLUP                           ;        ;              ;         ; Column I/O ;                 ; no       ; On           ;
; G8       ; 528        ; 8        ; RESERVED_INPUT_WITH_WEAK_PULLUP                           ;        ;              ;         ; Column I/O ;                 ; no       ; On           ;
; G9       ; 525        ; 8        ; RESERVED_INPUT_WITH_WEAK_PULLUP                           ;        ;              ;         ; Column I/O ;                 ; --       ; --           ;
; G10      ; 513        ; 8        ; RESERVED_INPUT_WITH_WEAK_PULLUP                           ;        ;              ;         ; Column I/O ;                 ; no       ; On           ;
; G11      ; 506        ; 8        ; RESERVED_INPUT_WITH_WEAK_PULLUP                           ;        ;              ;         ; Column I/O ;                 ; no       ; On           ;
; G12      ; 503        ; 8        ; RESERVED_INPUT_WITH_WEAK_PULLUP                           ;        ;              ;         ; Column I/O ;                 ; --       ; --           ;
; G13      ; 493        ; 8        ; RESERVED_INPUT_WITH_WEAK_PULLUP                           ;        ;              ;         ; Column I/O ;                 ; no       ; On           ;
; G14      ; 484        ; 8        ; RESERVED_INPUT_WITH_WEAK_PULLUP                           ;        ;              ;         ; Column I/O ;                 ; --       ; --           ;
; G15      ; 457        ; 7        ; RESERVED_INPUT_WITH_WEAK_PULLUP                           ;        ;              ;         ; Column I/O ;                 ; --       ; --           ;
; G16      ; 453        ; 7        ; RESERVED_INPUT_WITH_WEAK_PULLUP                           ;        ;              ;         ; Column I/O ;                 ; no       ; On           ;
; G17      ; 437        ; 7        ; RESERVED_INPUT_WITH_WEAK_PULLUP                           ;        ;              ;         ; Column I/O ;                 ; --       ; --           ;
; G18      ; 452        ; 7        ; RESERVED_INPUT_WITH_WEAK_PULLUP                           ;        ;              ;         ; Column I/O ;                 ; no       ; On           ;
; G19      ; 451        ; 7        ; RESERVED_INPUT_WITH_WEAK_PULLUP                           ;        ;              ;         ; Column I/O ;                 ; no       ; On           ;
; G20      ; 444        ; 7        ; RESERVED_INPUT_WITH_WEAK_PULLUP                           ;        ;              ;         ; Column I/O ;                 ; no       ; On           ;
; G21      ; 445        ; 7        ; RESERVED_INPUT_WITH_WEAK_PULLUP                           ;        ;              ;         ; Column I/O ;                 ; no       ; On           ;
; G22      ; 449        ; 7        ; RESERVED_INPUT_WITH_WEAK_PULLUP                           ;        ;              ;         ; Column I/O ;                 ; no       ; On           ;
; G23      ; 398        ; 6        ; RESERVED_INPUT_WITH_WEAK_PULLUP                           ;        ;              ;         ; Row I/O    ;                 ; no       ; On           ;
; G24      ; 397        ; 6        ; RESERVED_INPUT_WITH_WEAK_PULLUP                           ;        ;              ;         ; Row I/O    ;                 ; no       ; On           ;
; G25      ; 393        ; 6        ; RESERVED_INPUT_WITH_WEAK_PULLUP                           ;        ;              ;         ; Row I/O    ;                 ; no       ; On           ;
; G26      ; 392        ; 6        ; RESERVED_INPUT_WITH_WEAK_PULLUP                           ;        ;              ;         ; Row I/O    ;                 ; no       ; On           ;
; G27      ; 367        ; 6        ; RESERVED_INPUT_WITH_WEAK_PULLUP                           ;        ;              ;         ; Row I/O    ;                 ; no       ; On           ;
; G28      ; 366        ; 6        ; RESERVED_INPUT_WITH_WEAK_PULLUP                           ;        ;              ;         ; Row I/O    ;                 ; no       ; On           ;
; H1       ;            ; 1        ; VCCIO1                                                    ; power  ;              ; 2.5V    ; --         ;                 ; --       ; --           ;
; H2       ;            ;          ; GND                                                       ; gnd    ;              ;         ; --         ;                 ; --       ; --           ;
; H3       ; 15         ; 1        ; RESERVED_INPUT_WITH_WEAK_PULLUP                           ;        ;              ;         ; Row I/O    ;                 ; no       ; On           ;
; H4       ; 14         ; 1        ; RESERVED_INPUT_WITH_WEAK_PULLUP                           ;        ;              ;         ; Row I/O    ;                 ; no       ; On           ;
; H5       ; 20         ; 1        ; RESERVED_INPUT_WITH_WEAK_PULLUP                           ;        ;              ;         ; Row I/O    ;                 ; no       ; On           ;
; H6       ; 11         ; 1        ; RESERVED_INPUT_WITH_WEAK_PULLUP                           ;        ;              ;         ; Row I/O    ;                 ; no       ; On           ;
; H7       ; 4          ; 1        ; RESERVED_INPUT_WITH_WEAK_PULLUP                           ;        ;              ;         ; Row I/O    ;                 ; --       ; --           ;
; H8       ; 529        ; 8        ; RESERVED_INPUT_WITH_WEAK_PULLUP                           ;        ;              ;         ; Column I/O ;                 ; no       ; On           ;
; H9       ;            ;          ; GNDA3                                                     ; gnd    ;              ;         ; --         ;                 ; --       ; --           ;
; H10      ; 514        ; 8        ; RESERVED_INPUT_WITH_WEAK_PULLUP                           ;        ;              ;         ; Column I/O ;                 ; no       ; On           ;
; H11      ;            ; 8        ; VCCIO8                                                    ; power  ;              ; 2.5V    ; --         ;                 ; --       ; --           ;
; H12      ; 507        ; 8        ; RESERVED_INPUT_WITH_WEAK_PULLUP                           ;        ;              ;         ; Column I/O ;                 ; no       ; On           ;
; H13      ; 494        ; 8        ; RESERVED_INPUT_WITH_WEAK_PULLUP                           ;        ;              ;         ; Column I/O ;                 ; no       ; On           ;
; H14      ; 480        ; 8        ; RESERVED_INPUT_WITH_WEAK_PULLUP                           ;        ;              ;         ; Column I/O ;                 ; no       ; On           ;
; H15      ; 464        ; 7        ; RESERVED_INPUT_WITH_WEAK_PULLUP                           ;        ;              ;         ; Column I/O ;                 ; no       ; On           ;
; H16      ; 459        ; 7        ; RESERVED_INPUT_WITH_WEAK_PULLUP                           ;        ;              ;         ; Column I/O ;                 ; no       ; On           ;
; H17      ; 454        ; 7        ; RESERVED_INPUT_WITH_WEAK_PULLUP                           ;        ;              ;         ; Column I/O ;                 ; no       ; On           ;
; H18      ;            ; 7        ; VCCIO7                                                    ; power  ;              ; 2.5V    ; --         ;                 ; --       ; --           ;
; H19      ; 446        ; 7        ; RESERVED_INPUT_WITH_WEAK_PULLUP                           ;        ;              ;         ; Column I/O ;                 ; no       ; On           ;
; H20      ;            ;          ; GNDA2                                                     ; gnd    ;              ;         ; --         ;                 ; --       ; --           ;
; H21      ; 448        ; 7        ; RESERVED_INPUT_WITH_WEAK_PULLUP                           ;        ;              ;         ; Column I/O ;                 ; no       ; On           ;
; H22      ; 399        ; 6        ; RESERVED_INPUT_WITH_WEAK_PULLUP                           ;        ;              ;         ; Row I/O    ;                 ; no       ; On           ;
; H23      ; 391        ; 6        ; RESERVED_INPUT_WITH_WEAK_PULLUP                           ;        ;              ;         ; Row I/O    ;                 ; no       ; On           ;
; H24      ; 390        ; 6        ; RESERVED_INPUT_WITH_WEAK_PULLUP                           ;        ;              ;         ; Row I/O    ;                 ; no       ; On           ;
; H25      ; 377        ; 6        ; RESERVED_INPUT_WITH_WEAK_PULLUP                           ;        ;              ;         ; Row I/O    ;                 ; no       ; On           ;
; H26      ; 376        ; 6        ; RESERVED_INPUT_WITH_WEAK_PULLUP                           ;        ;              ;         ; Row I/O    ;                 ; no       ; On           ;
; H27      ;            ;          ; GND                                                       ; gnd    ;              ;         ; --         ;                 ; --       ; --           ;
; H28      ;            ; 6        ; VCCIO6                                                    ; power  ;              ; 2.5V    ; --         ;                 ; --       ; --           ;
; J1       ; 64         ; 1        ; CLOCK_50                                                  ; input  ; 2.5 V        ;         ; Row I/O    ; N               ; no       ; Off          ;
; J2       ;            ;          ; GND                                                       ; gnd    ;              ;         ; --         ;                 ; --       ; --           ;
; J3       ; 23         ; 1        ; RESERVED_INPUT_WITH_WEAK_PULLUP                           ;        ;              ;         ; Row I/O    ;                 ; no       ; On           ;
; J4       ; 22         ; 1        ; RESERVED_INPUT_WITH_WEAK_PULLUP                           ;        ;              ;         ; Row I/O    ;                 ; no       ; On           ;
; J5       ; 36         ; 1        ; RESERVED_INPUT_WITH_WEAK_PULLUP                           ;        ;              ;         ; Row I/O    ;                 ; no       ; On           ;
; J6       ; 35         ; 1        ; RESERVED_INPUT_WITH_WEAK_PULLUP                           ;        ;              ;         ; Row I/O    ;                 ; no       ; On           ;
; J7       ; 37         ; 1        ; RESERVED_INPUT_WITH_WEAK_PULLUP                           ;        ;              ;         ; Row I/O    ;                 ; no       ; On           ;
; J8       ;            ; --       ; VCCA3                                                     ; power  ;              ; 2.5V    ; --         ;                 ; --       ; --           ;
; J9       ;            ;          ; VCCD_PLL3                                                 ; power  ;              ; 1.2V    ; --         ;                 ; --       ; --           ;
; J10      ; 515        ; 8        ; RESERVED_INPUT_WITH_WEAK_PULLUP                           ;        ;              ;         ; Column I/O ;                 ; no       ; On           ;
; J11      ;            ;          ; GND                                                       ; gnd    ;              ;         ; --         ;                 ; --       ; --           ;
; J12      ; 490        ; 8        ; RESERVED_INPUT_WITH_WEAK_PULLUP                           ;        ;              ;         ; Column I/O ;                 ; no       ; On           ;
; J13      ; 489        ; 8        ; RESERVED_INPUT_WITH_WEAK_PULLUP                           ;        ;              ;         ; Column I/O ;                 ; no       ; On           ;
; J14      ; 481        ; 8        ; RESERVED_INPUT_WITH_WEAK_PULLUP                           ;        ;              ;         ; Column I/O ;                 ; no       ; On           ;
; J15      ; 465        ; 7        ; RESERVED_INPUT_WITH_WEAK_PULLUP                           ;        ;              ;         ; Column I/O ;                 ; no       ; On           ;
; J16      ; 458        ; 7        ; RESERVED_INPUT_WITH_WEAK_PULLUP                           ;        ;              ;         ; Column I/O ;                 ; no       ; On           ;
; J17      ; 450        ; 7        ; RESERVED_INPUT_WITH_WEAK_PULLUP                           ;        ;              ;         ; Column I/O ;                 ; no       ; On           ;
; J18      ;            ;          ; GND                                                       ; gnd    ;              ;         ; --         ;                 ; --       ; --           ;
; J19      ; 447        ; 7        ; RESERVED_INPUT_WITH_WEAK_PULLUP                           ;        ;              ;         ; Column I/O ;                 ; no       ; On           ;
; J20      ;            ;          ; VCCD_PLL2                                                 ; power  ;              ; 1.2V    ; --         ;                 ; --       ; --           ;
; J21      ;            ; --       ; VCCA2                                                     ; power  ;              ; 2.5V    ; --         ;                 ; --       ; --           ;
; J22      ; 394        ; 6        ; RESERVED_INPUT_WITH_WEAK_PULLUP                           ;        ;              ;         ; Row I/O    ;                 ; --       ; --           ;
; J23      ; 387        ; 6        ; RESERVED_INPUT_WITH_WEAK_PULLUP                           ;        ;              ;         ; Row I/O    ;                 ; no       ; On           ;
; J24      ; 386        ; 6        ; RESERVED_INPUT_WITH_WEAK_PULLUP                           ;        ;              ;         ; Row I/O    ;                 ; no       ; On           ;
; J25      ; 365        ; 6        ; RESERVED_INPUT_WITH_WEAK_PULLUP                           ;        ;              ;         ; Row I/O    ;                 ; no       ; On           ;
; J26      ; 364        ; 6        ; RESERVED_INPUT_WITH_WEAK_PULLUP                           ;        ;              ;         ; Row I/O    ;                 ; no       ; On           ;
; J27      ; 338        ; 6        ; GND+                                                      ;        ;              ;         ; Row I/O    ;                 ; --       ; --           ;
; J28      ; 337        ; 6        ; GND+                                                      ;        ;              ;         ; Row I/O    ;                 ; --       ; --           ;
; K1       ; 28         ; 1        ; RESERVED_INPUT_WITH_WEAK_PULLUP                           ;        ;              ;         ; Row I/O    ;                 ; no       ; On           ;
; K2       ; 27         ; 1        ; RESERVED_INPUT_WITH_WEAK_PULLUP                           ;        ;              ;         ; Row I/O    ;                 ; no       ; On           ;
; K3       ; 30         ; 1        ; RESERVED_INPUT_WITH_WEAK_PULLUP                           ;        ;              ;         ; Row I/O    ;                 ; no       ; On           ;
; K4       ; 29         ; 1        ; RESERVED_INPUT_WITH_WEAK_PULLUP                           ;        ;              ;         ; Row I/O    ;                 ; no       ; On           ;
; K5       ;            ; 1        ; VCCIO1                                                    ; power  ;              ; 2.5V    ; --         ;                 ; --       ; --           ;
; K6       ;            ;          ; GND                                                       ; gnd    ;              ;         ; --         ;                 ; --       ; --           ;
; K7       ; 38         ; 1        ; RESERVED_INPUT_WITH_WEAK_PULLUP                           ;        ;              ;         ; Row I/O    ;                 ; no       ; On           ;
; K8       ; 39         ; 1        ; RESERVED_INPUT_WITH_WEAK_PULLUP                           ;        ;              ;         ; Row I/O    ;                 ; no       ; On           ;
; K9       ;            ;          ; VCCINT                                                    ; power  ;              ; 1.2V    ; --         ;                 ; --       ; --           ;
; K10      ;            ;          ; GND                                                       ; gnd    ;              ;         ; --         ;                 ; --       ; --           ;
; K11      ;            ;          ; VCCINT                                                    ; power  ;              ; 1.2V    ; --         ;                 ; --       ; --           ;
; K12      ;            ;          ; GND                                                       ; gnd    ;              ;         ; --         ;                 ; --       ; --           ;
; K13      ;            ;          ; VCCINT                                                    ; power  ;              ; 1.2V    ; --         ;                 ; --       ; --           ;
; K14      ;            ;          ; GND                                                       ; gnd    ;              ;         ; --         ;                 ; --       ; --           ;
; K15      ;            ;          ; VCCINT                                                    ; power  ;              ; 1.2V    ; --         ;                 ; --       ; --           ;
; K16      ;            ;          ; GND                                                       ; gnd    ;              ;         ; --         ;                 ; --       ; --           ;
; K17      ;            ;          ; VCCINT                                                    ; power  ;              ; 1.2V    ; --         ;                 ; --       ; --           ;
; K18      ;            ;          ; GND                                                       ; gnd    ;              ;         ; --         ;                 ; --       ; --           ;
; K19      ;            ;          ; VCCINT                                                    ; power  ;              ; 1.2V    ; --         ;                 ; --       ; --           ;
; K20      ;            ;          ; GND                                                       ; gnd    ;              ;         ; --         ;                 ; --       ; --           ;
; K21      ; 389        ; 6        ; RESERVED_INPUT_WITH_WEAK_PULLUP                           ;        ;              ;         ; Row I/O    ;                 ; no       ; On           ;
; K22      ; 388        ; 6        ; RESERVED_INPUT_WITH_WEAK_PULLUP                           ;        ;              ;         ; Row I/O    ;                 ; no       ; On           ;
; K23      ;            ;          ; GND                                                       ; gnd    ;              ;         ; --         ;                 ; --       ; --           ;
; K24      ;            ; 6        ; VCCIO6                                                    ; power  ;              ; 2.5V    ; --         ;                 ; --       ; --           ;
; K25      ; 371        ; 6        ; RESERVED_INPUT_WITH_WEAK_PULLUP                           ;        ;              ;         ; Row I/O    ;                 ; no       ; On           ;
; K26      ; 370        ; 6        ; RESERVED_INPUT_WITH_WEAK_PULLUP                           ;        ;              ;         ; Row I/O    ;                 ; no       ; On           ;
; K27      ; 362        ; 6        ; RESERVED_INPUT_WITH_WEAK_PULLUP                           ;        ;              ;         ; Row I/O    ;                 ; no       ; On           ;
; K28      ; 361        ; 6        ; RESERVED_INPUT_WITH_WEAK_PULLUP                           ;        ;              ;         ; Row I/O    ;                 ; no       ; On           ;
; L1       ; 49         ; 1        ; RESERVED_INPUT_WITH_WEAK_PULLUP                           ;        ;              ;         ; Row I/O    ;                 ; no       ; On           ;
; L2       ; 48         ; 1        ; RESERVED_INPUT_WITH_WEAK_PULLUP                           ;        ;              ;         ; Row I/O    ;                 ; no       ; On           ;
; L3       ; 32         ; 1        ; RESERVED_INPUT_WITH_WEAK_PULLUP                           ;        ;              ;         ; Row I/O    ;                 ; no       ; On           ;
; L4       ; 31         ; 1        ; RESERVED_INPUT_WITH_WEAK_PULLUP                           ;        ;              ;         ; Row I/O    ;                 ; no       ; On           ;
; L5       ; 21         ; 1        ; RESERVED_INPUT_WITH_WEAK_PULLUP                           ;        ;              ;         ; Row I/O    ;                 ; --       ; --           ;
; L6       ; 43         ; 1        ; RESERVED_INPUT_WITH_WEAK_PULLUP                           ;        ;              ;         ; Row I/O    ;                 ; no       ; On           ;
; L7       ; 42         ; 1        ; RESERVED_INPUT_WITH_WEAK_PULLUP                           ;        ;              ;         ; Row I/O    ;                 ; no       ; On           ;
; L8       ; 40         ; 1        ; RESERVED_INPUT_WITH_WEAK_PULLUP                           ;        ;              ;         ; Row I/O    ;                 ; no       ; On           ;
; L9       ;            ;          ; GND                                                       ; gnd    ;              ;         ; --         ;                 ; --       ; --           ;
; L10      ;            ;          ; VCCINT                                                    ; power  ;              ; 1.2V    ; --         ;                 ; --       ; --           ;
; L11      ;            ;          ; GND                                                       ; gnd    ;              ;         ; --         ;                 ; --       ; --           ;
; L12      ;            ;          ; VCCINT                                                    ; power  ;              ; 1.2V    ; --         ;                 ; --       ; --           ;
; L13      ;            ;          ; GND                                                       ; gnd    ;              ;         ; --         ;                 ; --       ; --           ;
; L14      ;            ;          ; VCCINT                                                    ; power  ;              ; 1.2V    ; --         ;                 ; --       ; --           ;
; L15      ;            ;          ; GND                                                       ; gnd    ;              ;         ; --         ;                 ; --       ; --           ;
; L16      ;            ;          ; VCCINT                                                    ; power  ;              ; 1.2V    ; --         ;                 ; --       ; --           ;
; L17      ;            ;          ; GND                                                       ; gnd    ;              ;         ; --         ;                 ; --       ; --           ;
; L18      ;            ;          ; VCCINT                                                    ; power  ;              ; 1.2V    ; --         ;                 ; --       ; --           ;
; L19      ;            ;          ; GND                                                       ; gnd    ;              ;         ; --         ;                 ; --       ; --           ;
; L20      ;            ;          ; VCCINT                                                    ; power  ;              ; 1.2V    ; --         ;                 ; --       ; --           ;
; L21      ; 385        ; 6        ; RESERVED_INPUT_WITH_WEAK_PULLUP                           ;        ;              ;         ; Row I/O    ;                 ; no       ; On           ;
; L22      ; 384        ; 6        ; RESERVED_INPUT_WITH_WEAK_PULLUP                           ;        ;              ;         ; Row I/O    ;                 ; no       ; On           ;
; L23      ; 360        ; 6        ; RESERVED_INPUT_WITH_WEAK_PULLUP                           ;        ;              ;         ; Row I/O    ;                 ; no       ; On           ;
; L24      ; 359        ; 6        ; RESERVED_INPUT_WITH_WEAK_PULLUP                           ;        ;              ;         ; Row I/O    ;                 ; no       ; On           ;
; L25      ; 369        ; 6        ; RESERVED_INPUT_WITH_WEAK_PULLUP                           ;        ;              ;         ; Row I/O    ;                 ; no       ; On           ;
; L26      ; 363        ; 6        ; RESERVED_INPUT_WITH_WEAK_PULLUP                           ;        ;              ;         ; Row I/O    ;                 ; no       ; On           ;
; L27      ; 358        ; 6        ; RESERVED_INPUT_WITH_WEAK_PULLUP                           ;        ;              ;         ; Row I/O    ;                 ; no       ; On           ;
; L28      ; 357        ; 6        ; RESERVED_INPUT_WITH_WEAK_PULLUP                           ;        ;              ;         ; Row I/O    ;                 ; no       ; On           ;
; M1       ; 51         ; 1        ; RESERVED_INPUT_WITH_WEAK_PULLUP                           ;        ;              ;         ; Row I/O    ;                 ; no       ; On           ;
; M2       ; 50         ; 1        ; RESERVED_INPUT_WITH_WEAK_PULLUP                           ;        ;              ;         ; Row I/O    ;                 ; no       ; On           ;
; M3       ; 34         ; 1        ; RESERVED_INPUT_WITH_WEAK_PULLUP                           ;        ;              ;         ; Row I/O    ;                 ; no       ; On           ;
; M4       ; 33         ; 1        ; RESERVED_INPUT_WITH_WEAK_PULLUP                           ;        ;              ;         ; Row I/O    ;                 ; no       ; On           ;
; M5       ; 41         ; 1        ; RESERVED_INPUT_WITH_WEAK_PULLUP                           ;        ;              ;         ; Row I/O    ;                 ; --       ; --           ;
; M6       ; 24         ; 1        ; ^nSTATUS                                                  ;        ;              ;         ; --         ;                 ; --       ; --           ;
; M7       ; 47         ; 1        ; RESERVED_INPUT_WITH_WEAK_PULLUP                           ;        ;              ;         ; Row I/O    ;                 ; no       ; On           ;
; M8       ; 46         ; 1        ; RESERVED_INPUT_WITH_WEAK_PULLUP                           ;        ;              ;         ; Row I/O    ;                 ; no       ; On           ;
; M9       ;            ;          ; VCCINT                                                    ; power  ;              ; 1.2V    ; --         ;                 ; --       ; --           ;
; M10      ;            ;          ; GND                                                       ; gnd    ;              ;         ; --         ;                 ; --       ; --           ;
; M11      ;            ;          ; VCCINT                                                    ; power  ;              ; 1.2V    ; --         ;                 ; --       ; --           ;
; M12      ;            ;          ; GND                                                       ; gnd    ;              ;         ; --         ;                 ; --       ; --           ;
; M13      ;            ;          ; VCCINT                                                    ; power  ;              ; 1.2V    ; --         ;                 ; --       ; --           ;
; M14      ;            ;          ; GND                                                       ; gnd    ;              ;         ; --         ;                 ; --       ; --           ;
; M15      ;            ;          ; VCCINT                                                    ; power  ;              ; 1.2V    ; --         ;                 ; --       ; --           ;
; M16      ;            ;          ; GND                                                       ; gnd    ;              ;         ; --         ;                 ; --       ; --           ;
; M17      ;            ;          ; VCCINT                                                    ; power  ;              ; 1.2V    ; --         ;                 ; --       ; --           ;
; M18      ;            ;          ; GND                                                       ; gnd    ;              ;         ; --         ;                 ; --       ; --           ;
; M19      ;            ;          ; VCCINT                                                    ; power  ;              ; 1.2V    ; --         ;                 ; --       ; --           ;
; M20      ;            ;          ; GND                                                       ; gnd    ;              ;         ; --         ;                 ; --       ; --           ;
; M21      ; 368        ; 6        ; RESERVED_INPUT_WITH_WEAK_PULLUP                           ;        ;              ;         ; Row I/O    ;                 ; --       ; --           ;
; M22      ; 342        ; 6        ; ^MSEL2                                                    ;        ;              ;         ; --         ;                 ; --       ; --           ;
; M23      ; 344        ; 6        ; RESERVED_INPUT_WITH_WEAK_PULLUP                           ;        ;              ;         ; Row I/O    ;                 ; no       ; On           ;
; M24      ; 347        ; 6        ; RESERVED_INPUT_WITH_WEAK_PULLUP                           ;        ;              ;         ; Row I/O    ;                 ; no       ; On           ;
; M25      ; 356        ; 6        ; RESERVED_INPUT_WITH_WEAK_PULLUP                           ;        ;              ;         ; Row I/O    ;                 ; no       ; On           ;
; M26      ; 355        ; 6        ; RESERVED_INPUT_WITH_WEAK_PULLUP                           ;        ;              ;         ; Row I/O    ;                 ; no       ; On           ;
; M27      ; 354        ; 6        ; RESERVED_INPUT_WITH_WEAK_PULLUP                           ;        ;              ;         ; Row I/O    ;                 ; no       ; On           ;
; M28      ; 353        ; 6        ; RESERVED_INPUT_WITH_WEAK_PULLUP                           ;        ;              ;         ; Row I/O    ;                 ; no       ; On           ;
; N1       ;            ; 1        ; VCCIO1                                                    ; power  ;              ; 2.5V    ; --         ;                 ; --       ; --           ;
; N2       ;            ;          ; GND                                                       ; gnd    ;              ;         ; --         ;                 ; --       ; --           ;
; N3       ; 45         ; 1        ; RESERVED_INPUT_WITH_WEAK_PULLUP                           ;        ;              ;         ; Row I/O    ;                 ; no       ; On           ;
; N4       ; 44         ; 1        ; RESERVED_INPUT_WITH_WEAK_PULLUP                           ;        ;              ;         ; Row I/O    ;                 ; no       ; On           ;
; N5       ;            ; 1        ; VCCIO1                                                    ; power  ;              ; 2.5V    ; --         ;                 ; --       ; --           ;
; N6       ;            ;          ; GND                                                       ; gnd    ;              ;         ; --         ;                 ; --       ; --           ;
; N7       ; 56         ; 1        ; ~ALTERA_DATA0~ / RESERVED_INPUT_WITH_WEAK_PULLUP          ; input  ; 2.5 V        ;         ; Row I/O    ; N               ; no       ; On           ;
; N8       ; 54         ; 1        ; RESERVED_INPUT_WITH_WEAK_PULLUP                           ;        ;              ;         ; Row I/O    ;                 ; no       ; On           ;
; N9       ;            ;          ; GND                                                       ; gnd    ;              ;         ; --         ;                 ; --       ; --           ;
; N10      ;            ;          ; VCCINT                                                    ; power  ;              ; 1.2V    ; --         ;                 ; --       ; --           ;
; N11      ;            ;          ; GND                                                       ; gnd    ;              ;         ; --         ;                 ; --       ; --           ;
; N12      ;            ;          ; VCCINT                                                    ; power  ;              ; 1.2V    ; --         ;                 ; --       ; --           ;
; N13      ;            ;          ; GND                                                       ; gnd    ;              ;         ; --         ;                 ; --       ; --           ;
; N14      ;            ;          ; VCCINT                                                    ; power  ;              ; 1.2V    ; --         ;                 ; --       ; --           ;
; N15      ;            ;          ; GND                                                       ; gnd    ;              ;         ; --         ;                 ; --       ; --           ;
; N16      ;            ;          ; VCCINT                                                    ; power  ;              ; 1.2V    ; --         ;                 ; --       ; --           ;
; N17      ;            ;          ; GND                                                       ; gnd    ;              ;         ; --         ;                 ; --       ; --           ;
; N18      ;            ;          ; VCCINT                                                    ; power  ;              ; 1.2V    ; --         ;                 ; --       ; --           ;
; N19      ;            ;          ; GND                                                       ; gnd    ;              ;         ; --         ;                 ; --       ; --           ;
; N20      ;            ;          ; VCCINT                                                    ; power  ;              ; 1.2V    ; --         ;                 ; --       ; --           ;
; N21      ; 348        ; 6        ; RESERVED_INPUT_WITH_WEAK_PULLUP                           ;        ;              ;         ; Row I/O    ;                 ; --       ; --           ;
; N22      ; 340        ; 6        ; ^MSEL0                                                    ;        ;              ;         ; --         ;                 ; --       ; --           ;
; N23      ;            ;          ; GND                                                       ; gnd    ;              ;         ; --         ;                 ; --       ; --           ;
; N24      ;            ; 6        ; VCCIO6                                                    ; power  ;              ; 2.5V    ; --         ;                 ; --       ; --           ;
; N25      ; 352        ; 6        ; RESERVED_INPUT_WITH_WEAK_PULLUP                           ;        ;              ;         ; Row I/O    ;                 ; no       ; On           ;
; N26      ; 351        ; 6        ; RESERVED_INPUT_WITH_WEAK_PULLUP                           ;        ;              ;         ; Row I/O    ;                 ; no       ; On           ;
; N27      ;            ;          ; GND                                                       ; gnd    ;              ;         ; --         ;                 ; --       ; --           ;
; N28      ;            ; 6        ; VCCIO6                                                    ; power  ;              ; 2.5V    ; --         ;                 ; --       ; --           ;
; P1       ; 53         ; 1        ; RESERVED_INPUT_WITH_WEAK_PULLUP                           ;        ;              ;         ; Row I/O    ;                 ; no       ; On           ;
; P2       ; 52         ; 1        ; RESERVED_INPUT_WITH_WEAK_PULLUP                           ;        ;              ;         ; Row I/O    ;                 ; no       ; On           ;
; P3       ; 55         ; 1        ; ~ALTERA_DCLK~                                             ; output ; 2.5 V        ;         ; Row I/O    ; N               ; no       ; On           ;
; P4       ; 57         ; 1        ; ^nCONFIG                                                  ;        ;              ;         ; --         ;                 ; --       ; --           ;
; P5       ; 59         ; 1        ; altera_reserved_tck                                       ; input  ; 2.5 V        ;         ; --         ; N               ; no       ; Off          ;
; P6       ; 61         ; 1        ; altera_reserved_tdo                                       ; output ; 2.5 V        ;         ; --         ; N               ; no       ; Off          ;
; P7       ; 58         ; 1        ; altera_reserved_tdi                                       ; input  ; 2.5 V        ;         ; --         ; N               ; no       ; Off          ;
; P8       ; 60         ; 1        ; altera_reserved_tms                                       ; input  ; 2.5 V        ;         ; --         ; N               ; no       ; Off          ;
; P9       ;            ;          ; VCCINT                                                    ; power  ;              ; 1.2V    ; --         ;                 ; --       ; --           ;
; P10      ;            ;          ; GND                                                       ; gnd    ;              ;         ; --         ;                 ; --       ; --           ;
; P11      ;            ;          ; VCCINT                                                    ; power  ;              ; 1.2V    ; --         ;                 ; --       ; --           ;
; P12      ;            ;          ; GND                                                       ; gnd    ;              ;         ; --         ;                 ; --       ; --           ;
; P13      ;            ;          ; VCCINT                                                    ; power  ;              ; 1.2V    ; --         ;                 ; --       ; --           ;
; P14      ;            ;          ; GND                                                       ; gnd    ;              ;         ; --         ;                 ; --       ; --           ;
; P15      ;            ;          ; VCCINT                                                    ; power  ;              ; 1.2V    ; --         ;                 ; --       ; --           ;
; P16      ;            ;          ; GND                                                       ; gnd    ;              ;         ; --         ;                 ; --       ; --           ;
; P17      ;            ;          ; VCCINT                                                    ; power  ;              ; 1.2V    ; --         ;                 ; --       ; --           ;
; P18      ;            ;          ; GND                                                       ; gnd    ;              ;         ; --         ;                 ; --       ; --           ;
; P19      ;            ;          ; VCCINT                                                    ; power  ;              ; 1.2V    ; --         ;                 ; --       ; --           ;
; P20      ;            ;          ; GND                                                       ; gnd    ;              ;         ; --         ;                 ; --       ; --           ;
; P21      ; 334        ; 5        ; RESERVED_INPUT_WITH_WEAK_PULLUP                           ;        ;              ;         ; Row I/O    ;                 ; no       ; On           ;
; P22      ; 343        ; 6        ; ^MSEL3                                                    ;        ;              ;         ; --         ;                 ; --       ; --           ;
; P23      ; 341        ; 6        ; ^MSEL1                                                    ;        ;              ;         ; --         ;                 ; --       ; --           ;
; P24      ; 339        ; 6        ; ^CONF_DONE                                                ;        ;              ;         ; --         ;                 ; --       ; --           ;
; P25      ; 346        ; 6        ; RESERVED_INPUT_WITH_WEAK_PULLUP                           ;        ;              ;         ; Row I/O    ;                 ; no       ; On           ;
; P26      ; 345        ; 6        ; RESERVED_INPUT_WITH_WEAK_PULLUP                           ;        ;              ;         ; Row I/O    ;                 ; no       ; On           ;
; P27      ; 350        ; 6        ; RESERVED_INPUT_WITH_WEAK_PULLUP                           ;        ;              ;         ; Row I/O    ;                 ; no       ; On           ;
; P28      ; 349        ; 6        ; ~ALTERA_nCEO~ / RESERVED_OUTPUT_OPEN_DRAIN                ; output ; 2.5 V        ;         ; Row I/O    ; N               ; no       ; Off          ;
; R1       ; 68         ; 2        ; RESERVED_INPUT_WITH_WEAK_PULLUP                           ;        ;              ;         ; Row I/O    ;                 ; no       ; On           ;
; R2       ; 67         ; 2        ; RESERVED_INPUT_WITH_WEAK_PULLUP                           ;        ;              ;         ; Row I/O    ;                 ; no       ; On           ;
; R3       ; 73         ; 2        ; RESERVED_INPUT_WITH_WEAK_PULLUP                           ;        ;              ;         ; Row I/O    ;                 ; no       ; On           ;
; R4       ; 74         ; 2        ; RESERVED_INPUT_WITH_WEAK_PULLUP                           ;        ;              ;         ; Row I/O    ;                 ; no       ; On           ;
; R5       ; 77         ; 2        ; RESERVED_INPUT_WITH_WEAK_PULLUP                           ;        ;              ;         ; Row I/O    ;                 ; no       ; On           ;
; R6       ; 70         ; 2        ; RESERVED_INPUT_WITH_WEAK_PULLUP                           ;        ;              ;         ; Row I/O    ;                 ; no       ; On           ;
; R7       ; 69         ; 2        ; RESERVED_INPUT_WITH_WEAK_PULLUP                           ;        ;              ;         ; Row I/O    ;                 ; no       ; On           ;
; R8       ; 62         ; 1        ; ^nCE                                                      ;        ;              ;         ; --         ;                 ; --       ; --           ;
; R9       ;            ;          ; GND                                                       ; gnd    ;              ;         ; --         ;                 ; --       ; --           ;
; R10      ;            ;          ; VCCINT                                                    ; power  ;              ; 1.2V    ; --         ;                 ; --       ; --           ;
; R11      ;            ;          ; GND                                                       ; gnd    ;              ;         ; --         ;                 ; --       ; --           ;
; R12      ;            ;          ; VCCINT                                                    ; power  ;              ; 1.2V    ; --         ;                 ; --       ; --           ;
; R13      ;            ;          ; GND                                                       ; gnd    ;              ;         ; --         ;                 ; --       ; --           ;
; R14      ;            ;          ; VCCINT                                                    ; power  ;              ; 1.2V    ; --         ;                 ; --       ; --           ;
; R15      ;            ;          ; GND                                                       ; gnd    ;              ;         ; --         ;                 ; --       ; --           ;
; R16      ;            ;          ; VCCINT                                                    ; power  ;              ; 1.2V    ; --         ;                 ; --       ; --           ;
; R17      ;            ;          ; GND                                                       ; gnd    ;              ;         ; --         ;                 ; --       ; --           ;
; R18      ;            ;          ; VCCINT                                                    ; power  ;              ; 1.2V    ; --         ;                 ; --       ; --           ;
; R19      ;            ;          ; GND                                                       ; gnd    ;              ;         ; --         ;                 ; --       ; --           ;
; R20      ;            ;          ; VCCINT                                                    ; power  ;              ; 1.2V    ; --         ;                 ; --       ; --           ;
; R21      ; 333        ; 5        ; RESERVED_INPUT_WITH_WEAK_PULLUP                           ;        ;              ;         ; Row I/O    ;                 ; no       ; On           ;
; R22      ; 332        ; 5        ; RESERVED_INPUT_WITH_WEAK_PULLUP                           ;        ;              ;         ; Row I/O    ;                 ; no       ; On           ;
; R23      ; 331        ; 5        ; RESERVED_INPUT_WITH_WEAK_PULLUP                           ;        ;              ;         ; Row I/O    ;                 ; no       ; On           ;
; R24      ; 330        ; 5        ; RESERVED_INPUT_WITH_WEAK_PULLUP                           ;        ;              ;         ; Row I/O    ;                 ; no       ; On           ;
; R25      ; 327        ; 5        ; RESERVED_INPUT_WITH_WEAK_PULLUP                           ;        ;              ;         ; Row I/O    ;                 ; no       ; On           ;
; R26      ; 326        ; 5        ; RESERVED_INPUT_WITH_WEAK_PULLUP                           ;        ;              ;         ; Row I/O    ;                 ; no       ; On           ;
; R27      ; 329        ; 5        ; RESERVED_INPUT_WITH_WEAK_PULLUP                           ;        ;              ;         ; Row I/O    ;                 ; no       ; On           ;
; R28      ; 328        ; 5        ; RESERVED_INPUT_WITH_WEAK_PULLUP                           ;        ;              ;         ; Row I/O    ;                 ; no       ; On           ;
; T1       ;            ; 2        ; VCCIO2                                                    ; power  ;              ; 2.5V    ; --         ;                 ; --       ; --           ;
; T2       ;            ;          ; GND                                                       ; gnd    ;              ;         ; --         ;                 ; --       ; --           ;
; T3       ; 76         ; 2        ; RESERVED_INPUT_WITH_WEAK_PULLUP                           ;        ;              ;         ; Row I/O    ;                 ; no       ; On           ;
; T4       ; 75         ; 2        ; RESERVED_INPUT_WITH_WEAK_PULLUP                           ;        ;              ;         ; Row I/O    ;                 ; no       ; On           ;
; T5       ;            ; 2        ; VCCIO2                                                    ; power  ;              ; 2.5V    ; --         ;                 ; --       ; --           ;
; T6       ;            ;          ; GND                                                       ; gnd    ;              ;         ; --         ;                 ; --       ; --           ;
; T7       ; 78         ; 2        ; RESERVED_INPUT_WITH_WEAK_PULLUP                           ;        ;              ;         ; Row I/O    ;                 ; --       ; --           ;
; T8       ; 100        ; 2        ; RESERVED_INPUT_WITH_WEAK_PULLUP                           ;        ;              ;         ; Row I/O    ;                 ; --       ; --           ;
; T9       ;            ;          ; VCCINT                                                    ; power  ;              ; 1.2V    ; --         ;                 ; --       ; --           ;
; T10      ;            ;          ; GND                                                       ; gnd    ;              ;         ; --         ;                 ; --       ; --           ;
; T11      ;            ;          ; VCCINT                                                    ; power  ;              ; 1.2V    ; --         ;                 ; --       ; --           ;
; T12      ;            ;          ; GND                                                       ; gnd    ;              ;         ; --         ;                 ; --       ; --           ;
; T13      ;            ;          ; VCCINT                                                    ; power  ;              ; 1.2V    ; --         ;                 ; --       ; --           ;
; T14      ;            ;          ; GND                                                       ; gnd    ;              ;         ; --         ;                 ; --       ; --           ;
; T15      ;            ;          ; VCCINT                                                    ; power  ;              ; 1.2V    ; --         ;                 ; --       ; --           ;
; T16      ;            ;          ; GND                                                       ; gnd    ;              ;         ; --         ;                 ; --       ; --           ;
; T17      ;            ;          ; VCCINT                                                    ; power  ;              ; 1.2V    ; --         ;                 ; --       ; --           ;
; T18      ;            ;          ; GND                                                       ; gnd    ;              ;         ; --         ;                 ; --       ; --           ;
; T19      ;            ;          ; VCCINT                                                    ; power  ;              ; 1.2V    ; --         ;                 ; --       ; --           ;
; T20      ;            ;          ; GND                                                       ; gnd    ;              ;         ; --         ;                 ; --       ; --           ;
; T21      ; 325        ; 5        ; RESERVED_INPUT_WITH_WEAK_PULLUP                           ;        ;              ;         ; Row I/O    ;                 ; no       ; On           ;
; T22      ; 324        ; 5        ; RESERVED_INPUT_WITH_WEAK_PULLUP                           ;        ;              ;         ; Row I/O    ;                 ; no       ; On           ;
; T23      ;            ;          ; GND                                                       ; gnd    ;              ;         ; --         ;                 ; --       ; --           ;
; T24      ;            ; 5        ; VCCIO5                                                    ; power  ;              ; 2.5V    ; --         ;                 ; --       ; --           ;
; T25      ; 323        ; 5        ; RESERVED_INPUT_WITH_WEAK_PULLUP                           ;        ;              ;         ; Row I/O    ;                 ; no       ; On           ;
; T26      ; 322        ; 5        ; RESERVED_INPUT_WITH_WEAK_PULLUP                           ;        ;              ;         ; Row I/O    ;                 ; no       ; On           ;
; T27      ;            ;          ; GND                                                       ; gnd    ;              ;         ; --         ;                 ; --       ; --           ;
; T28      ;            ; 5        ; VCCIO5                                                    ; power  ;              ; 2.5V    ; --         ;                 ; --       ; --           ;
; U1       ; 80         ; 2        ; RESERVED_INPUT_WITH_WEAK_PULLUP                           ;        ;              ;         ; Row I/O    ;                 ; no       ; On           ;
; U2       ; 79         ; 2        ; RESERVED_INPUT_WITH_WEAK_PULLUP                           ;        ;              ;         ; Row I/O    ;                 ; no       ; On           ;
; U3       ; 71         ; 2        ; RESERVED_INPUT_WITH_WEAK_PULLUP                           ;        ;              ;         ; Row I/O    ;                 ; no       ; On           ;
; U4       ; 72         ; 2        ; RESERVED_INPUT_WITH_WEAK_PULLUP                           ;        ;              ;         ; Row I/O    ;                 ; no       ; On           ;
; U5       ; 90         ; 2        ; RESERVED_INPUT_WITH_WEAK_PULLUP                           ;        ;              ;         ; Row I/O    ;                 ; no       ; On           ;
; U6       ; 89         ; 2        ; RESERVED_INPUT_WITH_WEAK_PULLUP                           ;        ;              ;         ; Row I/O    ;                 ; no       ; On           ;
; U7       ; 103        ; 2        ; RESERVED_INPUT_WITH_WEAK_PULLUP                           ;        ;              ;         ; Row I/O    ;                 ; no       ; On           ;
; U8       ; 104        ; 2        ; RESERVED_INPUT_WITH_WEAK_PULLUP                           ;        ;              ;         ; Row I/O    ;                 ; no       ; On           ;
; U9       ;            ;          ; GND                                                       ; gnd    ;              ;         ; --         ;                 ; --       ; --           ;
; U10      ;            ;          ; VCCINT                                                    ; power  ;              ; 1.2V    ; --         ;                 ; --       ; --           ;
; U11      ;            ;          ; GND                                                       ; gnd    ;              ;         ; --         ;                 ; --       ; --           ;
; U12      ;            ;          ; VCCINT                                                    ; power  ;              ; 1.2V    ; --         ;                 ; --       ; --           ;
; U13      ;            ;          ; GND                                                       ; gnd    ;              ;         ; --         ;                 ; --       ; --           ;
; U14      ;            ;          ; VCCINT                                                    ; power  ;              ; 1.2V    ; --         ;                 ; --       ; --           ;
; U15      ;            ;          ; GND                                                       ; gnd    ;              ;         ; --         ;                 ; --       ; --           ;
; U16      ;            ;          ; VCCINT                                                    ; power  ;              ; 1.2V    ; --         ;                 ; --       ; --           ;
; U17      ;            ;          ; GND                                                       ; gnd    ;              ;         ; --         ;                 ; --       ; --           ;
; U18      ;            ;          ; VCCINT                                                    ; power  ;              ; 1.2V    ; --         ;                 ; --       ; --           ;
; U19      ;            ;          ; GND                                                       ; gnd    ;              ;         ; --         ;                 ; --       ; --           ;
; U20      ;            ;          ; VCCINT                                                    ; power  ;              ; 1.2V    ; --         ;                 ; --       ; --           ;
; U21      ; 319        ; 5        ; RESERVED_INPUT_WITH_WEAK_PULLUP                           ;        ;              ;         ; Row I/O    ;                 ; no       ; On           ;
; U22      ; 313        ; 5        ; RESERVED_INPUT_WITH_WEAK_PULLUP                           ;        ;              ;         ; Row I/O    ;                 ; no       ; On           ;
; U23      ; 305        ; 5        ; RESERVED_INPUT_WITH_WEAK_PULLUP                           ;        ;              ;         ; Row I/O    ;                 ; --       ; --           ;
; U24      ; 316        ; 5        ; RESERVED_INPUT_WITH_WEAK_PULLUP                           ;        ;              ;         ; Row I/O    ;                 ; --       ; --           ;
; U25      ; 315        ; 5        ; RESERVED_INPUT_WITH_WEAK_PULLUP                           ;        ;              ;         ; Row I/O    ;                 ; no       ; On           ;
; U26      ; 314        ; 5        ; RESERVED_INPUT_WITH_WEAK_PULLUP                           ;        ;              ;         ; Row I/O    ;                 ; no       ; On           ;
; U27      ; 318        ; 5        ; RESERVED_INPUT_WITH_WEAK_PULLUP                           ;        ;              ;         ; Row I/O    ;                 ; no       ; On           ;
; U28      ; 317        ; 5        ; RESERVED_INPUT_WITH_WEAK_PULLUP                           ;        ;              ;         ; Row I/O    ;                 ; no       ; On           ;
; V1       ; 84         ; 2        ; RESERVED_INPUT_WITH_WEAK_PULLUP                           ;        ;              ;         ; Row I/O    ;                 ; no       ; On           ;
; V2       ; 83         ; 2        ; RESERVED_INPUT_WITH_WEAK_PULLUP                           ;        ;              ;         ; Row I/O    ;                 ; no       ; On           ;
; V3       ; 82         ; 2        ; RESERVED_INPUT_WITH_WEAK_PULLUP                           ;        ;              ;         ; Row I/O    ;                 ; no       ; On           ;
; V4       ; 81         ; 2        ; RESERVED_INPUT_WITH_WEAK_PULLUP                           ;        ;              ;         ; Row I/O    ;                 ; no       ; On           ;
; V5       ; 108        ; 2        ; RESERVED_INPUT_WITH_WEAK_PULLUP                           ;        ;              ;         ; Row I/O    ;                 ; no       ; On           ;
; V6       ; 107        ; 2        ; RESERVED_INPUT_WITH_WEAK_PULLUP                           ;        ;              ;         ; Row I/O    ;                 ; no       ; On           ;
; V7       ; 110        ; 2        ; RESERVED_INPUT_WITH_WEAK_PULLUP                           ;        ;              ;         ; Row I/O    ;                 ; no       ; On           ;
; V8       ; 109        ; 2        ; RESERVED_INPUT_WITH_WEAK_PULLUP                           ;        ;              ;         ; Row I/O    ;                 ; no       ; On           ;
; V9       ;            ;          ; VCCINT                                                    ; power  ;              ; 1.2V    ; --         ;                 ; --       ; --           ;
; V10      ;            ;          ; GND                                                       ; gnd    ;              ;         ; --         ;                 ; --       ; --           ;
; V11      ;            ;          ; VCCINT                                                    ; power  ;              ; 1.2V    ; --         ;                 ; --       ; --           ;
; V12      ;            ;          ; GND                                                       ; gnd    ;              ;         ; --         ;                 ; --       ; --           ;
; V13      ;            ;          ; VCCINT                                                    ; power  ;              ; 1.2V    ; --         ;                 ; --       ; --           ;
; V14      ;            ;          ; GND                                                       ; gnd    ;              ;         ; --         ;                 ; --       ; --           ;
; V15      ;            ;          ; VCCINT                                                    ; power  ;              ; 1.2V    ; --         ;                 ; --       ; --           ;
; V16      ;            ;          ; GND                                                       ; gnd    ;              ;         ; --         ;                 ; --       ; --           ;
; V17      ;            ;          ; VCCINT                                                    ; power  ;              ; 1.2V    ; --         ;                 ; --       ; --           ;
; V18      ;            ;          ; GND                                                       ; gnd    ;              ;         ; --         ;                 ; --       ; --           ;
; V19      ;            ;          ; VCCINT                                                    ; power  ;              ; 1.2V    ; --         ;                 ; --       ; --           ;
; V20      ;            ;          ; GND                                                       ; gnd    ;              ;         ; --         ;                 ; --       ; --           ;
; V21      ; 311        ; 5        ; RESERVED_INPUT_WITH_WEAK_PULLUP                           ;        ;              ;         ; Row I/O    ;                 ; no       ; On           ;
; V22      ; 312        ; 5        ; RESERVED_INPUT_WITH_WEAK_PULLUP                           ;        ;              ;         ; Row I/O    ;                 ; no       ; On           ;
; V23      ; 309        ; 5        ; RESERVED_INPUT_WITH_WEAK_PULLUP                           ;        ;              ;         ; Row I/O    ;                 ; no       ; On           ;
; V24      ; 308        ; 5        ; RESERVED_INPUT_WITH_WEAK_PULLUP                           ;        ;              ;         ; Row I/O    ;                 ; no       ; On           ;
; V25      ; 307        ; 5        ; RESERVED_INPUT_WITH_WEAK_PULLUP                           ;        ;              ;         ; Row I/O    ;                 ; no       ; On           ;
; V26      ; 306        ; 5        ; RESERVED_INPUT_WITH_WEAK_PULLUP                           ;        ;              ;         ; Row I/O    ;                 ; no       ; On           ;
; V27      ; 304        ; 5        ; RESERVED_INPUT_WITH_WEAK_PULLUP                           ;        ;              ;         ; Row I/O    ;                 ; no       ; On           ;
; V28      ; 303        ; 5        ; RESERVED_INPUT_WITH_WEAK_PULLUP                           ;        ;              ;         ; Row I/O    ;                 ; no       ; On           ;
; W1       ; 88         ; 2        ; RESERVED_INPUT_WITH_WEAK_PULLUP                           ;        ;              ;         ; Row I/O    ;                 ; no       ; On           ;
; W2       ; 87         ; 2        ; RESERVED_INPUT_WITH_WEAK_PULLUP                           ;        ;              ;         ; Row I/O    ;                 ; no       ; On           ;
; W3       ; 112        ; 2        ; RESERVED_INPUT_WITH_WEAK_PULLUP                           ;        ;              ;         ; Row I/O    ;                 ; no       ; On           ;
; W4       ; 111        ; 2        ; RESERVED_INPUT_WITH_WEAK_PULLUP                           ;        ;              ;         ; Row I/O    ;                 ; no       ; On           ;
; W5       ;            ; 2        ; VCCIO2                                                    ; power  ;              ; 2.5V    ; --         ;                 ; --       ; --           ;
; W6       ;            ;          ; GND                                                       ; gnd    ;              ;         ; --         ;                 ; --       ; --           ;
; W7       ; 115        ; 2        ; RESERVED_INPUT_WITH_WEAK_PULLUP                           ;        ;              ;         ; Row I/O    ;                 ; no       ; On           ;
; W8       ; 116        ; 2        ; RESERVED_INPUT_WITH_WEAK_PULLUP                           ;        ;              ;         ; Row I/O    ;                 ; no       ; On           ;
; W9       ;            ;          ; GND                                                       ; gnd    ;              ;         ; --         ;                 ; --       ; --           ;
; W10      ;            ;          ; VCCINT                                                    ; power  ;              ; 1.2V    ; --         ;                 ; --       ; --           ;
; W11      ;            ;          ; GND                                                       ; gnd    ;              ;         ; --         ;                 ; --       ; --           ;
; W12      ;            ;          ; VCCINT                                                    ; power  ;              ; 1.2V    ; --         ;                 ; --       ; --           ;
; W13      ;            ;          ; GND                                                       ; gnd    ;              ;         ; --         ;                 ; --       ; --           ;
; W14      ;            ;          ; VCCINT                                                    ; power  ;              ; 1.2V    ; --         ;                 ; --       ; --           ;
; W15      ;            ;          ; GND                                                       ; gnd    ;              ;         ; --         ;                 ; --       ; --           ;
; W16      ;            ;          ; VCCINT                                                    ; power  ;              ; 1.2V    ; --         ;                 ; --       ; --           ;
; W17      ;            ;          ; GND                                                       ; gnd    ;              ;         ; --         ;                 ; --       ; --           ;
; W18      ;            ;          ; VCCINT                                                    ; power  ;              ; 1.2V    ; --         ;                 ; --       ; --           ;
; W19      ;            ;          ; GND                                                       ; gnd    ;              ;         ; --         ;                 ; --       ; --           ;
; W20      ;            ;          ; VCCINT                                                    ; power  ;              ; 1.2V    ; --         ;                 ; --       ; --           ;
; W21      ; 310        ; 5        ; RESERVED_INPUT_WITH_WEAK_PULLUP                           ;        ;              ;         ; Row I/O    ;                 ; no       ; On           ;
; W22      ; 321        ; 5        ; RESERVED_INPUT_WITH_WEAK_PULLUP                           ;        ;              ;         ; Row I/O    ;                 ; no       ; On           ;
; W23      ;            ;          ; GND                                                       ; gnd    ;              ;         ; --         ;                 ; --       ; --           ;
; W24      ;            ; 5        ; VCCIO5                                                    ; power  ;              ; 2.5V    ; --         ;                 ; --       ; --           ;
; W25      ; 300        ; 5        ; RESERVED_INPUT_WITH_WEAK_PULLUP                           ;        ;              ;         ; Row I/O    ;                 ; no       ; On           ;
; W26      ; 299        ; 5        ; RESERVED_INPUT_WITH_WEAK_PULLUP                           ;        ;              ;         ; Row I/O    ;                 ; no       ; On           ;
; W27      ; 301        ; 5        ; RESERVED_INPUT_WITH_WEAK_PULLUP                           ;        ;              ;         ; Row I/O    ;                 ; no       ; On           ;
; W28      ; 302        ; 5        ; RESERVED_INPUT_WITH_WEAK_PULLUP                           ;        ;              ;         ; Row I/O    ;                 ; no       ; On           ;
; Y1       ; 66         ; 2        ; GND+                                                      ;        ;              ;         ; Row I/O    ;                 ; --       ; --           ;
; Y2       ; 65         ; 2        ; KEY0                                                      ; input  ; 2.5 V        ;         ; Row I/O    ; N               ; no       ; Off          ;
; Y3       ; 92         ; 2        ; RESERVED_INPUT_WITH_WEAK_PULLUP                           ;        ;              ;         ; Row I/O    ;                 ; no       ; On           ;
; Y4       ; 91         ; 2        ; RESERVED_INPUT_WITH_WEAK_PULLUP                           ;        ;              ;         ; Row I/O    ;                 ; no       ; On           ;
; Y5       ; 114        ; 2        ; RESERVED_INPUT_WITH_WEAK_PULLUP                           ;        ;              ;         ; Row I/O    ;                 ; no       ; On           ;
; Y6       ; 113        ; 2        ; RESERVED_INPUT_WITH_WEAK_PULLUP                           ;        ;              ;         ; Row I/O    ;                 ; no       ; On           ;
; Y7       ; 117        ; 2        ; RESERVED_INPUT_WITH_WEAK_PULLUP                           ;        ;              ;         ; Row I/O    ;                 ; no       ; On           ;
; Y8       ;            ; --       ; VCCA1                                                     ; power  ;              ; 2.5V    ; --         ;                 ; --       ; --           ;
; Y9       ;            ;          ; VCCD_PLL1                                                 ; power  ;              ; 1.2V    ; --         ;                 ; --       ; --           ;
; Y10      ; 140        ; 3        ; RESERVED_INPUT_WITH_WEAK_PULLUP                           ;        ;              ;         ; Column I/O ;                 ; --       ; --           ;
; Y11      ;            ;          ; GND                                                       ; gnd    ;              ;         ; --         ;                 ; --       ; --           ;
; Y12      ; 187        ; 3        ; RESERVED_INPUT_WITH_WEAK_PULLUP                           ;        ;              ;         ; Column I/O ;                 ; no       ; On           ;
; Y13      ; 189        ; 3        ; RESERVED_INPUT_WITH_WEAK_PULLUP                           ;        ;              ;         ; Column I/O ;                 ; no       ; On           ;
; Y14      ; 197        ; 3        ; RESERVED_INPUT_WITH_WEAK_PULLUP                           ;        ;              ;         ; Column I/O ;                 ; no       ; On           ;
; Y15      ; 198        ; 3        ; RESERVED_INPUT_WITH_WEAK_PULLUP                           ;        ;              ;         ; Column I/O ;                 ; no       ; On           ;
; Y16      ; 250        ; 4        ; RESERVED_INPUT_WITH_WEAK_PULLUP                           ;        ;              ;         ; Column I/O ;                 ; no       ; On           ;
; Y17      ; 249        ; 4        ; RESERVED_INPUT_WITH_WEAK_PULLUP                           ;        ;              ;         ; Column I/O ;                 ; no       ; On           ;
; Y18      ;            ;          ; GND                                                       ; gnd    ;              ;         ; --         ;                 ; --       ; --           ;
; Y19      ; 263        ; 4        ; RESERVED_INPUT_WITH_WEAK_PULLUP                           ;        ;              ;         ; Column I/O ;                 ; no       ; On           ;
; Y20      ;            ;          ; VCCD_PLL4                                                 ; power  ;              ; 1.2V    ; --         ;                 ; --       ; --           ;
; Y21      ;            ; --       ; VCCA4                                                     ; power  ;              ; 2.5V    ; --         ;                 ; --       ; --           ;
; Y22      ; 320        ; 5        ; RESERVED_INPUT_WITH_WEAK_PULLUP                           ;        ;              ;         ; Row I/O    ;                 ; no       ; On           ;
; Y23      ; 288        ; 5        ; RESERVED_INPUT_WITH_WEAK_PULLUP                           ;        ;              ;         ; Row I/O    ;                 ; no       ; On           ;
; Y24      ; 287        ; 5        ; RESERVED_INPUT_WITH_WEAK_PULLUP                           ;        ;              ;         ; Row I/O    ;                 ; no       ; On           ;
; Y25      ; 298        ; 5        ; RESERVED_INPUT_WITH_WEAK_PULLUP                           ;        ;              ;         ; Row I/O    ;                 ; no       ; On           ;
; Y26      ; 297        ; 5        ; RESERVED_INPUT_WITH_WEAK_PULLUP                           ;        ;              ;         ; Row I/O    ;                 ; no       ; On           ;
; Y27      ; 336        ; 5        ; GND+                                                      ;        ;              ;         ; Row I/O    ;                 ; --       ; --           ;
; Y28      ; 335        ; 5        ; GND+                                                      ;        ;              ;         ; Row I/O    ;                 ; --       ; --           ;
+----------+------------+----------+-----------------------------------------------------------+--------+--------------+---------+------------+-----------------+----------+--------------+
Note: Pin directions (input, output or bidir) are based on device operating in user mode.


+------------------------------------------+
; I/O Assignment Warnings                  ;
+----------+-------------------------------+
; Pin Name ; Reason                        ;
+----------+-------------------------------+
; CLOCK_50 ; Incomplete set of assignments ;
; KEY0     ; Incomplete set of assignments ;
; CLOCK_50 ; Missing location assignment   ;
; KEY0     ; Missing location assignment   ;
+----------+-------------------------------+


+--------------------------------------------------------------------------------------------------------------------------------------------------------------------------------------------------------------------------------------------------------------------------------------------------------------------------------------------------------------------------------------------------------------------------------------------------------------------------------------------------------------------------------------------------------------------------------------------------------------------------------------------------------------------------------------------------------------------------------------------------------------------------------+
; Fitter Resource Utilization by Entity                                                                                                                                                                                                                                                                                                                                                                                                                                                                                                                                                                                                                                                                                                                                          ;
+-----------------------------------------------------------------------------------------------------------------------------------------+---------------+---------------------------+---------------+-------------+------+--------------+---------+-----------+------+--------------+---------------+-------------------+------------------+------------------------------------------------------------------------------------------------------------------------------------------------------------------------------------------------------------------------------------------------------------------------------------------------------------------------------------------------------------------+------------------------------------+---------------------------+
; Compilation Hierarchy Node                                                                                                              ; Logic Cells   ; Dedicated Logic Registers ; I/O Registers ; Memory Bits ; M9Ks ; DSP Elements ; DSP 9x9 ; DSP 18x18 ; Pins ; Virtual Pins ; LUT-Only LCs  ; Register-Only LCs ; LUT/Register LCs ; Full Hierarchy Name                                                                                                                                                                                                                                                                                                                                              ; Entity Name                        ; Library Name              ;
+-----------------------------------------------------------------------------------------------------------------------------------------+---------------+---------------------------+---------------+-------------+------+--------------+---------+-----------+------+--------------+---------------+-------------------+------------------+------------------------------------------------------------------------------------------------------------------------------------------------------------------------------------------------------------------------------------------------------------------------------------------------------------------------------------------------------------------+------------------------------------+---------------------------+
; |de2115_fiveTuple_top                                                                                                                   ; 16979 (2)     ; 3708 (0)                  ; 0 (0)         ; 269824      ; 34   ; 0            ; 0       ; 0         ; 2    ; 0            ; 13271 (2)     ; 927 (0)           ; 2781 (1)         ; |de2115_fiveTuple_top                                                                                                                                                                                                                                                                                                                                            ; de2115_fiveTuple_top               ; work                      ;
;    |avmm_axil_lite_bridge:u_bridge|                                                                                                     ; 100 (100)     ; 86 (86)                   ; 0 (0)         ; 0           ; 0    ; 0            ; 0       ; 0         ; 0    ; 0            ; 14 (14)       ; 20 (20)           ; 66 (66)          ; |de2115_fiveTuple_top|avmm_axil_lite_bridge:u_bridge                                                                                                                                                                                                                                                                                                             ; avmm_axil_lite_bridge              ; work                      ;
;    |fiveTuple_selftest_top:u_pipeline|                                                                                                  ; 15937 (1950)  ; 3107 (414)                ; 0 (0)         ; 269312      ; 33   ; 0            ; 0       ; 0         ; 0    ; 0            ; 12804 (1503)  ; 733 (68)          ; 2400 (431)       ; |de2115_fiveTuple_top|fiveTuple_selftest_top:u_pipeline                                                                                                                                                                                                                                                                                                          ; fiveTuple_selftest_top             ; work                      ;
;       |altsyncram:cap_word_rtl_0|                                                                                                       ; 0 (0)         ; 0 (0)                     ; 0 (0)         ; 65536       ; 8    ; 0            ; 0       ; 0         ; 0    ; 0            ; 0 (0)         ; 0 (0)             ; 0 (0)            ; |de2115_fiveTuple_top|fiveTuple_selftest_top:u_pipeline|altsyncram:cap_word_rtl_0                                                                                                                                                                                                                                                                                ; altsyncram                         ; work                      ;
;          |altsyncram_5pj1:auto_generated|                                                                                               ; 0 (0)         ; 0 (0)                     ; 0 (0)         ; 65536       ; 8    ; 0            ; 0       ; 0         ; 0    ; 0            ; 0 (0)         ; 0 (0)             ; 0 (0)            ; |de2115_fiveTuple_top|fiveTuple_selftest_top:u_pipeline|altsyncram:cap_word_rtl_0|altsyncram_5pj1:auto_generated                                                                                                                                                                                                                                                 ; altsyncram_5pj1                    ; work                      ;
;       |altsyncram:tmpl_word_cp_rtl_0|                                                                                                   ; 0 (0)         ; 0 (0)                     ; 0 (0)         ; 65536       ; 8    ; 0            ; 0       ; 0         ; 0    ; 0            ; 0 (0)         ; 0 (0)             ; 0 (0)            ; |de2115_fiveTuple_top|fiveTuple_selftest_top:u_pipeline|altsyncram:tmpl_word_cp_rtl_0                                                                                                                                                                                                                                                                            ; altsyncram                         ; work                      ;
;          |altsyncram_5pj1:auto_generated|                                                                                               ; 0 (0)         ; 0 (0)                     ; 0 (0)         ; 65536       ; 8    ; 0            ; 0       ; 0         ; 0    ; 0            ; 0 (0)         ; 0 (0)             ; 0 (0)            ; |de2115_fiveTuple_top|fiveTuple_selftest_top:u_pipeline|altsyncram:tmpl_word_cp_rtl_0|altsyncram_5pj1:auto_generated                                                                                                                                                                                                                                             ; altsyncram_5pj1                    ; work                      ;
;       |altsyncram:tmpl_word_gen_rtl_0|                                                                                                  ; 0 (0)         ; 0 (0)                     ; 0 (0)         ; 65536       ; 8    ; 0            ; 0       ; 0         ; 0    ; 0            ; 0 (0)         ; 0 (0)             ; 0 (0)            ; |de2115_fiveTuple_top|fiveTuple_selftest_top:u_pipeline|altsyncram:tmpl_word_gen_rtl_0                                                                                                                                                                                                                                                                           ; altsyncram                         ; work                      ;
;          |altsyncram_5pj1:auto_generated|                                                                                               ; 0 (0)         ; 0 (0)                     ; 0 (0)         ; 65536       ; 8    ; 0            ; 0       ; 0         ; 0    ; 0            ; 0 (0)         ; 0 (0)             ; 0 (0)            ; |de2115_fiveTuple_top|fiveTuple_selftest_top:u_pipeline|altsyncram:tmpl_word_gen_rtl_0|altsyncram_5pj1:auto_generated                                                                                                                                                                                                                                            ; altsyncram_5pj1                    ; work                      ;
;       |fiveTuple_top:u_core|                                                                                                            ; 13995 (12761) ; 2693 (1434)               ; 0 (0)         ; 72704       ; 9    ; 0            ; 0       ; 0         ; 0    ; 0            ; 11301 (11301) ; 665 (340)         ; 2029 (1857)      ; |de2115_fiveTuple_top|fiveTuple_selftest_top:u_pipeline|fiveTuple_top:u_core                                                                                                                                                                                                                                                                                     ; fiveTuple_top                      ; work                      ;
;          |altsyncram:pkt_buf_payload_rtl_0|                                                                                             ; 0 (0)         ; 0 (0)                     ; 0 (0)         ; 64512       ; 8    ; 0            ; 0       ; 0         ; 0    ; 0            ; 0 (0)         ; 0 (0)             ; 0 (0)            ; |de2115_fiveTuple_top|fiveTuple_selftest_top:u_pipeline|fiveTuple_top:u_core|altsyncram:pkt_buf_payload_rtl_0                                                                                                                                                                                                                                                    ; altsyncram                         ; work                      ;
;             |altsyncram_qkl1:auto_generated|                                                                                            ; 0 (0)         ; 0 (0)                     ; 0 (0)         ; 64512       ; 8    ; 0            ; 0       ; 0         ; 0    ; 0            ; 0 (0)         ; 0 (0)             ; 0 (0)            ; |de2115_fiveTuple_top|fiveTuple_selftest_top:u_pipeline|fiveTuple_top:u_core|altsyncram:pkt_buf_payload_rtl_0|altsyncram_qkl1:auto_generated                                                                                                                                                                                                                     ; altsyncram_qkl1                    ; work                      ;
;          |altsyncram:pkt_keep_rtl_0|                                                                                                    ; 0 (0)         ; 0 (0)                     ; 0 (0)         ; 8192        ; 1    ; 0            ; 0       ; 0         ; 0    ; 0            ; 0 (0)         ; 0 (0)             ; 0 (0)            ; |de2115_fiveTuple_top|fiveTuple_selftest_top:u_pipeline|fiveTuple_top:u_core|altsyncram:pkt_keep_rtl_0                                                                                                                                                                                                                                                           ; altsyncram                         ; work                      ;
;             |altsyncram_40h1:auto_generated|                                                                                            ; 0 (0)         ; 0 (0)                     ; 0 (0)         ; 8192        ; 1    ; 0            ; 0       ; 0         ; 0    ; 0            ; 0 (0)         ; 0 (0)             ; 0 (0)            ; |de2115_fiveTuple_top|fiveTuple_selftest_top:u_pipeline|fiveTuple_top:u_core|altsyncram:pkt_keep_rtl_0|altsyncram_40h1:auto_generated                                                                                                                                                                                                                            ; altsyncram_40h1                    ; work                      ;
;          |processing_generated:u_proc|                                                                                                  ; 1259 (1187)   ; 1259 (1187)               ; 0 (0)         ; 0           ; 0    ; 0            ; 0       ; 0         ; 0    ; 0            ; 0 (0)         ; 325 (325)         ; 934 (862)        ; |de2115_fiveTuple_top|fiveTuple_selftest_top:u_pipeline|fiveTuple_top:u_core|processing_generated:u_proc                                                                                                                                                                                                                                                         ; processing_generated               ; work                      ;
;             |FiveTuple_table:u_FiveTuple|                                                                                               ; 72 (72)       ; 72 (72)                   ; 0 (0)         ; 0           ; 0    ; 0            ; 0       ; 0         ; 0    ; 0            ; 0 (0)         ; 0 (0)             ; 72 (72)          ; |de2115_fiveTuple_top|fiveTuple_selftest_top:u_pipeline|fiveTuple_top:u_core|processing_generated:u_proc|FiveTuple_table:u_FiveTuple                                                                                                                                                                                                                             ; FiveTuple_table                    ; work                      ;
;    |jtag_to_avalon_mst_brg_01:u_jtag_avmm|                                                                                              ; 826 (0)       ; 438 (0)                   ; 0 (0)         ; 512         ; 1    ; 0            ; 0       ; 0         ; 0    ; 0            ; 388 (0)       ; 157 (0)           ; 281 (0)          ; |de2115_fiveTuple_top|jtag_to_avalon_mst_brg_01:u_jtag_avmm                                                                                                                                                                                                                                                                                                      ; jtag_to_avalon_mst_brg_01          ; jtag_to_avalon_mst_brg_01 ;
;       |jtag_to_avalon_mst_brg_01_master_0:master_0|                                                                                     ; 826 (0)       ; 438 (0)                   ; 0 (0)         ; 512         ; 1    ; 0            ; 0       ; 0         ; 0    ; 0            ; 388 (0)       ; 157 (0)           ; 281 (0)          ; |de2115_fiveTuple_top|jtag_to_avalon_mst_brg_01:u_jtag_avmm|jtag_to_avalon_mst_brg_01_master_0:master_0                                                                                                                                                                                                                                                          ; jtag_to_avalon_mst_brg_01_master_0 ; jtag_to_avalon_mst_brg_01 ;
;          |altera_avalon_packets_to_master:transacto|                                                                                    ; 272 (0)       ; 128 (0)                   ; 0 (0)         ; 0           ; 0    ; 0            ; 0       ; 0         ; 0    ; 0            ; 142 (0)       ; 42 (0)            ; 88 (0)           ; |de2115_fiveTuple_top|jtag_to_avalon_mst_brg_01:u_jtag_avmm|jtag_to_avalon_mst_brg_01_master_0:master_0|altera_avalon_packets_to_master:transacto                                                                                                                                                                                                                ; altera_avalon_packets_to_master    ; jtag_to_avalon_mst_brg_01 ;
;             |packets_to_master:p2m|                                                                                                     ; 272 (272)     ; 128 (128)                 ; 0 (0)         ; 0           ; 0    ; 0            ; 0       ; 0         ; 0    ; 0            ; 142 (142)     ; 42 (42)           ; 88 (88)          ; |de2115_fiveTuple_top|jtag_to_avalon_mst_brg_01:u_jtag_avmm|jtag_to_avalon_mst_brg_01_master_0:master_0|altera_avalon_packets_to_master:transacto|packets_to_master:p2m                                                                                                                                                                                          ; packets_to_master                  ; jtag_to_avalon_mst_brg_01 ;
;          |altera_avalon_sc_fifo:fifo|                                                                                                   ; 32 (32)       ; 16 (16)                   ; 0 (0)         ; 512         ; 1    ; 0            ; 0       ; 0         ; 0    ; 0            ; 16 (16)       ; 1 (1)             ; 15 (15)          ; |de2115_fiveTuple_top|jtag_to_avalon_mst_brg_01:u_jtag_avmm|jtag_to_avalon_mst_brg_01_master_0:master_0|altera_avalon_sc_fifo:fifo                                                                                                                                                                                                                               ; altera_avalon_sc_fifo              ; jtag_to_avalon_mst_brg_01 ;
;             |altsyncram:mem_rtl_0|                                                                                                      ; 0 (0)         ; 0 (0)                     ; 0 (0)         ; 512         ; 1    ; 0            ; 0       ; 0         ; 0    ; 0            ; 0 (0)         ; 0 (0)             ; 0 (0)            ; |de2115_fiveTuple_top|jtag_to_avalon_mst_brg_01:u_jtag_avmm|jtag_to_avalon_mst_brg_01_master_0:master_0|altera_avalon_sc_fifo:fifo|altsyncram:mem_rtl_0                                                                                                                                                                                                          ; altsyncram                         ; work                      ;
;                |altsyncram_0qg1:auto_generated|                                                                                         ; 0 (0)         ; 0 (0)                     ; 0 (0)         ; 512         ; 1    ; 0            ; 0       ; 0         ; 0    ; 0            ; 0 (0)         ; 0 (0)             ; 0 (0)            ; |de2115_fiveTuple_top|jtag_to_avalon_mst_brg_01:u_jtag_avmm|jtag_to_avalon_mst_brg_01_master_0:master_0|altera_avalon_sc_fifo:fifo|altsyncram:mem_rtl_0|altsyncram_0qg1:auto_generated                                                                                                                                                                           ; altsyncram_0qg1                    ; work                      ;
;          |altera_avalon_st_bytes_to_packets:b2p|                                                                                        ; 21 (21)       ; 12 (12)                   ; 0 (0)         ; 0           ; 0    ; 0            ; 0       ; 0         ; 0    ; 0            ; 9 (9)         ; 5 (5)             ; 7 (7)            ; |de2115_fiveTuple_top|jtag_to_avalon_mst_brg_01:u_jtag_avmm|jtag_to_avalon_mst_brg_01_master_0:master_0|altera_avalon_st_bytes_to_packets:b2p                                                                                                                                                                                                                    ; altera_avalon_st_bytes_to_packets  ; jtag_to_avalon_mst_brg_01 ;
;          |altera_avalon_st_jtag_interface:jtag_phy_embedded_in_jtag_master|                                                             ; 471 (0)       ; 264 (0)                   ; 0 (0)         ; 0           ; 0    ; 0            ; 0       ; 0         ; 0    ; 0            ; 207 (0)       ; 107 (0)           ; 157 (0)          ; |de2115_fiveTuple_top|jtag_to_avalon_mst_brg_01:u_jtag_avmm|jtag_to_avalon_mst_brg_01_master_0:master_0|altera_avalon_st_jtag_interface:jtag_phy_embedded_in_jtag_master                                                                                                                                                                                         ; altera_avalon_st_jtag_interface    ; jtag_to_avalon_mst_brg_01 ;
;             |altera_jtag_dc_streaming:normal.jtag_dc_streaming|                                                                         ; 469 (0)       ; 264 (0)                   ; 0 (0)         ; 0           ; 0    ; 0            ; 0       ; 0         ; 0    ; 0            ; 205 (0)       ; 107 (0)           ; 157 (0)          ; |de2115_fiveTuple_top|jtag_to_avalon_mst_brg_01:u_jtag_avmm|jtag_to_avalon_mst_brg_01_master_0:master_0|altera_avalon_st_jtag_interface:jtag_phy_embedded_in_jtag_master|altera_jtag_dc_streaming:normal.jtag_dc_streaming                                                                                                                                       ; altera_jtag_dc_streaming           ; jtag_to_avalon_mst_brg_01 ;
;                |altera_avalon_st_clock_crosser:sink_crosser|                                                                            ; 51 (21)       ; 47 (18)                   ; 0 (0)         ; 0           ; 0    ; 0            ; 0       ; 0         ; 0    ; 0            ; 4 (3)         ; 35 (18)           ; 12 (1)           ; |de2115_fiveTuple_top|jtag_to_avalon_mst_brg_01:u_jtag_avmm|jtag_to_avalon_mst_brg_01_master_0:master_0|altera_avalon_st_jtag_interface:jtag_phy_embedded_in_jtag_master|altera_jtag_dc_streaming:normal.jtag_dc_streaming|altera_avalon_st_clock_crosser:sink_crosser                                                                                           ; altera_avalon_st_clock_crosser     ; jtag_to_avalon_mst_brg_01 ;
;                   |altera_avalon_st_pipeline_base:output_stage|                                                                         ; 19 (19)       ; 18 (18)                   ; 0 (0)         ; 0           ; 0    ; 0            ; 0       ; 0         ; 0    ; 0            ; 1 (1)         ; 7 (7)             ; 11 (11)          ; |de2115_fiveTuple_top|jtag_to_avalon_mst_brg_01:u_jtag_avmm|jtag_to_avalon_mst_brg_01_master_0:master_0|altera_avalon_st_jtag_interface:jtag_phy_embedded_in_jtag_master|altera_jtag_dc_streaming:normal.jtag_dc_streaming|altera_avalon_st_clock_crosser:sink_crosser|altera_avalon_st_pipeline_base:output_stage                                               ; altera_avalon_st_pipeline_base     ; jtag_to_avalon_mst_brg_01 ;
;                   |altera_std_synchronizer_nocut:in_to_out_synchronizer|                                                                ; 3 (3)         ; 3 (3)                     ; 0 (0)         ; 0           ; 0    ; 0            ; 0       ; 0         ; 0    ; 0            ; 0 (0)         ; 2 (2)             ; 1 (1)            ; |de2115_fiveTuple_top|jtag_to_avalon_mst_brg_01:u_jtag_avmm|jtag_to_avalon_mst_brg_01_master_0:master_0|altera_avalon_st_jtag_interface:jtag_phy_embedded_in_jtag_master|altera_jtag_dc_streaming:normal.jtag_dc_streaming|altera_avalon_st_clock_crosser:sink_crosser|altera_std_synchronizer_nocut:in_to_out_synchronizer                                      ; altera_std_synchronizer_nocut      ; jtag_to_avalon_mst_brg_01 ;
;                   |altera_std_synchronizer_nocut:out_to_in_synchronizer|                                                                ; 8 (8)         ; 8 (8)                     ; 0 (0)         ; 0           ; 0    ; 0            ; 0       ; 0         ; 0    ; 0            ; 0 (0)         ; 8 (8)             ; 0 (0)            ; |de2115_fiveTuple_top|jtag_to_avalon_mst_brg_01:u_jtag_avmm|jtag_to_avalon_mst_brg_01_master_0:master_0|altera_avalon_st_jtag_interface:jtag_phy_embedded_in_jtag_master|altera_jtag_dc_streaming:normal.jtag_dc_streaming|altera_avalon_st_clock_crosser:sink_crosser|altera_std_synchronizer_nocut:out_to_in_synchronizer                                      ; altera_std_synchronizer_nocut      ; jtag_to_avalon_mst_brg_01 ;
;                |altera_jtag_src_crosser:source_crosser|                                                                                 ; 27 (18)       ; 27 (18)                   ; 0 (0)         ; 0           ; 0    ; 0            ; 0       ; 0         ; 0    ; 0            ; 0 (0)         ; 24 (17)           ; 3 (1)            ; |de2115_fiveTuple_top|jtag_to_avalon_mst_brg_01:u_jtag_avmm|jtag_to_avalon_mst_brg_01_master_0:master_0|altera_avalon_st_jtag_interface:jtag_phy_embedded_in_jtag_master|altera_jtag_dc_streaming:normal.jtag_dc_streaming|altera_jtag_src_crosser:source_crosser                                                                                                ; altera_jtag_src_crosser            ; jtag_to_avalon_mst_brg_01 ;
;                   |altera_jtag_control_signal_crosser:crosser|                                                                          ; 9 (1)         ; 9 (1)                     ; 0 (0)         ; 0           ; 0    ; 0            ; 0       ; 0         ; 0    ; 0            ; 0 (0)         ; 7 (1)             ; 2 (1)            ; |de2115_fiveTuple_top|jtag_to_avalon_mst_brg_01:u_jtag_avmm|jtag_to_avalon_mst_brg_01_master_0:master_0|altera_avalon_st_jtag_interface:jtag_phy_embedded_in_jtag_master|altera_jtag_dc_streaming:normal.jtag_dc_streaming|altera_jtag_src_crosser:source_crosser|altera_jtag_control_signal_crosser:crosser                                                     ; altera_jtag_control_signal_crosser ; jtag_to_avalon_mst_brg_01 ;
;                      |altera_std_synchronizer:synchronizer|                                                                             ; 8 (8)         ; 8 (8)                     ; 0 (0)         ; 0           ; 0    ; 0            ; 0       ; 0         ; 0    ; 0            ; 0 (0)         ; 6 (6)             ; 2 (2)            ; |de2115_fiveTuple_top|jtag_to_avalon_mst_brg_01:u_jtag_avmm|jtag_to_avalon_mst_brg_01_master_0:master_0|altera_avalon_st_jtag_interface:jtag_phy_embedded_in_jtag_master|altera_jtag_dc_streaming:normal.jtag_dc_streaming|altera_jtag_src_crosser:source_crosser|altera_jtag_control_signal_crosser:crosser|altera_std_synchronizer:synchronizer                ; altera_std_synchronizer            ; work                      ;
;                |altera_jtag_streaming:jtag_streaming|                                                                                   ; 390 (362)     ; 187 (168)                 ; 0 (0)         ; 0           ; 0    ; 0            ; 0       ; 0         ; 0    ; 0            ; 201 (193)     ; 46 (30)           ; 143 (135)        ; |de2115_fiveTuple_top|jtag_to_avalon_mst_brg_01:u_jtag_avmm|jtag_to_avalon_mst_brg_01_master_0:master_0|altera_avalon_st_jtag_interface:jtag_phy_embedded_in_jtag_master|altera_jtag_dc_streaming:normal.jtag_dc_streaming|altera_jtag_streaming:jtag_streaming                                                                                                  ; altera_jtag_streaming              ; jtag_to_avalon_mst_brg_01 ;
;                   |altera_avalon_st_idle_inserter:idle_inserter|                                                                        ; 7 (7)         ; 1 (1)                     ; 0 (0)         ; 0           ; 0    ; 0            ; 0       ; 0         ; 0    ; 0            ; 6 (6)         ; 0 (0)             ; 1 (1)            ; |de2115_fiveTuple_top|jtag_to_avalon_mst_brg_01:u_jtag_avmm|jtag_to_avalon_mst_brg_01_master_0:master_0|altera_avalon_st_jtag_interface:jtag_phy_embedded_in_jtag_master|altera_jtag_dc_streaming:normal.jtag_dc_streaming|altera_jtag_streaming:jtag_streaming|altera_avalon_st_idle_inserter:idle_inserter                                                     ; altera_avalon_st_idle_inserter     ; jtag_to_avalon_mst_brg_01 ;
;                   |altera_avalon_st_idle_remover:idle_remover|                                                                          ; 8 (8)         ; 1 (1)                     ; 0 (0)         ; 0           ; 0    ; 0            ; 0       ; 0         ; 0    ; 0            ; 2 (2)         ; 0 (0)             ; 6 (6)            ; |de2115_fiveTuple_top|jtag_to_avalon_mst_brg_01:u_jtag_avmm|jtag_to_avalon_mst_brg_01_master_0:master_0|altera_avalon_st_jtag_interface:jtag_phy_embedded_in_jtag_master|altera_jtag_dc_streaming:normal.jtag_dc_streaming|altera_jtag_streaming:jtag_streaming|altera_avalon_st_idle_remover:idle_remover                                                       ; altera_avalon_st_idle_remover      ; jtag_to_avalon_mst_brg_01 ;
;                   |altera_std_synchronizer:clock_sense_reset_n_synchronizer|                                                            ; 8 (8)         ; 8 (8)                     ; 0 (0)         ; 0           ; 0    ; 0            ; 0       ; 0         ; 0    ; 0            ; 0 (0)         ; 7 (7)             ; 1 (1)            ; |de2115_fiveTuple_top|jtag_to_avalon_mst_brg_01:u_jtag_avmm|jtag_to_avalon_mst_brg_01_master_0:master_0|altera_avalon_st_jtag_interface:jtag_phy_embedded_in_jtag_master|altera_jtag_dc_streaming:normal.jtag_dc_streaming|altera_jtag_streaming:jtag_streaming|altera_std_synchronizer:clock_sense_reset_n_synchronizer                                         ; altera_std_synchronizer            ; work                      ;
;                   |altera_std_synchronizer:clock_sensor_synchronizer|                                                                   ; 3 (3)         ; 3 (3)                     ; 0 (0)         ; 0           ; 0    ; 0            ; 0       ; 0         ; 0    ; 0            ; 0 (0)         ; 3 (3)             ; 0 (0)            ; |de2115_fiveTuple_top|jtag_to_avalon_mst_brg_01:u_jtag_avmm|jtag_to_avalon_mst_brg_01_master_0:master_0|altera_avalon_st_jtag_interface:jtag_phy_embedded_in_jtag_master|altera_jtag_dc_streaming:normal.jtag_dc_streaming|altera_jtag_streaming:jtag_streaming|altera_std_synchronizer:clock_sensor_synchronizer                                                ; altera_std_synchronizer            ; work                      ;
;                   |altera_std_synchronizer:clock_to_sample_div2_synchronizer|                                                           ; 3 (3)         ; 3 (3)                     ; 0 (0)         ; 0           ; 0    ; 0            ; 0       ; 0         ; 0    ; 0            ; 0 (0)         ; 3 (3)             ; 0 (0)            ; |de2115_fiveTuple_top|jtag_to_avalon_mst_brg_01:u_jtag_avmm|jtag_to_avalon_mst_brg_01_master_0:master_0|altera_avalon_st_jtag_interface:jtag_phy_embedded_in_jtag_master|altera_jtag_dc_streaming:normal.jtag_dc_streaming|altera_jtag_streaming:jtag_streaming|altera_std_synchronizer:clock_to_sample_div2_synchronizer                                        ; altera_std_synchronizer            ; work                      ;
;                   |altera_std_synchronizer:reset_to_sample_synchronizer|                                                                ; 3 (3)         ; 3 (3)                     ; 0 (0)         ; 0           ; 0    ; 0            ; 0       ; 0         ; 0    ; 0            ; 0 (0)         ; 3 (3)             ; 0 (0)            ; |de2115_fiveTuple_top|jtag_to_avalon_mst_brg_01:u_jtag_avmm|jtag_to_avalon_mst_brg_01_master_0:master_0|altera_avalon_st_jtag_interface:jtag_phy_embedded_in_jtag_master|altera_jtag_dc_streaming:normal.jtag_dc_streaming|altera_jtag_streaming:jtag_streaming|altera_std_synchronizer:reset_to_sample_synchronizer                                             ; altera_std_synchronizer            ; work                      ;
;                |altera_std_synchronizer:synchronizer|                                                                                   ; 3 (3)         ; 3 (3)                     ; 0 (0)         ; 0           ; 0    ; 0            ; 0       ; 0         ; 0    ; 0            ; 0 (0)         ; 2 (2)             ; 1 (1)            ; |de2115_fiveTuple_top|jtag_to_avalon_mst_brg_01:u_jtag_avmm|jtag_to_avalon_mst_brg_01_master_0:master_0|altera_avalon_st_jtag_interface:jtag_phy_embedded_in_jtag_master|altera_jtag_dc_streaming:normal.jtag_dc_streaming|altera_std_synchronizer:synchronizer                                                                                                  ; altera_std_synchronizer            ; work                      ;
;             |altera_jtag_sld_node:node|                                                                                                 ; 3 (0)         ; 0 (0)                     ; 0 (0)         ; 0           ; 0    ; 0            ; 0       ; 0         ; 0    ; 0            ; 2 (0)         ; 0 (0)             ; 1 (0)            ; |de2115_fiveTuple_top|jtag_to_avalon_mst_brg_01:u_jtag_avmm|jtag_to_avalon_mst_brg_01_master_0:master_0|altera_avalon_st_jtag_interface:jtag_phy_embedded_in_jtag_master|altera_jtag_sld_node:node                                                                                                                                                               ; altera_jtag_sld_node               ; jtag_to_avalon_mst_brg_01 ;
;                |sld_virtual_jtag_basic:sld_virtual_jtag_component|                                                                      ; 3 (3)         ; 0 (0)                     ; 0 (0)         ; 0           ; 0    ; 0            ; 0       ; 0         ; 0    ; 0            ; 2 (2)         ; 0 (0)             ; 1 (1)            ; |de2115_fiveTuple_top|jtag_to_avalon_mst_brg_01:u_jtag_avmm|jtag_to_avalon_mst_brg_01_master_0:master_0|altera_avalon_st_jtag_interface:jtag_phy_embedded_in_jtag_master|altera_jtag_sld_node:node|sld_virtual_jtag_basic:sld_virtual_jtag_component                                                                                                             ; sld_virtual_jtag_basic             ; work                      ;
;          |altera_avalon_st_packets_to_bytes:p2b|                                                                                        ; 30 (30)       ; 15 (15)                   ; 0 (0)         ; 0           ; 0    ; 0            ; 0       ; 0         ; 0    ; 0            ; 14 (14)       ; 0 (0)             ; 16 (16)          ; |de2115_fiveTuple_top|jtag_to_avalon_mst_brg_01:u_jtag_avmm|jtag_to_avalon_mst_brg_01_master_0:master_0|altera_avalon_st_packets_to_bytes:p2b                                                                                                                                                                                                                    ; altera_avalon_st_packets_to_bytes  ; jtag_to_avalon_mst_brg_01 ;
;          |altera_reset_controller:rst_controller|                                                                                       ; 3 (0)         ; 3 (0)                     ; 0 (0)         ; 0           ; 0    ; 0            ; 0       ; 0         ; 0    ; 0            ; 0 (0)         ; 2 (0)             ; 1 (0)            ; |de2115_fiveTuple_top|jtag_to_avalon_mst_brg_01:u_jtag_avmm|jtag_to_avalon_mst_brg_01_master_0:master_0|altera_reset_controller:rst_controller                                                                                                                                                                                                                   ; altera_reset_controller            ; jtag_to_avalon_mst_brg_01 ;
;             |altera_reset_synchronizer:alt_rst_sync_uq1|                                                                                ; 3 (3)         ; 3 (3)                     ; 0 (0)         ; 0           ; 0    ; 0            ; 0       ; 0         ; 0    ; 0            ; 0 (0)         ; 2 (2)             ; 1 (1)            ; |de2115_fiveTuple_top|jtag_to_avalon_mst_brg_01:u_jtag_avmm|jtag_to_avalon_mst_brg_01_master_0:master_0|altera_reset_controller:rst_controller|altera_reset_synchronizer:alt_rst_sync_uq1                                                                                                                                                                        ; altera_reset_synchronizer          ; jtag_to_avalon_mst_brg_01 ;
;    |sld_hub:auto_hub|                                                                                                                   ; 140 (1)       ; 77 (0)                    ; 0 (0)         ; 0           ; 0    ; 0            ; 0       ; 0         ; 0    ; 0            ; 63 (1)        ; 17 (0)            ; 60 (0)           ; |de2115_fiveTuple_top|sld_hub:auto_hub                                                                                                                                                                                                                                                                                                                           ; sld_hub                            ; altera_sld                ;
;       |alt_sld_fab_with_jtag_input:\instrumentation_fabric_with_node_gen:fabric_gen_new_way:with_jtag_input_gen:instrumentation_fabric| ; 139 (0)       ; 77 (0)                    ; 0 (0)         ; 0           ; 0    ; 0            ; 0       ; 0         ; 0    ; 0            ; 62 (0)        ; 17 (0)            ; 60 (0)           ; |de2115_fiveTuple_top|sld_hub:auto_hub|alt_sld_fab_with_jtag_input:\instrumentation_fabric_with_node_gen:fabric_gen_new_way:with_jtag_input_gen:instrumentation_fabric                                                                                                                                                                                           ; alt_sld_fab_with_jtag_input        ; altera_sld                ;
;          |alt_sld_fab:instrumentation_fabric|                                                                                           ; 139 (0)       ; 77 (0)                    ; 0 (0)         ; 0           ; 0    ; 0            ; 0       ; 0         ; 0    ; 0            ; 62 (0)        ; 17 (0)            ; 60 (0)           ; |de2115_fiveTuple_top|sld_hub:auto_hub|alt_sld_fab_with_jtag_input:\instrumentation_fabric_with_node_gen:fabric_gen_new_way:with_jtag_input_gen:instrumentation_fabric|alt_sld_fab:instrumentation_fabric                                                                                                                                                        ; alt_sld_fab                        ; alt_sld_fab               ;
;             |alt_sld_fab_alt_sld_fab:alt_sld_fab|                                                                                       ; 139 (6)       ; 77 (5)                    ; 0 (0)         ; 0           ; 0    ; 0            ; 0       ; 0         ; 0    ; 0            ; 62 (1)        ; 17 (3)            ; 60 (0)           ; |de2115_fiveTuple_top|sld_hub:auto_hub|alt_sld_fab_with_jtag_input:\instrumentation_fabric_with_node_gen:fabric_gen_new_way:with_jtag_input_gen:instrumentation_fabric|alt_sld_fab:instrumentation_fabric|alt_sld_fab_alt_sld_fab:alt_sld_fab                                                                                                                    ; alt_sld_fab_alt_sld_fab            ; alt_sld_fab               ;
;                |alt_sld_fab_alt_sld_fab_sldfabric:sldfabric|                                                                            ; 135 (0)       ; 72 (0)                    ; 0 (0)         ; 0           ; 0    ; 0            ; 0       ; 0         ; 0    ; 0            ; 61 (0)        ; 14 (0)            ; 60 (0)           ; |de2115_fiveTuple_top|sld_hub:auto_hub|alt_sld_fab_with_jtag_input:\instrumentation_fabric_with_node_gen:fabric_gen_new_way:with_jtag_input_gen:instrumentation_fabric|alt_sld_fab:instrumentation_fabric|alt_sld_fab_alt_sld_fab:alt_sld_fab|alt_sld_fab_alt_sld_fab_sldfabric:sldfabric                                                                        ; alt_sld_fab_alt_sld_fab_sldfabric  ; alt_sld_fab               ;
;                   |sld_jtag_hub:\jtag_hub_gen:real_sld_jtag_hub|                                                                        ; 135 (95)      ; 72 (44)                   ; 0 (0)         ; 0           ; 0    ; 0            ; 0       ; 0         ; 0    ; 0            ; 61 (49)       ; 14 (13)           ; 60 (34)          ; |de2115_fiveTuple_top|sld_hub:auto_hub|alt_sld_fab_with_jtag_input:\instrumentation_fabric_with_node_gen:fabric_gen_new_way:with_jtag_input_gen:instrumentation_fabric|alt_sld_fab:instrumentation_fabric|alt_sld_fab_alt_sld_fab:alt_sld_fab|alt_sld_fab_alt_sld_fab_sldfabric:sldfabric|sld_jtag_hub:\jtag_hub_gen:real_sld_jtag_hub                           ; sld_jtag_hub                       ; work                      ;
;                      |sld_rom_sr:hub_info_reg|                                                                                          ; 20 (20)       ; 9 (9)                     ; 0 (0)         ; 0           ; 0    ; 0            ; 0       ; 0         ; 0    ; 0            ; 11 (11)       ; 0 (0)             ; 9 (9)            ; |de2115_fiveTuple_top|sld_hub:auto_hub|alt_sld_fab_with_jtag_input:\instrumentation_fabric_with_node_gen:fabric_gen_new_way:with_jtag_input_gen:instrumentation_fabric|alt_sld_fab:instrumentation_fabric|alt_sld_fab_alt_sld_fab:alt_sld_fab|alt_sld_fab_alt_sld_fab_sldfabric:sldfabric|sld_jtag_hub:\jtag_hub_gen:real_sld_jtag_hub|sld_rom_sr:hub_info_reg   ; sld_rom_sr                         ; work                      ;
;                      |sld_shadow_jsm:shadow_jsm|                                                                                        ; 20 (20)       ; 19 (19)                   ; 0 (0)         ; 0           ; 0    ; 0            ; 0       ; 0         ; 0    ; 0            ; 1 (1)         ; 1 (1)             ; 18 (18)          ; |de2115_fiveTuple_top|sld_hub:auto_hub|alt_sld_fab_with_jtag_input:\instrumentation_fabric_with_node_gen:fabric_gen_new_way:with_jtag_input_gen:instrumentation_fabric|alt_sld_fab:instrumentation_fabric|alt_sld_fab_alt_sld_fab:alt_sld_fab|alt_sld_fab_alt_sld_fab_sldfabric:sldfabric|sld_jtag_hub:\jtag_hub_gen:real_sld_jtag_hub|sld_shadow_jsm:shadow_jsm ; sld_shadow_jsm                     ; altera_sld                ;
+-----------------------------------------------------------------------------------------------------------------------------------------+---------------+---------------------------+---------------+-------------+------+--------------+---------+-----------+------+--------------+---------------+-------------------+------------------+------------------------------------------------------------------------------------------------------------------------------------------------------------------------------------------------------------------------------------------------------------------------------------------------------------------------------------------------------------------+------------------------------------+---------------------------+
Note: For table entries with two numbers listed, the numbers in parentheses indicate the number of resources of the given type used by the specific entity alone. The numbers listed outside of parentheses indicate the total resources of the given type used by the specific entity and all of its sub-entities in the hierarchy.


+------------------------------------------------------------------------------------------+
; Delay Chain Summary                                                                      ;
+----------+----------+---------------+---------------+-----------------------+-----+------+
; Name     ; Pin Type ; Pad to Core 0 ; Pad to Core 1 ; Pad to Input Register ; TCO ; TCOE ;
+----------+----------+---------------+---------------+-----------------------+-----+------+
; CLOCK_50 ; Input    ; (0) 0 ps      ; --            ; --                    ; --  ; --   ;
; KEY0     ; Input    ; (0) 0 ps      ; --            ; --                    ; --  ; --   ;
+----------+----------+---------------+---------------+-----------------------+-----+------+


+---------------------------------------------------+
; Pad To Core Delay Chain Fanout                    ;
+---------------------+-------------------+---------+
; Source Pin / Fanout ; Pad To Core Index ; Setting ;
+---------------------+-------------------+---------+
; CLOCK_50            ;                   ;         ;
; KEY0                ;                   ;         ;
+---------------------+-------------------+---------+


+--------------------------------------------------------------------------------------------------------------------------------------------------------------------------------------------------------------------------------------------------------------------------------------------------------------------------------------------------------------------------------------------------------------------------------------------------------------------------------------------------------+
; Control Signals                                                                                                                                                                                                                                                                                                                                                                                                                                                                                        ;
+-------------------------------------------------------------------------------------------------------------------------------------------------------------------------------------------------------------------------------------------------------------------------------------------------------------------------------------------------------------+--------------------+---------+----------------------------+--------+----------------------+------------------+---------------------------+
; Name                                                                                                                                                                                                                                                                                                                                                        ; Location           ; Fan-Out ; Usage                      ; Global ; Global Resource Used ; Global Line Name ; Enable Signal Source Name ;
+-------------------------------------------------------------------------------------------------------------------------------------------------------------------------------------------------------------------------------------------------------------------------------------------------------------------------------------------------------------+--------------------+---------+----------------------------+--------+----------------------+------------------+---------------------------+
; CLOCK_50                                                                                                                                                                                                                                                                                                                                                    ; PIN_J1             ; 3446    ; Clock                      ; yes    ; Global Clock         ; GCLK2            ; --                        ;
; KEY0                                                                                                                                                                                                                                                                                                                                                        ; PIN_Y2             ; 3       ; Async. clear               ; yes    ; Global Clock         ; GCLK4            ; --                        ;
; altera_internal_jtag~TCKUTAP                                                                                                                                                                                                                                                                                                                                ; JTAG_X1_Y37_N0     ; 296     ; Clock                      ; yes    ; Global Clock         ; GCLK0            ; --                        ;
; altera_internal_jtag~TMSUTAP                                                                                                                                                                                                                                                                                                                                ; JTAG_X1_Y37_N0     ; 23      ; Sync. clear                ; no     ; --                   ; --               ; --                        ;
; avmm_axil_lite_bridge:u_bridge|avs_readdata[15]~1                                                                                                                                                                                                                                                                                                           ; LCCOMB_X56_Y22_N30 ; 32      ; Clock enable               ; no     ; --                   ; --               ; --                        ;
; avmm_axil_lite_bridge:u_bridge|wdata_r[24]~1                                                                                                                                                                                                                                                                                                                ; LCCOMB_X57_Y19_N20 ; 46      ; Clock enable               ; no     ; --                   ; --               ; --                        ;
; fiveTuple_selftest_top:u_pipeline|beat_idx[4]~29                                                                                                                                                                                                                                                                                                            ; LCCOMB_X77_Y23_N28 ; 9       ; Clock enable               ; no     ; --                   ; --               ; --                        ;
; fiveTuple_selftest_top:u_pipeline|beat_idx[4]~32                                                                                                                                                                                                                                                                                                            ; LCCOMB_X77_Y23_N30 ; 9       ; Sync. clear                ; no     ; --                   ; --               ; --                        ;
; fiveTuple_selftest_top:u_pipeline|cap_byte_count[1]~64                                                                                                                                                                                                                                                                                                      ; LCCOMB_X70_Y26_N10 ; 32      ; Clock enable               ; no     ; --                   ; --               ; --                        ;
; fiveTuple_selftest_top:u_pipeline|cap_word~12                                                                                                                                                                                                                                                                                                               ; LCCOMB_X70_Y26_N18 ; 8       ; Write enable               ; no     ; --                   ; --               ; --                        ;
; fiveTuple_selftest_top:u_pipeline|fiveTuple_top:u_core|Add82~1                                                                                                                                                                                                                                                                                              ; LCCOMB_X53_Y40_N20 ; 222     ; Sync. load                 ; no     ; --                   ; --               ; --                        ;
; fiveTuple_selftest_top:u_pipeline|fiveTuple_top:u_core|Add82~2                                                                                                                                                                                                                                                                                              ; LCCOMB_X56_Y41_N8  ; 575     ; Sync. load                 ; no     ; --                   ; --               ; --                        ;
; fiveTuple_selftest_top:u_pipeline|fiveTuple_top:u_core|Add82~3                                                                                                                                                                                                                                                                                              ; LCCOMB_X72_Y50_N4  ; 616     ; Sync. load                 ; no     ; --                   ; --               ; --                        ;
; fiveTuple_selftest_top:u_pipeline|fiveTuple_top:u_core|always6~0                                                                                                                                                                                                                                                                                            ; LCCOMB_X75_Y42_N22 ; 734     ; Sync. load                 ; no     ; --                   ; --               ; --                        ;
; fiveTuple_selftest_top:u_pipeline|fiveTuple_top:u_core|pkt_buf_hdr[100][7]~6016                                                                                                                                                                                                                                                                             ; LCCOMB_X46_Y28_N26 ; 8       ; Clock enable               ; no     ; --                   ; --               ; --                        ;
; fiveTuple_selftest_top:u_pipeline|fiveTuple_top:u_core|pkt_buf_hdr[101][0]~5706                                                                                                                                                                                                                                                                             ; LCCOMB_X43_Y35_N18 ; 8       ; Clock enable               ; no     ; --                   ; --               ; --                        ;
; fiveTuple_selftest_top:u_pipeline|fiveTuple_top:u_core|pkt_buf_hdr[102][0]~10272                                                                                                                                                                                                                                                                            ; LCCOMB_X69_Y41_N30 ; 3       ; Clock enable               ; no     ; --                   ; --               ; --                        ;
; fiveTuple_selftest_top:u_pipeline|fiveTuple_top:u_core|pkt_buf_hdr[102][5]~7692                                                                                                                                                                                                                                                                             ; LCCOMB_X69_Y41_N10 ; 4       ; Clock enable               ; no     ; --                   ; --               ; --                        ;
; fiveTuple_selftest_top:u_pipeline|fiveTuple_top:u_core|pkt_buf_hdr[103][0]~10146                                                                                                                                                                                                                                                                            ; LCCOMB_X69_Y41_N4  ; 4       ; Clock enable               ; no     ; --                   ; --               ; --                        ;
; fiveTuple_selftest_top:u_pipeline|fiveTuple_top:u_core|pkt_buf_hdr[103][6]~2925                                                                                                                                                                                                                                                                             ; LCCOMB_X69_Y41_N18 ; 4       ; Clock enable               ; no     ; --                   ; --               ; --                        ;
; fiveTuple_selftest_top:u_pipeline|fiveTuple_top:u_core|pkt_buf_hdr[104][6]~5935                                                                                                                                                                                                                                                                             ; LCCOMB_X46_Y31_N18 ; 8       ; Clock enable               ; no     ; --                   ; --               ; --                        ;
; fiveTuple_selftest_top:u_pipeline|fiveTuple_top:u_core|pkt_buf_hdr[105][4]~5287                                                                                                                                                                                                                                                                             ; LCCOMB_X46_Y31_N0  ; 8       ; Clock enable               ; no     ; --                   ; --               ; --                        ;
; fiveTuple_selftest_top:u_pipeline|fiveTuple_top:u_core|pkt_buf_hdr[106][1]~4518                                                                                                                                                                                                                                                                             ; LCCOMB_X60_Y37_N30 ; 8       ; Clock enable               ; no     ; --                   ; --               ; --                        ;
; fiveTuple_selftest_top:u_pipeline|fiveTuple_top:u_core|pkt_buf_hdr[107][1]~1343                                                                                                                                                                                                                                                                             ; LCCOMB_X60_Y37_N2  ; 4       ; Clock enable               ; no     ; --                   ; --               ; --                        ;
; fiveTuple_selftest_top:u_pipeline|fiveTuple_top:u_core|pkt_buf_hdr[107][6]~2760                                                                                                                                                                                                                                                                             ; LCCOMB_X65_Y36_N0  ; 4       ; Clock enable               ; no     ; --                   ; --               ; --                        ;
; fiveTuple_selftest_top:u_pipeline|fiveTuple_top:u_core|pkt_buf_hdr[108][0]~5968                                                                                                                                                                                                                                                                             ; LCCOMB_X46_Y33_N18 ; 8       ; Clock enable               ; no     ; --                   ; --               ; --                        ;
; fiveTuple_selftest_top:u_pipeline|fiveTuple_top:u_core|pkt_buf_hdr[109][4]~5556                                                                                                                                                                                                                                                                             ; LCCOMB_X46_Y33_N16 ; 8       ; Clock enable               ; no     ; --                   ; --               ; --                        ;
; fiveTuple_selftest_top:u_pipeline|fiveTuple_top:u_core|pkt_buf_hdr[110][2]~4566                                                                                                                                                                                                                                                                             ; LCCOMB_X75_Y38_N6  ; 4       ; Clock enable               ; no     ; --                   ; --               ; --                        ;
; fiveTuple_selftest_top:u_pipeline|fiveTuple_top:u_core|pkt_buf_hdr[110][5]~7798                                                                                                                                                                                                                                                                             ; LCCOMB_X60_Y37_N4  ; 4       ; Clock enable               ; no     ; --                   ; --               ; --                        ;
; fiveTuple_selftest_top:u_pipeline|fiveTuple_top:u_core|pkt_buf_hdr[111][0]~1920                                                                                                                                                                                                                                                                             ; LCCOMB_X60_Y37_N10 ; 4       ; Clock enable               ; no     ; --                   ; --               ; --                        ;
; fiveTuple_selftest_top:u_pipeline|fiveTuple_top:u_core|pkt_buf_hdr[111][6]~3168                                                                                                                                                                                                                                                                             ; LCCOMB_X60_Y37_N12 ; 4       ; Clock enable               ; no     ; --                   ; --               ; --                        ;
; fiveTuple_selftest_top:u_pipeline|fiveTuple_top:u_core|pkt_buf_hdr[112][0]~5871                                                                                                                                                                                                                                                                             ; LCCOMB_X60_Y37_N18 ; 6       ; Clock enable               ; no     ; --                   ; --               ; --                        ;
; fiveTuple_selftest_top:u_pipeline|fiveTuple_top:u_core|pkt_buf_hdr[112][7]~8434                                                                                                                                                                                                                                                                             ; LCCOMB_X60_Y37_N14 ; 2       ; Clock enable               ; no     ; --                   ; --               ; --                        ;
; fiveTuple_selftest_top:u_pipeline|fiveTuple_top:u_core|pkt_buf_hdr[113][3]~5203                                                                                                                                                                                                                                                                             ; LCCOMB_X60_Y37_N6  ; 8       ; Clock enable               ; no     ; --                   ; --               ; --                        ;
; fiveTuple_selftest_top:u_pipeline|fiveTuple_top:u_core|pkt_buf_hdr[114][2]~4620                                                                                                                                                                                                                                                                             ; LCCOMB_X59_Y37_N24 ; 8       ; Clock enable               ; no     ; --                   ; --               ; --                        ;
; fiveTuple_selftest_top:u_pipeline|fiveTuple_top:u_core|pkt_buf_hdr[115][1]~1422                                                                                                                                                                                                                                                                             ; LCCOMB_X59_Y37_N20 ; 8       ; Clock enable               ; no     ; --                   ; --               ; --                        ;
; fiveTuple_selftest_top:u_pipeline|fiveTuple_top:u_core|pkt_buf_hdr[116][2]~5907                                                                                                                                                                                                                                                                             ; LCCOMB_X60_Y33_N4  ; 8       ; Clock enable               ; no     ; --                   ; --               ; --                        ;
; fiveTuple_selftest_top:u_pipeline|fiveTuple_top:u_core|pkt_buf_hdr[117][0]~5617                                                                                                                                                                                                                                                                             ; LCCOMB_X59_Y37_N0  ; 8       ; Clock enable               ; no     ; --                   ; --               ; --                        ;
; fiveTuple_selftest_top:u_pipeline|fiveTuple_top:u_core|pkt_buf_hdr[118][5]~4723                                                                                                                                                                                                                                                                             ; LCCOMB_X62_Y38_N4  ; 8       ; Clock enable               ; no     ; --                   ; --               ; --                        ;
; fiveTuple_selftest_top:u_pipeline|fiveTuple_top:u_core|pkt_buf_hdr[119][7]~1862                                                                                                                                                                                                                                                                             ; LCCOMB_X67_Y37_N26 ; 8       ; Clock enable               ; no     ; --                   ; --               ; --                        ;
; fiveTuple_selftest_top:u_pipeline|fiveTuple_top:u_core|pkt_buf_hdr[120][2]~6039                                                                                                                                                                                                                                                                             ; LCCOMB_X50_Y29_N22 ; 8       ; Clock enable               ; no     ; --                   ; --               ; --                        ;
; fiveTuple_selftest_top:u_pipeline|fiveTuple_top:u_core|pkt_buf_hdr[121][6]~5473                                                                                                                                                                                                                                                                             ; LCCOMB_X50_Y36_N8  ; 8       ; Clock enable               ; no     ; --                   ; --               ; --                        ;
; fiveTuple_selftest_top:u_pipeline|fiveTuple_top:u_core|pkt_buf_hdr[122][4]~5049                                                                                                                                                                                                                                                                             ; LCCOMB_X66_Y38_N14 ; 8       ; Clock enable               ; no     ; --                   ; --               ; --                        ;
; fiveTuple_selftest_top:u_pipeline|fiveTuple_top:u_core|pkt_buf_hdr[123][0]~1753                                                                                                                                                                                                                                                                             ; LCCOMB_X65_Y36_N10 ; 8       ; Clock enable               ; no     ; --                   ; --               ; --                        ;
; fiveTuple_selftest_top:u_pipeline|fiveTuple_top:u_core|pkt_buf_hdr[124][3]~6081                                                                                                                                                                                                                                                                             ; LCCOMB_X56_Y31_N28 ; 8       ; Clock enable               ; no     ; --                   ; --               ; --                        ;
; fiveTuple_selftest_top:u_pipeline|fiveTuple_top:u_core|pkt_buf_hdr[125][2]~5793                                                                                                                                                                                                                                                                             ; LCCOMB_X47_Y37_N16 ; 8       ; Clock enable               ; no     ; --                   ; --               ; --                        ;
; fiveTuple_selftest_top:u_pipeline|fiveTuple_top:u_core|pkt_buf_hdr[126][4]~5146                                                                                                                                                                                                                                                                             ; LCCOMB_X62_Y38_N6  ; 8       ; Clock enable               ; no     ; --                   ; --               ; --                        ;
; fiveTuple_selftest_top:u_pipeline|fiveTuple_top:u_core|pkt_buf_hdr[127][0]~2255                                                                                                                                                                                                                                                                             ; LCCOMB_X66_Y36_N2  ; 8       ; Clock enable               ; no     ; --                   ; --               ; --                        ;
; fiveTuple_selftest_top:u_pipeline|fiveTuple_top:u_core|pkt_buf_hdr[14][4]~4556                                                                                                                                                                                                                                                                              ; LCCOMB_X60_Y37_N16 ; 8       ; Clock enable               ; no     ; --                   ; --               ; --                        ;
; fiveTuple_selftest_top:u_pipeline|fiveTuple_top:u_core|pkt_buf_hdr[15][6]~1911                                                                                                                                                                                                                                                                              ; LCCOMB_X60_Y37_N22 ; 8       ; Clock enable               ; no     ; --                   ; --               ; --                        ;
; fiveTuple_selftest_top:u_pipeline|fiveTuple_top:u_core|pkt_buf_hdr[16][7]~5867                                                                                                                                                                                                                                                                              ; LCCOMB_X48_Y32_N8  ; 8       ; Clock enable               ; no     ; --                   ; --               ; --                        ;
; fiveTuple_selftest_top:u_pipeline|fiveTuple_top:u_core|pkt_buf_hdr[17][4]~5195                                                                                                                                                                                                                                                                              ; LCCOMB_X60_Y37_N28 ; 8       ; Clock enable               ; no     ; --                   ; --               ; --                        ;
; fiveTuple_selftest_top:u_pipeline|fiveTuple_top:u_core|pkt_buf_hdr[18][0]~4618                                                                                                                                                                                                                                                                              ; LCCOMB_X70_Y44_N28 ; 4       ; Clock enable               ; no     ; --                   ; --               ; --                        ;
; fiveTuple_selftest_top:u_pipeline|fiveTuple_top:u_core|pkt_buf_hdr[18][5]~7499                                                                                                                                                                                                                                                                              ; LCCOMB_X70_Y44_N30 ; 4       ; Clock enable               ; no     ; --                   ; --               ; --                        ;
; fiveTuple_selftest_top:u_pipeline|fiveTuple_top:u_core|pkt_buf_hdr[19][0]~1418                                                                                                                                                                                                                                                                              ; LCCOMB_X70_Y44_N22 ; 4       ; Clock enable               ; no     ; --                   ; --               ; --                        ;
; fiveTuple_selftest_top:u_pipeline|fiveTuple_top:u_core|pkt_buf_hdr[19][7]~3522                                                                                                                                                                                                                                                                              ; LCCOMB_X70_Y44_N0  ; 4       ; Clock enable               ; no     ; --                   ; --               ; --                        ;
; fiveTuple_selftest_top:u_pipeline|fiveTuple_top:u_core|pkt_buf_hdr[20][7]~5905                                                                                                                                                                                                                                                                              ; LCCOMB_X60_Y33_N2  ; 8       ; Clock enable               ; no     ; --                   ; --               ; --                        ;
; fiveTuple_selftest_top:u_pipeline|fiveTuple_top:u_core|pkt_buf_hdr[21][6]~5615                                                                                                                                                                                                                                                                              ; LCCOMB_X58_Y36_N28 ; 8       ; Clock enable               ; no     ; --                   ; --               ; --                        ;
; fiveTuple_selftest_top:u_pipeline|fiveTuple_top:u_core|pkt_buf_hdr[22][3]~4722                                                                                                                                                                                                                                                                              ; LCCOMB_X66_Y42_N2  ; 4       ; Clock enable               ; no     ; --                   ; --               ; --                        ;
; fiveTuple_selftest_top:u_pipeline|fiveTuple_top:u_core|pkt_buf_hdr[22][7]~7380                                                                                                                                                                                                                                                                              ; LCCOMB_X66_Y42_N4  ; 4       ; Clock enable               ; no     ; --                   ; --               ; --                        ;
; fiveTuple_selftest_top:u_pipeline|fiveTuple_top:u_core|pkt_buf_hdr[23][3]~1861                                                                                                                                                                                                                                                                              ; LCCOMB_X67_Y41_N16 ; 4       ; Clock enable               ; no     ; --                   ; --               ; --                        ;
; fiveTuple_selftest_top:u_pipeline|fiveTuple_top:u_core|pkt_buf_hdr[23][7]~10223                                                                                                                                                                                                                                                                             ; LCCOMB_X67_Y37_N28 ; 4       ; Clock enable               ; no     ; --                   ; --               ; --                        ;
; fiveTuple_selftest_top:u_pipeline|fiveTuple_top:u_core|pkt_buf_hdr[24][7]~6038                                                                                                                                                                                                                                                                              ; LCCOMB_X55_Y39_N12 ; 8       ; Clock enable               ; no     ; --                   ; --               ; --                        ;
; fiveTuple_selftest_top:u_pipeline|fiveTuple_top:u_core|pkt_buf_hdr[25][0]~10335                                                                                                                                                                                                                                                                             ; LCCOMB_X55_Y39_N30 ; 7       ; Clock enable               ; no     ; --                   ; --               ; --                        ;
; fiveTuple_selftest_top:u_pipeline|fiveTuple_top:u_core|pkt_buf_hdr[26][3]~5048                                                                                                                                                                                                                                                                              ; LCCOMB_X72_Y43_N8  ; 4       ; Clock enable               ; no     ; --                   ; --               ; --                        ;
; fiveTuple_selftest_top:u_pipeline|fiveTuple_top:u_core|pkt_buf_hdr[26][5]~7461                                                                                                                                                                                                                                                                              ; LCCOMB_X70_Y46_N14 ; 4       ; Clock enable               ; no     ; --                   ; --               ; --                        ;
; fiveTuple_selftest_top:u_pipeline|fiveTuple_top:u_core|pkt_buf_hdr[27][3]~1752                                                                                                                                                                                                                                                                              ; LCCOMB_X70_Y46_N6  ; 4       ; Clock enable               ; no     ; --                   ; --               ; --                        ;
; fiveTuple_selftest_top:u_pipeline|fiveTuple_top:u_core|pkt_buf_hdr[27][5]~3315                                                                                                                                                                                                                                                                              ; LCCOMB_X70_Y46_N30 ; 4       ; Clock enable               ; no     ; --                   ; --               ; --                        ;
; fiveTuple_selftest_top:u_pipeline|fiveTuple_top:u_core|pkt_buf_hdr[28][1]~6080                                                                                                                                                                                                                                                                              ; LCCOMB_X50_Y34_N18 ; 8       ; Clock enable               ; no     ; --                   ; --               ; --                        ;
; fiveTuple_selftest_top:u_pipeline|fiveTuple_top:u_core|pkt_buf_hdr[29][3]~5792                                                                                                                                                                                                                                                                              ; LCCOMB_X50_Y34_N12 ; 8       ; Clock enable               ; no     ; --                   ; --               ; --                        ;
; fiveTuple_selftest_top:u_pipeline|fiveTuple_top:u_core|pkt_buf_hdr[30][0]~5145                                                                                                                                                                                                                                                                              ; LCCOMB_X69_Y43_N24 ; 4       ; Clock enable               ; no     ; --                   ; --               ; --                        ;
; fiveTuple_selftest_top:u_pipeline|fiveTuple_top:u_core|pkt_buf_hdr[30][5]~7573                                                                                                                                                                                                                                                                              ; LCCOMB_X53_Y43_N10 ; 4       ; Clock enable               ; no     ; --                   ; --               ; --                        ;
; fiveTuple_selftest_top:u_pipeline|fiveTuple_top:u_core|pkt_buf_hdr[31][0]~2254                                                                                                                                                                                                                                                                              ; LCCOMB_X69_Y43_N12 ; 4       ; Clock enable               ; no     ; --                   ; --               ; --                        ;
; fiveTuple_selftest_top:u_pipeline|fiveTuple_top:u_core|pkt_buf_hdr[31][4]~3639                                                                                                                                                                                                                                                                              ; LCCOMB_X69_Y43_N30 ; 4       ; Clock enable               ; no     ; --                   ; --               ; --                        ;
; fiveTuple_selftest_top:u_pipeline|fiveTuple_top:u_core|pkt_buf_hdr[32][3]~5985                                                                                                                                                                                                                                                                              ; LCCOMB_X47_Y32_N8  ; 8       ; Clock enable               ; no     ; --                   ; --               ; --                        ;
; fiveTuple_selftest_top:u_pipeline|fiveTuple_top:u_core|pkt_buf_hdr[33][4]~5363                                                                                                                                                                                                                                                                              ; LCCOMB_X47_Y32_N20 ; 8       ; Clock enable               ; no     ; --                   ; --               ; --                        ;
; fiveTuple_selftest_top:u_pipeline|fiveTuple_top:u_core|pkt_buf_hdr[34][3]~4816                                                                                                                                                                                                                                                                              ; LCCOMB_X83_Y43_N14 ; 4       ; Clock enable               ; no     ; --                   ; --               ; --                        ;
; fiveTuple_selftest_top:u_pipeline|fiveTuple_top:u_core|pkt_buf_hdr[34][5]~7723                                                                                                                                                                                                                                                                              ; LCCOMB_X55_Y43_N14 ; 4       ; Clock enable               ; no     ; --                   ; --               ; --                        ;
; fiveTuple_selftest_top:u_pipeline|fiveTuple_top:u_core|pkt_buf_hdr[35][0]~1598                                                                                                                                                                                                                                                                              ; LCCOMB_X87_Y46_N2  ; 4       ; Clock enable               ; no     ; --                   ; --               ; --                        ;
; fiveTuple_selftest_top:u_pipeline|fiveTuple_top:u_core|pkt_buf_hdr[35][5]~2984                                                                                                                                                                                                                                                                              ; LCCOMB_X86_Y40_N2  ; 4       ; Sync. load                 ; no     ; --                   ; --               ; --                        ;
; fiveTuple_selftest_top:u_pipeline|fiveTuple_top:u_core|pkt_buf_hdr[35][5]~2990                                                                                                                                                                                                                                                                              ; LCCOMB_X62_Y34_N10 ; 4       ; Clock enable               ; no     ; --                   ; --               ; --                        ;
; fiveTuple_selftest_top:u_pipeline|fiveTuple_top:u_core|pkt_buf_hdr[36][1]~6009                                                                                                                                                                                                                                                                              ; LCCOMB_X46_Y28_N14 ; 8       ; Clock enable               ; no     ; --                   ; --               ; --                        ;
; fiveTuple_selftest_top:u_pipeline|fiveTuple_top:u_core|pkt_buf_hdr[37][2]~5691                                                                                                                                                                                                                                                                              ; LCCOMB_X43_Y35_N8  ; 8       ; Clock enable               ; no     ; --                   ; --               ; --                        ;
; fiveTuple_selftest_top:u_pipeline|fiveTuple_top:u_core|pkt_buf_hdr[38][3]~4926                                                                                                                                                                                                                                                                              ; LCCOMB_X86_Y47_N12 ; 4       ; Clock enable               ; no     ; --                   ; --               ; --                        ;
; fiveTuple_selftest_top:u_pipeline|fiveTuple_top:u_core|pkt_buf_hdr[38][6]~7650                                                                                                                                                                                                                                                                              ; LCCOMB_X59_Y44_N0  ; 4       ; Clock enable               ; no     ; --                   ; --               ; --                        ;
; fiveTuple_selftest_top:u_pipeline|fiveTuple_top:u_core|pkt_buf_hdr[39][1]~2118                                                                                                                                                                                                                                                                              ; LCCOMB_X86_Y47_N28 ; 4       ; Clock enable               ; no     ; --                   ; --               ; --                        ;
; fiveTuple_selftest_top:u_pipeline|fiveTuple_top:u_core|pkt_buf_hdr[39][4]~2812                                                                                                                                                                                                                                                                              ; LCCOMB_X87_Y36_N20 ; 4       ; Sync. load                 ; no     ; --                   ; --               ; --                        ;
; fiveTuple_selftest_top:u_pipeline|fiveTuple_top:u_core|pkt_buf_hdr[39][4]~2819                                                                                                                                                                                                                                                                              ; LCCOMB_X86_Y47_N20 ; 4       ; Clock enable               ; no     ; --                   ; --               ; --                        ;
; fiveTuple_selftest_top:u_pipeline|fiveTuple_top:u_core|pkt_buf_hdr[40][2]~5928                                                                                                                                                                                                                                                                              ; LCCOMB_X54_Y36_N12 ; 8       ; Clock enable               ; no     ; --                   ; --               ; --                        ;
; fiveTuple_selftest_top:u_pipeline|fiveTuple_top:u_core|pkt_buf_hdr[41][7]~5274                                                                                                                                                                                                                                                                              ; LCCOMB_X54_Y36_N10 ; 8       ; Clock enable               ; no     ; --                   ; --               ; --                        ;
; fiveTuple_selftest_top:u_pipeline|fiveTuple_top:u_core|pkt_buf_hdr[42][2]~4503                                                                                                                                                                                                                                                                              ; LCCOMB_X67_Y30_N18 ; 8       ; Clock enable               ; no     ; --                   ; --               ; --                        ;
; fiveTuple_selftest_top:u_pipeline|fiveTuple_top:u_core|pkt_buf_hdr[43][3]~1324                                                                                                                                                                                                                                                                              ; LCCOMB_X67_Y30_N16 ; 8       ; Clock enable               ; no     ; --                   ; --               ; --                        ;
; fiveTuple_selftest_top:u_pipeline|fiveTuple_top:u_core|pkt_buf_hdr[44][0]~5962                                                                                                                                                                                                                                                                              ; LCCOMB_X55_Y39_N18 ; 8       ; Clock enable               ; no     ; --                   ; --               ; --                        ;
; fiveTuple_selftest_top:u_pipeline|fiveTuple_top:u_core|pkt_buf_hdr[45][4]~5545                                                                                                                                                                                                                                                                              ; LCCOMB_X55_Y39_N26 ; 8       ; Clock enable               ; no     ; --                   ; --               ; --                        ;
; fiveTuple_selftest_top:u_pipeline|fiveTuple_top:u_core|pkt_buf_hdr[46][1]~4553                                                                                                                                                                                                                                                                              ; LCCOMB_X68_Y42_N24 ; 8       ; Clock enable               ; no     ; --                   ; --               ; --                        ;
; fiveTuple_selftest_top:u_pipeline|fiveTuple_top:u_core|pkt_buf_hdr[47][3]~1904                                                                                                                                                                                                                                                                              ; LCCOMB_X62_Y48_N20 ; 4       ; Clock enable               ; no     ; --                   ; --               ; --                        ;
; fiveTuple_selftest_top:u_pipeline|fiveTuple_top:u_core|pkt_buf_hdr[47][7]~3115                                                                                                                                                                                                                                                                              ; LCCOMB_X68_Y42_N20 ; 4       ; Clock enable               ; no     ; --                   ; --               ; --                        ;
; fiveTuple_selftest_top:u_pipeline|fiveTuple_top:u_core|pkt_buf_hdr[48][0]~5864                                                                                                                                                                                                                                                                              ; LCCOMB_X48_Y32_N22 ; 8       ; Clock enable               ; no     ; --                   ; --               ; --                        ;
; fiveTuple_selftest_top:u_pipeline|fiveTuple_top:u_core|pkt_buf_hdr[49][3]~5192                                                                                                                                                                                                                                                                              ; LCCOMB_X48_Y32_N2  ; 8       ; Clock enable               ; no     ; --                   ; --               ; --                        ;
; fiveTuple_selftest_top:u_pipeline|fiveTuple_top:u_core|pkt_buf_hdr[50][3]~4602                                                                                                                                                                                                                                                                              ; LCCOMB_X63_Y47_N6  ; 4       ; Clock enable               ; no     ; --                   ; --               ; --                        ;
; fiveTuple_selftest_top:u_pipeline|fiveTuple_top:u_core|pkt_buf_hdr[50][6]~7484                                                                                                                                                                                                                                                                              ; LCCOMB_X63_Y47_N4  ; 4       ; Clock enable               ; no     ; --                   ; --               ; --                        ;
; fiveTuple_selftest_top:u_pipeline|fiveTuple_top:u_core|pkt_buf_hdr[51][0]~10091                                                                                                                                                                                                                                                                             ; LCCOMB_X59_Y37_N6  ; 4       ; Clock enable               ; no     ; --                   ; --               ; --                        ;
; fiveTuple_selftest_top:u_pipeline|fiveTuple_top:u_core|pkt_buf_hdr[51][4]~3479                                                                                                                                                                                                                                                                              ; LCCOMB_X53_Y36_N6  ; 4       ; Clock enable               ; no     ; --                   ; --               ; --                        ;
; fiveTuple_selftest_top:u_pipeline|fiveTuple_top:u_core|pkt_buf_hdr[52][4]~5902                                                                                                                                                                                                                                                                              ; LCCOMB_X67_Y30_N4  ; 8       ; Clock enable               ; no     ; --                   ; --               ; --                        ;
; fiveTuple_selftest_top:u_pipeline|fiveTuple_top:u_core|pkt_buf_hdr[53][2]~5600                                                                                                                                                                                                                                                                              ; LCCOMB_X59_Y37_N30 ; 8       ; Clock enable               ; no     ; --                   ; --               ; --                        ;
; fiveTuple_selftest_top:u_pipeline|fiveTuple_top:u_core|pkt_buf_hdr[54][1]~4690                                                                                                                                                                                                                                                                              ; LCCOMB_X76_Y44_N16 ; 4       ; Sync. load                 ; no     ; --                   ; --               ; --                        ;
; fiveTuple_selftest_top:u_pipeline|fiveTuple_top:u_core|pkt_buf_hdr[54][1]~4697                                                                                                                                                                                                                                                                              ; LCCOMB_X79_Y45_N26 ; 4       ; Clock enable               ; no     ; --                   ; --               ; --                        ;
; fiveTuple_selftest_top:u_pipeline|fiveTuple_top:u_core|pkt_buf_hdr[54][7]~7350                                                                                                                                                                                                                                                                              ; LCCOMB_X70_Y45_N20 ; 4       ; Clock enable               ; no     ; --                   ; --               ; --                        ;
; fiveTuple_selftest_top:u_pipeline|fiveTuple_top:u_core|pkt_buf_hdr[55][0]~1824                                                                                                                                                                                                                                                                              ; LCCOMB_X75_Y51_N16 ; 4       ; Clock enable               ; no     ; --                   ; --               ; --                        ;
; fiveTuple_selftest_top:u_pipeline|fiveTuple_top:u_core|pkt_buf_hdr[55][5]~3382                                                                                                                                                                                                                                                                              ; LCCOMB_X75_Y51_N12 ; 4       ; Clock enable               ; no     ; --                   ; --               ; --                        ;
; fiveTuple_selftest_top:u_pipeline|fiveTuple_top:u_core|pkt_buf_hdr[56][2]~6033                                                                                                                                                                                                                                                                              ; LCCOMB_X50_Y29_N12 ; 8       ; Clock enable               ; no     ; --                   ; --               ; --                        ;
; fiveTuple_selftest_top:u_pipeline|fiveTuple_top:u_core|pkt_buf_hdr[57][3]~10334                                                                                                                                                                                                                                                                             ; LCCOMB_X50_Y36_N4  ; 7       ; Clock enable               ; no     ; --                   ; --               ; --                        ;
; fiveTuple_selftest_top:u_pipeline|fiveTuple_top:u_core|pkt_buf_hdr[58][3]~5022                                                                                                                                                                                                                                                                              ; LCCOMB_X75_Y42_N20 ; 4       ; Sync. load                 ; no     ; --                   ; --               ; --                        ;
; fiveTuple_selftest_top:u_pipeline|fiveTuple_top:u_core|pkt_buf_hdr[58][3]~5025                                                                                                                                                                                                                                                                              ; LCCOMB_X79_Y46_N24 ; 4       ; Clock enable               ; no     ; --                   ; --               ; --                        ;
; fiveTuple_selftest_top:u_pipeline|fiveTuple_top:u_core|pkt_buf_hdr[58][6]~10401                                                                                                                                                                                                                                                                             ; LCCOMB_X79_Y46_N28 ; 4       ; Clock enable               ; no     ; --                   ; --               ; --                        ;
; fiveTuple_selftest_top:u_pipeline|fiveTuple_top:u_core|pkt_buf_hdr[58][6]~7426                                                                                                                                                                                                                                                                              ; LCCOMB_X59_Y52_N0  ; 4       ; Sync. load                 ; no     ; --                   ; --               ; --                        ;
; fiveTuple_selftest_top:u_pipeline|fiveTuple_top:u_core|pkt_buf_hdr[59][2]~1721                                                                                                                                                                                                                                                                              ; LCCOMB_X72_Y49_N28 ; 4       ; Clock enable               ; no     ; --                   ; --               ; --                        ;
; fiveTuple_selftest_top:u_pipeline|fiveTuple_top:u_core|pkt_buf_hdr[59][4]~3238                                                                                                                                                                                                                                                                              ; LCCOMB_X80_Y37_N2  ; 4       ; Sync. load                 ; no     ; --                   ; --               ; --                        ;
; fiveTuple_selftest_top:u_pipeline|fiveTuple_top:u_core|pkt_buf_hdr[59][4]~3246                                                                                                                                                                                                                                                                              ; LCCOMB_X79_Y46_N14 ; 4       ; Clock enable               ; no     ; --                   ; --               ; --                        ;
; fiveTuple_selftest_top:u_pipeline|fiveTuple_top:u_core|pkt_buf_hdr[60][0]~6059                                                                                                                                                                                                                                                                              ; LCCOMB_X50_Y34_N8  ; 8       ; Clock enable               ; no     ; --                   ; --               ; --                        ;
; fiveTuple_selftest_top:u_pipeline|fiveTuple_top:u_core|pkt_buf_hdr[61][6]~5765                                                                                                                                                                                                                                                                              ; LCCOMB_X45_Y52_N18 ; 16      ; Sync. load                 ; no     ; --                   ; --               ; --                        ;
; fiveTuple_selftest_top:u_pipeline|fiveTuple_top:u_core|pkt_buf_hdr[61][6]~5767                                                                                                                                                                                                                                                                              ; LCCOMB_X50_Y34_N24 ; 8       ; Clock enable               ; no     ; --                   ; --               ; --                        ;
; fiveTuple_selftest_top:u_pipeline|fiveTuple_top:u_core|pkt_buf_hdr[62][1]~5120                                                                                                                                                                                                                                                                              ; LCCOMB_X54_Y41_N24 ; 4       ; Clock enable               ; no     ; --                   ; --               ; --                        ;
; fiveTuple_selftest_top:u_pipeline|fiveTuple_top:u_core|pkt_buf_hdr[62][4]~7537                                                                                                                                                                                                                                                                              ; LCCOMB_X54_Y41_N2  ; 4       ; Clock enable               ; no     ; --                   ; --               ; --                        ;
; fiveTuple_selftest_top:u_pipeline|fiveTuple_top:u_core|pkt_buf_hdr[63][0]~2217                                                                                                                                                                                                                                                                              ; LCCOMB_X65_Y52_N10 ; 4       ; Sync. load                 ; no     ; --                   ; --               ; --                        ;
; fiveTuple_selftest_top:u_pipeline|fiveTuple_top:u_core|pkt_buf_hdr[63][0]~2222                                                                                                                                                                                                                                                                              ; LCCOMB_X54_Y41_N12 ; 4       ; Clock enable               ; no     ; --                   ; --               ; --                        ;
; fiveTuple_selftest_top:u_pipeline|fiveTuple_top:u_core|pkt_buf_hdr[63][4]~3576                                                                                                                                                                                                                                                                              ; LCCOMB_X77_Y39_N8  ; 4       ; Sync. load                 ; no     ; --                   ; --               ; --                        ;
; fiveTuple_selftest_top:u_pipeline|fiveTuple_top:u_core|pkt_buf_hdr[63][4]~3580                                                                                                                                                                                                                                                                              ; LCCOMB_X54_Y41_N18 ; 4       ; Clock enable               ; no     ; --                   ; --               ; --                        ;
; fiveTuple_selftest_top:u_pipeline|fiveTuple_top:u_core|pkt_buf_hdr[64][0]~5977                                                                                                                                                                                                                                                                              ; LCCOMB_X55_Y32_N8  ; 8       ; Clock enable               ; no     ; --                   ; --               ; --                        ;
; fiveTuple_selftest_top:u_pipeline|fiveTuple_top:u_core|pkt_buf_hdr[65][0]~5333                                                                                                                                                                                                                                                                              ; LCCOMB_X41_Y42_N16 ; 16      ; Sync. load                 ; no     ; --                   ; --               ; --                        ;
; fiveTuple_selftest_top:u_pipeline|fiveTuple_top:u_core|pkt_buf_hdr[65][0]~5338                                                                                                                                                                                                                                                                              ; LCCOMB_X53_Y33_N8  ; 8       ; Clock enable               ; no     ; --                   ; --               ; --                        ;
; fiveTuple_selftest_top:u_pipeline|fiveTuple_top:u_core|pkt_buf_hdr[66][1]~4771                                                                                                                                                                                                                                                                              ; LCCOMB_X80_Y49_N26 ; 4       ; Clock enable               ; no     ; --                   ; --               ; --                        ;
; fiveTuple_selftest_top:u_pipeline|fiveTuple_top:u_core|pkt_buf_hdr[66][7]~7768                                                                                                                                                                                                                                                                              ; LCCOMB_X47_Y45_N8  ; 4       ; Sync. load                 ; no     ; --                   ; --               ; --                        ;
; fiveTuple_selftest_top:u_pipeline|fiveTuple_top:u_core|pkt_buf_hdr[66][7]~7770                                                                                                                                                                                                                                                                              ; LCCOMB_X55_Y44_N12 ; 4       ; Clock enable               ; no     ; --                   ; --               ; --                        ;
; fiveTuple_selftest_top:u_pipeline|fiveTuple_top:u_core|pkt_buf_hdr[67][0]~1539                                                                                                                                                                                                                                                                              ; LCCOMB_X80_Y52_N4  ; 4       ; Sync. load                 ; no     ; --                   ; --               ; --                        ;
; fiveTuple_selftest_top:u_pipeline|fiveTuple_top:u_core|pkt_buf_hdr[67][0]~1549                                                                                                                                                                                                                                                                              ; LCCOMB_X72_Y52_N10 ; 4       ; Clock enable               ; no     ; --                   ; --               ; --                        ;
; fiveTuple_selftest_top:u_pipeline|fiveTuple_top:u_core|pkt_buf_hdr[67][7]~3071                                                                                                                                                                                                                                                                              ; LCCOMB_X84_Y40_N26 ; 4       ; Sync. load                 ; no     ; --                   ; --               ; --                        ;
; fiveTuple_selftest_top:u_pipeline|fiveTuple_top:u_core|pkt_buf_hdr[67][7]~3075                                                                                                                                                                                                                                                                              ; LCCOMB_X80_Y49_N28 ; 4       ; Clock enable               ; no     ; --                   ; --               ; --                        ;
; fiveTuple_selftest_top:u_pipeline|fiveTuple_top:u_core|pkt_buf_hdr[68][1]~6001                                                                                                                                                                                                                                                                              ; LCCOMB_X50_Y34_N30 ; 8       ; Clock enable               ; no     ; --                   ; --               ; --                        ;
; fiveTuple_selftest_top:u_pipeline|fiveTuple_top:u_core|pkt_buf_hdr[69][1]~5660                                                                                                                                                                                                                                                                              ; LCCOMB_X39_Y42_N8  ; 16      ; Sync. load                 ; no     ; --                   ; --               ; --                        ;
; fiveTuple_selftest_top:u_pipeline|fiveTuple_top:u_core|pkt_buf_hdr[69][1]~5663                                                                                                                                                                                                                                                                              ; LCCOMB_X55_Y39_N4  ; 8       ; Clock enable               ; no     ; --                   ; --               ; --                        ;
; fiveTuple_selftest_top:u_pipeline|fiveTuple_top:u_core|pkt_buf_hdr[70][2]~4889                                                                                                                                                                                                                                                                              ; LCCOMB_X77_Y40_N28 ; 4       ; Sync. load                 ; no     ; --                   ; --               ; --                        ;
; fiveTuple_selftest_top:u_pipeline|fiveTuple_top:u_core|pkt_buf_hdr[70][2]~4893                                                                                                                                                                                                                                                                              ; LCCOMB_X53_Y41_N26 ; 4       ; Clock enable               ; no     ; --                   ; --               ; --                        ;
; fiveTuple_selftest_top:u_pipeline|fiveTuple_top:u_core|pkt_buf_hdr[70][4]~7683                                                                                                                                                                                                                                                                              ; LCCOMB_X53_Y41_N8  ; 4       ; Clock enable               ; no     ; --                   ; --               ; --                        ;
; fiveTuple_selftest_top:u_pipeline|fiveTuple_top:u_core|pkt_buf_hdr[71][1]~2065                                                                                                                                                                                                                                                                              ; LCCOMB_X74_Y50_N8  ; 4       ; Sync. load                 ; no     ; --                   ; --               ; --                        ;
; fiveTuple_selftest_top:u_pipeline|fiveTuple_top:u_core|pkt_buf_hdr[71][1]~2070                                                                                                                                                                                                                                                                              ; LCCOMB_X76_Y49_N0  ; 4       ; Clock enable               ; no     ; --                   ; --               ; --                        ;
; fiveTuple_selftest_top:u_pipeline|fiveTuple_top:u_core|pkt_buf_hdr[71][7]~2912                                                                                                                                                                                                                                                                              ; LCCOMB_X76_Y49_N10 ; 4       ; Clock enable               ; no     ; --                   ; --               ; --                        ;
; fiveTuple_selftest_top:u_pipeline|fiveTuple_top:u_core|pkt_buf_hdr[72][0]~5920                                                                                                                                                                                                                                                                              ; LCCOMB_X54_Y36_N26 ; 8       ; Clock enable               ; no     ; --                   ; --               ; --                        ;
; fiveTuple_selftest_top:u_pipeline|fiveTuple_top:u_core|pkt_buf_hdr[73][5]~5245                                                                                                                                                                                                                                                                              ; LCCOMB_X54_Y36_N16 ; 8       ; Clock enable               ; no     ; --                   ; --               ; --                        ;
; fiveTuple_selftest_top:u_pipeline|fiveTuple_top:u_core|pkt_buf_hdr[74][2]~10245                                                                                                                                                                                                                                                                             ; LCCOMB_X54_Y36_N6  ; 4       ; Clock enable               ; no     ; --                   ; --               ; --                        ;
; fiveTuple_selftest_top:u_pipeline|fiveTuple_top:u_core|pkt_buf_hdr[74][7]~7619                                                                                                                                                                                                                                                                              ; LCCOMB_X50_Y47_N18 ; 4       ; Sync. load                 ; no     ; --                   ; --               ; --                        ;
; fiveTuple_selftest_top:u_pipeline|fiveTuple_top:u_core|pkt_buf_hdr[74][7]~7621                                                                                                                                                                                                                                                                              ; LCCOMB_X69_Y43_N28 ; 4       ; Clock enable               ; no     ; --                   ; --               ; --                        ;
; fiveTuple_selftest_top:u_pipeline|fiveTuple_top:u_core|pkt_buf_hdr[75][3]~1277                                                                                                                                                                                                                                                                              ; LCCOMB_X70_Y53_N20 ; 4       ; Clock enable               ; no     ; --                   ; --               ; --                        ;
; fiveTuple_selftest_top:u_pipeline|fiveTuple_top:u_core|pkt_buf_hdr[75][6]~2743                                                                                                                                                                                                                                                                              ; LCCOMB_X83_Y45_N18 ; 4       ; Sync. load                 ; no     ; --                   ; --               ; --                        ;
; fiveTuple_selftest_top:u_pipeline|fiveTuple_top:u_core|pkt_buf_hdr[75][6]~2747                                                                                                                                                                                                                                                                              ; LCCOMB_X83_Y38_N12 ; 4       ; Clock enable               ; no     ; --                   ; --               ; --                        ;
; fiveTuple_selftest_top:u_pipeline|fiveTuple_top:u_core|pkt_buf_hdr[76][5]~5944                                                                                                                                                                                                                                                                              ; LCCOMB_X55_Y39_N16 ; 8       ; Clock enable               ; no     ; --                   ; --               ; --                        ;
; fiveTuple_selftest_top:u_pipeline|fiveTuple_top:u_core|pkt_buf_hdr[77][2]~5519                                                                                                                                                                                                                                                                              ; LCCOMB_X43_Y46_N2  ; 16      ; Sync. load                 ; no     ; --                   ; --               ; --                        ;
; fiveTuple_selftest_top:u_pipeline|fiveTuple_top:u_core|pkt_buf_hdr[77][2]~5521                                                                                                                                                                                                                                                                              ; LCCOMB_X55_Y39_N8  ; 8       ; Clock enable               ; no     ; --                   ; --               ; --                        ;
; fiveTuple_selftest_top:u_pipeline|fiveTuple_top:u_core|pkt_buf_hdr[78][2]~4550                                                                                                                                                                                                                                                                              ; LCCOMB_X73_Y41_N24 ; 4       ; Clock enable               ; no     ; --                   ; --               ; --                        ;
; fiveTuple_selftest_top:u_pipeline|fiveTuple_top:u_core|pkt_buf_hdr[78][7]~7793                                                                                                                                                                                                                                                                              ; LCCOMB_X72_Y44_N30 ; 4       ; Clock enable               ; no     ; --                   ; --               ; --                        ;
; fiveTuple_selftest_top:u_pipeline|fiveTuple_top:u_core|pkt_buf_hdr[79][3]~1891                                                                                                                                                                                                                                                                              ; LCCOMB_X72_Y44_N4  ; 4       ; Clock enable               ; no     ; --                   ; --               ; --                        ;
; fiveTuple_selftest_top:u_pipeline|fiveTuple_top:u_core|pkt_buf_hdr[79][7]~3159                                                                                                                                                                                                                                                                              ; LCCOMB_X73_Y34_N0  ; 4       ; Clock enable               ; no     ; --                   ; --               ; --                        ;
; fiveTuple_selftest_top:u_pipeline|fiveTuple_top:u_core|pkt_buf_hdr[80][3]~5847                                                                                                                                                                                                                                                                              ; LCCOMB_X48_Y32_N28 ; 8       ; Clock enable               ; no     ; --                   ; --               ; --                        ;
; fiveTuple_selftest_top:u_pipeline|fiveTuple_top:u_core|pkt_buf_hdr[81][6]~5178                                                                                                                                                                                                                                                                              ; LCCOMB_X48_Y32_N16 ; 8       ; Clock enable               ; no     ; --                   ; --               ; --                        ;
; fiveTuple_selftest_top:u_pipeline|fiveTuple_top:u_core|pkt_buf_hdr[82][3]~4580                                                                                                                                                                                                                                                                              ; LCCOMB_X60_Y33_N28 ; 8       ; Clock enable               ; no     ; --                   ; --               ; --                        ;
; fiveTuple_selftest_top:u_pipeline|fiveTuple_top:u_core|pkt_buf_hdr[83][3]~1364                                                                                                                                                                                                                                                                              ; LCCOMB_X60_Y41_N0  ; 8       ; Clock enable               ; no     ; --                   ; --               ; --                        ;
; fiveTuple_selftest_top:u_pipeline|fiveTuple_top:u_core|pkt_buf_hdr[84][5]~5888                                                                                                                                                                                                                                                                              ; LCCOMB_X43_Y31_N28 ; 8       ; Clock enable               ; no     ; --                   ; --               ; --                        ;
; fiveTuple_selftest_top:u_pipeline|fiveTuple_top:u_core|pkt_buf_hdr[85][2]~5571                                                                                                                                                                                                                                                                              ; LCCOMB_X43_Y31_N26 ; 3       ; Clock enable               ; no     ; --                   ; --               ; --                        ;
; fiveTuple_selftest_top:u_pipeline|fiveTuple_top:u_core|pkt_buf_hdr[85][3]~7184                                                                                                                                                                                                                                                                              ; LCCOMB_X48_Y32_N14 ; 5       ; Clock enable               ; no     ; --                   ; --               ; --                        ;
; fiveTuple_selftest_top:u_pipeline|fiveTuple_top:u_core|pkt_buf_hdr[86][0]~10256                                                                                                                                                                                                                                                                             ; LCCOMB_X59_Y43_N2  ; 3       ; Clock enable               ; no     ; --                   ; --               ; --                        ;
; fiveTuple_selftest_top:u_pipeline|fiveTuple_top:u_core|pkt_buf_hdr[86][7]~10392                                                                                                                                                                                                                                                                             ; LCCOMB_X67_Y42_N0  ; 4       ; Clock enable               ; no     ; --                   ; --               ; --                        ;
; fiveTuple_selftest_top:u_pipeline|fiveTuple_top:u_core|pkt_buf_hdr[87][0]~10118                                                                                                                                                                                                                                                                             ; LCCOMB_X67_Y42_N22 ; 4       ; Clock enable               ; no     ; --                   ; --               ; --                        ;
; fiveTuple_selftest_top:u_pipeline|fiveTuple_top:u_core|pkt_buf_hdr[87][5]~3394                                                                                                                                                                                                                                                                              ; LCCOMB_X67_Y42_N4  ; 4       ; Clock enable               ; no     ; --                   ; --               ; --                        ;
; fiveTuple_selftest_top:u_pipeline|fiveTuple_top:u_core|pkt_buf_hdr[88][5]~6023                                                                                                                                                                                                                                                                              ; LCCOMB_X52_Y39_N18 ; 8       ; Clock enable               ; no     ; --                   ; --               ; --                        ;
; fiveTuple_selftest_top:u_pipeline|fiveTuple_top:u_core|pkt_buf_hdr[89][2]~5399                                                                                                                                                                                                                                                                              ; LCCOMB_X52_Y39_N8  ; 7       ; Clock enable               ; no     ; --                   ; --               ; --                        ;
; fiveTuple_selftest_top:u_pipeline|fiveTuple_top:u_core|pkt_buf_hdr[90][3]~4981                                                                                                                                                                                                                                                                              ; LCCOMB_X66_Y38_N28 ; 4       ; Clock enable               ; no     ; --                   ; --               ; --                        ;
; fiveTuple_selftest_top:u_pipeline|fiveTuple_top:u_core|pkt_buf_hdr[90][4]~7442                                                                                                                                                                                                                                                                              ; LCCOMB_X61_Y31_N24 ; 4       ; Clock enable               ; no     ; --                   ; --               ; --                        ;
; fiveTuple_selftest_top:u_pipeline|fiveTuple_top:u_core|pkt_buf_hdr[91][2]~10103                                                                                                                                                                                                                                                                             ; LCCOMB_X60_Y38_N26 ; 4       ; Clock enable               ; no     ; --                   ; --               ; --                        ;
; fiveTuple_selftest_top:u_pipeline|fiveTuple_top:u_core|pkt_buf_hdr[91][5]~3275                                                                                                                                                                                                                                                                              ; LCCOMB_X81_Y39_N18 ; 4       ; Clock enable               ; no     ; --                   ; --               ; --                        ;
; fiveTuple_selftest_top:u_pipeline|fiveTuple_top:u_core|pkt_buf_hdr[92][1]~6050                                                                                                                                                                                                                                                                              ; LCCOMB_X56_Y31_N10 ; 8       ; Clock enable               ; no     ; --                   ; --               ; --                        ;
; fiveTuple_selftest_top:u_pipeline|fiveTuple_top:u_core|pkt_buf_hdr[93][1]~10362                                                                                                                                                                                                                                                                             ; LCCOMB_X56_Y31_N26 ; 7       ; Clock enable               ; no     ; --                   ; --               ; --                        ;
; fiveTuple_selftest_top:u_pipeline|fiveTuple_top:u_core|pkt_buf_hdr[94][0]~5073                                                                                                                                                                                                                                                                              ; LCCOMB_X70_Y42_N8  ; 4       ; Clock enable               ; no     ; --                   ; --               ; --                        ;
; fiveTuple_selftest_top:u_pipeline|fiveTuple_top:u_core|pkt_buf_hdr[94][5]~7552                                                                                                                                                                                                                                                                              ; LCCOMB_X48_Y43_N16 ; 4       ; Clock enable               ; no     ; --                   ; --               ; --                        ;
; fiveTuple_selftest_top:u_pipeline|fiveTuple_top:u_core|pkt_buf_hdr[95][3]~2168                                                                                                                                                                                                                                                                              ; LCCOMB_X68_Y49_N12 ; 4       ; Clock enable               ; no     ; --                   ; --               ; --                        ;
; fiveTuple_selftest_top:u_pipeline|fiveTuple_top:u_core|pkt_buf_hdr[95][7]~3605                                                                                                                                                                                                                                                                              ; LCCOMB_X76_Y44_N0  ; 4       ; Clock enable               ; no     ; --                   ; --               ; --                        ;
; fiveTuple_selftest_top:u_pipeline|fiveTuple_top:u_core|pkt_buf_hdr[96][3]~5992                                                                                                                                                                                                                                                                              ; LCCOMB_X47_Y31_N6  ; 8       ; Clock enable               ; no     ; --                   ; --               ; --                        ;
; fiveTuple_selftest_top:u_pipeline|fiveTuple_top:u_core|pkt_buf_hdr[97][7]~5385                                                                                                                                                                                                                                                                              ; LCCOMB_X47_Y31_N2  ; 8       ; Clock enable               ; no     ; --                   ; --               ; --                        ;
; fiveTuple_selftest_top:u_pipeline|fiveTuple_top:u_core|pkt_buf_hdr[98][3]~4831                                                                                                                                                                                                                                                                              ; LCCOMB_X69_Y42_N22 ; 4       ; Clock enable               ; no     ; --                   ; --               ; --                        ;
; fiveTuple_selftest_top:u_pipeline|fiveTuple_top:u_core|pkt_buf_hdr[98][7]~7778                                                                                                                                                                                                                                                                              ; LCCOMB_X69_Y42_N14 ; 4       ; Clock enable               ; no     ; --                   ; --               ; --                        ;
; fiveTuple_selftest_top:u_pipeline|fiveTuple_top:u_core|pkt_buf_hdr[99][2]~1615                                                                                                                                                                                                                                                                              ; LCCOMB_X75_Y48_N0  ; 4       ; Clock enable               ; no     ; --                   ; --               ; --                        ;
; fiveTuple_selftest_top:u_pipeline|fiveTuple_top:u_core|pkt_buf_hdr[99][7]~3091                                                                                                                                                                                                                                                                              ; LCCOMB_X56_Y38_N4  ; 4       ; Clock enable               ; no     ; --                   ; --               ; --                        ;
; fiveTuple_selftest_top:u_pipeline|fiveTuple_top:u_core|pkt_buf_hdr~10372                                                                                                                                                                                                                                                                                    ; LCCOMB_X52_Y27_N0  ; 5       ; Sync. clear                ; no     ; --                   ; --               ; --                        ;
; fiveTuple_selftest_top:u_pipeline|fiveTuple_top:u_core|pkt_buf_hdr~1327                                                                                                                                                                                                                                                                                     ; LCCOMB_X60_Y37_N8  ; 8       ; Clock enable               ; no     ; --                   ; --               ; --                        ;
; fiveTuple_selftest_top:u_pipeline|fiveTuple_top:u_core|pkt_buf_hdr~1600                                                                                                                                                                                                                                                                                     ; LCCOMB_X72_Y33_N28 ; 8       ; Clock enable               ; no     ; --                   ; --               ; --                        ;
; fiveTuple_selftest_top:u_pipeline|fiveTuple_top:u_core|pkt_buf_hdr~1817                                                                                                                                                                                                                                                                                     ; LCCOMB_X76_Y51_N4  ; 4       ; Sync. load                 ; no     ; --                   ; --               ; --                        ;
; fiveTuple_selftest_top:u_pipeline|fiveTuple_top:u_core|pkt_buf_hdr~2120                                                                                                                                                                                                                                                                                     ; LCCOMB_X69_Y41_N2  ; 8       ; Clock enable               ; no     ; --                   ; --               ; --                        ;
; fiveTuple_selftest_top:u_pipeline|fiveTuple_top:u_core|pkt_buf_hdr~2692                                                                                                                                                                                                                                                                                     ; LCCOMB_X82_Y59_N8  ; 4       ; Sync. load                 ; no     ; --                   ; --               ; --                        ;
; fiveTuple_selftest_top:u_pipeline|fiveTuple_top:u_core|pkt_buf_hdr~2905                                                                                                                                                                                                                                                                                     ; LCCOMB_X88_Y32_N0  ; 4       ; Sync. load                 ; no     ; --                   ; --               ; --                        ;
; fiveTuple_selftest_top:u_pipeline|fiveTuple_top:u_core|pkt_buf_hdr~4505                                                                                                                                                                                                                                                                                     ; LCCOMB_X65_Y42_N26 ; 8       ; Clock enable               ; no     ; --                   ; --               ; --                        ;
; fiveTuple_selftest_top:u_pipeline|fiveTuple_top:u_core|pkt_buf_hdr~4818                                                                                                                                                                                                                                                                                     ; LCCOMB_X60_Y33_N24 ; 8       ; Clock enable               ; no     ; --                   ; --               ; --                        ;
; fiveTuple_selftest_top:u_pipeline|fiveTuple_top:u_core|pkt_buf_hdr~4928                                                                                                                                                                                                                                                                                     ; LCCOMB_X69_Y41_N14 ; 8       ; Clock enable               ; no     ; --                   ; --               ; --                        ;
; fiveTuple_selftest_top:u_pipeline|fiveTuple_top:u_core|pkt_buf_hdr~5276                                                                                                                                                                                                                                                                                     ; LCCOMB_X52_Y33_N28 ; 8       ; Clock enable               ; no     ; --                   ; --               ; --                        ;
; fiveTuple_selftest_top:u_pipeline|fiveTuple_top:u_core|pkt_buf_hdr~5365                                                                                                                                                                                                                                                                                     ; LCCOMB_X53_Y36_N0  ; 8       ; Clock enable               ; no     ; --                   ; --               ; --                        ;
; fiveTuple_selftest_top:u_pipeline|fiveTuple_top:u_core|pkt_buf_hdr~5542                                                                                                                                                                                                                                                                                     ; LCCOMB_X36_Y35_N30 ; 14      ; Sync. load                 ; no     ; --                   ; --               ; --                        ;
; fiveTuple_selftest_top:u_pipeline|fiveTuple_top:u_core|pkt_buf_hdr~5547                                                                                                                                                                                                                                                                                     ; LCCOMB_X59_Y33_N22 ; 8       ; Clock enable               ; no     ; --                   ; --               ; --                        ;
; fiveTuple_selftest_top:u_pipeline|fiveTuple_top:u_core|pkt_buf_hdr~5693                                                                                                                                                                                                                                                                                     ; LCCOMB_X57_Y37_N28 ; 8       ; Clock enable               ; no     ; --                   ; --               ; --                        ;
; fiveTuple_selftest_top:u_pipeline|fiveTuple_top:u_core|pkt_buf_hdr~5801                                                                                                                                                                                                                                                                                     ; LCCOMB_X55_Y39_N22 ; 8       ; Clock enable               ; no     ; --                   ; --               ; --                        ;
; fiveTuple_selftest_top:u_pipeline|fiveTuple_top:u_core|pkt_buf_hdr~5930                                                                                                                                                                                                                                                                                     ; LCCOMB_X60_Y33_N14 ; 8       ; Clock enable               ; no     ; --                   ; --               ; --                        ;
; fiveTuple_selftest_top:u_pipeline|fiveTuple_top:u_core|pkt_buf_hdr~5987                                                                                                                                                                                                                                                                                     ; LCCOMB_X60_Y33_N8  ; 8       ; Clock enable               ; no     ; --                   ; --               ; --                        ;
; fiveTuple_selftest_top:u_pipeline|fiveTuple_top:u_core|pkt_buf_hdr~6011                                                                                                                                                                                                                                                                                     ; LCCOMB_X47_Y32_N18 ; 8       ; Clock enable               ; no     ; --                   ; --               ; --                        ;
; fiveTuple_selftest_top:u_pipeline|fiveTuple_top:u_core|pkt_buf_hdr~7349                                                                                                                                                                                                                                                                                     ; LCCOMB_X62_Y45_N14 ; 4       ; Sync. load                 ; no     ; --                   ; --               ; --                        ;
; fiveTuple_selftest_top:u_pipeline|fiveTuple_top:u_core|pkt_buf_hdr~7589                                                                                                                                                                                                                                                                                     ; LCCOMB_X63_Y50_N4  ; 4       ; Sync. load                 ; no     ; --                   ; --               ; --                        ;
; fiveTuple_selftest_top:u_pipeline|fiveTuple_top:u_core|pkt_buf_payload~10                                                                                                                                                                                                                                                                                   ; LCCOMB_X59_Y34_N16 ; 8       ; Write enable               ; no     ; --                   ; --               ; --                        ;
; fiveTuple_selftest_top:u_pipeline|fiveTuple_top:u_core|pkt_keep~42                                                                                                                                                                                                                                                                                          ; LCCOMB_X89_Y30_N28 ; 2       ; Write enable               ; no     ; --                   ; --               ; --                        ;
; fiveTuple_selftest_top:u_pipeline|fiveTuple_top:u_core|rx_beat_cnt[8]~29                                                                                                                                                                                                                                                                                    ; LCCOMB_X74_Y23_N28 ; 9       ; Clock enable               ; no     ; --                   ; --               ; --                        ;
; fiveTuple_selftest_top:u_pipeline|fiveTuple_top:u_core|rx_beat_cnt[8]~30                                                                                                                                                                                                                                                                                    ; LCCOMB_X53_Y27_N22 ; 9       ; Sync. clear                ; no     ; --                   ; --               ; --                        ;
; fiveTuple_selftest_top:u_pipeline|fiveTuple_top:u_core|tx_out_keep[3]~34                                                                                                                                                                                                                                                                                    ; LCCOMB_X74_Y26_N22 ; 289     ; Clock enable               ; no     ; --                   ; --               ; --                        ;
; fiveTuple_selftest_top:u_pipeline|fiveTuple_top:u_core|tx_pend_is_hdr                                                                                                                                                                                                                                                                                       ; FF_X69_Y23_N17     ; 256     ; Sync. load                 ; no     ; --                   ; --               ; --                        ;
; fiveTuple_selftest_top:u_pipeline|fiveTuple_top:u_core|tx_pend_keep[0]~2                                                                                                                                                                                                                                                                                    ; LCCOMB_X77_Y26_N30 ; 36      ; Clock enable               ; no     ; --                   ; --               ; --                        ;
; fiveTuple_selftest_top:u_pipeline|fiveTuple_top:u_core|tx_stage1_issue~0                                                                                                                                                                                                                                                                                    ; LCCOMB_X77_Y26_N4  ; 8       ; Clock enable               ; no     ; --                   ; --               ; --                        ;
; fiveTuple_selftest_top:u_pipeline|gen_done~2                                                                                                                                                                                                                                                                                                                ; LCCOMB_X57_Y26_N30 ; 2       ; Clock enable               ; no     ; --                   ; --               ; --                        ;
; fiveTuple_selftest_top:u_pipeline|gen_ipg_reg[16]~0                                                                                                                                                                                                                                                                                                         ; LCCOMB_X57_Y25_N28 ; 32      ; Clock enable               ; no     ; --                   ; --               ; --                        ;
; fiveTuple_selftest_top:u_pipeline|gen_pkt_count_reg[13]~1                                                                                                                                                                                                                                                                                                   ; LCCOMB_X57_Y25_N18 ; 32      ; Clock enable               ; no     ; --                   ; --               ; --                        ;
; fiveTuple_selftest_top:u_pipeline|gen_pkt_len_reg[7]~0                                                                                                                                                                                                                                                                                                      ; LCCOMB_X58_Y25_N6  ; 14      ; Clock enable               ; no     ; --                   ; --               ; --                        ;
; fiveTuple_selftest_top:u_pipeline|gen_rd_addr[5]~5                                                                                                                                                                                                                                                                                                          ; LCCOMB_X57_Y26_N12 ; 8       ; Clock enable               ; no     ; --                   ; --               ; --                        ;
; fiveTuple_selftest_top:u_pipeline|gen_st.GEN_GAP                                                                                                                                                                                                                                                                                                            ; FF_X56_Y29_N29     ; 35      ; Sync. load                 ; no     ; --                   ; --               ; --                        ;
; fiveTuple_selftest_top:u_pipeline|gen_vary_offset_reg[5]~2                                                                                                                                                                                                                                                                                                  ; LCCOMB_X58_Y25_N14 ; 13      ; Clock enable               ; no     ; --                   ; --               ; --                        ;
; fiveTuple_selftest_top:u_pipeline|ipg_cnt[2]~39                                                                                                                                                                                                                                                                                                             ; LCCOMB_X56_Y29_N4  ; 32      ; Clock enable               ; no     ; --                   ; --               ; --                        ;
; fiveTuple_selftest_top:u_pipeline|pkt_idx[6]~64                                                                                                                                                                                                                                                                                                             ; LCCOMB_X57_Y26_N26 ; 94      ; Clock enable               ; no     ; --                   ; --               ; --                        ;
; fiveTuple_selftest_top:u_pipeline|pkt_idx[6]~66                                                                                                                                                                                                                                                                                                             ; LCCOMB_X76_Y21_N4  ; 32      ; Clock enable               ; no     ; --                   ; --               ; --                        ;
; fiveTuple_selftest_top:u_pipeline|st_axil_awaddr_r[15]~0                                                                                                                                                                                                                                                                                                    ; LCCOMB_X57_Y21_N20 ; 14      ; Clock enable               ; no     ; --                   ; --               ; --                        ;
; fiveTuple_selftest_top:u_pipeline|st_r_rdata[7]~8                                                                                                                                                                                                                                                                                                           ; LCCOMB_X56_Y22_N8  ; 31      ; Clock enable               ; no     ; --                   ; --               ; --                        ;
; fiveTuple_selftest_top:u_pipeline|st_r_row[0]~8                                                                                                                                                                                                                                                                                                             ; LCCOMB_X57_Y19_N0  ; 12      ; Clock enable               ; no     ; --                   ; --               ; --                        ;
; fiveTuple_selftest_top:u_pipeline|tmpl_word_cp~2                                                                                                                                                                                                                                                                                                            ; LCCOMB_X57_Y25_N8  ; 16      ; Write enable               ; no     ; --                   ; --               ; --                        ;
; fiveTuple_selftest_top:u_pipeline|vary_val[3]~20                                                                                                                                                                                                                                                                                                            ; LCCOMB_X57_Y26_N16 ; 8       ; Clock enable               ; no     ; --                   ; --               ; --                        ;
; fiveTuple_selftest_top:u_pipeline|write_cursor[22]~36                                                                                                                                                                                                                                                                                                       ; LCCOMB_X70_Y28_N30 ; 32      ; Clock enable               ; no     ; --                   ; --               ; --                        ;
; jtag_to_avalon_mst_brg_01:u_jtag_avmm|jtag_to_avalon_mst_brg_01_master_0:master_0|altera_avalon_packets_to_master:transacto|packets_to_master:p2m|address[13]~6                                                                                                                                                                                             ; LCCOMB_X45_Y17_N28 ; 8       ; Clock enable               ; no     ; --                   ; --               ; --                        ;
; jtag_to_avalon_mst_brg_01:u_jtag_avmm|jtag_to_avalon_mst_brg_01_master_0:master_0|altera_avalon_packets_to_master:transacto|packets_to_master:p2m|address[7]~7                                                                                                                                                                                              ; LCCOMB_X45_Y17_N14 ; 6       ; Clock enable               ; no     ; --                   ; --               ; --                        ;
; jtag_to_avalon_mst_brg_01:u_jtag_avmm|jtag_to_avalon_mst_brg_01_master_0:master_0|altera_avalon_packets_to_master:transacto|packets_to_master:p2m|always1~0                                                                                                                                                                                                 ; LCCOMB_X49_Y20_N30 ; 26      ; Clock enable               ; no     ; --                   ; --               ; --                        ;
; jtag_to_avalon_mst_brg_01:u_jtag_avmm|jtag_to_avalon_mst_brg_01_master_0:master_0|altera_avalon_packets_to_master:transacto|packets_to_master:p2m|counter[12]~18                                                                                                                                                                                            ; LCCOMB_X41_Y17_N8  ; 8       ; Clock enable               ; no     ; --                   ; --               ; --                        ;
; jtag_to_avalon_mst_brg_01:u_jtag_avmm|jtag_to_avalon_mst_brg_01_master_0:master_0|altera_avalon_packets_to_master:transacto|packets_to_master:p2m|counter[3]~19                                                                                                                                                                                             ; LCCOMB_X41_Y17_N10 ; 8       ; Clock enable               ; no     ; --                   ; --               ; --                        ;
; jtag_to_avalon_mst_brg_01:u_jtag_avmm|jtag_to_avalon_mst_brg_01_master_0:master_0|altera_avalon_packets_to_master:transacto|packets_to_master:p2m|current_byte[1]~1                                                                                                                                                                                         ; LCCOMB_X46_Y20_N2  ; 2       ; Clock enable               ; no     ; --                   ; --               ; --                        ;
; jtag_to_avalon_mst_brg_01:u_jtag_avmm|jtag_to_avalon_mst_brg_01_master_0:master_0|altera_avalon_packets_to_master:transacto|packets_to_master:p2m|enable~0                                                                                                                                                                                                  ; LCCOMB_X38_Y20_N4  ; 6       ; Clock enable               ; no     ; --                   ; --               ; --                        ;
; jtag_to_avalon_mst_brg_01:u_jtag_avmm|jtag_to_avalon_mst_brg_01_master_0:master_0|altera_avalon_packets_to_master:transacto|packets_to_master:p2m|out_data[3]~10                                                                                                                                                                                            ; LCCOMB_X45_Y20_N26 ; 7       ; Clock enable               ; no     ; --                   ; --               ; --                        ;
; jtag_to_avalon_mst_brg_01:u_jtag_avmm|jtag_to_avalon_mst_brg_01_master_0:master_0|altera_avalon_packets_to_master:transacto|packets_to_master:p2m|out_data~7                                                                                                                                                                                                ; LCCOMB_X45_Y20_N20 ; 28      ; Clock enable               ; no     ; --                   ; --               ; --                        ;
; jtag_to_avalon_mst_brg_01:u_jtag_avmm|jtag_to_avalon_mst_brg_01_master_0:master_0|altera_avalon_packets_to_master:transacto|packets_to_master:p2m|state.READ_SEND_WAIT                                                                                                                                                                                      ; FF_X50_Y20_N31     ; 31      ; Sync. load                 ; no     ; --                   ; --               ; --                        ;
; jtag_to_avalon_mst_brg_01:u_jtag_avmm|jtag_to_avalon_mst_brg_01_master_0:master_0|altera_avalon_packets_to_master:transacto|packets_to_master:p2m|state.WRITE_WAIT                                                                                                                                                                                          ; FF_X50_Y20_N5      ; 14      ; Sync. clear, Sync. load    ; no     ; --                   ; --               ; --                        ;
; jtag_to_avalon_mst_brg_01:u_jtag_avmm|jtag_to_avalon_mst_brg_01_master_0:master_0|altera_avalon_packets_to_master:transacto|packets_to_master:p2m|writedata[0]~1                                                                                                                                                                                            ; LCCOMB_X47_Y20_N24 ; 8       ; Clock enable               ; no     ; --                   ; --               ; --                        ;
; jtag_to_avalon_mst_brg_01:u_jtag_avmm|jtag_to_avalon_mst_brg_01_master_0:master_0|altera_avalon_packets_to_master:transacto|packets_to_master:p2m|writedata[16]~3                                                                                                                                                                                           ; LCCOMB_X47_Y20_N4  ; 8       ; Clock enable               ; no     ; --                   ; --               ; --                        ;
; jtag_to_avalon_mst_brg_01:u_jtag_avmm|jtag_to_avalon_mst_brg_01_master_0:master_0|altera_avalon_packets_to_master:transacto|packets_to_master:p2m|writedata[24]~4                                                                                                                                                                                           ; LCCOMB_X47_Y20_N22 ; 8       ; Clock enable               ; no     ; --                   ; --               ; --                        ;
; jtag_to_avalon_mst_brg_01:u_jtag_avmm|jtag_to_avalon_mst_brg_01_master_0:master_0|altera_avalon_packets_to_master:transacto|packets_to_master:p2m|writedata[8]~2                                                                                                                                                                                            ; LCCOMB_X47_Y20_N26 ; 8       ; Clock enable               ; no     ; --                   ; --               ; --                        ;
; jtag_to_avalon_mst_brg_01:u_jtag_avmm|jtag_to_avalon_mst_brg_01_master_0:master_0|altera_avalon_sc_fifo:fifo|internal_out_ready                                                                                                                                                                                                                             ; LCCOMB_X38_Y20_N24 ; 5       ; Clock enable               ; no     ; --                   ; --               ; --                        ;
; jtag_to_avalon_mst_brg_01:u_jtag_avmm|jtag_to_avalon_mst_brg_01_master_0:master_0|altera_avalon_sc_fifo:fifo|write                                                                                                                                                                                                                                          ; LCCOMB_X39_Y20_N28 ; 8       ; Clock enable, Write enable ; no     ; --                   ; --               ; --                        ;
; jtag_to_avalon_mst_brg_01:u_jtag_avmm|jtag_to_avalon_mst_brg_01_master_0:master_0|altera_avalon_st_bytes_to_packets:b2p|out_channel[7]~0                                                                                                                                                                                                                    ; LCCOMB_X49_Y20_N20 ; 8       ; Clock enable               ; no     ; --                   ; --               ; --                        ;
; jtag_to_avalon_mst_brg_01:u_jtag_avmm|jtag_to_avalon_mst_brg_01_master_0:master_0|altera_avalon_st_jtag_interface:jtag_phy_embedded_in_jtag_master|altera_jtag_dc_streaming:normal.jtag_dc_streaming|altera_avalon_st_clock_crosser:sink_crosser|altera_avalon_st_pipeline_base:output_stage|full0                                                          ; FF_X35_Y23_N29     ; 19      ; Clock enable               ; no     ; --                   ; --               ; --                        ;
; jtag_to_avalon_mst_brg_01:u_jtag_avmm|jtag_to_avalon_mst_brg_01_master_0:master_0|altera_avalon_st_jtag_interface:jtag_phy_embedded_in_jtag_master|altera_jtag_dc_streaming:normal.jtag_dc_streaming|altera_avalon_st_clock_crosser:sink_crosser|altera_avalon_st_pipeline_base:output_stage|full0~0                                                        ; LCCOMB_X34_Y23_N26 ; 8       ; Clock enable               ; no     ; --                   ; --               ; --                        ;
; jtag_to_avalon_mst_brg_01:u_jtag_avmm|jtag_to_avalon_mst_brg_01_master_0:master_0|altera_avalon_st_jtag_interface:jtag_phy_embedded_in_jtag_master|altera_jtag_dc_streaming:normal.jtag_dc_streaming|altera_avalon_st_clock_crosser:sink_crosser|take_in_data                                                                                               ; LCCOMB_X40_Y20_N22 ; 8       ; Clock enable               ; no     ; --                   ; --               ; --                        ;
; jtag_to_avalon_mst_brg_01:u_jtag_avmm|jtag_to_avalon_mst_brg_01_master_0:master_0|altera_avalon_st_jtag_interface:jtag_phy_embedded_in_jtag_master|altera_jtag_dc_streaming:normal.jtag_dc_streaming|altera_jtag_src_crosser:source_crosser|altera_jtag_control_signal_crosser:crosser|sync_control_signal~0                                                ; LCCOMB_X35_Y20_N4  ; 9       ; Clock enable               ; no     ; --                   ; --               ; --                        ;
; jtag_to_avalon_mst_brg_01:u_jtag_avmm|jtag_to_avalon_mst_brg_01_master_0:master_0|altera_avalon_st_jtag_interface:jtag_phy_embedded_in_jtag_master|altera_jtag_dc_streaming:normal.jtag_dc_streaming|altera_jtag_streaming:jtag_streaming|Equal14~0                                                                                                         ; LCCOMB_X33_Y20_N22 ; 22      ; Clock enable               ; no     ; --                   ; --               ; --                        ;
; jtag_to_avalon_mst_brg_01:u_jtag_avmm|jtag_to_avalon_mst_brg_01_master_0:master_0|altera_avalon_st_jtag_interface:jtag_phy_embedded_in_jtag_master|altera_jtag_dc_streaming:normal.jtag_dc_streaming|altera_jtag_streaming:jtag_streaming|Equal14~2                                                                                                         ; LCCOMB_X28_Y20_N8  ; 2       ; Clock enable               ; no     ; --                   ; --               ; --                        ;
; jtag_to_avalon_mst_brg_01:u_jtag_avmm|jtag_to_avalon_mst_brg_01_master_0:master_0|altera_avalon_st_jtag_interface:jtag_phy_embedded_in_jtag_master|altera_jtag_dc_streaming:normal.jtag_dc_streaming|altera_jtag_streaming:jtag_streaming|altera_avalon_st_idle_remover:idle_remover|out_valid                                                              ; LCCOMB_X30_Y21_N12 ; 9       ; Clock enable               ; no     ; --                   ; --               ; --                        ;
; jtag_to_avalon_mst_brg_01:u_jtag_avmm|jtag_to_avalon_mst_brg_01_master_0:master_0|altera_avalon_st_jtag_interface:jtag_phy_embedded_in_jtag_master|altera_jtag_dc_streaming:normal.jtag_dc_streaming|altera_jtag_streaming:jtag_streaming|altera_std_synchronizer:clock_sense_reset_n_synchronizer|dreg[6]                                                  ; FF_X27_Y22_N27     ; 1       ; Async. clear               ; no     ; --                   ; --               ; --                        ;
; jtag_to_avalon_mst_brg_01:u_jtag_avmm|jtag_to_avalon_mst_brg_01_master_0:master_0|altera_avalon_st_jtag_interface:jtag_phy_embedded_in_jtag_master|altera_jtag_dc_streaming:normal.jtag_dc_streaming|altera_jtag_streaming:jtag_streaming|bypass_bit_counter[0]~13                                                                                          ; LCCOMB_X30_Y22_N12 ; 8       ; Clock enable               ; no     ; --                   ; --               ; --                        ;
; jtag_to_avalon_mst_brg_01:u_jtag_avmm|jtag_to_avalon_mst_brg_01_master_0:master_0|altera_avalon_st_jtag_interface:jtag_phy_embedded_in_jtag_master|altera_jtag_dc_streaming:normal.jtag_dc_streaming|altera_jtag_streaming:jtag_streaming|bypass_bit_counter~12                                                                                             ; LCCOMB_X31_Y22_N4  ; 8       ; Sync. load                 ; no     ; --                   ; --               ; --                        ;
; jtag_to_avalon_mst_brg_01:u_jtag_avmm|jtag_to_avalon_mst_brg_01_master_0:master_0|altera_avalon_st_jtag_interface:jtag_phy_embedded_in_jtag_master|altera_jtag_dc_streaming:normal.jtag_dc_streaming|altera_jtag_streaming:jtag_streaming|clock_sense_reset_n                                                                                               ; FF_X28_Y20_N11     ; 8       ; Async. clear               ; no     ; --                   ; --               ; --                        ;
; jtag_to_avalon_mst_brg_01:u_jtag_avmm|jtag_to_avalon_mst_brg_01_master_0:master_0|altera_avalon_st_jtag_interface:jtag_phy_embedded_in_jtag_master|altera_jtag_dc_streaming:normal.jtag_dc_streaming|altera_jtag_streaming:jtag_streaming|dr_control[0]~1                                                                                                   ; LCCOMB_X33_Y20_N4  ; 9       ; Clock enable               ; no     ; --                   ; --               ; --                        ;
; jtag_to_avalon_mst_brg_01:u_jtag_avmm|jtag_to_avalon_mst_brg_01_master_0:master_0|altera_avalon_st_jtag_interface:jtag_phy_embedded_in_jtag_master|altera_jtag_dc_streaming:normal.jtag_dc_streaming|altera_jtag_streaming:jtag_streaming|dr_data_in[1]~0                                                                                                   ; LCCOMB_X32_Y21_N26 ; 8       ; Clock enable               ; no     ; --                   ; --               ; --                        ;
; jtag_to_avalon_mst_brg_01:u_jtag_avmm|jtag_to_avalon_mst_brg_01_master_0:master_0|altera_avalon_st_jtag_interface:jtag_phy_embedded_in_jtag_master|altera_jtag_dc_streaming:normal.jtag_dc_streaming|altera_jtag_streaming:jtag_streaming|dr_data_out[0]~43                                                                                                 ; LCCOMB_X33_Y20_N12 ; 8       ; Clock enable               ; no     ; --                   ; --               ; --                        ;
; jtag_to_avalon_mst_brg_01:u_jtag_avmm|jtag_to_avalon_mst_brg_01_master_0:master_0|altera_avalon_st_jtag_interface:jtag_phy_embedded_in_jtag_master|altera_jtag_dc_streaming:normal.jtag_dc_streaming|altera_jtag_streaming:jtag_streaming|dr_debug[0]~1                                                                                                     ; LCCOMB_X33_Y20_N10 ; 2       ; Clock enable               ; no     ; --                   ; --               ; --                        ;
; jtag_to_avalon_mst_brg_01:u_jtag_avmm|jtag_to_avalon_mst_brg_01_master_0:master_0|altera_avalon_st_jtag_interface:jtag_phy_embedded_in_jtag_master|altera_jtag_dc_streaming:normal.jtag_dc_streaming|altera_jtag_streaming:jtag_streaming|dr_info[0]~12                                                                                                     ; LCCOMB_X33_Y20_N6  ; 8       ; Clock enable               ; no     ; --                   ; --               ; --                        ;
; jtag_to_avalon_mst_brg_01:u_jtag_avmm|jtag_to_avalon_mst_brg_01_master_0:master_0|altera_avalon_st_jtag_interface:jtag_phy_embedded_in_jtag_master|altera_jtag_dc_streaming:normal.jtag_dc_streaming|altera_jtag_streaming:jtag_streaming|header_in[14]~0                                                                                                   ; LCCOMB_X30_Y22_N2  ; 12      ; Clock enable               ; no     ; --                   ; --               ; --                        ;
; jtag_to_avalon_mst_brg_01:u_jtag_avmm|jtag_to_avalon_mst_brg_01_master_0:master_0|altera_avalon_st_jtag_interface:jtag_phy_embedded_in_jtag_master|altera_jtag_dc_streaming:normal.jtag_dc_streaming|altera_jtag_streaming:jtag_streaming|header_in_bit_counter[0]~5                                                                                        ; LCCOMB_X30_Y22_N16 ; 4       ; Clock enable               ; no     ; --                   ; --               ; --                        ;
; jtag_to_avalon_mst_brg_01:u_jtag_avmm|jtag_to_avalon_mst_brg_01_master_0:master_0|altera_avalon_st_jtag_interface:jtag_phy_embedded_in_jtag_master|altera_jtag_dc_streaming:normal.jtag_dc_streaming|altera_jtag_streaming:jtag_streaming|header_out_bit_counter[0]~1                                                                                       ; LCCOMB_X33_Y23_N18 ; 4       ; Clock enable               ; no     ; --                   ; --               ; --                        ;
; jtag_to_avalon_mst_brg_01:u_jtag_avmm|jtag_to_avalon_mst_brg_01_master_0:master_0|altera_avalon_st_jtag_interface:jtag_phy_embedded_in_jtag_master|altera_jtag_dc_streaming:normal.jtag_dc_streaming|altera_jtag_streaming:jtag_streaming|idle_remover_sink_data[0]~0                                                                                       ; LCCOMB_X30_Y21_N14 ; 9       ; Clock enable               ; no     ; --                   ; --               ; --                        ;
; jtag_to_avalon_mst_brg_01:u_jtag_avmm|jtag_to_avalon_mst_brg_01_master_0:master_0|altera_avalon_st_jtag_interface:jtag_phy_embedded_in_jtag_master|altera_jtag_dc_streaming:normal.jtag_dc_streaming|altera_jtag_streaming:jtag_streaming|padded_bit_counter[0]~2                                                                                           ; LCCOMB_X28_Y22_N20 ; 8       ; Clock enable               ; no     ; --                   ; --               ; --                        ;
; jtag_to_avalon_mst_brg_01:u_jtag_avmm|jtag_to_avalon_mst_brg_01_master_0:master_0|altera_avalon_st_jtag_interface:jtag_phy_embedded_in_jtag_master|altera_jtag_dc_streaming:normal.jtag_dc_streaming|altera_jtag_streaming:jtag_streaming|read_data_bit_counter[0]~1                                                                                        ; LCCOMB_X34_Y23_N8  ; 3       ; Clock enable               ; no     ; --                   ; --               ; --                        ;
; jtag_to_avalon_mst_brg_01:u_jtag_avmm|jtag_to_avalon_mst_brg_01_master_0:master_0|altera_avalon_st_jtag_interface:jtag_phy_embedded_in_jtag_master|altera_jtag_dc_streaming:normal.jtag_dc_streaming|altera_jtag_streaming:jtag_streaming|read_data_length[0]~1                                                                                             ; LCCOMB_X28_Y23_N8  ; 13      ; Clock enable               ; no     ; --                   ; --               ; --                        ;
; jtag_to_avalon_mst_brg_01:u_jtag_avmm|jtag_to_avalon_mst_brg_01_master_0:master_0|altera_avalon_st_jtag_interface:jtag_phy_embedded_in_jtag_master|altera_jtag_dc_streaming:normal.jtag_dc_streaming|altera_jtag_streaming:jtag_streaming|read_state~10                                                                                                     ; LCCOMB_X28_Y22_N28 ; 2       ; Clock enable               ; no     ; --                   ; --               ; --                        ;
; jtag_to_avalon_mst_brg_01:u_jtag_avmm|jtag_to_avalon_mst_brg_01_master_0:master_0|altera_avalon_st_jtag_interface:jtag_phy_embedded_in_jtag_master|altera_jtag_dc_streaming:normal.jtag_dc_streaming|altera_jtag_streaming:jtag_streaming|resetrequest~0                                                                                                    ; LCCOMB_X28_Y20_N4  ; 9       ; Clock enable               ; no     ; --                   ; --               ; --                        ;
; jtag_to_avalon_mst_brg_01:u_jtag_avmm|jtag_to_avalon_mst_brg_01_master_0:master_0|altera_avalon_st_jtag_interface:jtag_phy_embedded_in_jtag_master|altera_jtag_dc_streaming:normal.jtag_dc_streaming|altera_jtag_streaming:jtag_streaming|scan_length_byte_counter[0]~12                                                                                    ; LCCOMB_X28_Y23_N0  ; 19      ; Sync. load                 ; no     ; --                   ; --               ; --                        ;
; jtag_to_avalon_mst_brg_01:u_jtag_avmm|jtag_to_avalon_mst_brg_01_master_0:master_0|altera_avalon_st_jtag_interface:jtag_phy_embedded_in_jtag_master|altera_jtag_dc_streaming:normal.jtag_dc_streaming|altera_jtag_streaming:jtag_streaming|valid_write_data_length_byte_counter[0]~2                                                                         ; LCCOMB_X30_Y21_N8  ; 19      ; Clock enable               ; no     ; --                   ; --               ; --                        ;
; jtag_to_avalon_mst_brg_01:u_jtag_avmm|jtag_to_avalon_mst_brg_01_master_0:master_0|altera_avalon_st_jtag_interface:jtag_phy_embedded_in_jtag_master|altera_jtag_dc_streaming:normal.jtag_dc_streaming|altera_jtag_streaming:jtag_streaming|write_data_bit_counter[0]~1                                                                                       ; LCCOMB_X32_Y20_N28 ; 3       ; Clock enable               ; no     ; --                   ; --               ; --                        ;
; jtag_to_avalon_mst_brg_01:u_jtag_avmm|jtag_to_avalon_mst_brg_01_master_0:master_0|altera_avalon_st_jtag_interface:jtag_phy_embedded_in_jtag_master|altera_jtag_dc_streaming:normal.jtag_dc_streaming|altera_jtag_streaming:jtag_streaming|write_data_length[0]~1                                                                                            ; LCCOMB_X28_Y21_N22 ; 3       ; Clock enable               ; no     ; --                   ; --               ; --                        ;
; jtag_to_avalon_mst_brg_01:u_jtag_avmm|jtag_to_avalon_mst_brg_01_master_0:master_0|altera_avalon_st_jtag_interface:jtag_phy_embedded_in_jtag_master|altera_jtag_dc_streaming:normal.jtag_dc_streaming|altera_jtag_streaming:jtag_streaming|write_state~19                                                                                                    ; LCCOMB_X30_Y20_N24 ; 4       ; Clock enable               ; no     ; --                   ; --               ; --                        ;
; jtag_to_avalon_mst_brg_01:u_jtag_avmm|jtag_to_avalon_mst_brg_01_master_0:master_0|altera_avalon_st_jtag_interface:jtag_phy_embedded_in_jtag_master|altera_jtag_dc_streaming:normal.jtag_dc_streaming|altera_std_synchronizer:synchronizer|dreg[1]                                                                                                           ; FF_X35_Y23_N15     ; 41      ; Async. clear               ; no     ; --                   ; --               ; --                        ;
; jtag_to_avalon_mst_brg_01:u_jtag_avmm|jtag_to_avalon_mst_brg_01_master_0:master_0|altera_avalon_st_jtag_interface:jtag_phy_embedded_in_jtag_master|altera_jtag_sld_node:node|sld_virtual_jtag_basic:sld_virtual_jtag_component|virtual_state_sdr~0                                                                                                          ; LCCOMB_X35_Y22_N16 ; 53      ; Sync. load                 ; no     ; --                   ; --               ; --                        ;
; jtag_to_avalon_mst_brg_01:u_jtag_avmm|jtag_to_avalon_mst_brg_01_master_0:master_0|altera_avalon_st_packets_to_bytes:p2b|in_ready~2                                                                                                                                                                                                                          ; LCCOMB_X40_Y20_N14 ; 12      ; Clock enable               ; no     ; --                   ; --               ; --                        ;
; jtag_to_avalon_mst_brg_01:u_jtag_avmm|jtag_to_avalon_mst_brg_01_master_0:master_0|altera_reset_controller:rst_controller|altera_reset_synchronizer:alt_rst_sync_uq1|altera_reset_synchronizer_int_chain_out                                                                                                                                                 ; FF_X55_Y13_N25     ; 210     ; Async. clear               ; yes    ; Global Clock         ; GCLK19           ; --                        ;
; pipeline_rst_n~0                                                                                                                                                                                                                                                                                                                                            ; LCCOMB_X48_Y28_N6  ; 1690    ; Clock enable, Sync. clear  ; no     ; --                   ; --               ; --                        ;
; sld_hub:auto_hub|alt_sld_fab_with_jtag_input:\instrumentation_fabric_with_node_gen:fabric_gen_new_way:with_jtag_input_gen:instrumentation_fabric|alt_sld_fab:instrumentation_fabric|alt_sld_fab_alt_sld_fab:alt_sld_fab|alt_sld_fab_alt_sld_fab_sldfabric:sldfabric|sld_jtag_hub:\jtag_hub_gen:real_sld_jtag_hub|clr_reg                                    ; FF_X38_Y21_N29     ; 12      ; Async. clear               ; no     ; --                   ; --               ; --                        ;
; sld_hub:auto_hub|alt_sld_fab_with_jtag_input:\instrumentation_fabric_with_node_gen:fabric_gen_new_way:with_jtag_input_gen:instrumentation_fabric|alt_sld_fab:instrumentation_fabric|alt_sld_fab_alt_sld_fab:alt_sld_fab|alt_sld_fab_alt_sld_fab_sldfabric:sldfabric|sld_jtag_hub:\jtag_hub_gen:real_sld_jtag_hub|design_hash_proc~0                         ; LCCOMB_X42_Y18_N30 ; 4       ; Sync. load                 ; no     ; --                   ; --               ; --                        ;
; sld_hub:auto_hub|alt_sld_fab_with_jtag_input:\instrumentation_fabric_with_node_gen:fabric_gen_new_way:with_jtag_input_gen:instrumentation_fabric|alt_sld_fab:instrumentation_fabric|alt_sld_fab_alt_sld_fab:alt_sld_fab|alt_sld_fab_alt_sld_fab_sldfabric:sldfabric|sld_jtag_hub:\jtag_hub_gen:real_sld_jtag_hub|hub_info_reg_ena                           ; LCCOMB_X42_Y18_N4  ; 4       ; Clock enable               ; no     ; --                   ; --               ; --                        ;
; sld_hub:auto_hub|alt_sld_fab_with_jtag_input:\instrumentation_fabric_with_node_gen:fabric_gen_new_way:with_jtag_input_gen:instrumentation_fabric|alt_sld_fab:instrumentation_fabric|alt_sld_fab_alt_sld_fab:alt_sld_fab|alt_sld_fab_alt_sld_fab_sldfabric:sldfabric|sld_jtag_hub:\jtag_hub_gen:real_sld_jtag_hub|hub_info_reg_ena~0                         ; LCCOMB_X42_Y18_N20 ; 4       ; Clock enable               ; no     ; --                   ; --               ; --                        ;
; sld_hub:auto_hub|alt_sld_fab_with_jtag_input:\instrumentation_fabric_with_node_gen:fabric_gen_new_way:with_jtag_input_gen:instrumentation_fabric|alt_sld_fab:instrumentation_fabric|alt_sld_fab_alt_sld_fab:alt_sld_fab|alt_sld_fab_alt_sld_fab_sldfabric:sldfabric|sld_jtag_hub:\jtag_hub_gen:real_sld_jtag_hub|identity_contrib_shift_reg[0]~1            ; LCCOMB_X41_Y18_N26 ; 4       ; Clock enable               ; no     ; --                   ; --               ; --                        ;
; sld_hub:auto_hub|alt_sld_fab_with_jtag_input:\instrumentation_fabric_with_node_gen:fabric_gen_new_way:with_jtag_input_gen:instrumentation_fabric|alt_sld_fab:instrumentation_fabric|alt_sld_fab_alt_sld_fab:alt_sld_fab|alt_sld_fab_alt_sld_fab_sldfabric:sldfabric|sld_jtag_hub:\jtag_hub_gen:real_sld_jtag_hub|irf_reg[1][0]~0                            ; LCCOMB_X35_Y19_N14 ; 3       ; Clock enable               ; no     ; --                   ; --               ; --                        ;
; sld_hub:auto_hub|alt_sld_fab_with_jtag_input:\instrumentation_fabric_with_node_gen:fabric_gen_new_way:with_jtag_input_gen:instrumentation_fabric|alt_sld_fab:instrumentation_fabric|alt_sld_fab_alt_sld_fab:alt_sld_fab|alt_sld_fab_alt_sld_fab_sldfabric:sldfabric|sld_jtag_hub:\jtag_hub_gen:real_sld_jtag_hub|irsr_reg[2]~14                             ; LCCOMB_X35_Y21_N2  ; 3       ; Clock enable               ; no     ; --                   ; --               ; --                        ;
; sld_hub:auto_hub|alt_sld_fab_with_jtag_input:\instrumentation_fabric_with_node_gen:fabric_gen_new_way:with_jtag_input_gen:instrumentation_fabric|alt_sld_fab:instrumentation_fabric|alt_sld_fab_alt_sld_fab:alt_sld_fab|alt_sld_fab_alt_sld_fab_sldfabric:sldfabric|sld_jtag_hub:\jtag_hub_gen:real_sld_jtag_hub|mixer_addr_reg_internal[3]~12              ; LCCOMB_X38_Y21_N26 ; 5       ; Clock enable               ; no     ; --                   ; --               ; --                        ;
; sld_hub:auto_hub|alt_sld_fab_with_jtag_input:\instrumentation_fabric_with_node_gen:fabric_gen_new_way:with_jtag_input_gen:instrumentation_fabric|alt_sld_fab:instrumentation_fabric|alt_sld_fab_alt_sld_fab:alt_sld_fab|alt_sld_fab_alt_sld_fab_sldfabric:sldfabric|sld_jtag_hub:\jtag_hub_gen:real_sld_jtag_hub|mixer_addr_reg_internal[3]~19              ; LCCOMB_X41_Y18_N22 ; 5       ; Sync. load                 ; no     ; --                   ; --               ; --                        ;
; sld_hub:auto_hub|alt_sld_fab_with_jtag_input:\instrumentation_fabric_with_node_gen:fabric_gen_new_way:with_jtag_input_gen:instrumentation_fabric|alt_sld_fab:instrumentation_fabric|alt_sld_fab_alt_sld_fab:alt_sld_fab|alt_sld_fab_alt_sld_fab_sldfabric:sldfabric|sld_jtag_hub:\jtag_hub_gen:real_sld_jtag_hub|sld_rom_sr:hub_info_reg|WORD_SR[1]~14      ; LCCOMB_X38_Y21_N20 ; 4       ; Clock enable               ; no     ; --                   ; --               ; --                        ;
; sld_hub:auto_hub|alt_sld_fab_with_jtag_input:\instrumentation_fabric_with_node_gen:fabric_gen_new_way:with_jtag_input_gen:instrumentation_fabric|alt_sld_fab:instrumentation_fabric|alt_sld_fab_alt_sld_fab:alt_sld_fab|alt_sld_fab_alt_sld_fab_sldfabric:sldfabric|sld_jtag_hub:\jtag_hub_gen:real_sld_jtag_hub|sld_rom_sr:hub_info_reg|word_counter[4]~22 ; LCCOMB_X41_Y19_N6  ; 5       ; Sync. clear                ; no     ; --                   ; --               ; --                        ;
; sld_hub:auto_hub|alt_sld_fab_with_jtag_input:\instrumentation_fabric_with_node_gen:fabric_gen_new_way:with_jtag_input_gen:instrumentation_fabric|alt_sld_fab:instrumentation_fabric|alt_sld_fab_alt_sld_fab:alt_sld_fab|alt_sld_fab_alt_sld_fab_sldfabric:sldfabric|sld_jtag_hub:\jtag_hub_gen:real_sld_jtag_hub|sld_rom_sr:hub_info_reg|word_counter[4]~23 ; LCCOMB_X38_Y21_N14 ; 5       ; Clock enable               ; no     ; --                   ; --               ; --                        ;
; sld_hub:auto_hub|alt_sld_fab_with_jtag_input:\instrumentation_fabric_with_node_gen:fabric_gen_new_way:with_jtag_input_gen:instrumentation_fabric|alt_sld_fab:instrumentation_fabric|alt_sld_fab_alt_sld_fab:alt_sld_fab|alt_sld_fab_alt_sld_fab_sldfabric:sldfabric|sld_jtag_hub:\jtag_hub_gen:real_sld_jtag_hub|sld_shadow_jsm:shadow_jsm|state[0]         ; FF_X38_Y19_N25     ; 15      ; Async. clear               ; no     ; --                   ; --               ; --                        ;
; sld_hub:auto_hub|alt_sld_fab_with_jtag_input:\instrumentation_fabric_with_node_gen:fabric_gen_new_way:with_jtag_input_gen:instrumentation_fabric|alt_sld_fab:instrumentation_fabric|alt_sld_fab_alt_sld_fab:alt_sld_fab|alt_sld_fab_alt_sld_fab_sldfabric:sldfabric|sld_jtag_hub:\jtag_hub_gen:real_sld_jtag_hub|sld_shadow_jsm:shadow_jsm|state[11]        ; FF_X38_Y19_N27     ; 12      ; Clock enable               ; no     ; --                   ; --               ; --                        ;
; sld_hub:auto_hub|alt_sld_fab_with_jtag_input:\instrumentation_fabric_with_node_gen:fabric_gen_new_way:with_jtag_input_gen:instrumentation_fabric|alt_sld_fab:instrumentation_fabric|alt_sld_fab_alt_sld_fab:alt_sld_fab|alt_sld_fab_alt_sld_fab_sldfabric:sldfabric|sld_jtag_hub:\jtag_hub_gen:real_sld_jtag_hub|virtual_ir_dr_scan_proc~0                  ; LCCOMB_X38_Y19_N12 ; 3       ; Clock enable               ; no     ; --                   ; --               ; --                        ;
; sld_hub:auto_hub|alt_sld_fab_with_jtag_input:\instrumentation_fabric_with_node_gen:fabric_gen_new_way:with_jtag_input_gen:instrumentation_fabric|alt_sld_fab:instrumentation_fabric|alt_sld_fab_alt_sld_fab:alt_sld_fab|alt_sld_fab_alt_sld_fab_sldfabric:sldfabric|sld_jtag_hub:\jtag_hub_gen:real_sld_jtag_hub|virtual_ir_scan_reg                        ; FF_X39_Y19_N9      ; 45      ; Async. clear               ; no     ; --                   ; --               ; --                        ;
; sld_hub:auto_hub|alt_sld_fab_with_jtag_input:\instrumentation_fabric_with_node_gen:fabric_gen_new_way:with_jtag_input_gen:instrumentation_fabric|alt_sld_fab:instrumentation_fabric|alt_sld_fab_alt_sld_fab:alt_sld_fab|sldfabric_ident_writedata[0]~0                                                                                                      ; LCCOMB_X41_Y18_N28 ; 4       ; Clock enable               ; no     ; --                   ; --               ; --                        ;
+-------------------------------------------------------------------------------------------------------------------------------------------------------------------------------------------------------------------------------------------------------------------------------------------------------------------------------------------------------------+--------------------+---------+----------------------------+--------+----------------------+------------------+---------------------------+


+-----------------------------------------------------------------------------------------------------------------------------------------------------------------------------------------------------------------------------------------------------------------------------------------------------------------------------------------------------+
; Global & Other Fast Signals                                                                                                                                                                                                                                                                                                                         ;
+-------------------------------------------------------------------------------------------------------------------------------------------------------------------------------------------------------------+----------------+---------+--------------------------------------+----------------------+------------------+---------------------------+
; Name                                                                                                                                                                                                        ; Location       ; Fan-Out ; Fan-Out Using Intentional Clock Skew ; Global Resource Used ; Global Line Name ; Enable Signal Source Name ;
+-------------------------------------------------------------------------------------------------------------------------------------------------------------------------------------------------------------+----------------+---------+--------------------------------------+----------------------+------------------+---------------------------+
; CLOCK_50                                                                                                                                                                                                    ; PIN_J1         ; 3446    ; 0                                    ; Global Clock         ; GCLK2            ; --                        ;
; KEY0                                                                                                                                                                                                        ; PIN_Y2         ; 3       ; 0                                    ; Global Clock         ; GCLK4            ; --                        ;
; altera_internal_jtag~TCKUTAP                                                                                                                                                                                ; JTAG_X1_Y37_N0 ; 296     ; 0                                    ; Global Clock         ; GCLK0            ; --                        ;
; jtag_to_avalon_mst_brg_01:u_jtag_avmm|jtag_to_avalon_mst_brg_01_master_0:master_0|altera_reset_controller:rst_controller|altera_reset_synchronizer:alt_rst_sync_uq1|altera_reset_synchronizer_int_chain_out ; FF_X55_Y13_N25 ; 210     ; 0                                    ; Global Clock         ; GCLK19           ; --                        ;
+-------------------------------------------------------------------------------------------------------------------------------------------------------------------------------------------------------------+----------------+---------+--------------------------------------+----------------------+------------------+---------------------------+


+-------------------------------------------------------------------------------------+
; Non-Global High Fan-Out Signals                                                     ;
+---------------------------------------------------------------------------+---------+
; Name                                                                      ; Fan-Out ;
+---------------------------------------------------------------------------+---------+
; pipeline_rst_n~0                                                          ; 1690    ;
; fiveTuple_selftest_top:u_pipeline|fiveTuple_top:u_core|Mux4~0             ; 1205    ;
; fiveTuple_selftest_top:u_pipeline|fiveTuple_top:u_core|always6~0          ; 734     ;
; fiveTuple_selftest_top:u_pipeline|fiveTuple_top:u_core|Add82~3            ; 616     ;
; fiveTuple_selftest_top:u_pipeline|fiveTuple_top:u_core|pkt_buf_hdr[18][0] ; 598     ;
; fiveTuple_selftest_top:u_pipeline|fiveTuple_top:u_core|pkt_buf_hdr[18][1] ; 593     ;
; fiveTuple_selftest_top:u_pipeline|fiveTuple_top:u_core|Add82~2            ; 575     ;
; fiveTuple_selftest_top:u_pipeline|fiveTuple_top:u_core|pkt_buf_hdr[14][2] ; 528     ;
; fiveTuple_selftest_top:u_pipeline|fiveTuple_top:u_core|Equal0~6           ; 520     ;
+---------------------------------------------------------------------------+---------+


+--------------------------------------------------------------------------------------------------------------------------------------------------------------------------------------------------------------------------------------------------------------------------------------------------------------------------------------------------------------------------------------------------------------------------------------------------------------------------------------------------------------------------------------------------------------------------------------------------------------------------------------------------------------------------------------------------------------------------------------------------------------------------------------------------------------------------+
; Fitter RAM Summary                                                                                                                                                                                                                                                                                                                                                                                                                                                                                                                                                                                                                                                                                                                                                                                                       ;
+-----------------------------------------------------------------------------------------------------------------------------------------------------------------------------+------+------------------+--------------+--------------+--------------+--------------+--------------+------------------------+-------------------------+------------------------+-------------------------+-------+-----------------------------+-----------------------------+-----------------------------+-----------------------------+---------------------+------+------+--------------------------------------------------------------------------------------------------------------------------------+----------------------+------------------------+------------------------+----------+------------------------+---------------+
; Name                                                                                                                                                                        ; Type ; Mode             ; Clock Mode   ; Port A Depth ; Port A Width ; Port B Depth ; Port B Width ; Port A Input Registers ; Port A Output Registers ; Port B Input Registers ; Port B Output Registers ; Size  ; Implementation Port A Depth ; Implementation Port A Width ; Implementation Port B Depth ; Implementation Port B Width ; Implementation Bits ; M9Ks ; MIF  ; Location                                                                                                                       ; Mixed Width RDW Mode ; Port A RDW Mode        ; Port B RDW Mode        ; ECC Mode ; ECC Pipeline Registers ; Fits in MLABs ;
+-----------------------------------------------------------------------------------------------------------------------------------------------------------------------------+------+------------------+--------------+--------------+--------------+--------------+--------------+------------------------+-------------------------+------------------------+-------------------------+-------+-----------------------------+-----------------------------+-----------------------------+-----------------------------+---------------------+------+------+--------------------------------------------------------------------------------------------------------------------------------+----------------------+------------------------+------------------------+----------+------------------------+---------------+
; fiveTuple_selftest_top:u_pipeline|altsyncram:cap_word_rtl_0|altsyncram_5pj1:auto_generated|ALTSYNCRAM                                                                       ; AUTO ; Simple Dual Port ; Single Clock ; 256          ; 256          ; 256          ; 256          ; yes                    ; no                      ; yes                    ; no                      ; 65536 ; 256                         ; 256                         ; 256                         ; 256                         ; 65536               ; 8    ; None ; M9K_X64_Y34_N0, M9K_X64_Y33_N0, M9K_X64_Y35_N0, M9K_X64_Y32_N0, M9K_X64_Y28_N0, M9K_X64_Y25_N0, M9K_X64_Y26_N0, M9K_X64_Y24_N0 ; Old data             ; New data with NBE Read ; New data with NBE Read ; Off      ; No                     ; No - Unknown  ;
; fiveTuple_selftest_top:u_pipeline|altsyncram:tmpl_word_cp_rtl_0|altsyncram_5pj1:auto_generated|ALTSYNCRAM                                                                   ; AUTO ; Simple Dual Port ; Single Clock ; 256          ; 256          ; 256          ; 256          ; yes                    ; no                      ; yes                    ; no                      ; 65536 ; 256                         ; 256                         ; 256                         ; 256                         ; 65536               ; 8    ; None ; M9K_X64_Y31_N0, M9K_X64_Y30_N0, M9K_X64_Y29_N0, M9K_X64_Y27_N0, M9K_X51_Y28_N0, M9K_X51_Y25_N0, M9K_X51_Y27_N0, M9K_X51_Y24_N0 ; Old data             ; New data with NBE Read ; New data with NBE Read ; Off      ; No                     ; No - Unknown  ;
; fiveTuple_selftest_top:u_pipeline|altsyncram:tmpl_word_gen_rtl_0|altsyncram_5pj1:auto_generated|ALTSYNCRAM                                                                  ; AUTO ; Simple Dual Port ; Single Clock ; 256          ; 256          ; 256          ; 256          ; yes                    ; no                      ; yes                    ; no                      ; 65536 ; 256                         ; 256                         ; 256                         ; 256                         ; 65536               ; 8    ; None ; M9K_X51_Y36_N0, M9K_X51_Y37_N0, M9K_X51_Y33_N0, M9K_X51_Y34_N0, M9K_X51_Y32_N0, M9K_X51_Y35_N0, M9K_X51_Y30_N0, M9K_X51_Y31_N0 ; Old data             ; New data with NBE Read ; New data with NBE Read ; Off      ; No                     ; No - Unknown  ;
; fiveTuple_selftest_top:u_pipeline|fiveTuple_top:u_core|altsyncram:pkt_buf_payload_rtl_0|altsyncram_qkl1:auto_generated|ALTSYNCRAM                                           ; M9K  ; Simple Dual Port ; Single Clock ; 252          ; 256          ; 252          ; 256          ; yes                    ; no                      ; yes                    ; no                      ; 64512 ; 252                         ; 256                         ; 252                         ; 256                         ; 64512               ; 8    ; None ; M9K_X64_Y36_N0, M9K_X64_Y37_N0, M9K_X64_Y39_N0, M9K_X64_Y38_N0, M9K_X51_Y38_N0, M9K_X51_Y39_N0, M9K_X51_Y26_N0, M9K_X51_Y29_N0 ; Old data             ; New data with NBE Read ; New data with NBE Read ; Off      ; No                     ; No - Unknown  ;
; fiveTuple_selftest_top:u_pipeline|fiveTuple_top:u_core|altsyncram:pkt_keep_rtl_0|altsyncram_40h1:auto_generated|ALTSYNCRAM                                                  ; AUTO ; Simple Dual Port ; Single Clock ; 256          ; 32           ; 256          ; 32           ; yes                    ; no                      ; yes                    ; no                      ; 8192  ; 256                         ; 32                          ; 256                         ; 32                          ; 8192                ; 1    ; None ; M9K_X78_Y28_N0                                                                                                                 ; Old data             ; New data with NBE Read ; New data with NBE Read ; Off      ; No                     ; No - Unknown  ;
; jtag_to_avalon_mst_brg_01:u_jtag_avmm|jtag_to_avalon_mst_brg_01_master_0:master_0|altera_avalon_sc_fifo:fifo|altsyncram:mem_rtl_0|altsyncram_0qg1:auto_generated|ALTSYNCRAM ; AUTO ; Simple Dual Port ; Single Clock ; 64           ; 8            ; 64           ; 8            ; yes                    ; no                      ; yes                    ; yes                     ; 512   ; 64                          ; 8                           ; 64                          ; 8                           ; 512                 ; 1    ; None ; M9K_X37_Y20_N0                                                                                                                 ; Old data             ; New data with NBE Read ; New data with NBE Read ; Off      ; No                     ; No - Unknown  ;
+-----------------------------------------------------------------------------------------------------------------------------------------------------------------------------+------+------------------+--------------+--------------+--------------+--------------+--------------+------------------------+-------------------------+------------------------+-------------------------+-------+-----------------------------+-----------------------------+-----------------------------+-----------------------------+---------------------+------+------+--------------------------------------------------------------------------------------------------------------------------------+----------------------+------------------------+------------------------+----------+------------------------+---------------+
Note: Fitter may spread logical memories into multiple blocks to improve timing. The actual required RAM blocks can be found in the Fitter Resource Usage section.


+---------------------------------------------------+
; Routing Usage Summary                             ;
+-----------------------+---------------------------+
; Routing Resource Type ; Usage                     ;
+-----------------------+---------------------------+
; Block interconnects   ; 30,129 / 342,891 ( 9 % )  ;
; C16 interconnects     ; 822 / 10,120 ( 8 % )      ;
; C4 interconnects      ; 22,478 / 209,544 ( 11 % ) ;
; Direct links          ; 1,765 / 342,891 ( < 1 % ) ;
; Global clocks         ; 4 / 20 ( 20 % )           ;
; Local interconnects   ; 8,804 / 119,088 ( 7 % )   ;
; R24 interconnects     ; 1,121 / 9,963 ( 11 % )    ;
; R4 interconnects      ; 28,011 / 289,782 ( 10 % ) ;
+-----------------------+---------------------------+


+------------------------------------------------------------------------------+
; LAB Logic Elements                                                           ;
+---------------------------------------------+--------------------------------+
; Number of Logic Elements  (Average = 12.88) ; Number of LABs  (Total = 1318) ;
+---------------------------------------------+--------------------------------+
; 1                                           ; 118                            ;
; 2                                           ; 35                             ;
; 3                                           ; 22                             ;
; 4                                           ; 6                              ;
; 5                                           ; 13                             ;
; 6                                           ; 10                             ;
; 7                                           ; 7                              ;
; 8                                           ; 15                             ;
; 9                                           ; 17                             ;
; 10                                          ; 25                             ;
; 11                                          ; 24                             ;
; 12                                          ; 46                             ;
; 13                                          ; 46                             ;
; 14                                          ; 82                             ;
; 15                                          ; 190                            ;
; 16                                          ; 662                            ;
+---------------------------------------------+--------------------------------+


+---------------------------------------------------------------------+
; LAB-wide Signals                                                    ;
+------------------------------------+--------------------------------+
; LAB-wide Signals  (Average = 1.43) ; Number of LABs  (Total = 1318) ;
+------------------------------------+--------------------------------+
; 1 Async. clear                     ; 40                             ;
; 1 Clock                            ; 802                            ;
; 1 Clock enable                     ; 464                            ;
; 1 Sync. clear                      ; 89                             ;
; 1 Sync. load                       ; 238                            ;
; 2 Async. clears                    ; 1                              ;
; 2 Clock enables                    ; 246                            ;
; 2 Clocks                           ; 2                              ;
+------------------------------------+--------------------------------+


+-------------------------------------------------------------------------------+
; LAB Signals Sourced                                                           ;
+----------------------------------------------+--------------------------------+
; Number of Signals Sourced  (Average = 15.29) ; Number of LABs  (Total = 1318) ;
+----------------------------------------------+--------------------------------+
; 0                                            ; 1                              ;
; 1                                            ; 80                             ;
; 2                                            ; 61                             ;
; 3                                            ; 27                             ;
; 4                                            ; 17                             ;
; 5                                            ; 10                             ;
; 6                                            ; 13                             ;
; 7                                            ; 10                             ;
; 8                                            ; 11                             ;
; 9                                            ; 9                              ;
; 10                                           ; 18                             ;
; 11                                           ; 9                              ;
; 12                                           ; 19                             ;
; 13                                           ; 34                             ;
; 14                                           ; 41                             ;
; 15                                           ; 89                             ;
; 16                                           ; 300                            ;
; 17                                           ; 107                            ;
; 18                                           ; 101                            ;
; 19                                           ; 65                             ;
; 20                                           ; 65                             ;
; 21                                           ; 51                             ;
; 22                                           ; 44                             ;
; 23                                           ; 20                             ;
; 24                                           ; 19                             ;
; 25                                           ; 28                             ;
; 26                                           ; 19                             ;
; 27                                           ; 14                             ;
; 28                                           ; 11                             ;
; 29                                           ; 7                              ;
; 30                                           ; 7                              ;
; 31                                           ; 2                              ;
; 32                                           ; 9                              ;
+----------------------------------------------+--------------------------------+


+----------------------------------------------------------------------------------+
; LAB Signals Sourced Out                                                          ;
+-------------------------------------------------+--------------------------------+
; Number of Signals Sourced Out  (Average = 7.53) ; Number of LABs  (Total = 1318) ;
+-------------------------------------------------+--------------------------------+
; 0                                               ; 1                              ;
; 1                                               ; 130                            ;
; 2                                               ; 65                             ;
; 3                                               ; 45                             ;
; 4                                               ; 57                             ;
; 5                                               ; 100                            ;
; 6                                               ; 129                            ;
; 7                                               ; 122                            ;
; 8                                               ; 153                            ;
; 9                                               ; 117                            ;
; 10                                              ; 111                            ;
; 11                                              ; 85                             ;
; 12                                              ; 61                             ;
; 13                                              ; 48                             ;
; 14                                              ; 33                             ;
; 15                                              ; 21                             ;
; 16                                              ; 23                             ;
; 17                                              ; 4                              ;
; 18                                              ; 3                              ;
; 19                                              ; 2                              ;
; 20                                              ; 2                              ;
; 21                                              ; 2                              ;
; 22                                              ; 0                              ;
; 23                                              ; 1                              ;
; 24                                              ; 0                              ;
; 25                                              ; 0                              ;
; 26                                              ; 1                              ;
; 27                                              ; 0                              ;
; 28                                              ; 0                              ;
; 29                                              ; 2                              ;
+-------------------------------------------------+--------------------------------+


+-------------------------------------------------------------------------------+
; LAB Distinct Inputs                                                           ;
+----------------------------------------------+--------------------------------+
; Number of Distinct Inputs  (Average = 20.75) ; Number of LABs  (Total = 1318) ;
+----------------------------------------------+--------------------------------+
; 0                                            ; 0                              ;
; 1                                            ; 0                              ;
; 2                                            ; 13                             ;
; 3                                            ; 32                             ;
; 4                                            ; 59                             ;
; 5                                            ; 15                             ;
; 6                                            ; 27                             ;
; 7                                            ; 15                             ;
; 8                                            ; 16                             ;
; 9                                            ; 17                             ;
; 10                                           ; 25                             ;
; 11                                           ; 16                             ;
; 12                                           ; 17                             ;
; 13                                           ; 31                             ;
; 14                                           ; 34                             ;
; 15                                           ; 29                             ;
; 16                                           ; 43                             ;
; 17                                           ; 49                             ;
; 18                                           ; 43                             ;
; 19                                           ; 51                             ;
; 20                                           ; 71                             ;
; 21                                           ; 49                             ;
; 22                                           ; 71                             ;
; 23                                           ; 53                             ;
; 24                                           ; 47                             ;
; 25                                           ; 49                             ;
; 26                                           ; 43                             ;
; 27                                           ; 38                             ;
; 28                                           ; 53                             ;
; 29                                           ; 47                             ;
; 30                                           ; 54                             ;
; 31                                           ; 45                             ;
; 32                                           ; 48                             ;
; 33                                           ; 38                             ;
; 34                                           ; 28                             ;
; 35                                           ; 19                             ;
; 36                                           ; 21                             ;
; 37                                           ; 11                             ;
+----------------------------------------------+--------------------------------+


+------------------------------------------+
; I/O Rules Summary                        ;
+----------------------------------+-------+
; I/O Rules Statistic              ; Total ;
+----------------------------------+-------+
; Total I/O Rules                  ; 30    ;
; Number of I/O Rules Passed       ; 6     ;
; Number of I/O Rules Failed       ; 0     ;
; Number of I/O Rules Unchecked    ; 0     ;
; Number of I/O Rules Inapplicable ; 24    ;
+----------------------------------+-------+


+--------------------------------------------------------------------------------------------------------------------------------------------------------------------------------------------------------------------------------------------------------------------------------------+
; I/O Rules Details                                                                                                                                                                                                                                                                    ;
+--------------+-----------+-----------------------------------+------------------------------------------------------------------------------------------------------+----------+--------------------------------------------------------------------------+------+-------------------+
; Status       ; ID        ; Category                          ; Rule Description                                                                                     ; Severity ; Information                                                              ; Area ; Extra Information ;
+--------------+-----------+-----------------------------------+------------------------------------------------------------------------------------------------------+----------+--------------------------------------------------------------------------+------+-------------------+
; Inapplicable ; IO_000002 ; Capacity Checks                   ; Number of clocks in an I/O bank should not exceed the number of clocks available.                    ; Critical ; No Global Signal assignments found.                                      ; I/O  ;                   ;
; Inapplicable ; IO_000001 ; Capacity Checks                   ; Number of pins in an I/O bank should not exceed the number of locations available.                   ; Critical ; No Location assignments found.                                           ; I/O  ;                   ;
; Inapplicable ; IO_000003 ; Capacity Checks                   ; Number of pins in a Vrefgroup should not exceed the number of locations available.                   ; Critical ; No Location assignments found.                                           ; I/O  ;                   ;
; Inapplicable ; IO_000004 ; Voltage Compatibility Checks      ; The I/O bank should support the requested VCCIO.                                                     ; Critical ; No IOBANK_VCCIO assignments found.                                       ; I/O  ;                   ;
; Inapplicable ; IO_000005 ; Voltage Compatibility Checks      ; The I/O bank should not have competing VREF values.                                                  ; Critical ; No VREF I/O Standard assignments found.                                  ; I/O  ;                   ;
; Pass         ; IO_000006 ; Voltage Compatibility Checks      ; The I/O bank should not have competing VCCIO values.                                                 ; Critical ; 0 such failures found.                                                   ; I/O  ;                   ;
; Inapplicable ; IO_000007 ; Valid Location Checks             ; Checks for unavailable locations.                                                                    ; Critical ; No Location assignments found.                                           ; I/O  ;                   ;
; Inapplicable ; IO_000008 ; Valid Location Checks             ; Checks for reserved locations.                                                                       ; Critical ; No reserved LogicLock region found.                                      ; I/O  ;                   ;
; Inapplicable ; IO_000047 ; I/O Properties Checks for One I/O ; On Chip Termination and Slew Rate should not be used at the same time.                               ; Critical ; No Slew Rate assignments found.                                          ; I/O  ;                   ;
; Inapplicable ; IO_000046 ; I/O Properties Checks for One I/O ; The location should support the requested Slew Rate value.                                           ; Critical ; No Slew Rate assignments found.                                          ; I/O  ;                   ;
; Inapplicable ; IO_000045 ; I/O Properties Checks for One I/O ; The I/O standard should support the requested Slew Rate value.                                       ; Critical ; No Slew Rate assignments found.                                          ; I/O  ;                   ;
; Inapplicable ; IO_000027 ; I/O Properties Checks for One I/O ; Weak Pull Up and Bus Hold should not be used at the same time.                                       ; Critical ; No Enable Bus-Hold Circuitry or Weak Pull-Up Resistor assignments found. ; I/O  ;                   ;
; Inapplicable ; IO_000026 ; I/O Properties Checks for One I/O ; On Chip Termination and Current Strength should not be used at the same time.                        ; Critical ; No Current Strength or Termination assignments found.                    ; I/O  ;                   ;
; Inapplicable ; IO_000024 ; I/O Properties Checks for One I/O ; The I/O direction should support the On Chip Termination value.                                      ; Critical ; No Termination assignments found.                                        ; I/O  ;                   ;
; Inapplicable ; IO_000023 ; I/O Properties Checks for One I/O ; The I/O standard should support the Open Drain value.                                                ; Critical ; No open drain assignments found.                                         ; I/O  ;                   ;
; Inapplicable ; IO_000022 ; I/O Properties Checks for One I/O ; The I/O standard should support the requested Bus Hold value.                                        ; Critical ; No Enable Bus-Hold Circuitry assignments found.                          ; I/O  ;                   ;
; Inapplicable ; IO_000021 ; I/O Properties Checks for One I/O ; The I/O standard should support the requested Weak Pull Up value.                                    ; Critical ; No Weak Pull-Up Resistor assignments found.                              ; I/O  ;                   ;
; Pass         ; IO_000020 ; I/O Properties Checks for One I/O ; The I/O standard should support the requested PCI Clamp Diode.                                       ; Critical ; 0 such failures found.                                                   ; I/O  ;                   ;
; Inapplicable ; IO_000019 ; I/O Properties Checks for One I/O ; The I/O standard should support the requested On Chip Termination value.                             ; Critical ; No Termination assignments found.                                        ; I/O  ;                   ;
; Inapplicable ; IO_000018 ; I/O Properties Checks for One I/O ; The I/O standard should support the requested Current Strength.                                      ; Critical ; No Current Strength assignments found.                                   ; I/O  ;                   ;
; Pass         ; IO_000015 ; I/O Properties Checks for One I/O ; The location should support the requested PCI Clamp Diode.                                           ; Critical ; 0 such failures found.                                                   ; I/O  ;                   ;
; Inapplicable ; IO_000014 ; I/O Properties Checks for One I/O ; The location should support the requested Weak Pull Up value.                                        ; Critical ; No Weak Pull-Up Resistor assignments found.                              ; I/O  ;                   ;
; Inapplicable ; IO_000013 ; I/O Properties Checks for One I/O ; The location should support the requested Bus Hold value.                                            ; Critical ; No Enable Bus-Hold Circuitry assignments found.                          ; I/O  ;                   ;
; Inapplicable ; IO_000012 ; I/O Properties Checks for One I/O ; The location should support the requested On Chip Termination value.                                 ; Critical ; No Termination assignments found.                                        ; I/O  ;                   ;
; Inapplicable ; IO_000011 ; I/O Properties Checks for One I/O ; The location should support the requested Current Strength.                                          ; Critical ; No Current Strength assignments found.                                   ; I/O  ;                   ;
; Pass         ; IO_000010 ; I/O Properties Checks for One I/O ; The location should support the requested I/O direction.                                             ; Critical ; 0 such failures found.                                                   ; I/O  ;                   ;
; Pass         ; IO_000009 ; I/O Properties Checks for One I/O ; The location should support the requested I/O standard.                                              ; Critical ; 0 such failures found.                                                   ; I/O  ;                   ;
; Pass         ; IO_000033 ; Electromigration Checks           ; Current density for consecutive I/Os should not exceed 240mA for row I/Os and 240mA for column I/Os. ; Critical ; 0 such failures found.                                                   ; I/O  ;                   ;
; Inapplicable ; IO_000034 ; SI Related Distance Checks        ; Single-ended outputs should be 5 LAB row(s) away from a differential I/O.                            ; High     ; No Differential I/O Standard assignments found.                          ; I/O  ;                   ;
; Inapplicable ; IO_000042 ; SI Related SSO Limit Checks       ; No more than 20 outputs are allowed in a VREF group when VREF is being read from.                    ; High     ; No VREF I/O Standard assignments found.                                  ; I/O  ;                   ;
+--------------+-----------+-----------------------------------+------------------------------------------------------------------------------------------------------+----------+--------------------------------------------------------------------------+------+-------------------+


+---------------------------------------------------------------------------------------------------------------------------------------------------------------------------------------------------------------------------------------------------------------------------------------------------------------------------------------------------------------------------------------------------------------------------------------------------------------------------+
; I/O Rules Matrix                                                                                                                                                                                                                                                                                                                                                                                                                                                          ;
+---------------------+--------------+--------------+--------------+--------------+--------------+-----------+--------------+--------------+--------------+--------------+--------------+--------------+--------------+--------------+--------------+--------------+--------------+--------------+--------------+--------------+--------------+--------------+--------------+--------------+--------------+-----------+-----------+-----------+--------------+--------------+
; Pin/Rules           ; IO_000002    ; IO_000001    ; IO_000003    ; IO_000004    ; IO_000005    ; IO_000006 ; IO_000007    ; IO_000008    ; IO_000047    ; IO_000046    ; IO_000045    ; IO_000027    ; IO_000026    ; IO_000024    ; IO_000023    ; IO_000022    ; IO_000021    ; IO_000020    ; IO_000019    ; IO_000018    ; IO_000015    ; IO_000014    ; IO_000013    ; IO_000012    ; IO_000011    ; IO_000010 ; IO_000009 ; IO_000033 ; IO_000034    ; IO_000042    ;
+---------------------+--------------+--------------+--------------+--------------+--------------+-----------+--------------+--------------+--------------+--------------+--------------+--------------+--------------+--------------+--------------+--------------+--------------+--------------+--------------+--------------+--------------+--------------+--------------+--------------+--------------+-----------+-----------+-----------+--------------+--------------+
; Total Pass          ; 0            ; 0            ; 0            ; 0            ; 0            ; 6         ; 0            ; 0            ; 0            ; 0            ; 0            ; 0            ; 0            ; 0            ; 0            ; 0            ; 0            ; 2            ; 0            ; 0            ; 2            ; 0            ; 0            ; 0            ; 0            ; 6         ; 6         ; 6         ; 0            ; 0            ;
; Total Unchecked     ; 0            ; 0            ; 0            ; 0            ; 0            ; 0         ; 0            ; 0            ; 0            ; 0            ; 0            ; 0            ; 0            ; 0            ; 0            ; 0            ; 0            ; 0            ; 0            ; 0            ; 0            ; 0            ; 0            ; 0            ; 0            ; 0         ; 0         ; 0         ; 0            ; 0            ;
; Total Inapplicable  ; 6            ; 6            ; 6            ; 6            ; 6            ; 0         ; 6            ; 6            ; 6            ; 6            ; 6            ; 6            ; 6            ; 6            ; 6            ; 6            ; 6            ; 4            ; 6            ; 6            ; 4            ; 6            ; 6            ; 6            ; 6            ; 0         ; 0         ; 0         ; 6            ; 6            ;
; Total Fail          ; 0            ; 0            ; 0            ; 0            ; 0            ; 0         ; 0            ; 0            ; 0            ; 0            ; 0            ; 0            ; 0            ; 0            ; 0            ; 0            ; 0            ; 0            ; 0            ; 0            ; 0            ; 0            ; 0            ; 0            ; 0            ; 0         ; 0         ; 0         ; 0            ; 0            ;
; CLOCK_50            ; Inapplicable ; Inapplicable ; Inapplicable ; Inapplicable ; Inapplicable ; Pass      ; Inapplicable ; Inapplicable ; Inapplicable ; Inapplicable ; Inapplicable ; Inapplicable ; Inapplicable ; Inapplicable ; Inapplicable ; Inapplicable ; Inapplicable ; Pass         ; Inapplicable ; Inapplicable ; Pass         ; Inapplicable ; Inapplicable ; Inapplicable ; Inapplicable ; Pass      ; Pass      ; Pass      ; Inapplicable ; Inapplicable ;
; KEY0                ; Inapplicable ; Inapplicable ; Inapplicable ; Inapplicable ; Inapplicable ; Pass      ; Inapplicable ; Inapplicable ; Inapplicable ; Inapplicable ; Inapplicable ; Inapplicable ; Inapplicable ; Inapplicable ; Inapplicable ; Inapplicable ; Inapplicable ; Pass         ; Inapplicable ; Inapplicable ; Pass         ; Inapplicable ; Inapplicable ; Inapplicable ; Inapplicable ; Pass      ; Pass      ; Pass      ; Inapplicable ; Inapplicable ;
; altera_reserved_tms ; Inapplicable ; Inapplicable ; Inapplicable ; Inapplicable ; Inapplicable ; Pass      ; Inapplicable ; Inapplicable ; Inapplicable ; Inapplicable ; Inapplicable ; Inapplicable ; Inapplicable ; Inapplicable ; Inapplicable ; Inapplicable ; Inapplicable ; Inapplicable ; Inapplicable ; Inapplicable ; Inapplicable ; Inapplicable ; Inapplicable ; Inapplicable ; Inapplicable ; Pass      ; Pass      ; Pass      ; Inapplicable ; Inapplicable ;
; altera_reserved_tck ; Inapplicable ; Inapplicable ; Inapplicable ; Inapplicable ; Inapplicable ; Pass      ; Inapplicable ; Inapplicable ; Inapplicable ; Inapplicable ; Inapplicable ; Inapplicable ; Inapplicable ; Inapplicable ; Inapplicable ; Inapplicable ; Inapplicable ; Inapplicable ; Inapplicable ; Inapplicable ; Inapplicable ; Inapplicable ; Inapplicable ; Inapplicable ; Inapplicable ; Pass      ; Pass      ; Pass      ; Inapplicable ; Inapplicable ;
; altera_reserved_tdi ; Inapplicable ; Inapplicable ; Inapplicable ; Inapplicable ; Inapplicable ; Pass      ; Inapplicable ; Inapplicable ; Inapplicable ; Inapplicable ; Inapplicable ; Inapplicable ; Inapplicable ; Inapplicable ; Inapplicable ; Inapplicable ; Inapplicable ; Inapplicable ; Inapplicable ; Inapplicable ; Inapplicable ; Inapplicable ; Inapplicable ; Inapplicable ; Inapplicable ; Pass      ; Pass      ; Pass      ; Inapplicable ; Inapplicable ;
; altera_reserved_tdo ; Inapplicable ; Inapplicable ; Inapplicable ; Inapplicable ; Inapplicable ; Pass      ; Inapplicable ; Inapplicable ; Inapplicable ; Inapplicable ; Inapplicable ; Inapplicable ; Inapplicable ; Inapplicable ; Inapplicable ; Inapplicable ; Inapplicable ; Inapplicable ; Inapplicable ; Inapplicable ; Inapplicable ; Inapplicable ; Inapplicable ; Inapplicable ; Inapplicable ; Pass      ; Pass      ; Pass      ; Inapplicable ; Inapplicable ;
+---------------------+--------------+--------------+--------------+--------------+--------------+-----------+--------------+--------------+--------------+--------------+--------------+--------------+--------------+--------------+--------------+--------------+--------------+--------------+--------------+--------------+--------------+--------------+--------------+--------------+--------------+-----------+-----------+-----------+--------------+--------------+


+---------------------------------------------------------------------------------------------+
; Fitter Device Options                                                                       ;
+------------------------------------------------------------------+--------------------------+
; Option                                                           ; Setting                  ;
+------------------------------------------------------------------+--------------------------+
; Enable user-supplied start-up clock (CLKUSR)                     ; Off                      ;
; Enable device-wide reset (DEV_CLRn)                              ; Off                      ;
; Enable device-wide output enable (DEV_OE)                        ; Off                      ;
; Enable INIT_DONE output                                          ; Off                      ;
; Configuration scheme                                             ; Active Serial            ;
; Error detection CRC                                              ; Off                      ;
; Enable open drain on CRC_ERROR pin                               ; Off                      ;
; Enable input tri-state on active configuration pins in user mode ; Off                      ;
; Configuration Voltage Level                                      ; Auto                     ;
; Force Configuration Voltage Level                                ; Off                      ;
; nCEO                                                             ; As output driving ground ;
; Data[0]                                                          ; As input tri-stated      ;
; Data[1]/ASDO                                                     ; As input tri-stated      ;
; Data[7..2]                                                       ; Unreserved               ;
; FLASH_nCE/nCSO                                                   ; As input tri-stated      ;
; Other Active Parallel pins                                       ; Unreserved               ;
; DCLK                                                             ; As output driving ground ;
+------------------------------------------------------------------+--------------------------+


+------------------------------------+
; Operating Settings and Conditions  ;
+---------------------------+--------+
; Setting                   ; Value  ;
+---------------------------+--------+
; Nominal Core Voltage      ; 1.20 V ;
; Low Junction Temperature  ; 0 °C   ;
; High Junction Temperature ; 85 °C  ;
+---------------------------+--------+


+-----------------+
; Fitter Messages ;
+-----------------+
Warning (18236): Number of processors has not been specified which may cause overloading on shared machines.  Set the global assignment NUM_PARALLEL_PROCESSORS in your QSF to an appropriate value for best performance.
Info (20030): Parallel compilation is enabled and will use 10 of the 10 processors detected
Info (119006): Selected device EP4CE115F29C7 for design "de2_115_setup"
Info (21077): Low junction temperature is 0 degrees C
Info (21077): High junction temperature is 85 degrees C
Info (171003): Fitter is performing an Auto Fit compilation, which may decrease Fitter effort to reduce compilation time
Warning (292013): Feature LogicLock is only available with a valid subscription license. You can purchase a software subscription to gain full access to this feature.
Info (176444): Device migration not selected. If you intend to use device migration later, you may need to change the pin assignments as they may be incompatible with other devices
    Info (176445): Device EP4CE40F29C7 is compatible
    Info (176445): Device EP4CE40F29I7 is compatible
    Info (176445): Device EP4CE30F29C7 is compatible
    Info (176445): Device EP4CE30F29I7 is compatible
    Info (176445): Device EP4CE55F29C7 is compatible
    Info (176445): Device EP4CE55F29I7 is compatible
    Info (176445): Device EP4CE75F29C7 is compatible
    Info (176445): Device EP4CE75F29I7 is compatible
    Info (176445): Device EP4CE115F29I7 is compatible
Info (169124): Fitter converted 5 user pins into dedicated programming pins
    Info (169125): Pin ~ALTERA_ASDO_DATA1~ is reserved at location F4
    Info (169125): Pin ~ALTERA_FLASH_nCE_nCSO~ is reserved at location E2
    Info (169125): Pin ~ALTERA_DCLK~ is reserved at location P3
    Info (169125): Pin ~ALTERA_DATA0~ is reserved at location N7
    Info (169125): Pin ~ALTERA_nCEO~ is reserved at location P28
Warning (15714): Some pins have incomplete I/O assignments. Refer to the I/O Assignment Warnings report for details
Info (176045): Design uses memory blocks. Violating setup or hold times of memory block address registers for either read or write operations could cause memory contents to be corrupted. Make sure that all memory block address registers meet the setup and hold time requirements.
Critical Warning (169085): No exact pin location assignment(s) for 2 pins of 2 total pins. For the list of pins please refer to the I/O Assignment Warnings table in the fitter report.
Info (332164): Evaluating HDL-embedded SDC commands
    Info (332165): Entity altera_std_synchronizer
        Info (332166): set_false_path -to [get_keepers {*altera_std_synchronizer:*|din_s1}]
    Info (332165): Entity sld_hub
        Info (332166): create_clock -name altera_reserved_tck [get_ports {altera_reserved_tck}] -period 10MHz   
        Info (332166): set_clock_groups -asynchronous -group {altera_reserved_tck}
Info (332104): Reading SDC File: 'jtag_to_avalon_mst_brg_01/synthesis/submodules/altera_reset_controller.sdc'
Info (332104): Reading SDC File: 'jtag_to_avalon_mst_brg_01/synthesis/submodules/altera_avalon_st_jtag_interface.sdc'
Info (332104): Reading SDC File: '/media/nisitha/My_Passport/MOODLE/P4_Networking/Compiler_design/quartus_setup/de2_115_setup/db/ip/jtag_to_avalon_mst_brg_01/submodules/altera_avalon_st_jtag_interface.sdc'
Info (332104): Reading SDC File: '/media/nisitha/My_Passport/MOODLE/P4_Networking/Compiler_design/quartus_setup/de2_115_setup/db/ip/jtag_to_avalon_mst_brg_01/submodules/altera_reset_controller.sdc'
Warning (332060): Node: CLOCK_50 was determined to be a clock but was found without an associated clock assignment.
    Info (13166): Register jtag_to_avalon_mst_brg_01:u_jtag_avmm|jtag_to_avalon_mst_brg_01_master_0:master_0|altera_reset_controller:rst_controller|altera_reset_synchronizer:alt_rst_sync_uq1|altera_reset_synchronizer_int_chain_out is being clocked by CLOCK_50
Critical Warning (332168): The following clock transfers have no clock uncertainty assignment. For more accurate results, apply clock uncertainty assignments or use the derive_clock_uncertainty command.
    Critical Warning (332169): From altera_reserved_tck (Rise) to altera_reserved_tck (Rise) (setup and hold)
    Critical Warning (332169): From altera_reserved_tck (Rise) to altera_reserved_tck (Fall) (setup and hold)
Info (332129): Detected timing requirements -- optimizing circuit to achieve only the specified requirements
Info (332111): Found 1 clocks
    Info (332111):   Period   Clock Name
    Info (332111): ======== ============
    Info (332111):  100.000 altera_reserved_tck
Info (176353): Automatically promoted node CLOCK_50~input (placed in PIN J1 (CLK1, DIFFCLK_0n)) File: /media/nisitha/My_Passport/MOODLE/P4_Networking/Compiler_design/p4_to_rtl/generated/fiveTuple/board/de2115_fiveTuple_top.sv Line: 58
    Info (176355): Automatically promoted destinations to use location or clock signal Global Clock CLKCTRL_G2
Info (176353): Automatically promoted node altera_internal_jtag~TCKUTAP 
    Info (176355): Automatically promoted destinations to use location or clock signal Global Clock
Info (176353): Automatically promoted node KEY0~input (placed in PIN Y2 (CLK2, DIFFCLK_1p)) File: /media/nisitha/My_Passport/MOODLE/P4_Networking/Compiler_design/p4_to_rtl/generated/fiveTuple/board/de2115_fiveTuple_top.sv Line: 65
    Info (176355): Automatically promoted destinations to use location or clock signal Global Clock CLKCTRL_G4
    Info (176356): Following destination nodes may be non-global or may not use global or regional clocks
        Info (176357): Destination node avmm_axil_lite_bridge:u_bridge|avs_readdata~0 File: /media/nisitha/My_Passport/MOODLE/P4_Networking/Compiler_design/p4_to_rtl/rtl/common/avmm_axil_lite_bridge.sv Line: 53
        Info (176357): Destination node avmm_axil_lite_bridge:u_bridge|avs_readdata[15]~1 File: /media/nisitha/My_Passport/MOODLE/P4_Networking/Compiler_design/p4_to_rtl/rtl/common/avmm_axil_lite_bridge.sv Line: 113
        Info (176357): Destination node pipeline_rst_n~0 File: /media/nisitha/My_Passport/MOODLE/P4_Networking/Compiler_design/p4_to_rtl/generated/fiveTuple/board/de2115_fiveTuple_top.sv Line: 100
        Info (176357): Destination node avmm_axil_lite_bridge:u_bridge|avs_readdata~2 File: /media/nisitha/My_Passport/MOODLE/P4_Networking/Compiler_design/p4_to_rtl/rtl/common/avmm_axil_lite_bridge.sv Line: 53
        Info (176357): Destination node avmm_axil_lite_bridge:u_bridge|avs_readdata~3 File: /media/nisitha/My_Passport/MOODLE/P4_Networking/Compiler_design/p4_to_rtl/rtl/common/avmm_axil_lite_bridge.sv Line: 53
        Info (176357): Destination node avmm_axil_lite_bridge:u_bridge|avs_readdata~4 File: /media/nisitha/My_Passport/MOODLE/P4_Networking/Compiler_design/p4_to_rtl/rtl/common/avmm_axil_lite_bridge.sv Line: 53
        Info (176357): Destination node avmm_axil_lite_bridge:u_bridge|avs_readdata~5 File: /media/nisitha/My_Passport/MOODLE/P4_Networking/Compiler_design/p4_to_rtl/rtl/common/avmm_axil_lite_bridge.sv Line: 53
        Info (176357): Destination node avmm_axil_lite_bridge:u_bridge|avs_readdata~6 File: /media/nisitha/My_Passport/MOODLE/P4_Networking/Compiler_design/p4_to_rtl/rtl/common/avmm_axil_lite_bridge.sv Line: 53
        Info (176357): Destination node avmm_axil_lite_bridge:u_bridge|avs_readdata~7 File: /media/nisitha/My_Passport/MOODLE/P4_Networking/Compiler_design/p4_to_rtl/rtl/common/avmm_axil_lite_bridge.sv Line: 53
        Info (176357): Destination node avmm_axil_lite_bridge:u_bridge|avs_readdata~8 File: /media/nisitha/My_Passport/MOODLE/P4_Networking/Compiler_design/p4_to_rtl/rtl/common/avmm_axil_lite_bridge.sv Line: 53
        Info (176358): Non-global destination nodes limited to 10 nodes
Info (176353): Automatically promoted node jtag_to_avalon_mst_brg_01:u_jtag_avmm|jtag_to_avalon_mst_brg_01_master_0:master_0|altera_reset_controller:rst_controller|altera_reset_synchronizer:alt_rst_sync_uq1|altera_reset_synchronizer_int_chain_out  File: /media/nisitha/My_Passport/MOODLE/P4_Networking/Compiler_design/quartus_setup/de2_115_setup/jtag_to_avalon_mst_brg_01/synthesis/submodules/altera_reset_synchronizer.v Line: 62
    Info (176355): Automatically promoted destinations to use location or clock signal Global Clock
    Info (176356): Following destination nodes may be non-global or may not use global or regional clocks
        Info (176357): Destination node jtag_to_avalon_mst_brg_01:u_jtag_avmm|jtag_to_avalon_mst_brg_01_master_0:master_0|altera_avalon_st_jtag_interface:jtag_phy_embedded_in_jtag_master|altera_jtag_dc_streaming:normal.jtag_dc_streaming|altera_jtag_streaming:jtag_streaming|altera_std_synchronizer:reset_to_sample_synchronizer|din_s1 File: /data/intelFPGA_lite/25.1std/quartus/libraries/megafunctions/altera_std_synchronizer.v Line: 45
Info (176233): Starting register packing
Info (176235): Finished register packing
    Extra Info (176218): Packed 8 registers into blocks of type Block RAM
Info (171121): Fitter preparation operations ending: elapsed time is 00:00:10
Info (14896): Fitter has disabled Advanced Physical Optimization because it is not supported for the current family.
Info (170189): Fitter placement preparation operations beginning
Info (170190): Fitter placement preparation operations ending: elapsed time is 00:00:02
Info (170191): Fitter placement operations beginning
Info (170137): Fitter placement was successful
Info (170192): Fitter placement operations ending: elapsed time is 00:00:03
Info (170193): Fitter routing operations beginning
Info (170195): Router estimated average interconnect usage is 9% of the available device resources
    Info (170196): Router estimated peak interconnect usage is 62% of the available device resources in the region that extends from location X34_Y24 to location X45_Y36
Info (170199): The Fitter performed an Auto Fit compilation.  Optimizations were skipped to reduce compilation time.
    Info (170201): Optimizations that may affect the design's routability were skipped
    Info (170200): Optimizations that may affect the design's timing were skipped
Info (170194): Fitter routing operations ending: elapsed time is 00:00:06
Info (11888): Total time spent on timing analysis during the Fitter is 1.09 seconds.
Info (334003): Started post-fitting delay annotation
Info (334004): Delay annotation completed successfully
Info (334003): Started post-fitting delay annotation
Info (334004): Delay annotation completed successfully
Info (11218): Fitter post-fit operations ending: elapsed time is 00:00:04
Info (144001): Generated suppressed messages file /media/nisitha/My_Passport/MOODLE/P4_Networking/Compiler_design/quartus_setup/de2_115_setup/output_files/de2_115_setup.fit.smsg
Info: Quartus Prime Fitter was successful. 0 errors, 8 warnings
    Info: Peak virtual memory: 1899 megabytes
    Info: Processing ended: Thu Aug 27 10:28:25 2026
    Info: Elapsed time: 00:00:37
    Info: Total CPU time (on all processors): 00:01:01


+----------------------------+
; Fitter Suppressed Messages ;
+----------------------------+
The suppressed messages can be found in /media/nisitha/My_Passport/MOODLE/P4_Networking/Compiler_design/quartus_setup/de2_115_setup/output_files/de2_115_setup.fit.smsg.


