Analysis & Synthesis report for fiveTuple
Wed Oct  7 15:07:17 2026
Quartus Prime Version 25.1std.0 Build 1129 10/21/2025 SC Lite Edition


---------------------
; Table of Contents ;
---------------------
  1. Legal Notice
  2. Analysis & Synthesis Summary
  3. Analysis & Synthesis Settings
  4. Parallel Compilation
  5. Analysis & Synthesis Source Files Read
  6. Analysis & Synthesis Resource Usage Summary
  7. Analysis & Synthesis Resource Utilization by Entity
  8. Analysis & Synthesis RAM Summary
  9. State Machine - |fiveTuple_top|axil_st
 10. Registers Removed During Synthesis
 11. Removed Registers Triggering Further Register Optimizations
 12. General Register Statistics
 13. Inverted Register Statistics
 14. Registers Packed Into Inferred Megafunctions
 15. Registers Added for RAM Pass-Through Logic
 16. Multiplexer Restructuring Statistics (Restructuring Performed)
 17. Source assignments for processing_generated:u_proc
 18. Source assignments for pkt_beat_buf:g_pfifo[0].u_pbuf|altsyncram:mem_rtl_0|altsyncram_hvi1:auto_generated
 19. Source assignments for pkt_beat_buf:g_pfifo[1].u_pbuf|altsyncram:mem_rtl_0|altsyncram_hvi1:auto_generated
 20. Source assignments for pkt_beat_buf:g_pfifo[2].u_pbuf|altsyncram:mem_rtl_0|altsyncram_hvi1:auto_generated
 21. Source assignments for pkt_beat_buf:g_pfifo[3].u_pbuf|altsyncram:mem_rtl_0|altsyncram_hvi1:auto_generated
 22. Source assignments for processing_generated:u_proc|FiveTuple_table:u_FiveTuple|altsyncram:mem_action_rtl_0|altsyncram_nkq1:auto_generated
 23. Source assignments for processing_generated:u_proc|FiveTuple_table:u_FiveTuple|altsyncram:mem_key_src_rtl_0|altsyncram_vnq1:auto_generated
 24. Source assignments for processing_generated:u_proc|FiveTuple_table:u_FiveTuple|altsyncram:mem_key_dst_rtl_0|altsyncram_vnq1:auto_generated
 25. Source assignments for processing_generated:u_proc|FiveTuple_table:u_FiveTuple|altsyncram:mem_key_protocol_rtl_0|altsyncram_5lq1:auto_generated
 26. Source assignments for processing_generated:u_proc|FiveTuple_table:u_FiveTuple|altsyncram:mem_key_table_key_sport_rtl_0|altsyncram_3oq1:auto_generated
 27. Source assignments for processing_generated:u_proc|FiveTuple_table:u_FiveTuple|altsyncram:mem_key_table_key_dport_rtl_0|altsyncram_3oq1:auto_generated
 28. Source assignments for processing_generated:u_proc|FiveTuple_table:u_FiveTuple|altsyncram:mem_valid_rtl_0|altsyncram_ajc1:auto_generated
 29. Source assignments for processing_generated:u_proc|FiveTuple_table:u_FiveTuple|altsyncram:mem_p_counter_index_rtl_0|altsyncram_tnq1:auto_generated
 30. Source assignments for processing_generated:u_proc|FiveTuple_table:u_FiveTuple|altsyncram:mem_p_pcp_rtl_0|altsyncram_rkq1:auto_generated
 31. Source assignments for processing_generated:u_proc|FiveTuple_table:u_FiveTuple|altsyncram:mem_p_cfi_rtl_0|altsyncram_nkq1:auto_generated
 32. Source assignments for processing_generated:u_proc|FiveTuple_table:u_FiveTuple|altsyncram:mem_p_vid_rtl_0|altsyncram_rnq1:auto_generated
 33. Source assignments for PacketCounter_counter:u_PacketCounter|altsyncram:pkt_mem_rtl_0|altsyncram_9oq1:auto_generated
 34. Source assignments for ByteCounter_counter:u_ByteCounter|altsyncram:byte_mem_rtl_0|altsyncram_9oq1:auto_generated
 35. Parameter Settings for User Entity Instance: Top-level Entity: |fiveTuple_top
 36. Parameter Settings for User Entity Instance: pkt_beat_buf:g_pfifo[0].u_pbuf
 37. Parameter Settings for User Entity Instance: pkt_beat_buf:g_pfifo[1].u_pbuf
 38. Parameter Settings for User Entity Instance: pkt_beat_buf:g_pfifo[2].u_pbuf
 39. Parameter Settings for User Entity Instance: pkt_beat_buf:g_pfifo[3].u_pbuf
 40. Parameter Settings for User Entity Instance: processing_generated:u_proc|FiveTuple_table:u_FiveTuple
 41. Parameter Settings for User Entity Instance: PacketCounter_counter:u_PacketCounter
 42. Parameter Settings for User Entity Instance: ByteCounter_counter:u_ByteCounter
 43. Parameter Settings for Inferred Entity Instance: pkt_beat_buf:g_pfifo[0].u_pbuf|altsyncram:mem_rtl_0
 44. Parameter Settings for Inferred Entity Instance: pkt_beat_buf:g_pfifo[1].u_pbuf|altsyncram:mem_rtl_0
 45. Parameter Settings for Inferred Entity Instance: pkt_beat_buf:g_pfifo[2].u_pbuf|altsyncram:mem_rtl_0
 46. Parameter Settings for Inferred Entity Instance: pkt_beat_buf:g_pfifo[3].u_pbuf|altsyncram:mem_rtl_0
 47. Parameter Settings for Inferred Entity Instance: processing_generated:u_proc|FiveTuple_table:u_FiveTuple|altsyncram:mem_action_rtl_0
 48. Parameter Settings for Inferred Entity Instance: processing_generated:u_proc|FiveTuple_table:u_FiveTuple|altsyncram:mem_key_src_rtl_0
 49. Parameter Settings for Inferred Entity Instance: processing_generated:u_proc|FiveTuple_table:u_FiveTuple|altsyncram:mem_key_dst_rtl_0
 50. Parameter Settings for Inferred Entity Instance: processing_generated:u_proc|FiveTuple_table:u_FiveTuple|altsyncram:mem_key_protocol_rtl_0
 51. Parameter Settings for Inferred Entity Instance: processing_generated:u_proc|FiveTuple_table:u_FiveTuple|altsyncram:mem_key_table_key_sport_rtl_0
 52. Parameter Settings for Inferred Entity Instance: processing_generated:u_proc|FiveTuple_table:u_FiveTuple|altsyncram:mem_key_table_key_dport_rtl_0
 53. Parameter Settings for Inferred Entity Instance: processing_generated:u_proc|FiveTuple_table:u_FiveTuple|altsyncram:mem_valid_rtl_0
 54. Parameter Settings for Inferred Entity Instance: processing_generated:u_proc|FiveTuple_table:u_FiveTuple|altsyncram:mem_p_counter_index_rtl_0
 55. Parameter Settings for Inferred Entity Instance: processing_generated:u_proc|FiveTuple_table:u_FiveTuple|altsyncram:mem_p_pcp_rtl_0
 56. Parameter Settings for Inferred Entity Instance: processing_generated:u_proc|FiveTuple_table:u_FiveTuple|altsyncram:mem_p_cfi_rtl_0
 57. Parameter Settings for Inferred Entity Instance: processing_generated:u_proc|FiveTuple_table:u_FiveTuple|altsyncram:mem_p_vid_rtl_0
 58. Parameter Settings for Inferred Entity Instance: PacketCounter_counter:u_PacketCounter|altsyncram:pkt_mem_rtl_0
 59. Parameter Settings for Inferred Entity Instance: ByteCounter_counter:u_ByteCounter|altsyncram:byte_mem_rtl_0
 60. altsyncram Parameter Settings by Entity Instance
 61. Port Connectivity Checks: "processing_generated:u_proc"
 62. Port Connectivity Checks: "pkt_beat_buf:g_pfifo[3].u_pbuf"
 63. Port Connectivity Checks: "pkt_beat_buf:g_pfifo[2].u_pbuf"
 64. Port Connectivity Checks: "pkt_beat_buf:g_pfifo[1].u_pbuf"
 65. Port Connectivity Checks: "pkt_beat_buf:g_pfifo[0].u_pbuf"
 66. Post-Synthesis Netlist Statistics for Top Partition
 67. Elapsed Time Per Partition
 68. Analysis & Synthesis Messages
 69. Analysis & Synthesis Suppressed Messages



----------------
; Legal Notice ;
----------------
Copyright (C) 2025  Altera Corporation. All rights reserved.
Your use of Altera Corporation's design tools, logic functions 
and other software and tools, and any partner logic 
functions, and any output files from any of the foregoing 
(including device programming or simulation files), and any 
associated documentation or information are expressly subject 
to the terms and conditions of the Altera Program License 
Subscription Agreement, the Altera Quartus Prime License Agreement,
the Altera IP License Agreement, or other applicable license
agreement, including, without limitation, that your use is for
the sole purpose of programming logic devices manufactured by
Altera and sold by Altera or its authorized distributors.  Please
refer to the Altera Software License Subscription Agreements 
on the Quartus Prime software download page.



+--------------------------------------------------------------------------------------+
; Analysis & Synthesis Summary                                                         ;
+------------------------------------+-------------------------------------------------+
; Analysis & Synthesis Status        ; Successful - Wed Oct  7 15:07:16 2026           ;
; Quartus Prime Version              ; 25.1std.0 Build 1129 10/21/2025 SC Lite Edition ;
; Revision Name                      ; fiveTuple                                       ;
; Top-level Entity Name              ; fiveTuple_top                                   ;
; Family                             ; Cyclone IV E                                    ;
; Total logic elements               ; 51,562                                          ;
;     Total combinational functions  ; 40,343                                          ;
;     Dedicated logic registers      ; 22,247                                          ;
; Total registers                    ; 22247                                           ;
; Total pins                         ; 698                                             ;
; Total virtual pins                 ; 0                                               ;
; Total memory bits                  ; 2,416,640                                       ;
; Embedded Multiplier 9-bit elements ; 0                                               ;
; Total PLLs                         ; 0                                               ;
+------------------------------------+-------------------------------------------------+


+------------------------------------------------------------------------------------------------------------+
; Analysis & Synthesis Settings                                                                              ;
+------------------------------------------------------------------+--------------------+--------------------+
; Option                                                           ; Setting            ; Default Value      ;
+------------------------------------------------------------------+--------------------+--------------------+
; Device                                                           ; EP4CE115F29C7      ;                    ;
; Top-level entity name                                            ; fiveTuple_top      ; fiveTuple          ;
; Family name                                                      ; Cyclone IV E       ; Cyclone V          ;
; Use smart compilation                                            ; Off                ; Off                ;
; Enable parallel Assembler and Timing Analyzer during compilation ; On                 ; On                 ;
; Enable compact report table                                      ; Off                ; Off                ;
; Restructure Multiplexers                                         ; Auto               ; Auto               ;
; Create Debugging Nodes for IP Cores                              ; Off                ; Off                ;
; Preserve fewer node names                                        ; On                 ; On                 ;
; Intel FPGA IP Evaluation Mode                                    ; Enable             ; Enable             ;
; Verilog Version                                                  ; Verilog_2001       ; Verilog_2001       ;
; VHDL Version                                                     ; VHDL_1993          ; VHDL_1993          ;
; State Machine Processing                                         ; Auto               ; Auto               ;
; Safe State Machine                                               ; Off                ; Off                ;
; Extract Verilog State Machines                                   ; On                 ; On                 ;
; Extract VHDL State Machines                                      ; On                 ; On                 ;
; Ignore Verilog initial constructs                                ; Off                ; Off                ;
; Iteration limit for constant Verilog loops                       ; 5000               ; 5000               ;
; Iteration limit for non-constant Verilog loops                   ; 250                ; 250                ;
; Add Pass-Through Logic to Inferred RAMs                          ; On                 ; On                 ;
; Infer RAMs from Raw Logic                                        ; On                 ; On                 ;
; Parallel Synthesis                                               ; On                 ; On                 ;
; DSP Block Balancing                                              ; Auto               ; Auto               ;
; NOT Gate Push-Back                                               ; On                 ; On                 ;
; Power-Up Don't Care                                              ; On                 ; On                 ;
; Remove Redundant Logic Cells                                     ; Off                ; Off                ;
; Remove Duplicate Registers                                       ; On                 ; On                 ;
; Ignore CARRY Buffers                                             ; Off                ; Off                ;
; Ignore CASCADE Buffers                                           ; Off                ; Off                ;
; Ignore GLOBAL Buffers                                            ; Off                ; Off                ;
; Ignore ROW GLOBAL Buffers                                        ; Off                ; Off                ;
; Ignore LCELL Buffers                                             ; Off                ; Off                ;
; Ignore SOFT Buffers                                              ; On                 ; On                 ;
; Limit AHDL Integers to 32 Bits                                   ; Off                ; Off                ;
; Optimization Technique                                           ; Balanced           ; Balanced           ;
; Carry Chain Length                                               ; 70                 ; 70                 ;
; Auto Carry Chains                                                ; On                 ; On                 ;
; Auto Open-Drain Pins                                             ; On                 ; On                 ;
; Perform WYSIWYG Primitive Resynthesis                            ; Off                ; Off                ;
; Auto ROM Replacement                                             ; On                 ; On                 ;
; Auto RAM Replacement                                             ; On                 ; On                 ;
; Auto DSP Block Replacement                                       ; On                 ; On                 ;
; Auto Shift Register Replacement                                  ; Auto               ; Auto               ;
; Allow Shift Register Merging across Hierarchies                  ; Auto               ; Auto               ;
; Auto Clock Enable Replacement                                    ; On                 ; On                 ;
; Strict RAM Replacement                                           ; Off                ; Off                ;
; Allow Synchronous Control Signals                                ; On                 ; On                 ;
; Force Use of Synchronous Clear Signals                           ; Off                ; Off                ;
; Auto RAM Block Balancing                                         ; On                 ; On                 ;
; Auto RAM to Logic Cell Conversion                                ; Off                ; Off                ;
; Auto Resource Sharing                                            ; Off                ; Off                ;
; Allow Any RAM Size For Recognition                               ; Off                ; Off                ;
; Allow Any ROM Size For Recognition                               ; Off                ; Off                ;
; Allow Any Shift Register Size For Recognition                    ; Off                ; Off                ;
; Use LogicLock Constraints during Resource Balancing              ; On                 ; On                 ;
; Ignore translate_off and synthesis_off directives                ; Off                ; Off                ;
; Timing-Driven Synthesis                                          ; On                 ; On                 ;
; Report Parameter Settings                                        ; On                 ; On                 ;
; Report Source Assignments                                        ; On                 ; On                 ;
; Report Connectivity Checks                                       ; On                 ; On                 ;
; Ignore Maximum Fan-Out Assignments                               ; Off                ; Off                ;
; Synchronization Register Chain Length                            ; 2                  ; 2                  ;
; Power Optimization During Synthesis                              ; Normal compilation ; Normal compilation ;
; HDL message level                                                ; Level2             ; Level2             ;
; Suppress Register Optimization Related Messages                  ; Off                ; Off                ;
; Number of Removed Registers Reported in Synthesis Report         ; 5000               ; 5000               ;
; Number of Swept Nodes Reported in Synthesis Report               ; 5000               ; 5000               ;
; Number of Inverted Registers Reported in Synthesis Report        ; 100                ; 100                ;
; Clock MUX Protection                                             ; On                 ; On                 ;
; Auto Gated Clock Conversion                                      ; Off                ; Off                ;
; Block Design Naming                                              ; Auto               ; Auto               ;
; SDC constraint protection                                        ; Off                ; Off                ;
; Synthesis Effort                                                 ; Auto               ; Auto               ;
; Shift Register Replacement - Allow Asynchronous Clear Signal     ; On                 ; On                 ;
; Pre-Mapping Resynthesis Optimization                             ; Off                ; Off                ;
; Analysis & Synthesis Message Level                               ; Medium             ; Medium             ;
; Disable Register Merging Across Hierarchies                      ; Auto               ; Auto               ;
; Resource Aware Inference For Block RAM                           ; On                 ; On                 ;
+------------------------------------------------------------------+--------------------+--------------------+


+------------------------------------------+
; Parallel Compilation                     ;
+----------------------------+-------------+
; Processors                 ; Number      ;
+----------------------------+-------------+
; Number detected on machine ; 16          ;
; Maximum allowed            ; 10          ;
;                            ;             ;
; Average used               ; 1.01        ;
; Maximum used               ; 10          ;
;                            ;             ;
; Usage by Processor         ; % Time Used ;
;     Processor 1            ; 100.0%      ;
;     Processor 2            ;   0.2%      ;
;     Processor 3            ;   0.1%      ;
;     Processor 4            ;   0.1%      ;
;     Processor 5            ;   0.1%      ;
;     Processor 6            ;   0.1%      ;
;     Processor 7            ;   0.1%      ;
;     Processor 8            ;   0.1%      ;
;     Processor 9            ;   0.1%      ;
;     Processor 10           ;   0.1%      ;
+----------------------------+-------------+


+----------------------------------------------------------------------------------------------------------------------------------------------------------------------------------------------------------------------------+
; Analysis & Synthesis Source Files Read                                                                                                                                                                                     ;
+----------------------------------+-----------------+------------------------------------+------------------------------------------------------------------------------------------------------------------------+---------+
; File Name with User-Entered Path ; Used in Netlist ; File Type                          ; File Name with Absolute Path                                                                                           ; Library ;
+----------------------------------+-----------------+------------------------------------+------------------------------------------------------------------------------------------------------------------------+---------+
; fiveTuple_top.sv                 ; yes             ; Auto-Found SystemVerilog HDL File  ; /media/nisitha/My_Passport/MOODLE/P4_Networking/Compiler_design/p4_to_rtl/generated/fiveTuple/fiveTuple_top.sv         ;         ;
; pkt_beat_buf.sv                  ; yes             ; Auto-Found SystemVerilog HDL File  ; /media/nisitha/My_Passport/MOODLE/P4_Networking/Compiler_design/p4_to_rtl/generated/fiveTuple/pkt_beat_buf.sv          ;         ;
; processing_generated.sv          ; yes             ; Auto-Found SystemVerilog HDL File  ; /media/nisitha/My_Passport/MOODLE/P4_Networking/Compiler_design/p4_to_rtl/generated/fiveTuple/processing_generated.sv  ;         ;
; FiveTuple_table.sv               ; yes             ; Auto-Found SystemVerilog HDL File  ; /media/nisitha/My_Passport/MOODLE/P4_Networking/Compiler_design/p4_to_rtl/generated/fiveTuple/FiveTuple_table.sv       ;         ;
; PacketCounter_counter.sv         ; yes             ; Auto-Found SystemVerilog HDL File  ; /media/nisitha/My_Passport/MOODLE/P4_Networking/Compiler_design/p4_to_rtl/generated/fiveTuple/PacketCounter_counter.sv ;         ;
; ByteCounter_counter.sv           ; yes             ; Auto-Found SystemVerilog HDL File  ; /media/nisitha/My_Passport/MOODLE/P4_Networking/Compiler_design/p4_to_rtl/generated/fiveTuple/ByteCounter_counter.sv   ;         ;
; altsyncram.tdf                   ; yes             ; Megafunction                       ; /data/intelFPGA_lite/25.1std/quartus/libraries/megafunctions/altsyncram.tdf                                            ;         ;
; stratix_ram_block.inc            ; yes             ; Megafunction                       ; /data/intelFPGA_lite/25.1std/quartus/libraries/megafunctions/stratix_ram_block.inc                                     ;         ;
; lpm_mux.inc                      ; yes             ; Megafunction                       ; /data/intelFPGA_lite/25.1std/quartus/libraries/megafunctions/lpm_mux.inc                                               ;         ;
; lpm_decode.inc                   ; yes             ; Megafunction                       ; /data/intelFPGA_lite/25.1std/quartus/libraries/megafunctions/lpm_decode.inc                                            ;         ;
; aglobal251.inc                   ; yes             ; Megafunction                       ; /data/intelFPGA_lite/25.1std/quartus/libraries/megafunctions/aglobal251.inc                                            ;         ;
; a_rdenreg.inc                    ; yes             ; Megafunction                       ; /data/intelFPGA_lite/25.1std/quartus/libraries/megafunctions/a_rdenreg.inc                                             ;         ;
; altrom.inc                       ; yes             ; Megafunction                       ; /data/intelFPGA_lite/25.1std/quartus/libraries/megafunctions/altrom.inc                                                ;         ;
; altram.inc                       ; yes             ; Megafunction                       ; /data/intelFPGA_lite/25.1std/quartus/libraries/megafunctions/altram.inc                                                ;         ;
; altdpram.inc                     ; yes             ; Megafunction                       ; /data/intelFPGA_lite/25.1std/quartus/libraries/megafunctions/altdpram.inc                                              ;         ;
; db/altsyncram_hvi1.tdf           ; yes             ; Auto-Generated Megafunction        ; /media/nisitha/My_Passport/MOODLE/P4_Networking/Compiler_design/p4_to_rtl/generated/fiveTuple/db/altsyncram_hvi1.tdf   ;         ;
; db/altsyncram_nkq1.tdf           ; yes             ; Auto-Generated Megafunction        ; /media/nisitha/My_Passport/MOODLE/P4_Networking/Compiler_design/p4_to_rtl/generated/fiveTuple/db/altsyncram_nkq1.tdf   ;         ;
; db/altsyncram_vnq1.tdf           ; yes             ; Auto-Generated Megafunction        ; /media/nisitha/My_Passport/MOODLE/P4_Networking/Compiler_design/p4_to_rtl/generated/fiveTuple/db/altsyncram_vnq1.tdf   ;         ;
; db/altsyncram_5lq1.tdf           ; yes             ; Auto-Generated Megafunction        ; /media/nisitha/My_Passport/MOODLE/P4_Networking/Compiler_design/p4_to_rtl/generated/fiveTuple/db/altsyncram_5lq1.tdf   ;         ;
; db/altsyncram_3oq1.tdf           ; yes             ; Auto-Generated Megafunction        ; /media/nisitha/My_Passport/MOODLE/P4_Networking/Compiler_design/p4_to_rtl/generated/fiveTuple/db/altsyncram_3oq1.tdf   ;         ;
; db/altsyncram_ajc1.tdf           ; yes             ; Auto-Generated Megafunction        ; /media/nisitha/My_Passport/MOODLE/P4_Networking/Compiler_design/p4_to_rtl/generated/fiveTuple/db/altsyncram_ajc1.tdf   ;         ;
; db/altsyncram_tnq1.tdf           ; yes             ; Auto-Generated Megafunction        ; /media/nisitha/My_Passport/MOODLE/P4_Networking/Compiler_design/p4_to_rtl/generated/fiveTuple/db/altsyncram_tnq1.tdf   ;         ;
; db/altsyncram_rkq1.tdf           ; yes             ; Auto-Generated Megafunction        ; /media/nisitha/My_Passport/MOODLE/P4_Networking/Compiler_design/p4_to_rtl/generated/fiveTuple/db/altsyncram_rkq1.tdf   ;         ;
; db/altsyncram_rnq1.tdf           ; yes             ; Auto-Generated Megafunction        ; /media/nisitha/My_Passport/MOODLE/P4_Networking/Compiler_design/p4_to_rtl/generated/fiveTuple/db/altsyncram_rnq1.tdf   ;         ;
; db/altsyncram_9oq1.tdf           ; yes             ; Auto-Generated Megafunction        ; /media/nisitha/My_Passport/MOODLE/P4_Networking/Compiler_design/p4_to_rtl/generated/fiveTuple/db/altsyncram_9oq1.tdf   ;         ;
+----------------------------------+-----------------+------------------------------------+------------------------------------------------------------------------------------------------------------------------+---------+


+---------------------------------------------------------+
; Analysis & Synthesis Resource Usage Summary             ;
+---------------------------------------------+-----------+
; Resource                                    ; Usage     ;
+---------------------------------------------+-----------+
; Estimated Total logic elements              ; 51,562    ;
;                                             ;           ;
; Total combinational functions               ; 40343     ;
; Logic element usage by number of LUT inputs ;           ;
;     -- 4 input functions                    ; 33477     ;
;     -- 3 input functions                    ; 5519      ;
;     -- <=2 input functions                  ; 1347      ;
;                                             ;           ;
; Logic elements by mode                      ;           ;
;     -- normal mode                          ; 39598     ;
;     -- arithmetic mode                      ; 745       ;
;                                             ;           ;
; Total registers                             ; 22247     ;
;     -- Dedicated logic registers            ; 22247     ;
;     -- I/O registers                        ; 0         ;
;                                             ;           ;
; I/O pins                                    ; 698       ;
; Total memory bits                           ; 2416640   ;
;                                             ;           ;
; Embedded Multiplier 9-bit elements          ; 0         ;
;                                             ;           ;
; Maximum fan-out node                        ; clk~input ;
; Maximum fan-out                             ; 23534     ;
; Total fan-out                               ; 240719    ;
; Average fan-out                             ; 3.69      ;
+---------------------------------------------+-----------+


+------------------------------------------------------------------------------------------------------------------------------------------------------------------------------------------------------------------------------------------------------------------------------------------------------------------------------------------------------------------------+
; Analysis & Synthesis Resource Utilization by Entity                                                                                                                                                                                                                                                                                                                    ;
+-----------------------------------------------------+---------------------+---------------------------+-------------+--------------+---------+-----------+------+--------------+------------------------------------------------------------------------------------------------------------------------------------------------+-----------------------+--------------+
; Compilation Hierarchy Node                          ; Combinational ALUTs ; Dedicated Logic Registers ; Memory Bits ; DSP Elements ; DSP 9x9 ; DSP 18x18 ; Pins ; Virtual Pins ; Full Hierarchy Name                                                                                                                            ; Entity Name           ; Library Name ;
+-----------------------------------------------------+---------------------+---------------------------+-------------+--------------+---------+-----------+------+--------------+------------------------------------------------------------------------------------------------------------------------------------------------+-----------------------+--------------+
; |fiveTuple_top                                      ; 40343 (24368)       ; 22247 (10033)             ; 2416640     ; 0            ; 0       ; 0         ; 698  ; 0            ; |fiveTuple_top                                                                                                                                 ; fiveTuple_top         ; work         ;
;    |ByteCounter_counter:u_ByteCounter|              ; 243 (243)           ; 201 (201)                 ; 524288      ; 0            ; 0       ; 0         ; 0    ; 0            ; |fiveTuple_top|ByteCounter_counter:u_ByteCounter                                                                                               ; ByteCounter_counter   ; work         ;
;       |altsyncram:byte_mem_rtl_0|                   ; 0 (0)               ; 0 (0)                     ; 524288      ; 0            ; 0       ; 0         ; 0    ; 0            ; |fiveTuple_top|ByteCounter_counter:u_ByteCounter|altsyncram:byte_mem_rtl_0                                                                     ; altsyncram            ; work         ;
;          |altsyncram_9oq1:auto_generated|           ; 0 (0)               ; 0 (0)                     ; 524288      ; 0            ; 0       ; 0         ; 0    ; 0            ; |fiveTuple_top|ByteCounter_counter:u_ByteCounter|altsyncram:byte_mem_rtl_0|altsyncram_9oq1:auto_generated                                      ; altsyncram_9oq1       ; work         ;
;    |PacketCounter_counter:u_PacketCounter|          ; 234 (234)           ; 143 (143)                 ; 524288      ; 0            ; 0       ; 0         ; 0    ; 0            ; |fiveTuple_top|PacketCounter_counter:u_PacketCounter                                                                                           ; PacketCounter_counter ; work         ;
;       |altsyncram:pkt_mem_rtl_0|                    ; 0 (0)               ; 0 (0)                     ; 524288      ; 0            ; 0       ; 0         ; 0    ; 0            ; |fiveTuple_top|PacketCounter_counter:u_PacketCounter|altsyncram:pkt_mem_rtl_0                                                                  ; altsyncram            ; work         ;
;          |altsyncram_9oq1:auto_generated|           ; 0 (0)               ; 0 (0)                     ; 524288      ; 0            ; 0       ; 0         ; 0    ; 0            ; |fiveTuple_top|PacketCounter_counter:u_PacketCounter|altsyncram:pkt_mem_rtl_0|altsyncram_9oq1:auto_generated                                   ; altsyncram_9oq1       ; work         ;
;    |pkt_beat_buf:g_pfifo[0].u_pbuf|                 ; 295 (295)           ; 533 (533)                 ; 65536       ; 0            ; 0       ; 0         ; 0    ; 0            ; |fiveTuple_top|pkt_beat_buf:g_pfifo[0].u_pbuf                                                                                                  ; pkt_beat_buf          ; work         ;
;       |altsyncram:mem_rtl_0|                        ; 0 (0)               ; 0 (0)                     ; 65536       ; 0            ; 0       ; 0         ; 0    ; 0            ; |fiveTuple_top|pkt_beat_buf:g_pfifo[0].u_pbuf|altsyncram:mem_rtl_0                                                                             ; altsyncram            ; work         ;
;          |altsyncram_hvi1:auto_generated|           ; 0 (0)               ; 0 (0)                     ; 65536       ; 0            ; 0       ; 0         ; 0    ; 0            ; |fiveTuple_top|pkt_beat_buf:g_pfifo[0].u_pbuf|altsyncram:mem_rtl_0|altsyncram_hvi1:auto_generated                                              ; altsyncram_hvi1       ; work         ;
;    |pkt_beat_buf:g_pfifo[1].u_pbuf|                 ; 294 (294)           ; 533 (533)                 ; 65536       ; 0            ; 0       ; 0         ; 0    ; 0            ; |fiveTuple_top|pkt_beat_buf:g_pfifo[1].u_pbuf                                                                                                  ; pkt_beat_buf          ; work         ;
;       |altsyncram:mem_rtl_0|                        ; 0 (0)               ; 0 (0)                     ; 65536       ; 0            ; 0       ; 0         ; 0    ; 0            ; |fiveTuple_top|pkt_beat_buf:g_pfifo[1].u_pbuf|altsyncram:mem_rtl_0                                                                             ; altsyncram            ; work         ;
;          |altsyncram_hvi1:auto_generated|           ; 0 (0)               ; 0 (0)                     ; 65536       ; 0            ; 0       ; 0         ; 0    ; 0            ; |fiveTuple_top|pkt_beat_buf:g_pfifo[1].u_pbuf|altsyncram:mem_rtl_0|altsyncram_hvi1:auto_generated                                              ; altsyncram_hvi1       ; work         ;
;    |pkt_beat_buf:g_pfifo[2].u_pbuf|                 ; 295 (295)           ; 533 (533)                 ; 65536       ; 0            ; 0       ; 0         ; 0    ; 0            ; |fiveTuple_top|pkt_beat_buf:g_pfifo[2].u_pbuf                                                                                                  ; pkt_beat_buf          ; work         ;
;       |altsyncram:mem_rtl_0|                        ; 0 (0)               ; 0 (0)                     ; 65536       ; 0            ; 0       ; 0         ; 0    ; 0            ; |fiveTuple_top|pkt_beat_buf:g_pfifo[2].u_pbuf|altsyncram:mem_rtl_0                                                                             ; altsyncram            ; work         ;
;          |altsyncram_hvi1:auto_generated|           ; 0 (0)               ; 0 (0)                     ; 65536       ; 0            ; 0       ; 0         ; 0    ; 0            ; |fiveTuple_top|pkt_beat_buf:g_pfifo[2].u_pbuf|altsyncram:mem_rtl_0|altsyncram_hvi1:auto_generated                                              ; altsyncram_hvi1       ; work         ;
;    |pkt_beat_buf:g_pfifo[3].u_pbuf|                 ; 295 (295)           ; 533 (533)                 ; 65536       ; 0            ; 0       ; 0         ; 0    ; 0            ; |fiveTuple_top|pkt_beat_buf:g_pfifo[3].u_pbuf                                                                                                  ; pkt_beat_buf          ; work         ;
;       |altsyncram:mem_rtl_0|                        ; 0 (0)               ; 0 (0)                     ; 65536       ; 0            ; 0       ; 0         ; 0    ; 0            ; |fiveTuple_top|pkt_beat_buf:g_pfifo[3].u_pbuf|altsyncram:mem_rtl_0                                                                             ; altsyncram            ; work         ;
;          |altsyncram_hvi1:auto_generated|           ; 0 (0)               ; 0 (0)                     ; 65536       ; 0            ; 0       ; 0         ; 0    ; 0            ; |fiveTuple_top|pkt_beat_buf:g_pfifo[3].u_pbuf|altsyncram:mem_rtl_0|altsyncram_hvi1:auto_generated                                              ; altsyncram_hvi1       ; work         ;
;    |processing_generated:u_proc|                    ; 14319 (264)         ; 9738 (1258)               ; 1105920     ; 0            ; 0       ; 0         ; 0    ; 0            ; |fiveTuple_top|processing_generated:u_proc                                                                                                     ; processing_generated  ; work         ;
;       |FiveTuple_table:u_FiveTuple|                 ; 14055 (14055)       ; 8480 (8480)               ; 1105920     ; 0            ; 0       ; 0         ; 0    ; 0            ; |fiveTuple_top|processing_generated:u_proc|FiveTuple_table:u_FiveTuple                                                                         ; FiveTuple_table       ; work         ;
;          |altsyncram:mem_action_rtl_0|              ; 0 (0)               ; 0 (0)                     ; 8192        ; 0            ; 0       ; 0         ; 0    ; 0            ; |fiveTuple_top|processing_generated:u_proc|FiveTuple_table:u_FiveTuple|altsyncram:mem_action_rtl_0                                             ; altsyncram            ; work         ;
;             |altsyncram_nkq1:auto_generated|        ; 0 (0)               ; 0 (0)                     ; 8192        ; 0            ; 0       ; 0         ; 0    ; 0            ; |fiveTuple_top|processing_generated:u_proc|FiveTuple_table:u_FiveTuple|altsyncram:mem_action_rtl_0|altsyncram_nkq1:auto_generated              ; altsyncram_nkq1       ; work         ;
;          |altsyncram:mem_key_dst_rtl_0|             ; 0 (0)               ; 0 (0)                     ; 262144      ; 0            ; 0       ; 0         ; 0    ; 0            ; |fiveTuple_top|processing_generated:u_proc|FiveTuple_table:u_FiveTuple|altsyncram:mem_key_dst_rtl_0                                            ; altsyncram            ; work         ;
;             |altsyncram_vnq1:auto_generated|        ; 0 (0)               ; 0 (0)                     ; 262144      ; 0            ; 0       ; 0         ; 0    ; 0            ; |fiveTuple_top|processing_generated:u_proc|FiveTuple_table:u_FiveTuple|altsyncram:mem_key_dst_rtl_0|altsyncram_vnq1:auto_generated             ; altsyncram_vnq1       ; work         ;
;          |altsyncram:mem_key_protocol_rtl_0|        ; 0 (0)               ; 0 (0)                     ; 65536       ; 0            ; 0       ; 0         ; 0    ; 0            ; |fiveTuple_top|processing_generated:u_proc|FiveTuple_table:u_FiveTuple|altsyncram:mem_key_protocol_rtl_0                                       ; altsyncram            ; work         ;
;             |altsyncram_5lq1:auto_generated|        ; 0 (0)               ; 0 (0)                     ; 65536       ; 0            ; 0       ; 0         ; 0    ; 0            ; |fiveTuple_top|processing_generated:u_proc|FiveTuple_table:u_FiveTuple|altsyncram:mem_key_protocol_rtl_0|altsyncram_5lq1:auto_generated        ; altsyncram_5lq1       ; work         ;
;          |altsyncram:mem_key_src_rtl_0|             ; 0 (0)               ; 0 (0)                     ; 262144      ; 0            ; 0       ; 0         ; 0    ; 0            ; |fiveTuple_top|processing_generated:u_proc|FiveTuple_table:u_FiveTuple|altsyncram:mem_key_src_rtl_0                                            ; altsyncram            ; work         ;
;             |altsyncram_vnq1:auto_generated|        ; 0 (0)               ; 0 (0)                     ; 262144      ; 0            ; 0       ; 0         ; 0    ; 0            ; |fiveTuple_top|processing_generated:u_proc|FiveTuple_table:u_FiveTuple|altsyncram:mem_key_src_rtl_0|altsyncram_vnq1:auto_generated             ; altsyncram_vnq1       ; work         ;
;          |altsyncram:mem_key_table_key_dport_rtl_0| ; 0 (0)               ; 0 (0)                     ; 131072      ; 0            ; 0       ; 0         ; 0    ; 0            ; |fiveTuple_top|processing_generated:u_proc|FiveTuple_table:u_FiveTuple|altsyncram:mem_key_table_key_dport_rtl_0                                ; altsyncram            ; work         ;
;             |altsyncram_3oq1:auto_generated|        ; 0 (0)               ; 0 (0)                     ; 131072      ; 0            ; 0       ; 0         ; 0    ; 0            ; |fiveTuple_top|processing_generated:u_proc|FiveTuple_table:u_FiveTuple|altsyncram:mem_key_table_key_dport_rtl_0|altsyncram_3oq1:auto_generated ; altsyncram_3oq1       ; work         ;
;          |altsyncram:mem_key_table_key_sport_rtl_0| ; 0 (0)               ; 0 (0)                     ; 131072      ; 0            ; 0       ; 0         ; 0    ; 0            ; |fiveTuple_top|processing_generated:u_proc|FiveTuple_table:u_FiveTuple|altsyncram:mem_key_table_key_sport_rtl_0                                ; altsyncram            ; work         ;
;             |altsyncram_3oq1:auto_generated|        ; 0 (0)               ; 0 (0)                     ; 131072      ; 0            ; 0       ; 0         ; 0    ; 0            ; |fiveTuple_top|processing_generated:u_proc|FiveTuple_table:u_FiveTuple|altsyncram:mem_key_table_key_sport_rtl_0|altsyncram_3oq1:auto_generated ; altsyncram_3oq1       ; work         ;
;          |altsyncram:mem_p_cfi_rtl_0|               ; 0 (0)               ; 0 (0)                     ; 8192        ; 0            ; 0       ; 0         ; 0    ; 0            ; |fiveTuple_top|processing_generated:u_proc|FiveTuple_table:u_FiveTuple|altsyncram:mem_p_cfi_rtl_0                                              ; altsyncram            ; work         ;
;             |altsyncram_nkq1:auto_generated|        ; 0 (0)               ; 0 (0)                     ; 8192        ; 0            ; 0       ; 0         ; 0    ; 0            ; |fiveTuple_top|processing_generated:u_proc|FiveTuple_table:u_FiveTuple|altsyncram:mem_p_cfi_rtl_0|altsyncram_nkq1:auto_generated               ; altsyncram_nkq1       ; work         ;
;          |altsyncram:mem_p_counter_index_rtl_0|     ; 0 (0)               ; 0 (0)                     ; 106496      ; 0            ; 0       ; 0         ; 0    ; 0            ; |fiveTuple_top|processing_generated:u_proc|FiveTuple_table:u_FiveTuple|altsyncram:mem_p_counter_index_rtl_0                                    ; altsyncram            ; work         ;
;             |altsyncram_tnq1:auto_generated|        ; 0 (0)               ; 0 (0)                     ; 106496      ; 0            ; 0       ; 0         ; 0    ; 0            ; |fiveTuple_top|processing_generated:u_proc|FiveTuple_table:u_FiveTuple|altsyncram:mem_p_counter_index_rtl_0|altsyncram_tnq1:auto_generated     ; altsyncram_tnq1       ; work         ;
;          |altsyncram:mem_p_pcp_rtl_0|               ; 0 (0)               ; 0 (0)                     ; 24576       ; 0            ; 0       ; 0         ; 0    ; 0            ; |fiveTuple_top|processing_generated:u_proc|FiveTuple_table:u_FiveTuple|altsyncram:mem_p_pcp_rtl_0                                              ; altsyncram            ; work         ;
;             |altsyncram_rkq1:auto_generated|        ; 0 (0)               ; 0 (0)                     ; 24576       ; 0            ; 0       ; 0         ; 0    ; 0            ; |fiveTuple_top|processing_generated:u_proc|FiveTuple_table:u_FiveTuple|altsyncram:mem_p_pcp_rtl_0|altsyncram_rkq1:auto_generated               ; altsyncram_rkq1       ; work         ;
;          |altsyncram:mem_p_vid_rtl_0|               ; 0 (0)               ; 0 (0)                     ; 98304       ; 0            ; 0       ; 0         ; 0    ; 0            ; |fiveTuple_top|processing_generated:u_proc|FiveTuple_table:u_FiveTuple|altsyncram:mem_p_vid_rtl_0                                              ; altsyncram            ; work         ;
;             |altsyncram_rnq1:auto_generated|        ; 0 (0)               ; 0 (0)                     ; 98304       ; 0            ; 0       ; 0         ; 0    ; 0            ; |fiveTuple_top|processing_generated:u_proc|FiveTuple_table:u_FiveTuple|altsyncram:mem_p_vid_rtl_0|altsyncram_rnq1:auto_generated               ; altsyncram_rnq1       ; work         ;
;          |altsyncram:mem_valid_rtl_0|               ; 0 (0)               ; 0 (0)                     ; 8192        ; 0            ; 0       ; 0         ; 0    ; 0            ; |fiveTuple_top|processing_generated:u_proc|FiveTuple_table:u_FiveTuple|altsyncram:mem_valid_rtl_0                                              ; altsyncram            ; work         ;
;             |altsyncram_ajc1:auto_generated|        ; 0 (0)               ; 0 (0)                     ; 8192        ; 0            ; 0       ; 0         ; 0    ; 0            ; |fiveTuple_top|processing_generated:u_proc|FiveTuple_table:u_FiveTuple|altsyncram:mem_valid_rtl_0|altsyncram_ajc1:auto_generated               ; altsyncram_ajc1       ; work         ;
+-----------------------------------------------------+---------------------+---------------------------+-------------+--------------+---------+-----------+------+--------------+------------------------------------------------------------------------------------------------------------------------------------------------+-----------------------+--------------+
Note: For table entries with two numbers listed, the numbers in parentheses indicate the number of resources of the given type used by the specific entity alone. The numbers listed outside of parentheses indicate the total resources of the given type used by the specific entity and all of its sub-entities in the hierarchy.


+--------------------------------------------------------------------------------------------------------------------------------------------------------------------------------------------------------------------------------------------------+
; Analysis & Synthesis RAM Summary                                                                                                                                                                                                                 ;
+--------------------------------------------------------------------------------------------------------------------------------------------+------+------------------+--------------+--------------+--------------+--------------+--------+------+
; Name                                                                                                                                       ; Type ; Mode             ; Port A Depth ; Port A Width ; Port B Depth ; Port B Width ; Size   ; MIF  ;
+--------------------------------------------------------------------------------------------------------------------------------------------+------+------------------+--------------+--------------+--------------+--------------+--------+------+
; ByteCounter_counter:u_ByteCounter|altsyncram:byte_mem_rtl_0|altsyncram_9oq1:auto_generated|ALTSYNCRAM                                      ; AUTO ; True Dual Port   ; 8192         ; 64           ; 8192         ; 64           ; 524288 ; None ;
; PacketCounter_counter:u_PacketCounter|altsyncram:pkt_mem_rtl_0|altsyncram_9oq1:auto_generated|ALTSYNCRAM                                   ; AUTO ; True Dual Port   ; 8192         ; 64           ; 8192         ; 64           ; 524288 ; None ;
; pkt_beat_buf:g_pfifo[0].u_pbuf|altsyncram:mem_rtl_0|altsyncram_hvi1:auto_generated|ALTSYNCRAM                                              ; M9K  ; Simple Dual Port ; 256          ; 256          ; 256          ; 256          ; 65536  ; None ;
; pkt_beat_buf:g_pfifo[1].u_pbuf|altsyncram:mem_rtl_0|altsyncram_hvi1:auto_generated|ALTSYNCRAM                                              ; M9K  ; Simple Dual Port ; 256          ; 256          ; 256          ; 256          ; 65536  ; None ;
; pkt_beat_buf:g_pfifo[2].u_pbuf|altsyncram:mem_rtl_0|altsyncram_hvi1:auto_generated|ALTSYNCRAM                                              ; M9K  ; Simple Dual Port ; 256          ; 256          ; 256          ; 256          ; 65536  ; None ;
; pkt_beat_buf:g_pfifo[3].u_pbuf|altsyncram:mem_rtl_0|altsyncram_hvi1:auto_generated|ALTSYNCRAM                                              ; M9K  ; Simple Dual Port ; 256          ; 256          ; 256          ; 256          ; 65536  ; None ;
; processing_generated:u_proc|FiveTuple_table:u_FiveTuple|altsyncram:mem_action_rtl_0|altsyncram_nkq1:auto_generated|ALTSYNCRAM              ; AUTO ; True Dual Port   ; 8192         ; 1            ; 8192         ; 1            ; 8192   ; None ;
; processing_generated:u_proc|FiveTuple_table:u_FiveTuple|altsyncram:mem_key_dst_rtl_0|altsyncram_vnq1:auto_generated|ALTSYNCRAM             ; AUTO ; True Dual Port   ; 8192         ; 32           ; 8192         ; 32           ; 262144 ; None ;
; processing_generated:u_proc|FiveTuple_table:u_FiveTuple|altsyncram:mem_key_protocol_rtl_0|altsyncram_5lq1:auto_generated|ALTSYNCRAM        ; AUTO ; True Dual Port   ; 8192         ; 8            ; 8192         ; 8            ; 65536  ; None ;
; processing_generated:u_proc|FiveTuple_table:u_FiveTuple|altsyncram:mem_key_src_rtl_0|altsyncram_vnq1:auto_generated|ALTSYNCRAM             ; AUTO ; True Dual Port   ; 8192         ; 32           ; 8192         ; 32           ; 262144 ; None ;
; processing_generated:u_proc|FiveTuple_table:u_FiveTuple|altsyncram:mem_key_table_key_dport_rtl_0|altsyncram_3oq1:auto_generated|ALTSYNCRAM ; AUTO ; True Dual Port   ; 8192         ; 16           ; 8192         ; 16           ; 131072 ; None ;
; processing_generated:u_proc|FiveTuple_table:u_FiveTuple|altsyncram:mem_key_table_key_sport_rtl_0|altsyncram_3oq1:auto_generated|ALTSYNCRAM ; AUTO ; True Dual Port   ; 8192         ; 16           ; 8192         ; 16           ; 131072 ; None ;
; processing_generated:u_proc|FiveTuple_table:u_FiveTuple|altsyncram:mem_p_cfi_rtl_0|altsyncram_nkq1:auto_generated|ALTSYNCRAM               ; AUTO ; True Dual Port   ; 8192         ; 1            ; 8192         ; 1            ; 8192   ; None ;
; processing_generated:u_proc|FiveTuple_table:u_FiveTuple|altsyncram:mem_p_counter_index_rtl_0|altsyncram_tnq1:auto_generated|ALTSYNCRAM     ; AUTO ; True Dual Port   ; 8192         ; 13           ; 8192         ; 13           ; 106496 ; None ;
; processing_generated:u_proc|FiveTuple_table:u_FiveTuple|altsyncram:mem_p_pcp_rtl_0|altsyncram_rkq1:auto_generated|ALTSYNCRAM               ; AUTO ; True Dual Port   ; 8192         ; 3            ; 8192         ; 3            ; 24576  ; None ;
; processing_generated:u_proc|FiveTuple_table:u_FiveTuple|altsyncram:mem_p_vid_rtl_0|altsyncram_rnq1:auto_generated|ALTSYNCRAM               ; AUTO ; True Dual Port   ; 8192         ; 12           ; 8192         ; 12           ; 98304  ; None ;
; processing_generated:u_proc|FiveTuple_table:u_FiveTuple|altsyncram:mem_valid_rtl_0|altsyncram_ajc1:auto_generated|ALTSYNCRAM               ; AUTO ; Simple Dual Port ; 8192         ; 1            ; 8192         ; 1            ; 8192   ; None ;
+--------------------------------------------------------------------------------------------------------------------------------------------+------+------------------+--------------+--------------+--------------+--------------+--------+------+


Encoding Type:  One-Hot
+----------------------------------------------------------------------------------+
; State Machine - |fiveTuple_top|axil_st                                           ;
+--------------------+-------------------+--------------------+--------------------+
; Name               ; axil_st.AXIL_IDLE ; axil_st.AXIL_BRESP ; axil_st.AXIL_WDATA ;
+--------------------+-------------------+--------------------+--------------------+
; axil_st.AXIL_IDLE  ; 0                 ; 0                  ; 0                  ;
; axil_st.AXIL_WDATA ; 1                 ; 0                  ; 1                  ;
; axil_st.AXIL_BRESP ; 1                 ; 1                  ; 0                  ;
+--------------------+-------------------+--------------------+--------------------+


+-------------------------------------------------------------------------------------------------------------------------------------------+
; Registers Removed During Synthesis                                                                                                        ;
+---------------------------------------------------------------------+---------------------------------------------------------------------+
; Register name                                                       ; Reason for Removal                                                  ;
+---------------------------------------------------------------------+---------------------------------------------------------------------+
; processing_generated:u_proc|out_new_vlan_pcp_s1[0..2]               ; Stuck at GND due to stuck port data_in                              ;
; processing_generated:u_proc|out_new_vlan_cfi_s1[0]                  ; Stuck at GND due to stuck port data_in                              ;
; processing_generated:u_proc|out_new_vlan_vid_s1[0..11]              ; Stuck at GND due to stuck port data_in                              ;
; processing_generated:u_proc|out_new_vlan_tpid_s1[0..15]             ; Stuck at GND due to stuck port data_in                              ;
; processing_generated:u_proc|out_new_vlan_pcp_s2[0..2]               ; Stuck at GND due to stuck port data_in                              ;
; processing_generated:u_proc|out_new_vlan_cfi_s2[0]                  ; Stuck at GND due to stuck port data_in                              ;
; processing_generated:u_proc|out_new_vlan_vid_s2[0..11]              ; Stuck at GND due to stuck port data_in                              ;
; processing_generated:u_proc|out_new_vlan_tpid_s2[0..15]             ; Stuck at GND due to stuck port data_in                              ;
; processing_generated:u_proc|out_new_vlan_valid_s1                   ; Stuck at GND due to stuck port data_in                              ;
; processing_generated:u_proc|out_eth_valid_s1                        ; Stuck at VCC due to stuck port data_in                              ;
; processing_generated:u_proc|hit_s1[0]                               ; Stuck at GND due to stuck port data_in                              ;
; processing_generated:u_proc|drop_s1                                 ; Stuck at GND due to stuck port data_in                              ;
; processing_generated:u_proc|drop_s2                                 ; Stuck at GND due to stuck port data_in                              ;
; processing_generated:u_proc|hit_s2[0]                               ; Stuck at GND due to stuck port data_in                              ;
; processing_generated:u_proc|out_eth_valid_s2                        ; Stuck at VCC due to stuck port data_in                              ;
; processing_generated:u_proc|out_new_vlan_valid_s2                   ; Stuck at GND due to stuck port data_in                              ;
; pkt_beat_buf:g_pfifo[3].u_pbuf|o1[288]                              ; Lost fanout                                                         ;
; pkt_beat_buf:g_pfifo[3].u_pbuf|o0[288]                              ; Lost fanout                                                         ;
; pkt_beat_buf:g_pfifo[3].u_pbuf|mem_q[288]                           ; Lost fanout                                                         ;
; pkt_beat_buf:g_pfifo[2].u_pbuf|o1[288]                              ; Lost fanout                                                         ;
; pkt_beat_buf:g_pfifo[2].u_pbuf|o0[288]                              ; Lost fanout                                                         ;
; pkt_beat_buf:g_pfifo[2].u_pbuf|mem_q[288]                           ; Lost fanout                                                         ;
; pkt_beat_buf:g_pfifo[1].u_pbuf|o1[288]                              ; Lost fanout                                                         ;
; pkt_beat_buf:g_pfifo[1].u_pbuf|o0[288]                              ; Lost fanout                                                         ;
; pkt_beat_buf:g_pfifo[1].u_pbuf|mem_q[288]                           ; Lost fanout                                                         ;
; pkt_beat_buf:g_pfifo[0].u_pbuf|o1[288]                              ; Lost fanout                                                         ;
; pkt_beat_buf:g_pfifo[0].u_pbuf|o0[288]                              ; Lost fanout                                                         ;
; pkt_beat_buf:g_pfifo[0].u_pbuf|mem_q[288]                           ; Lost fanout                                                         ;
; tx_out_byte[1..4]                                                   ; Merged with tx_out_byte[0]                                          ;
; txq_wr[2]                                                           ; Merged with cmp_ptr[2]                                              ;
; txq_wr[1]                                                           ; Merged with cmp_ptr[1]                                              ;
; txq_wr[0]                                                           ; Merged with cmp_ptr[0]                                              ;
; PacketCounter_counter:u_PacketCounter|pkt_clearing                  ; Merged with ByteCounter_counter:u_ByteCounter|byte_clearing         ;
; processing_generated:u_proc|FiveTuple_table:u_FiveTuple|clearing    ; Merged with ByteCounter_counter:u_ByteCounter|byte_clearing         ;
; processing_generated:u_proc|out_tcp_valid_s2                        ; Merged with processing_generated:u_proc|__stage_cond_0_r_p1         ;
; processing_generated:u_proc|out_tcpopt_valid_s2                     ; Merged with processing_generated:u_proc|__stage_cond_0_r_p1         ;
; processing_generated:u_proc|vlan_valid_s2                           ; Merged with processing_generated:u_proc|out_vlan_valid_s2           ;
; processing_generated:u_proc|out_ipv4opt_valid_s2                    ; Merged with processing_generated:u_proc|out_ipv4_valid_s2           ;
; processing_generated:u_proc|out_tcpopt_options_s2[0]                ; Merged with processing_generated:u_proc|out_ipv4opt_options_s2[0]   ;
; processing_generated:u_proc|out_tcpopt_options_s2[1]                ; Merged with processing_generated:u_proc|out_ipv4opt_options_s2[1]   ;
; processing_generated:u_proc|out_tcpopt_options_s2[2]                ; Merged with processing_generated:u_proc|out_ipv4opt_options_s2[2]   ;
; processing_generated:u_proc|out_tcpopt_options_s2[3]                ; Merged with processing_generated:u_proc|out_ipv4opt_options_s2[3]   ;
; processing_generated:u_proc|out_tcpopt_options_s2[4]                ; Merged with processing_generated:u_proc|out_ipv4opt_options_s2[4]   ;
; processing_generated:u_proc|out_tcpopt_options_s2[5]                ; Merged with processing_generated:u_proc|out_ipv4opt_options_s2[5]   ;
; processing_generated:u_proc|out_tcpopt_options_s2[6]                ; Merged with processing_generated:u_proc|out_ipv4opt_options_s2[6]   ;
; processing_generated:u_proc|out_tcpopt_options_s2[7]                ; Merged with processing_generated:u_proc|out_ipv4opt_options_s2[7]   ;
; processing_generated:u_proc|out_tcpopt_options_s2[8]                ; Merged with processing_generated:u_proc|out_ipv4opt_options_s2[8]   ;
; processing_generated:u_proc|out_tcpopt_options_s2[9]                ; Merged with processing_generated:u_proc|out_ipv4opt_options_s2[9]   ;
; processing_generated:u_proc|out_tcpopt_options_s2[10]               ; Merged with processing_generated:u_proc|out_ipv4opt_options_s2[10]  ;
; processing_generated:u_proc|out_tcpopt_options_s2[11]               ; Merged with processing_generated:u_proc|out_ipv4opt_options_s2[11]  ;
; processing_generated:u_proc|out_tcpopt_options_s2[12]               ; Merged with processing_generated:u_proc|out_ipv4opt_options_s2[12]  ;
; processing_generated:u_proc|out_tcpopt_options_s2[13]               ; Merged with processing_generated:u_proc|out_ipv4opt_options_s2[13]  ;
; processing_generated:u_proc|out_tcpopt_options_s2[14]               ; Merged with processing_generated:u_proc|out_ipv4opt_options_s2[14]  ;
; processing_generated:u_proc|out_tcpopt_options_s2[15]               ; Merged with processing_generated:u_proc|out_ipv4opt_options_s2[15]  ;
; processing_generated:u_proc|out_tcpopt_options_s2[16]               ; Merged with processing_generated:u_proc|out_ipv4opt_options_s2[16]  ;
; processing_generated:u_proc|out_tcpopt_options_s2[17]               ; Merged with processing_generated:u_proc|out_ipv4opt_options_s2[17]  ;
; processing_generated:u_proc|out_tcpopt_options_s2[18]               ; Merged with processing_generated:u_proc|out_ipv4opt_options_s2[18]  ;
; processing_generated:u_proc|out_tcpopt_options_s2[19]               ; Merged with processing_generated:u_proc|out_ipv4opt_options_s2[19]  ;
; processing_generated:u_proc|out_tcpopt_options_s2[20]               ; Merged with processing_generated:u_proc|out_ipv4opt_options_s2[20]  ;
; processing_generated:u_proc|out_tcpopt_options_s2[21]               ; Merged with processing_generated:u_proc|out_ipv4opt_options_s2[21]  ;
; processing_generated:u_proc|out_tcpopt_options_s2[22]               ; Merged with processing_generated:u_proc|out_ipv4opt_options_s2[22]  ;
; processing_generated:u_proc|out_tcpopt_options_s2[23]               ; Merged with processing_generated:u_proc|out_ipv4opt_options_s2[23]  ;
; processing_generated:u_proc|out_tcpopt_options_s2[24]               ; Merged with processing_generated:u_proc|out_ipv4opt_options_s2[24]  ;
; processing_generated:u_proc|out_tcpopt_options_s2[25]               ; Merged with processing_generated:u_proc|out_ipv4opt_options_s2[25]  ;
; processing_generated:u_proc|out_tcpopt_options_s2[26]               ; Merged with processing_generated:u_proc|out_ipv4opt_options_s2[26]  ;
; processing_generated:u_proc|out_tcpopt_options_s2[27]               ; Merged with processing_generated:u_proc|out_ipv4opt_options_s2[27]  ;
; processing_generated:u_proc|out_tcpopt_options_s2[28]               ; Merged with processing_generated:u_proc|out_ipv4opt_options_s2[28]  ;
; processing_generated:u_proc|out_tcpopt_options_s2[29]               ; Merged with processing_generated:u_proc|out_ipv4opt_options_s2[29]  ;
; processing_generated:u_proc|out_tcpopt_options_s2[30]               ; Merged with processing_generated:u_proc|out_ipv4opt_options_s2[30]  ;
; processing_generated:u_proc|out_tcpopt_options_s2[31]               ; Merged with processing_generated:u_proc|out_ipv4opt_options_s2[31]  ;
; processing_generated:u_proc|out_tcpopt_options_s2[32]               ; Merged with processing_generated:u_proc|out_ipv4opt_options_s2[32]  ;
; processing_generated:u_proc|out_tcpopt_options_s2[33]               ; Merged with processing_generated:u_proc|out_ipv4opt_options_s2[33]  ;
; processing_generated:u_proc|out_tcpopt_options_s2[34]               ; Merged with processing_generated:u_proc|out_ipv4opt_options_s2[34]  ;
; processing_generated:u_proc|out_tcpopt_options_s2[35]               ; Merged with processing_generated:u_proc|out_ipv4opt_options_s2[35]  ;
; processing_generated:u_proc|out_tcpopt_options_s2[36]               ; Merged with processing_generated:u_proc|out_ipv4opt_options_s2[36]  ;
; processing_generated:u_proc|out_tcpopt_options_s2[37]               ; Merged with processing_generated:u_proc|out_ipv4opt_options_s2[37]  ;
; processing_generated:u_proc|out_tcpopt_options_s2[38]               ; Merged with processing_generated:u_proc|out_ipv4opt_options_s2[38]  ;
; processing_generated:u_proc|out_tcpopt_options_s2[39]               ; Merged with processing_generated:u_proc|out_ipv4opt_options_s2[39]  ;
; processing_generated:u_proc|out_tcpopt_options_s2[40]               ; Merged with processing_generated:u_proc|out_ipv4opt_options_s2[40]  ;
; processing_generated:u_proc|out_tcpopt_options_s2[41]               ; Merged with processing_generated:u_proc|out_ipv4opt_options_s2[41]  ;
; processing_generated:u_proc|out_tcpopt_options_s2[42]               ; Merged with processing_generated:u_proc|out_ipv4opt_options_s2[42]  ;
; processing_generated:u_proc|out_tcpopt_options_s2[43]               ; Merged with processing_generated:u_proc|out_ipv4opt_options_s2[43]  ;
; processing_generated:u_proc|out_tcpopt_options_s2[44]               ; Merged with processing_generated:u_proc|out_ipv4opt_options_s2[44]  ;
; processing_generated:u_proc|out_tcpopt_options_s2[45]               ; Merged with processing_generated:u_proc|out_ipv4opt_options_s2[45]  ;
; processing_generated:u_proc|out_tcpopt_options_s2[46]               ; Merged with processing_generated:u_proc|out_ipv4opt_options_s2[46]  ;
; processing_generated:u_proc|out_tcpopt_options_s2[47]               ; Merged with processing_generated:u_proc|out_ipv4opt_options_s2[47]  ;
; processing_generated:u_proc|out_tcpopt_options_s2[48]               ; Merged with processing_generated:u_proc|out_ipv4opt_options_s2[48]  ;
; processing_generated:u_proc|out_tcpopt_options_s2[49]               ; Merged with processing_generated:u_proc|out_ipv4opt_options_s2[49]  ;
; processing_generated:u_proc|out_tcpopt_options_s2[50]               ; Merged with processing_generated:u_proc|out_ipv4opt_options_s2[50]  ;
; processing_generated:u_proc|out_tcpopt_options_s2[51]               ; Merged with processing_generated:u_proc|out_ipv4opt_options_s2[51]  ;
; processing_generated:u_proc|out_tcpopt_options_s2[52]               ; Merged with processing_generated:u_proc|out_ipv4opt_options_s2[52]  ;
; processing_generated:u_proc|out_tcpopt_options_s2[53]               ; Merged with processing_generated:u_proc|out_ipv4opt_options_s2[53]  ;
; processing_generated:u_proc|out_tcpopt_options_s2[54]               ; Merged with processing_generated:u_proc|out_ipv4opt_options_s2[54]  ;
; processing_generated:u_proc|out_tcpopt_options_s2[55]               ; Merged with processing_generated:u_proc|out_ipv4opt_options_s2[55]  ;
; processing_generated:u_proc|out_tcpopt_options_s2[56]               ; Merged with processing_generated:u_proc|out_ipv4opt_options_s2[56]  ;
; processing_generated:u_proc|out_tcpopt_options_s2[57]               ; Merged with processing_generated:u_proc|out_ipv4opt_options_s2[57]  ;
; processing_generated:u_proc|out_tcpopt_options_s2[58]               ; Merged with processing_generated:u_proc|out_ipv4opt_options_s2[58]  ;
; processing_generated:u_proc|out_tcpopt_options_s2[59]               ; Merged with processing_generated:u_proc|out_ipv4opt_options_s2[59]  ;
; processing_generated:u_proc|out_tcpopt_options_s2[60]               ; Merged with processing_generated:u_proc|out_ipv4opt_options_s2[60]  ;
; processing_generated:u_proc|out_tcpopt_options_s2[61]               ; Merged with processing_generated:u_proc|out_ipv4opt_options_s2[61]  ;
; processing_generated:u_proc|out_tcpopt_options_s2[62]               ; Merged with processing_generated:u_proc|out_ipv4opt_options_s2[62]  ;
; processing_generated:u_proc|out_tcpopt_options_s2[63]               ; Merged with processing_generated:u_proc|out_ipv4opt_options_s2[63]  ;
; processing_generated:u_proc|out_tcpopt_options_s2[64]               ; Merged with processing_generated:u_proc|out_ipv4opt_options_s2[64]  ;
; processing_generated:u_proc|out_tcpopt_options_s2[65]               ; Merged with processing_generated:u_proc|out_ipv4opt_options_s2[65]  ;
; processing_generated:u_proc|out_tcpopt_options_s2[66]               ; Merged with processing_generated:u_proc|out_ipv4opt_options_s2[66]  ;
; processing_generated:u_proc|out_tcpopt_options_s2[67]               ; Merged with processing_generated:u_proc|out_ipv4opt_options_s2[67]  ;
; processing_generated:u_proc|out_tcpopt_options_s2[68]               ; Merged with processing_generated:u_proc|out_ipv4opt_options_s2[68]  ;
; processing_generated:u_proc|out_tcpopt_options_s2[69]               ; Merged with processing_generated:u_proc|out_ipv4opt_options_s2[69]  ;
; processing_generated:u_proc|out_tcpopt_options_s2[70]               ; Merged with processing_generated:u_proc|out_ipv4opt_options_s2[70]  ;
; processing_generated:u_proc|out_tcpopt_options_s2[71]               ; Merged with processing_generated:u_proc|out_ipv4opt_options_s2[71]  ;
; processing_generated:u_proc|out_tcpopt_options_s2[72]               ; Merged with processing_generated:u_proc|out_ipv4opt_options_s2[72]  ;
; processing_generated:u_proc|out_tcpopt_options_s2[73]               ; Merged with processing_generated:u_proc|out_ipv4opt_options_s2[73]  ;
; processing_generated:u_proc|out_tcpopt_options_s2[74]               ; Merged with processing_generated:u_proc|out_ipv4opt_options_s2[74]  ;
; processing_generated:u_proc|out_tcpopt_options_s2[75]               ; Merged with processing_generated:u_proc|out_ipv4opt_options_s2[75]  ;
; processing_generated:u_proc|out_tcpopt_options_s2[76]               ; Merged with processing_generated:u_proc|out_ipv4opt_options_s2[76]  ;
; processing_generated:u_proc|out_tcpopt_options_s2[77]               ; Merged with processing_generated:u_proc|out_ipv4opt_options_s2[77]  ;
; processing_generated:u_proc|out_tcpopt_options_s2[78]               ; Merged with processing_generated:u_proc|out_ipv4opt_options_s2[78]  ;
; processing_generated:u_proc|out_tcpopt_options_s2[79]               ; Merged with processing_generated:u_proc|out_ipv4opt_options_s2[79]  ;
; processing_generated:u_proc|out_tcpopt_options_s2[80]               ; Merged with processing_generated:u_proc|out_ipv4opt_options_s2[80]  ;
; processing_generated:u_proc|out_tcpopt_options_s2[81]               ; Merged with processing_generated:u_proc|out_ipv4opt_options_s2[81]  ;
; processing_generated:u_proc|out_tcpopt_options_s2[82]               ; Merged with processing_generated:u_proc|out_ipv4opt_options_s2[82]  ;
; processing_generated:u_proc|out_tcpopt_options_s2[83]               ; Merged with processing_generated:u_proc|out_ipv4opt_options_s2[83]  ;
; processing_generated:u_proc|out_tcpopt_options_s2[84]               ; Merged with processing_generated:u_proc|out_ipv4opt_options_s2[84]  ;
; processing_generated:u_proc|out_tcpopt_options_s2[85]               ; Merged with processing_generated:u_proc|out_ipv4opt_options_s2[85]  ;
; processing_generated:u_proc|out_tcpopt_options_s2[86]               ; Merged with processing_generated:u_proc|out_ipv4opt_options_s2[86]  ;
; processing_generated:u_proc|out_tcpopt_options_s2[87]               ; Merged with processing_generated:u_proc|out_ipv4opt_options_s2[87]  ;
; processing_generated:u_proc|out_tcpopt_options_s2[88]               ; Merged with processing_generated:u_proc|out_ipv4opt_options_s2[88]  ;
; processing_generated:u_proc|out_tcpopt_options_s2[89]               ; Merged with processing_generated:u_proc|out_ipv4opt_options_s2[89]  ;
; processing_generated:u_proc|out_tcpopt_options_s2[90]               ; Merged with processing_generated:u_proc|out_ipv4opt_options_s2[90]  ;
; processing_generated:u_proc|out_tcpopt_options_s2[91]               ; Merged with processing_generated:u_proc|out_ipv4opt_options_s2[91]  ;
; processing_generated:u_proc|out_tcpopt_options_s2[92]               ; Merged with processing_generated:u_proc|out_ipv4opt_options_s2[92]  ;
; processing_generated:u_proc|out_tcpopt_options_s2[93]               ; Merged with processing_generated:u_proc|out_ipv4opt_options_s2[93]  ;
; processing_generated:u_proc|out_tcpopt_options_s2[94]               ; Merged with processing_generated:u_proc|out_ipv4opt_options_s2[94]  ;
; processing_generated:u_proc|out_tcpopt_options_s2[95]               ; Merged with processing_generated:u_proc|out_ipv4opt_options_s2[95]  ;
; processing_generated:u_proc|out_tcpopt_options_s2[96]               ; Merged with processing_generated:u_proc|out_ipv4opt_options_s2[96]  ;
; processing_generated:u_proc|out_tcpopt_options_s2[97]               ; Merged with processing_generated:u_proc|out_ipv4opt_options_s2[97]  ;
; processing_generated:u_proc|out_tcpopt_options_s2[98]               ; Merged with processing_generated:u_proc|out_ipv4opt_options_s2[98]  ;
; processing_generated:u_proc|out_tcpopt_options_s2[99]               ; Merged with processing_generated:u_proc|out_ipv4opt_options_s2[99]  ;
; processing_generated:u_proc|out_tcpopt_options_s2[100]              ; Merged with processing_generated:u_proc|out_ipv4opt_options_s2[100] ;
; processing_generated:u_proc|out_tcpopt_options_s2[101]              ; Merged with processing_generated:u_proc|out_ipv4opt_options_s2[101] ;
; processing_generated:u_proc|out_tcpopt_options_s2[102]              ; Merged with processing_generated:u_proc|out_ipv4opt_options_s2[102] ;
; processing_generated:u_proc|out_tcpopt_options_s2[103]              ; Merged with processing_generated:u_proc|out_ipv4opt_options_s2[103] ;
; processing_generated:u_proc|out_tcpopt_options_s2[104]              ; Merged with processing_generated:u_proc|out_ipv4opt_options_s2[104] ;
; processing_generated:u_proc|out_tcpopt_options_s2[105]              ; Merged with processing_generated:u_proc|out_ipv4opt_options_s2[105] ;
; processing_generated:u_proc|out_tcpopt_options_s2[106]              ; Merged with processing_generated:u_proc|out_ipv4opt_options_s2[106] ;
; processing_generated:u_proc|out_tcpopt_options_s2[107]              ; Merged with processing_generated:u_proc|out_ipv4opt_options_s2[107] ;
; processing_generated:u_proc|out_tcpopt_options_s2[108]              ; Merged with processing_generated:u_proc|out_ipv4opt_options_s2[108] ;
; processing_generated:u_proc|out_tcpopt_options_s2[109]              ; Merged with processing_generated:u_proc|out_ipv4opt_options_s2[109] ;
; processing_generated:u_proc|out_tcpopt_options_s2[110]              ; Merged with processing_generated:u_proc|out_ipv4opt_options_s2[110] ;
; processing_generated:u_proc|out_tcpopt_options_s2[111]              ; Merged with processing_generated:u_proc|out_ipv4opt_options_s2[111] ;
; processing_generated:u_proc|out_tcpopt_options_s2[112]              ; Merged with processing_generated:u_proc|out_ipv4opt_options_s2[112] ;
; processing_generated:u_proc|out_tcpopt_options_s2[113]              ; Merged with processing_generated:u_proc|out_ipv4opt_options_s2[113] ;
; processing_generated:u_proc|out_tcpopt_options_s2[114]              ; Merged with processing_generated:u_proc|out_ipv4opt_options_s2[114] ;
; processing_generated:u_proc|out_tcpopt_options_s2[115]              ; Merged with processing_generated:u_proc|out_ipv4opt_options_s2[115] ;
; processing_generated:u_proc|out_tcpopt_options_s2[116]              ; Merged with processing_generated:u_proc|out_ipv4opt_options_s2[116] ;
; processing_generated:u_proc|out_tcpopt_options_s2[117]              ; Merged with processing_generated:u_proc|out_ipv4opt_options_s2[117] ;
; processing_generated:u_proc|out_tcpopt_options_s2[118]              ; Merged with processing_generated:u_proc|out_ipv4opt_options_s2[118] ;
; processing_generated:u_proc|out_tcpopt_options_s2[119]              ; Merged with processing_generated:u_proc|out_ipv4opt_options_s2[119] ;
; processing_generated:u_proc|out_tcpopt_options_s2[120]              ; Merged with processing_generated:u_proc|out_ipv4opt_options_s2[120] ;
; processing_generated:u_proc|out_tcpopt_options_s2[121]              ; Merged with processing_generated:u_proc|out_ipv4opt_options_s2[121] ;
; processing_generated:u_proc|out_tcpopt_options_s2[122]              ; Merged with processing_generated:u_proc|out_ipv4opt_options_s2[122] ;
; processing_generated:u_proc|out_tcpopt_options_s2[123]              ; Merged with processing_generated:u_proc|out_ipv4opt_options_s2[123] ;
; processing_generated:u_proc|out_tcpopt_options_s2[124]              ; Merged with processing_generated:u_proc|out_ipv4opt_options_s2[124] ;
; processing_generated:u_proc|out_tcpopt_options_s2[125]              ; Merged with processing_generated:u_proc|out_ipv4opt_options_s2[125] ;
; processing_generated:u_proc|out_tcpopt_options_s2[126]              ; Merged with processing_generated:u_proc|out_ipv4opt_options_s2[126] ;
; processing_generated:u_proc|out_tcpopt_options_s2[127]              ; Merged with processing_generated:u_proc|out_ipv4opt_options_s2[127] ;
; processing_generated:u_proc|out_tcp_checksum_s2[0]                  ; Merged with processing_generated:u_proc|out_ipv4opt_options_s2[176] ;
; processing_generated:u_proc|out_tcpopt_options_s2[176]              ; Merged with processing_generated:u_proc|out_ipv4opt_options_s2[176] ;
; processing_generated:u_proc|out_tcp_checksum_s2[1]                  ; Merged with processing_generated:u_proc|out_ipv4opt_options_s2[177] ;
; processing_generated:u_proc|out_tcpopt_options_s2[177]              ; Merged with processing_generated:u_proc|out_ipv4opt_options_s2[177] ;
; processing_generated:u_proc|out_tcp_checksum_s2[2]                  ; Merged with processing_generated:u_proc|out_ipv4opt_options_s2[178] ;
; processing_generated:u_proc|out_tcpopt_options_s2[178]              ; Merged with processing_generated:u_proc|out_ipv4opt_options_s2[178] ;
; processing_generated:u_proc|out_tcp_checksum_s2[3]                  ; Merged with processing_generated:u_proc|out_ipv4opt_options_s2[179] ;
; processing_generated:u_proc|out_tcpopt_options_s2[179]              ; Merged with processing_generated:u_proc|out_ipv4opt_options_s2[179] ;
; processing_generated:u_proc|out_tcp_checksum_s2[4]                  ; Merged with processing_generated:u_proc|out_ipv4opt_options_s2[180] ;
; processing_generated:u_proc|out_tcpopt_options_s2[180]              ; Merged with processing_generated:u_proc|out_ipv4opt_options_s2[180] ;
; processing_generated:u_proc|out_tcp_checksum_s2[5]                  ; Merged with processing_generated:u_proc|out_ipv4opt_options_s2[181] ;
; processing_generated:u_proc|out_tcpopt_options_s2[181]              ; Merged with processing_generated:u_proc|out_ipv4opt_options_s2[181] ;
; processing_generated:u_proc|out_tcp_checksum_s2[6]                  ; Merged with processing_generated:u_proc|out_ipv4opt_options_s2[182] ;
; processing_generated:u_proc|out_tcpopt_options_s2[182]              ; Merged with processing_generated:u_proc|out_ipv4opt_options_s2[182] ;
; processing_generated:u_proc|out_tcp_checksum_s2[7]                  ; Merged with processing_generated:u_proc|out_ipv4opt_options_s2[183] ;
; processing_generated:u_proc|out_tcpopt_options_s2[183]              ; Merged with processing_generated:u_proc|out_ipv4opt_options_s2[183] ;
; processing_generated:u_proc|out_tcp_checksum_s2[8]                  ; Merged with processing_generated:u_proc|out_ipv4opt_options_s2[184] ;
; processing_generated:u_proc|out_tcpopt_options_s2[184]              ; Merged with processing_generated:u_proc|out_ipv4opt_options_s2[184] ;
; processing_generated:u_proc|out_tcp_checksum_s2[9]                  ; Merged with processing_generated:u_proc|out_ipv4opt_options_s2[185] ;
; processing_generated:u_proc|out_tcpopt_options_s2[185]              ; Merged with processing_generated:u_proc|out_ipv4opt_options_s2[185] ;
; processing_generated:u_proc|out_tcp_checksum_s2[10]                 ; Merged with processing_generated:u_proc|out_ipv4opt_options_s2[186] ;
; processing_generated:u_proc|out_tcpopt_options_s2[186]              ; Merged with processing_generated:u_proc|out_ipv4opt_options_s2[186] ;
; processing_generated:u_proc|out_tcp_checksum_s2[11]                 ; Merged with processing_generated:u_proc|out_ipv4opt_options_s2[187] ;
; processing_generated:u_proc|out_tcpopt_options_s2[187]              ; Merged with processing_generated:u_proc|out_ipv4opt_options_s2[187] ;
; processing_generated:u_proc|out_tcp_checksum_s2[12]                 ; Merged with processing_generated:u_proc|out_ipv4opt_options_s2[188] ;
; processing_generated:u_proc|out_tcpopt_options_s2[188]              ; Merged with processing_generated:u_proc|out_ipv4opt_options_s2[188] ;
; processing_generated:u_proc|out_tcp_checksum_s2[13]                 ; Merged with processing_generated:u_proc|out_ipv4opt_options_s2[189] ;
; processing_generated:u_proc|out_tcpopt_options_s2[189]              ; Merged with processing_generated:u_proc|out_ipv4opt_options_s2[189] ;
; processing_generated:u_proc|out_tcp_checksum_s2[14]                 ; Merged with processing_generated:u_proc|out_ipv4opt_options_s2[190] ;
; processing_generated:u_proc|out_tcpopt_options_s2[190]              ; Merged with processing_generated:u_proc|out_ipv4opt_options_s2[190] ;
; processing_generated:u_proc|out_tcp_checksum_s2[15]                 ; Merged with processing_generated:u_proc|out_ipv4opt_options_s2[191] ;
; processing_generated:u_proc|out_tcpopt_options_s2[191]              ; Merged with processing_generated:u_proc|out_ipv4opt_options_s2[191] ;
; processing_generated:u_proc|out_tcp_ackNum_s2[16]                   ; Merged with processing_generated:u_proc|out_ipv4opt_options_s2[240] ;
; processing_generated:u_proc|out_tcpopt_options_s2[240]              ; Merged with processing_generated:u_proc|out_ipv4opt_options_s2[240] ;
; processing_generated:u_proc|out_tcp_ackNum_s2[17]                   ; Merged with processing_generated:u_proc|out_ipv4opt_options_s2[241] ;
; processing_generated:u_proc|out_tcpopt_options_s2[241]              ; Merged with processing_generated:u_proc|out_ipv4opt_options_s2[241] ;
; processing_generated:u_proc|out_tcp_ackNum_s2[18]                   ; Merged with processing_generated:u_proc|out_ipv4opt_options_s2[242] ;
; processing_generated:u_proc|out_tcpopt_options_s2[242]              ; Merged with processing_generated:u_proc|out_ipv4opt_options_s2[242] ;
; processing_generated:u_proc|out_tcp_ackNum_s2[19]                   ; Merged with processing_generated:u_proc|out_ipv4opt_options_s2[243] ;
; processing_generated:u_proc|out_tcpopt_options_s2[243]              ; Merged with processing_generated:u_proc|out_ipv4opt_options_s2[243] ;
; processing_generated:u_proc|out_tcp_ackNum_s2[20]                   ; Merged with processing_generated:u_proc|out_ipv4opt_options_s2[244] ;
; processing_generated:u_proc|out_tcpopt_options_s2[244]              ; Merged with processing_generated:u_proc|out_ipv4opt_options_s2[244] ;
; processing_generated:u_proc|out_tcp_ackNum_s2[21]                   ; Merged with processing_generated:u_proc|out_ipv4opt_options_s2[245] ;
; processing_generated:u_proc|out_tcpopt_options_s2[245]              ; Merged with processing_generated:u_proc|out_ipv4opt_options_s2[245] ;
; processing_generated:u_proc|out_tcp_ackNum_s2[22]                   ; Merged with processing_generated:u_proc|out_ipv4opt_options_s2[246] ;
; processing_generated:u_proc|out_tcpopt_options_s2[246]              ; Merged with processing_generated:u_proc|out_ipv4opt_options_s2[246] ;
; processing_generated:u_proc|out_tcp_ackNum_s2[23]                   ; Merged with processing_generated:u_proc|out_ipv4opt_options_s2[247] ;
; processing_generated:u_proc|out_tcpopt_options_s2[247]              ; Merged with processing_generated:u_proc|out_ipv4opt_options_s2[247] ;
; processing_generated:u_proc|out_tcp_ackNum_s2[24]                   ; Merged with processing_generated:u_proc|out_ipv4opt_options_s2[248] ;
; processing_generated:u_proc|out_tcpopt_options_s2[248]              ; Merged with processing_generated:u_proc|out_ipv4opt_options_s2[248] ;
; processing_generated:u_proc|out_tcp_ackNum_s2[25]                   ; Merged with processing_generated:u_proc|out_ipv4opt_options_s2[249] ;
; processing_generated:u_proc|out_tcpopt_options_s2[249]              ; Merged with processing_generated:u_proc|out_ipv4opt_options_s2[249] ;
; processing_generated:u_proc|out_tcp_ackNum_s2[26]                   ; Merged with processing_generated:u_proc|out_ipv4opt_options_s2[250] ;
; processing_generated:u_proc|out_tcpopt_options_s2[250]              ; Merged with processing_generated:u_proc|out_ipv4opt_options_s2[250] ;
; processing_generated:u_proc|out_tcp_ackNum_s2[27]                   ; Merged with processing_generated:u_proc|out_ipv4opt_options_s2[251] ;
; processing_generated:u_proc|out_tcpopt_options_s2[251]              ; Merged with processing_generated:u_proc|out_ipv4opt_options_s2[251] ;
; processing_generated:u_proc|out_tcp_ackNum_s2[28]                   ; Merged with processing_generated:u_proc|out_ipv4opt_options_s2[252] ;
; processing_generated:u_proc|out_tcpopt_options_s2[252]              ; Merged with processing_generated:u_proc|out_ipv4opt_options_s2[252] ;
; processing_generated:u_proc|out_tcp_ackNum_s2[29]                   ; Merged with processing_generated:u_proc|out_ipv4opt_options_s2[253] ;
; processing_generated:u_proc|out_tcpopt_options_s2[253]              ; Merged with processing_generated:u_proc|out_ipv4opt_options_s2[253] ;
; processing_generated:u_proc|out_tcp_ackNum_s2[30]                   ; Merged with processing_generated:u_proc|out_ipv4opt_options_s2[254] ;
; processing_generated:u_proc|out_tcpopt_options_s2[254]              ; Merged with processing_generated:u_proc|out_ipv4opt_options_s2[254] ;
; processing_generated:u_proc|out_tcp_ackNum_s2[31]                   ; Merged with processing_generated:u_proc|out_ipv4opt_options_s2[255] ;
; processing_generated:u_proc|out_tcpopt_options_s2[255]              ; Merged with processing_generated:u_proc|out_ipv4opt_options_s2[255] ;
; processing_generated:u_proc|out_tcp_seqNum_s2[0]                    ; Merged with processing_generated:u_proc|out_ipv4opt_options_s2[256] ;
; processing_generated:u_proc|out_tcpopt_options_s2[256]              ; Merged with processing_generated:u_proc|out_ipv4opt_options_s2[256] ;
; processing_generated:u_proc|out_udp_checksum_s2[0]                  ; Merged with processing_generated:u_proc|out_ipv4opt_options_s2[256] ;
; processing_generated:u_proc|out_tcp_seqNum_s2[1]                    ; Merged with processing_generated:u_proc|out_ipv4opt_options_s2[257] ;
; processing_generated:u_proc|out_tcpopt_options_s2[257]              ; Merged with processing_generated:u_proc|out_ipv4opt_options_s2[257] ;
; processing_generated:u_proc|out_udp_checksum_s2[1]                  ; Merged with processing_generated:u_proc|out_ipv4opt_options_s2[257] ;
; processing_generated:u_proc|out_tcp_seqNum_s2[2]                    ; Merged with processing_generated:u_proc|out_ipv4opt_options_s2[258] ;
; processing_generated:u_proc|out_tcpopt_options_s2[258]              ; Merged with processing_generated:u_proc|out_ipv4opt_options_s2[258] ;
; processing_generated:u_proc|out_udp_checksum_s2[2]                  ; Merged with processing_generated:u_proc|out_ipv4opt_options_s2[258] ;
; processing_generated:u_proc|out_tcp_seqNum_s2[3]                    ; Merged with processing_generated:u_proc|out_ipv4opt_options_s2[259] ;
; processing_generated:u_proc|out_tcpopt_options_s2[259]              ; Merged with processing_generated:u_proc|out_ipv4opt_options_s2[259] ;
; processing_generated:u_proc|out_udp_checksum_s2[3]                  ; Merged with processing_generated:u_proc|out_ipv4opt_options_s2[259] ;
; processing_generated:u_proc|out_tcp_seqNum_s2[4]                    ; Merged with processing_generated:u_proc|out_ipv4opt_options_s2[260] ;
; processing_generated:u_proc|out_tcpopt_options_s2[260]              ; Merged with processing_generated:u_proc|out_ipv4opt_options_s2[260] ;
; processing_generated:u_proc|out_udp_checksum_s2[4]                  ; Merged with processing_generated:u_proc|out_ipv4opt_options_s2[260] ;
; processing_generated:u_proc|out_tcp_seqNum_s2[5]                    ; Merged with processing_generated:u_proc|out_ipv4opt_options_s2[261] ;
; processing_generated:u_proc|out_tcpopt_options_s2[261]              ; Merged with processing_generated:u_proc|out_ipv4opt_options_s2[261] ;
; processing_generated:u_proc|out_udp_checksum_s2[5]                  ; Merged with processing_generated:u_proc|out_ipv4opt_options_s2[261] ;
; processing_generated:u_proc|out_tcp_seqNum_s2[6]                    ; Merged with processing_generated:u_proc|out_ipv4opt_options_s2[262] ;
; processing_generated:u_proc|out_tcpopt_options_s2[262]              ; Merged with processing_generated:u_proc|out_ipv4opt_options_s2[262] ;
; processing_generated:u_proc|out_udp_checksum_s2[6]                  ; Merged with processing_generated:u_proc|out_ipv4opt_options_s2[262] ;
; processing_generated:u_proc|out_tcp_seqNum_s2[7]                    ; Merged with processing_generated:u_proc|out_ipv4opt_options_s2[263] ;
; processing_generated:u_proc|out_tcpopt_options_s2[263]              ; Merged with processing_generated:u_proc|out_ipv4opt_options_s2[263] ;
; processing_generated:u_proc|out_udp_checksum_s2[7]                  ; Merged with processing_generated:u_proc|out_ipv4opt_options_s2[263] ;
; processing_generated:u_proc|out_tcp_seqNum_s2[8]                    ; Merged with processing_generated:u_proc|out_ipv4opt_options_s2[264] ;
; processing_generated:u_proc|out_tcpopt_options_s2[264]              ; Merged with processing_generated:u_proc|out_ipv4opt_options_s2[264] ;
; processing_generated:u_proc|out_udp_checksum_s2[8]                  ; Merged with processing_generated:u_proc|out_ipv4opt_options_s2[264] ;
; processing_generated:u_proc|out_tcp_seqNum_s2[9]                    ; Merged with processing_generated:u_proc|out_ipv4opt_options_s2[265] ;
; processing_generated:u_proc|out_tcpopt_options_s2[265]              ; Merged with processing_generated:u_proc|out_ipv4opt_options_s2[265] ;
; processing_generated:u_proc|out_udp_checksum_s2[9]                  ; Merged with processing_generated:u_proc|out_ipv4opt_options_s2[265] ;
; processing_generated:u_proc|out_tcp_seqNum_s2[10]                   ; Merged with processing_generated:u_proc|out_ipv4opt_options_s2[266] ;
; processing_generated:u_proc|out_tcpopt_options_s2[266]              ; Merged with processing_generated:u_proc|out_ipv4opt_options_s2[266] ;
; processing_generated:u_proc|out_udp_checksum_s2[10]                 ; Merged with processing_generated:u_proc|out_ipv4opt_options_s2[266] ;
; processing_generated:u_proc|out_tcp_seqNum_s2[11]                   ; Merged with processing_generated:u_proc|out_ipv4opt_options_s2[267] ;
; processing_generated:u_proc|out_tcpopt_options_s2[267]              ; Merged with processing_generated:u_proc|out_ipv4opt_options_s2[267] ;
; processing_generated:u_proc|out_udp_checksum_s2[11]                 ; Merged with processing_generated:u_proc|out_ipv4opt_options_s2[267] ;
; processing_generated:u_proc|out_tcp_seqNum_s2[12]                   ; Merged with processing_generated:u_proc|out_ipv4opt_options_s2[268] ;
; processing_generated:u_proc|out_tcpopt_options_s2[268]              ; Merged with processing_generated:u_proc|out_ipv4opt_options_s2[268] ;
; processing_generated:u_proc|out_udp_checksum_s2[12]                 ; Merged with processing_generated:u_proc|out_ipv4opt_options_s2[268] ;
; processing_generated:u_proc|out_tcp_seqNum_s2[13]                   ; Merged with processing_generated:u_proc|out_ipv4opt_options_s2[269] ;
; processing_generated:u_proc|out_tcpopt_options_s2[269]              ; Merged with processing_generated:u_proc|out_ipv4opt_options_s2[269] ;
; processing_generated:u_proc|out_udp_checksum_s2[13]                 ; Merged with processing_generated:u_proc|out_ipv4opt_options_s2[269] ;
; processing_generated:u_proc|out_tcp_seqNum_s2[14]                   ; Merged with processing_generated:u_proc|out_ipv4opt_options_s2[270] ;
; processing_generated:u_proc|out_tcpopt_options_s2[270]              ; Merged with processing_generated:u_proc|out_ipv4opt_options_s2[270] ;
; processing_generated:u_proc|out_udp_checksum_s2[14]                 ; Merged with processing_generated:u_proc|out_ipv4opt_options_s2[270] ;
; processing_generated:u_proc|out_tcp_seqNum_s2[15]                   ; Merged with processing_generated:u_proc|out_ipv4opt_options_s2[271] ;
; processing_generated:u_proc|out_tcpopt_options_s2[271]              ; Merged with processing_generated:u_proc|out_ipv4opt_options_s2[271] ;
; processing_generated:u_proc|out_udp_checksum_s2[15]                 ; Merged with processing_generated:u_proc|out_ipv4opt_options_s2[271] ;
; processing_generated:u_proc|out_tcp_seqNum_s2[16]                   ; Merged with processing_generated:u_proc|out_ipv4opt_options_s2[272] ;
; processing_generated:u_proc|out_tcpopt_options_s2[272]              ; Merged with processing_generated:u_proc|out_ipv4opt_options_s2[272] ;
; processing_generated:u_proc|out_udp_length_s2[0]                    ; Merged with processing_generated:u_proc|out_ipv4opt_options_s2[272] ;
; processing_generated:u_proc|out_tcp_seqNum_s2[17]                   ; Merged with processing_generated:u_proc|out_ipv4opt_options_s2[273] ;
; processing_generated:u_proc|out_tcpopt_options_s2[273]              ; Merged with processing_generated:u_proc|out_ipv4opt_options_s2[273] ;
; processing_generated:u_proc|out_udp_length_s2[1]                    ; Merged with processing_generated:u_proc|out_ipv4opt_options_s2[273] ;
; processing_generated:u_proc|out_tcp_seqNum_s2[18]                   ; Merged with processing_generated:u_proc|out_ipv4opt_options_s2[274] ;
; processing_generated:u_proc|out_tcpopt_options_s2[274]              ; Merged with processing_generated:u_proc|out_ipv4opt_options_s2[274] ;
; processing_generated:u_proc|out_udp_length_s2[2]                    ; Merged with processing_generated:u_proc|out_ipv4opt_options_s2[274] ;
; processing_generated:u_proc|out_tcp_seqNum_s2[19]                   ; Merged with processing_generated:u_proc|out_ipv4opt_options_s2[275] ;
; processing_generated:u_proc|out_tcpopt_options_s2[275]              ; Merged with processing_generated:u_proc|out_ipv4opt_options_s2[275] ;
; processing_generated:u_proc|out_udp_length_s2[3]                    ; Merged with processing_generated:u_proc|out_ipv4opt_options_s2[275] ;
; processing_generated:u_proc|out_tcp_seqNum_s2[20]                   ; Merged with processing_generated:u_proc|out_ipv4opt_options_s2[276] ;
; processing_generated:u_proc|out_tcpopt_options_s2[276]              ; Merged with processing_generated:u_proc|out_ipv4opt_options_s2[276] ;
; processing_generated:u_proc|out_udp_length_s2[4]                    ; Merged with processing_generated:u_proc|out_ipv4opt_options_s2[276] ;
; processing_generated:u_proc|out_tcp_seqNum_s2[21]                   ; Merged with processing_generated:u_proc|out_ipv4opt_options_s2[277] ;
; processing_generated:u_proc|out_tcpopt_options_s2[277]              ; Merged with processing_generated:u_proc|out_ipv4opt_options_s2[277] ;
; processing_generated:u_proc|out_udp_length_s2[5]                    ; Merged with processing_generated:u_proc|out_ipv4opt_options_s2[277] ;
; processing_generated:u_proc|out_tcp_seqNum_s2[22]                   ; Merged with processing_generated:u_proc|out_ipv4opt_options_s2[278] ;
; processing_generated:u_proc|out_tcpopt_options_s2[278]              ; Merged with processing_generated:u_proc|out_ipv4opt_options_s2[278] ;
; processing_generated:u_proc|out_udp_length_s2[6]                    ; Merged with processing_generated:u_proc|out_ipv4opt_options_s2[278] ;
; processing_generated:u_proc|out_tcp_seqNum_s2[23]                   ; Merged with processing_generated:u_proc|out_ipv4opt_options_s2[279] ;
; processing_generated:u_proc|out_tcpopt_options_s2[279]              ; Merged with processing_generated:u_proc|out_ipv4opt_options_s2[279] ;
; processing_generated:u_proc|out_udp_length_s2[7]                    ; Merged with processing_generated:u_proc|out_ipv4opt_options_s2[279] ;
; processing_generated:u_proc|out_tcp_seqNum_s2[24]                   ; Merged with processing_generated:u_proc|out_ipv4opt_options_s2[280] ;
; processing_generated:u_proc|out_tcpopt_options_s2[280]              ; Merged with processing_generated:u_proc|out_ipv4opt_options_s2[280] ;
; processing_generated:u_proc|out_udp_length_s2[8]                    ; Merged with processing_generated:u_proc|out_ipv4opt_options_s2[280] ;
; processing_generated:u_proc|out_tcp_seqNum_s2[25]                   ; Merged with processing_generated:u_proc|out_ipv4opt_options_s2[281] ;
; processing_generated:u_proc|out_tcpopt_options_s2[281]              ; Merged with processing_generated:u_proc|out_ipv4opt_options_s2[281] ;
; processing_generated:u_proc|out_udp_length_s2[9]                    ; Merged with processing_generated:u_proc|out_ipv4opt_options_s2[281] ;
; processing_generated:u_proc|out_tcp_seqNum_s2[26]                   ; Merged with processing_generated:u_proc|out_ipv4opt_options_s2[282] ;
; processing_generated:u_proc|out_tcpopt_options_s2[282]              ; Merged with processing_generated:u_proc|out_ipv4opt_options_s2[282] ;
; processing_generated:u_proc|out_udp_length_s2[10]                   ; Merged with processing_generated:u_proc|out_ipv4opt_options_s2[282] ;
; processing_generated:u_proc|out_tcp_seqNum_s2[27]                   ; Merged with processing_generated:u_proc|out_ipv4opt_options_s2[283] ;
; processing_generated:u_proc|out_tcpopt_options_s2[283]              ; Merged with processing_generated:u_proc|out_ipv4opt_options_s2[283] ;
; processing_generated:u_proc|out_udp_length_s2[11]                   ; Merged with processing_generated:u_proc|out_ipv4opt_options_s2[283] ;
; processing_generated:u_proc|out_tcp_seqNum_s2[28]                   ; Merged with processing_generated:u_proc|out_ipv4opt_options_s2[284] ;
; processing_generated:u_proc|out_tcpopt_options_s2[284]              ; Merged with processing_generated:u_proc|out_ipv4opt_options_s2[284] ;
; processing_generated:u_proc|out_udp_length_s2[12]                   ; Merged with processing_generated:u_proc|out_ipv4opt_options_s2[284] ;
; processing_generated:u_proc|out_tcp_seqNum_s2[29]                   ; Merged with processing_generated:u_proc|out_ipv4opt_options_s2[285] ;
; processing_generated:u_proc|out_tcpopt_options_s2[285]              ; Merged with processing_generated:u_proc|out_ipv4opt_options_s2[285] ;
; processing_generated:u_proc|out_udp_length_s2[13]                   ; Merged with processing_generated:u_proc|out_ipv4opt_options_s2[285] ;
; processing_generated:u_proc|out_tcp_seqNum_s2[30]                   ; Merged with processing_generated:u_proc|out_ipv4opt_options_s2[286] ;
; processing_generated:u_proc|out_tcpopt_options_s2[286]              ; Merged with processing_generated:u_proc|out_ipv4opt_options_s2[286] ;
; processing_generated:u_proc|out_udp_length_s2[14]                   ; Merged with processing_generated:u_proc|out_ipv4opt_options_s2[286] ;
; processing_generated:u_proc|out_tcp_seqNum_s2[31]                   ; Merged with processing_generated:u_proc|out_ipv4opt_options_s2[287] ;
; processing_generated:u_proc|out_tcpopt_options_s2[287]              ; Merged with processing_generated:u_proc|out_ipv4opt_options_s2[287] ;
; processing_generated:u_proc|out_udp_length_s2[15]                   ; Merged with processing_generated:u_proc|out_ipv4opt_options_s2[287] ;
; processing_generated:u_proc|out_tcp_dst_port_s2[0]                  ; Merged with processing_generated:u_proc|out_ipv4opt_options_s2[288] ;
; processing_generated:u_proc|out_tcpopt_options_s2[288]              ; Merged with processing_generated:u_proc|out_ipv4opt_options_s2[288] ;
; processing_generated:u_proc|out_udp_dst_port_s2[0]                  ; Merged with processing_generated:u_proc|out_ipv4opt_options_s2[288] ;
; processing_generated:u_proc|out_tcp_dst_port_s2[1]                  ; Merged with processing_generated:u_proc|out_ipv4opt_options_s2[289] ;
; processing_generated:u_proc|out_tcpopt_options_s2[289]              ; Merged with processing_generated:u_proc|out_ipv4opt_options_s2[289] ;
; processing_generated:u_proc|out_udp_dst_port_s2[1]                  ; Merged with processing_generated:u_proc|out_ipv4opt_options_s2[289] ;
; processing_generated:u_proc|out_tcp_dst_port_s2[2]                  ; Merged with processing_generated:u_proc|out_ipv4opt_options_s2[290] ;
; processing_generated:u_proc|out_tcpopt_options_s2[290]              ; Merged with processing_generated:u_proc|out_ipv4opt_options_s2[290] ;
; processing_generated:u_proc|out_udp_dst_port_s2[2]                  ; Merged with processing_generated:u_proc|out_ipv4opt_options_s2[290] ;
; processing_generated:u_proc|out_tcp_dst_port_s2[3]                  ; Merged with processing_generated:u_proc|out_ipv4opt_options_s2[291] ;
; processing_generated:u_proc|out_tcpopt_options_s2[291]              ; Merged with processing_generated:u_proc|out_ipv4opt_options_s2[291] ;
; processing_generated:u_proc|out_udp_dst_port_s2[3]                  ; Merged with processing_generated:u_proc|out_ipv4opt_options_s2[291] ;
; processing_generated:u_proc|out_tcp_dst_port_s2[4]                  ; Merged with processing_generated:u_proc|out_ipv4opt_options_s2[292] ;
; processing_generated:u_proc|out_tcpopt_options_s2[292]              ; Merged with processing_generated:u_proc|out_ipv4opt_options_s2[292] ;
; processing_generated:u_proc|out_udp_dst_port_s2[4]                  ; Merged with processing_generated:u_proc|out_ipv4opt_options_s2[292] ;
; processing_generated:u_proc|out_tcp_dst_port_s2[5]                  ; Merged with processing_generated:u_proc|out_ipv4opt_options_s2[293] ;
; processing_generated:u_proc|out_tcpopt_options_s2[293]              ; Merged with processing_generated:u_proc|out_ipv4opt_options_s2[293] ;
; processing_generated:u_proc|out_udp_dst_port_s2[5]                  ; Merged with processing_generated:u_proc|out_ipv4opt_options_s2[293] ;
; processing_generated:u_proc|out_tcp_dst_port_s2[6]                  ; Merged with processing_generated:u_proc|out_ipv4opt_options_s2[294] ;
; processing_generated:u_proc|out_tcpopt_options_s2[294]              ; Merged with processing_generated:u_proc|out_ipv4opt_options_s2[294] ;
; processing_generated:u_proc|out_udp_dst_port_s2[6]                  ; Merged with processing_generated:u_proc|out_ipv4opt_options_s2[294] ;
; processing_generated:u_proc|out_tcp_dst_port_s2[7]                  ; Merged with processing_generated:u_proc|out_ipv4opt_options_s2[295] ;
; processing_generated:u_proc|out_tcpopt_options_s2[295]              ; Merged with processing_generated:u_proc|out_ipv4opt_options_s2[295] ;
; processing_generated:u_proc|out_udp_dst_port_s2[7]                  ; Merged with processing_generated:u_proc|out_ipv4opt_options_s2[295] ;
; processing_generated:u_proc|out_tcp_dst_port_s2[8]                  ; Merged with processing_generated:u_proc|out_ipv4opt_options_s2[296] ;
; processing_generated:u_proc|out_tcpopt_options_s2[296]              ; Merged with processing_generated:u_proc|out_ipv4opt_options_s2[296] ;
; processing_generated:u_proc|out_udp_dst_port_s2[8]                  ; Merged with processing_generated:u_proc|out_ipv4opt_options_s2[296] ;
; processing_generated:u_proc|out_tcp_dst_port_s2[9]                  ; Merged with processing_generated:u_proc|out_ipv4opt_options_s2[297] ;
; processing_generated:u_proc|out_tcpopt_options_s2[297]              ; Merged with processing_generated:u_proc|out_ipv4opt_options_s2[297] ;
; processing_generated:u_proc|out_udp_dst_port_s2[9]                  ; Merged with processing_generated:u_proc|out_ipv4opt_options_s2[297] ;
; processing_generated:u_proc|out_tcp_dst_port_s2[10]                 ; Merged with processing_generated:u_proc|out_ipv4opt_options_s2[298] ;
; processing_generated:u_proc|out_tcpopt_options_s2[298]              ; Merged with processing_generated:u_proc|out_ipv4opt_options_s2[298] ;
; processing_generated:u_proc|out_udp_dst_port_s2[10]                 ; Merged with processing_generated:u_proc|out_ipv4opt_options_s2[298] ;
; processing_generated:u_proc|out_tcp_dst_port_s2[11]                 ; Merged with processing_generated:u_proc|out_ipv4opt_options_s2[299] ;
; processing_generated:u_proc|out_tcpopt_options_s2[299]              ; Merged with processing_generated:u_proc|out_ipv4opt_options_s2[299] ;
; processing_generated:u_proc|out_udp_dst_port_s2[11]                 ; Merged with processing_generated:u_proc|out_ipv4opt_options_s2[299] ;
; processing_generated:u_proc|out_tcp_dst_port_s2[12]                 ; Merged with processing_generated:u_proc|out_ipv4opt_options_s2[300] ;
; processing_generated:u_proc|out_tcpopt_options_s2[300]              ; Merged with processing_generated:u_proc|out_ipv4opt_options_s2[300] ;
; processing_generated:u_proc|out_udp_dst_port_s2[12]                 ; Merged with processing_generated:u_proc|out_ipv4opt_options_s2[300] ;
; processing_generated:u_proc|out_tcp_dst_port_s2[13]                 ; Merged with processing_generated:u_proc|out_ipv4opt_options_s2[301] ;
; processing_generated:u_proc|out_tcpopt_options_s2[301]              ; Merged with processing_generated:u_proc|out_ipv4opt_options_s2[301] ;
; processing_generated:u_proc|out_udp_dst_port_s2[13]                 ; Merged with processing_generated:u_proc|out_ipv4opt_options_s2[301] ;
; processing_generated:u_proc|out_tcp_dst_port_s2[14]                 ; Merged with processing_generated:u_proc|out_ipv4opt_options_s2[302] ;
; processing_generated:u_proc|out_tcpopt_options_s2[302]              ; Merged with processing_generated:u_proc|out_ipv4opt_options_s2[302] ;
; processing_generated:u_proc|out_udp_dst_port_s2[14]                 ; Merged with processing_generated:u_proc|out_ipv4opt_options_s2[302] ;
; processing_generated:u_proc|out_tcp_dst_port_s2[15]                 ; Merged with processing_generated:u_proc|out_ipv4opt_options_s2[303] ;
; processing_generated:u_proc|out_tcpopt_options_s2[303]              ; Merged with processing_generated:u_proc|out_ipv4opt_options_s2[303] ;
; processing_generated:u_proc|out_udp_dst_port_s2[15]                 ; Merged with processing_generated:u_proc|out_ipv4opt_options_s2[303] ;
; processing_generated:u_proc|out_tcp_src_port_s2[0]                  ; Merged with processing_generated:u_proc|out_ipv4opt_options_s2[304] ;
; processing_generated:u_proc|out_tcpopt_options_s2[304]              ; Merged with processing_generated:u_proc|out_ipv4opt_options_s2[304] ;
; processing_generated:u_proc|out_udp_src_port_s2[0]                  ; Merged with processing_generated:u_proc|out_ipv4opt_options_s2[304] ;
; processing_generated:u_proc|out_tcp_src_port_s2[1]                  ; Merged with processing_generated:u_proc|out_ipv4opt_options_s2[305] ;
; processing_generated:u_proc|out_tcpopt_options_s2[305]              ; Merged with processing_generated:u_proc|out_ipv4opt_options_s2[305] ;
; processing_generated:u_proc|out_udp_src_port_s2[1]                  ; Merged with processing_generated:u_proc|out_ipv4opt_options_s2[305] ;
; processing_generated:u_proc|out_tcp_src_port_s2[2]                  ; Merged with processing_generated:u_proc|out_ipv4opt_options_s2[306] ;
; processing_generated:u_proc|out_tcpopt_options_s2[306]              ; Merged with processing_generated:u_proc|out_ipv4opt_options_s2[306] ;
; processing_generated:u_proc|out_udp_src_port_s2[2]                  ; Merged with processing_generated:u_proc|out_ipv4opt_options_s2[306] ;
; processing_generated:u_proc|out_tcp_src_port_s2[3]                  ; Merged with processing_generated:u_proc|out_ipv4opt_options_s2[307] ;
; processing_generated:u_proc|out_tcpopt_options_s2[307]              ; Merged with processing_generated:u_proc|out_ipv4opt_options_s2[307] ;
; processing_generated:u_proc|out_udp_src_port_s2[3]                  ; Merged with processing_generated:u_proc|out_ipv4opt_options_s2[307] ;
; processing_generated:u_proc|out_tcp_src_port_s2[4]                  ; Merged with processing_generated:u_proc|out_ipv4opt_options_s2[308] ;
; processing_generated:u_proc|out_tcpopt_options_s2[308]              ; Merged with processing_generated:u_proc|out_ipv4opt_options_s2[308] ;
; processing_generated:u_proc|out_udp_src_port_s2[4]                  ; Merged with processing_generated:u_proc|out_ipv4opt_options_s2[308] ;
; processing_generated:u_proc|out_tcp_src_port_s2[5]                  ; Merged with processing_generated:u_proc|out_ipv4opt_options_s2[309] ;
; processing_generated:u_proc|out_tcpopt_options_s2[309]              ; Merged with processing_generated:u_proc|out_ipv4opt_options_s2[309] ;
; processing_generated:u_proc|out_udp_src_port_s2[5]                  ; Merged with processing_generated:u_proc|out_ipv4opt_options_s2[309] ;
; processing_generated:u_proc|out_tcp_src_port_s2[6]                  ; Merged with processing_generated:u_proc|out_ipv4opt_options_s2[310] ;
; processing_generated:u_proc|out_tcpopt_options_s2[310]              ; Merged with processing_generated:u_proc|out_ipv4opt_options_s2[310] ;
; processing_generated:u_proc|out_udp_src_port_s2[6]                  ; Merged with processing_generated:u_proc|out_ipv4opt_options_s2[310] ;
; processing_generated:u_proc|out_tcp_src_port_s2[7]                  ; Merged with processing_generated:u_proc|out_ipv4opt_options_s2[311] ;
; processing_generated:u_proc|out_tcpopt_options_s2[311]              ; Merged with processing_generated:u_proc|out_ipv4opt_options_s2[311] ;
; processing_generated:u_proc|out_udp_src_port_s2[7]                  ; Merged with processing_generated:u_proc|out_ipv4opt_options_s2[311] ;
; processing_generated:u_proc|out_tcp_src_port_s2[8]                  ; Merged with processing_generated:u_proc|out_ipv4opt_options_s2[312] ;
; processing_generated:u_proc|out_tcpopt_options_s2[312]              ; Merged with processing_generated:u_proc|out_ipv4opt_options_s2[312] ;
; processing_generated:u_proc|out_udp_src_port_s2[8]                  ; Merged with processing_generated:u_proc|out_ipv4opt_options_s2[312] ;
; processing_generated:u_proc|out_tcp_src_port_s2[9]                  ; Merged with processing_generated:u_proc|out_ipv4opt_options_s2[313] ;
; processing_generated:u_proc|out_tcpopt_options_s2[313]              ; Merged with processing_generated:u_proc|out_ipv4opt_options_s2[313] ;
; processing_generated:u_proc|out_udp_src_port_s2[9]                  ; Merged with processing_generated:u_proc|out_ipv4opt_options_s2[313] ;
; processing_generated:u_proc|out_tcp_src_port_s2[10]                 ; Merged with processing_generated:u_proc|out_ipv4opt_options_s2[314] ;
; processing_generated:u_proc|out_tcpopt_options_s2[314]              ; Merged with processing_generated:u_proc|out_ipv4opt_options_s2[314] ;
; processing_generated:u_proc|out_udp_src_port_s2[10]                 ; Merged with processing_generated:u_proc|out_ipv4opt_options_s2[314] ;
; processing_generated:u_proc|out_tcp_src_port_s2[11]                 ; Merged with processing_generated:u_proc|out_ipv4opt_options_s2[315] ;
; processing_generated:u_proc|out_tcpopt_options_s2[315]              ; Merged with processing_generated:u_proc|out_ipv4opt_options_s2[315] ;
; processing_generated:u_proc|out_udp_src_port_s2[11]                 ; Merged with processing_generated:u_proc|out_ipv4opt_options_s2[315] ;
; processing_generated:u_proc|out_tcp_src_port_s2[12]                 ; Merged with processing_generated:u_proc|out_ipv4opt_options_s2[316] ;
; processing_generated:u_proc|out_tcpopt_options_s2[316]              ; Merged with processing_generated:u_proc|out_ipv4opt_options_s2[316] ;
; processing_generated:u_proc|out_udp_src_port_s2[12]                 ; Merged with processing_generated:u_proc|out_ipv4opt_options_s2[316] ;
; processing_generated:u_proc|out_tcp_src_port_s2[13]                 ; Merged with processing_generated:u_proc|out_ipv4opt_options_s2[317] ;
; processing_generated:u_proc|out_tcpopt_options_s2[317]              ; Merged with processing_generated:u_proc|out_ipv4opt_options_s2[317] ;
; processing_generated:u_proc|out_udp_src_port_s2[13]                 ; Merged with processing_generated:u_proc|out_ipv4opt_options_s2[317] ;
; processing_generated:u_proc|out_tcp_src_port_s2[14]                 ; Merged with processing_generated:u_proc|out_ipv4opt_options_s2[318] ;
; processing_generated:u_proc|out_tcpopt_options_s2[318]              ; Merged with processing_generated:u_proc|out_ipv4opt_options_s2[318] ;
; processing_generated:u_proc|out_udp_src_port_s2[14]                 ; Merged with processing_generated:u_proc|out_ipv4opt_options_s2[318] ;
; processing_generated:u_proc|out_tcp_src_port_s2[15]                 ; Merged with processing_generated:u_proc|out_ipv4opt_options_s2[319] ;
; processing_generated:u_proc|out_tcpopt_options_s2[319]              ; Merged with processing_generated:u_proc|out_ipv4opt_options_s2[319] ;
; processing_generated:u_proc|out_udp_src_port_s2[15]                 ; Merged with processing_generated:u_proc|out_ipv4opt_options_s2[319] ;
; processing_generated:u_proc|out_eth_type_s2[0]                      ; Merged with processing_generated:u_proc|eth_type_s2[0]              ;
; processing_generated:u_proc|out_eth_type_s2[1]                      ; Merged with processing_generated:u_proc|eth_type_s2[1]              ;
; processing_generated:u_proc|out_eth_type_s2[2]                      ; Merged with processing_generated:u_proc|eth_type_s2[2]              ;
; processing_generated:u_proc|out_eth_type_s2[3]                      ; Merged with processing_generated:u_proc|eth_type_s2[3]              ;
; processing_generated:u_proc|out_eth_type_s2[4]                      ; Merged with processing_generated:u_proc|eth_type_s2[4]              ;
; processing_generated:u_proc|out_eth_type_s2[5]                      ; Merged with processing_generated:u_proc|eth_type_s2[5]              ;
; processing_generated:u_proc|out_eth_type_s2[6]                      ; Merged with processing_generated:u_proc|eth_type_s2[6]              ;
; processing_generated:u_proc|out_eth_type_s2[7]                      ; Merged with processing_generated:u_proc|eth_type_s2[7]              ;
; processing_generated:u_proc|out_eth_type_s2[8]                      ; Merged with processing_generated:u_proc|eth_type_s2[8]              ;
; processing_generated:u_proc|out_eth_type_s2[9]                      ; Merged with processing_generated:u_proc|eth_type_s2[9]              ;
; processing_generated:u_proc|out_eth_type_s2[10]                     ; Merged with processing_generated:u_proc|eth_type_s2[10]             ;
; processing_generated:u_proc|out_eth_type_s2[11]                     ; Merged with processing_generated:u_proc|eth_type_s2[11]             ;
; processing_generated:u_proc|out_eth_type_s2[12]                     ; Merged with processing_generated:u_proc|eth_type_s2[12]             ;
; processing_generated:u_proc|out_eth_type_s2[13]                     ; Merged with processing_generated:u_proc|eth_type_s2[13]             ;
; processing_generated:u_proc|out_eth_type_s2[14]                     ; Merged with processing_generated:u_proc|eth_type_s2[14]             ;
; processing_generated:u_proc|out_eth_type_s2[15]                     ; Merged with processing_generated:u_proc|eth_type_s2[15]             ;
; PacketCounter_counter:u_PacketCounter|pkt_clr_idx[12]               ; Merged with ByteCounter_counter:u_ByteCounter|byte_clr_idx[12]      ;
; processing_generated:u_proc|FiveTuple_table:u_FiveTuple|clr_idx[12] ; Merged with ByteCounter_counter:u_ByteCounter|byte_clr_idx[12]      ;
; PacketCounter_counter:u_PacketCounter|pkt_clr_idx[11]               ; Merged with ByteCounter_counter:u_ByteCounter|byte_clr_idx[11]      ;
; processing_generated:u_proc|FiveTuple_table:u_FiveTuple|clr_idx[11] ; Merged with ByteCounter_counter:u_ByteCounter|byte_clr_idx[11]      ;
; PacketCounter_counter:u_PacketCounter|pkt_clr_idx[10]               ; Merged with ByteCounter_counter:u_ByteCounter|byte_clr_idx[10]      ;
; processing_generated:u_proc|FiveTuple_table:u_FiveTuple|clr_idx[10] ; Merged with ByteCounter_counter:u_ByteCounter|byte_clr_idx[10]      ;
; PacketCounter_counter:u_PacketCounter|pkt_clr_idx[9]                ; Merged with ByteCounter_counter:u_ByteCounter|byte_clr_idx[9]       ;
; processing_generated:u_proc|FiveTuple_table:u_FiveTuple|clr_idx[9]  ; Merged with ByteCounter_counter:u_ByteCounter|byte_clr_idx[9]       ;
; PacketCounter_counter:u_PacketCounter|pkt_clr_idx[8]                ; Merged with ByteCounter_counter:u_ByteCounter|byte_clr_idx[8]       ;
; processing_generated:u_proc|FiveTuple_table:u_FiveTuple|clr_idx[8]  ; Merged with ByteCounter_counter:u_ByteCounter|byte_clr_idx[8]       ;
; PacketCounter_counter:u_PacketCounter|pkt_clr_idx[7]                ; Merged with ByteCounter_counter:u_ByteCounter|byte_clr_idx[7]       ;
; processing_generated:u_proc|FiveTuple_table:u_FiveTuple|clr_idx[7]  ; Merged with ByteCounter_counter:u_ByteCounter|byte_clr_idx[7]       ;
; PacketCounter_counter:u_PacketCounter|pkt_clr_idx[6]                ; Merged with ByteCounter_counter:u_ByteCounter|byte_clr_idx[6]       ;
; processing_generated:u_proc|FiveTuple_table:u_FiveTuple|clr_idx[6]  ; Merged with ByteCounter_counter:u_ByteCounter|byte_clr_idx[6]       ;
; PacketCounter_counter:u_PacketCounter|pkt_clr_idx[5]                ; Merged with ByteCounter_counter:u_ByteCounter|byte_clr_idx[5]       ;
; processing_generated:u_proc|FiveTuple_table:u_FiveTuple|clr_idx[5]  ; Merged with ByteCounter_counter:u_ByteCounter|byte_clr_idx[5]       ;
; PacketCounter_counter:u_PacketCounter|pkt_clr_idx[4]                ; Merged with ByteCounter_counter:u_ByteCounter|byte_clr_idx[4]       ;
; processing_generated:u_proc|FiveTuple_table:u_FiveTuple|clr_idx[4]  ; Merged with ByteCounter_counter:u_ByteCounter|byte_clr_idx[4]       ;
; PacketCounter_counter:u_PacketCounter|pkt_clr_idx[3]                ; Merged with ByteCounter_counter:u_ByteCounter|byte_clr_idx[3]       ;
; processing_generated:u_proc|FiveTuple_table:u_FiveTuple|clr_idx[3]  ; Merged with ByteCounter_counter:u_ByteCounter|byte_clr_idx[3]       ;
; PacketCounter_counter:u_PacketCounter|pkt_clr_idx[2]                ; Merged with ByteCounter_counter:u_ByteCounter|byte_clr_idx[2]       ;
; processing_generated:u_proc|FiveTuple_table:u_FiveTuple|clr_idx[2]  ; Merged with ByteCounter_counter:u_ByteCounter|byte_clr_idx[2]       ;
; PacketCounter_counter:u_PacketCounter|pkt_clr_idx[1]                ; Merged with ByteCounter_counter:u_ByteCounter|byte_clr_idx[1]       ;
; processing_generated:u_proc|FiveTuple_table:u_FiveTuple|clr_idx[1]  ; Merged with ByteCounter_counter:u_ByteCounter|byte_clr_idx[1]       ;
; PacketCounter_counter:u_PacketCounter|pkt_clr_idx[0]                ; Merged with ByteCounter_counter:u_ByteCounter|byte_clr_idx[0]       ;
; processing_generated:u_proc|FiveTuple_table:u_FiveTuple|clr_idx[0]  ; Merged with ByteCounter_counter:u_ByteCounter|byte_clr_idx[0]       ;
; PacketCounter_counter:u_PacketCounter|pkt_a_v                       ; Merged with ByteCounter_counter:u_ByteCounter|byte_a_v              ;
; processing_generated:u_proc|out_tcp_valid_s1                        ; Merged with processing_generated:u_proc|__stage_cond_0_r            ;
; processing_generated:u_proc|out_tcpopt_valid_s1                     ; Merged with processing_generated:u_proc|__stage_cond_0_r            ;
; processing_generated:u_proc|vlan_valid_s1                           ; Merged with processing_generated:u_proc|out_vlan_valid_s1           ;
; processing_generated:u_proc|out_ipv4opt_valid_s1                    ; Merged with processing_generated:u_proc|out_ipv4_valid_s1           ;
; processing_generated:u_proc|out_tcpopt_options_s1[0]                ; Merged with processing_generated:u_proc|out_ipv4opt_options_s1[0]   ;
; processing_generated:u_proc|out_tcpopt_options_s1[1]                ; Merged with processing_generated:u_proc|out_ipv4opt_options_s1[1]   ;
; processing_generated:u_proc|out_tcpopt_options_s1[2]                ; Merged with processing_generated:u_proc|out_ipv4opt_options_s1[2]   ;
; processing_generated:u_proc|out_tcpopt_options_s1[3]                ; Merged with processing_generated:u_proc|out_ipv4opt_options_s1[3]   ;
; processing_generated:u_proc|out_tcpopt_options_s1[4]                ; Merged with processing_generated:u_proc|out_ipv4opt_options_s1[4]   ;
; processing_generated:u_proc|out_tcpopt_options_s1[5]                ; Merged with processing_generated:u_proc|out_ipv4opt_options_s1[5]   ;
; processing_generated:u_proc|out_tcpopt_options_s1[6]                ; Merged with processing_generated:u_proc|out_ipv4opt_options_s1[6]   ;
; processing_generated:u_proc|out_tcpopt_options_s1[7]                ; Merged with processing_generated:u_proc|out_ipv4opt_options_s1[7]   ;
; processing_generated:u_proc|out_tcpopt_options_s1[8]                ; Merged with processing_generated:u_proc|out_ipv4opt_options_s1[8]   ;
; processing_generated:u_proc|out_tcpopt_options_s1[9]                ; Merged with processing_generated:u_proc|out_ipv4opt_options_s1[9]   ;
; processing_generated:u_proc|out_tcpopt_options_s1[10]               ; Merged with processing_generated:u_proc|out_ipv4opt_options_s1[10]  ;
; processing_generated:u_proc|out_tcpopt_options_s1[11]               ; Merged with processing_generated:u_proc|out_ipv4opt_options_s1[11]  ;
; processing_generated:u_proc|out_tcpopt_options_s1[12]               ; Merged with processing_generated:u_proc|out_ipv4opt_options_s1[12]  ;
; processing_generated:u_proc|out_tcpopt_options_s1[13]               ; Merged with processing_generated:u_proc|out_ipv4opt_options_s1[13]  ;
; processing_generated:u_proc|out_tcpopt_options_s1[14]               ; Merged with processing_generated:u_proc|out_ipv4opt_options_s1[14]  ;
; processing_generated:u_proc|out_tcpopt_options_s1[15]               ; Merged with processing_generated:u_proc|out_ipv4opt_options_s1[15]  ;
; processing_generated:u_proc|out_tcpopt_options_s1[16]               ; Merged with processing_generated:u_proc|out_ipv4opt_options_s1[16]  ;
; processing_generated:u_proc|out_tcpopt_options_s1[17]               ; Merged with processing_generated:u_proc|out_ipv4opt_options_s1[17]  ;
; processing_generated:u_proc|out_tcpopt_options_s1[18]               ; Merged with processing_generated:u_proc|out_ipv4opt_options_s1[18]  ;
; processing_generated:u_proc|out_tcpopt_options_s1[19]               ; Merged with processing_generated:u_proc|out_ipv4opt_options_s1[19]  ;
; processing_generated:u_proc|out_tcpopt_options_s1[20]               ; Merged with processing_generated:u_proc|out_ipv4opt_options_s1[20]  ;
; processing_generated:u_proc|out_tcpopt_options_s1[21]               ; Merged with processing_generated:u_proc|out_ipv4opt_options_s1[21]  ;
; processing_generated:u_proc|out_tcpopt_options_s1[22]               ; Merged with processing_generated:u_proc|out_ipv4opt_options_s1[22]  ;
; processing_generated:u_proc|out_tcpopt_options_s1[23]               ; Merged with processing_generated:u_proc|out_ipv4opt_options_s1[23]  ;
; processing_generated:u_proc|out_tcpopt_options_s1[24]               ; Merged with processing_generated:u_proc|out_ipv4opt_options_s1[24]  ;
; processing_generated:u_proc|out_tcpopt_options_s1[25]               ; Merged with processing_generated:u_proc|out_ipv4opt_options_s1[25]  ;
; processing_generated:u_proc|out_tcpopt_options_s1[26]               ; Merged with processing_generated:u_proc|out_ipv4opt_options_s1[26]  ;
; processing_generated:u_proc|out_tcpopt_options_s1[27]               ; Merged with processing_generated:u_proc|out_ipv4opt_options_s1[27]  ;
; processing_generated:u_proc|out_tcpopt_options_s1[28]               ; Merged with processing_generated:u_proc|out_ipv4opt_options_s1[28]  ;
; processing_generated:u_proc|out_tcpopt_options_s1[29]               ; Merged with processing_generated:u_proc|out_ipv4opt_options_s1[29]  ;
; processing_generated:u_proc|out_tcpopt_options_s1[30]               ; Merged with processing_generated:u_proc|out_ipv4opt_options_s1[30]  ;
; processing_generated:u_proc|out_tcpopt_options_s1[31]               ; Merged with processing_generated:u_proc|out_ipv4opt_options_s1[31]  ;
; processing_generated:u_proc|out_tcpopt_options_s1[32]               ; Merged with processing_generated:u_proc|out_ipv4opt_options_s1[32]  ;
; processing_generated:u_proc|out_tcpopt_options_s1[33]               ; Merged with processing_generated:u_proc|out_ipv4opt_options_s1[33]  ;
; processing_generated:u_proc|out_tcpopt_options_s1[34]               ; Merged with processing_generated:u_proc|out_ipv4opt_options_s1[34]  ;
; processing_generated:u_proc|out_tcpopt_options_s1[35]               ; Merged with processing_generated:u_proc|out_ipv4opt_options_s1[35]  ;
; processing_generated:u_proc|out_tcpopt_options_s1[36]               ; Merged with processing_generated:u_proc|out_ipv4opt_options_s1[36]  ;
; processing_generated:u_proc|out_tcpopt_options_s1[37]               ; Merged with processing_generated:u_proc|out_ipv4opt_options_s1[37]  ;
; processing_generated:u_proc|out_tcpopt_options_s1[38]               ; Merged with processing_generated:u_proc|out_ipv4opt_options_s1[38]  ;
; processing_generated:u_proc|out_tcpopt_options_s1[39]               ; Merged with processing_generated:u_proc|out_ipv4opt_options_s1[39]  ;
; processing_generated:u_proc|out_tcpopt_options_s1[40]               ; Merged with processing_generated:u_proc|out_ipv4opt_options_s1[40]  ;
; processing_generated:u_proc|out_tcpopt_options_s1[41]               ; Merged with processing_generated:u_proc|out_ipv4opt_options_s1[41]  ;
; processing_generated:u_proc|out_tcpopt_options_s1[42]               ; Merged with processing_generated:u_proc|out_ipv4opt_options_s1[42]  ;
; processing_generated:u_proc|out_tcpopt_options_s1[43]               ; Merged with processing_generated:u_proc|out_ipv4opt_options_s1[43]  ;
; processing_generated:u_proc|out_tcpopt_options_s1[44]               ; Merged with processing_generated:u_proc|out_ipv4opt_options_s1[44]  ;
; processing_generated:u_proc|out_tcpopt_options_s1[45]               ; Merged with processing_generated:u_proc|out_ipv4opt_options_s1[45]  ;
; processing_generated:u_proc|out_tcpopt_options_s1[46]               ; Merged with processing_generated:u_proc|out_ipv4opt_options_s1[46]  ;
; processing_generated:u_proc|out_tcpopt_options_s1[47]               ; Merged with processing_generated:u_proc|out_ipv4opt_options_s1[47]  ;
; processing_generated:u_proc|out_tcpopt_options_s1[48]               ; Merged with processing_generated:u_proc|out_ipv4opt_options_s1[48]  ;
; processing_generated:u_proc|out_tcpopt_options_s1[49]               ; Merged with processing_generated:u_proc|out_ipv4opt_options_s1[49]  ;
; processing_generated:u_proc|out_tcpopt_options_s1[50]               ; Merged with processing_generated:u_proc|out_ipv4opt_options_s1[50]  ;
; processing_generated:u_proc|out_tcpopt_options_s1[51]               ; Merged with processing_generated:u_proc|out_ipv4opt_options_s1[51]  ;
; processing_generated:u_proc|out_tcpopt_options_s1[52]               ; Merged with processing_generated:u_proc|out_ipv4opt_options_s1[52]  ;
; processing_generated:u_proc|out_tcpopt_options_s1[53]               ; Merged with processing_generated:u_proc|out_ipv4opt_options_s1[53]  ;
; processing_generated:u_proc|out_tcpopt_options_s1[54]               ; Merged with processing_generated:u_proc|out_ipv4opt_options_s1[54]  ;
; processing_generated:u_proc|out_tcpopt_options_s1[55]               ; Merged with processing_generated:u_proc|out_ipv4opt_options_s1[55]  ;
; processing_generated:u_proc|out_tcpopt_options_s1[56]               ; Merged with processing_generated:u_proc|out_ipv4opt_options_s1[56]  ;
; processing_generated:u_proc|out_tcpopt_options_s1[57]               ; Merged with processing_generated:u_proc|out_ipv4opt_options_s1[57]  ;
; processing_generated:u_proc|out_tcpopt_options_s1[58]               ; Merged with processing_generated:u_proc|out_ipv4opt_options_s1[58]  ;
; processing_generated:u_proc|out_tcpopt_options_s1[59]               ; Merged with processing_generated:u_proc|out_ipv4opt_options_s1[59]  ;
; processing_generated:u_proc|out_tcpopt_options_s1[60]               ; Merged with processing_generated:u_proc|out_ipv4opt_options_s1[60]  ;
; processing_generated:u_proc|out_tcpopt_options_s1[61]               ; Merged with processing_generated:u_proc|out_ipv4opt_options_s1[61]  ;
; processing_generated:u_proc|out_tcpopt_options_s1[62]               ; Merged with processing_generated:u_proc|out_ipv4opt_options_s1[62]  ;
; processing_generated:u_proc|out_tcpopt_options_s1[63]               ; Merged with processing_generated:u_proc|out_ipv4opt_options_s1[63]  ;
; processing_generated:u_proc|out_tcpopt_options_s1[64]               ; Merged with processing_generated:u_proc|out_ipv4opt_options_s1[64]  ;
; processing_generated:u_proc|out_tcpopt_options_s1[65]               ; Merged with processing_generated:u_proc|out_ipv4opt_options_s1[65]  ;
; processing_generated:u_proc|out_tcpopt_options_s1[66]               ; Merged with processing_generated:u_proc|out_ipv4opt_options_s1[66]  ;
; processing_generated:u_proc|out_tcpopt_options_s1[67]               ; Merged with processing_generated:u_proc|out_ipv4opt_options_s1[67]  ;
; processing_generated:u_proc|out_tcpopt_options_s1[68]               ; Merged with processing_generated:u_proc|out_ipv4opt_options_s1[68]  ;
; processing_generated:u_proc|out_tcpopt_options_s1[69]               ; Merged with processing_generated:u_proc|out_ipv4opt_options_s1[69]  ;
; processing_generated:u_proc|out_tcpopt_options_s1[70]               ; Merged with processing_generated:u_proc|out_ipv4opt_options_s1[70]  ;
; processing_generated:u_proc|out_tcpopt_options_s1[71]               ; Merged with processing_generated:u_proc|out_ipv4opt_options_s1[71]  ;
; processing_generated:u_proc|out_tcpopt_options_s1[72]               ; Merged with processing_generated:u_proc|out_ipv4opt_options_s1[72]  ;
; processing_generated:u_proc|out_tcpopt_options_s1[73]               ; Merged with processing_generated:u_proc|out_ipv4opt_options_s1[73]  ;
; processing_generated:u_proc|out_tcpopt_options_s1[74]               ; Merged with processing_generated:u_proc|out_ipv4opt_options_s1[74]  ;
; processing_generated:u_proc|out_tcpopt_options_s1[75]               ; Merged with processing_generated:u_proc|out_ipv4opt_options_s1[75]  ;
; processing_generated:u_proc|out_tcpopt_options_s1[76]               ; Merged with processing_generated:u_proc|out_ipv4opt_options_s1[76]  ;
; processing_generated:u_proc|out_tcpopt_options_s1[77]               ; Merged with processing_generated:u_proc|out_ipv4opt_options_s1[77]  ;
; processing_generated:u_proc|out_tcpopt_options_s1[78]               ; Merged with processing_generated:u_proc|out_ipv4opt_options_s1[78]  ;
; processing_generated:u_proc|out_tcpopt_options_s1[79]               ; Merged with processing_generated:u_proc|out_ipv4opt_options_s1[79]  ;
; processing_generated:u_proc|out_tcpopt_options_s1[80]               ; Merged with processing_generated:u_proc|out_ipv4opt_options_s1[80]  ;
; processing_generated:u_proc|out_tcpopt_options_s1[81]               ; Merged with processing_generated:u_proc|out_ipv4opt_options_s1[81]  ;
; processing_generated:u_proc|out_tcpopt_options_s1[82]               ; Merged with processing_generated:u_proc|out_ipv4opt_options_s1[82]  ;
; processing_generated:u_proc|out_tcpopt_options_s1[83]               ; Merged with processing_generated:u_proc|out_ipv4opt_options_s1[83]  ;
; processing_generated:u_proc|out_tcpopt_options_s1[84]               ; Merged with processing_generated:u_proc|out_ipv4opt_options_s1[84]  ;
; processing_generated:u_proc|out_tcpopt_options_s1[85]               ; Merged with processing_generated:u_proc|out_ipv4opt_options_s1[85]  ;
; processing_generated:u_proc|out_tcpopt_options_s1[86]               ; Merged with processing_generated:u_proc|out_ipv4opt_options_s1[86]  ;
; processing_generated:u_proc|out_tcpopt_options_s1[87]               ; Merged with processing_generated:u_proc|out_ipv4opt_options_s1[87]  ;
; processing_generated:u_proc|out_tcpopt_options_s1[88]               ; Merged with processing_generated:u_proc|out_ipv4opt_options_s1[88]  ;
; processing_generated:u_proc|out_tcpopt_options_s1[89]               ; Merged with processing_generated:u_proc|out_ipv4opt_options_s1[89]  ;
; processing_generated:u_proc|out_tcpopt_options_s1[90]               ; Merged with processing_generated:u_proc|out_ipv4opt_options_s1[90]  ;
; processing_generated:u_proc|out_tcpopt_options_s1[91]               ; Merged with processing_generated:u_proc|out_ipv4opt_options_s1[91]  ;
; processing_generated:u_proc|out_tcpopt_options_s1[92]               ; Merged with processing_generated:u_proc|out_ipv4opt_options_s1[92]  ;
; processing_generated:u_proc|out_tcpopt_options_s1[93]               ; Merged with processing_generated:u_proc|out_ipv4opt_options_s1[93]  ;
; processing_generated:u_proc|out_tcpopt_options_s1[94]               ; Merged with processing_generated:u_proc|out_ipv4opt_options_s1[94]  ;
; processing_generated:u_proc|out_tcpopt_options_s1[95]               ; Merged with processing_generated:u_proc|out_ipv4opt_options_s1[95]  ;
; processing_generated:u_proc|out_tcpopt_options_s1[96]               ; Merged with processing_generated:u_proc|out_ipv4opt_options_s1[96]  ;
; processing_generated:u_proc|out_tcpopt_options_s1[97]               ; Merged with processing_generated:u_proc|out_ipv4opt_options_s1[97]  ;
; processing_generated:u_proc|out_tcpopt_options_s1[98]               ; Merged with processing_generated:u_proc|out_ipv4opt_options_s1[98]  ;
; processing_generated:u_proc|out_tcpopt_options_s1[99]               ; Merged with processing_generated:u_proc|out_ipv4opt_options_s1[99]  ;
; processing_generated:u_proc|out_tcpopt_options_s1[100]              ; Merged with processing_generated:u_proc|out_ipv4opt_options_s1[100] ;
; processing_generated:u_proc|out_tcpopt_options_s1[101]              ; Merged with processing_generated:u_proc|out_ipv4opt_options_s1[101] ;
; processing_generated:u_proc|out_tcpopt_options_s1[102]              ; Merged with processing_generated:u_proc|out_ipv4opt_options_s1[102] ;
; processing_generated:u_proc|out_tcpopt_options_s1[103]              ; Merged with processing_generated:u_proc|out_ipv4opt_options_s1[103] ;
; processing_generated:u_proc|out_tcpopt_options_s1[104]              ; Merged with processing_generated:u_proc|out_ipv4opt_options_s1[104] ;
; processing_generated:u_proc|out_tcpopt_options_s1[105]              ; Merged with processing_generated:u_proc|out_ipv4opt_options_s1[105] ;
; processing_generated:u_proc|out_tcpopt_options_s1[106]              ; Merged with processing_generated:u_proc|out_ipv4opt_options_s1[106] ;
; processing_generated:u_proc|out_tcpopt_options_s1[107]              ; Merged with processing_generated:u_proc|out_ipv4opt_options_s1[107] ;
; processing_generated:u_proc|out_tcpopt_options_s1[108]              ; Merged with processing_generated:u_proc|out_ipv4opt_options_s1[108] ;
; processing_generated:u_proc|out_tcpopt_options_s1[109]              ; Merged with processing_generated:u_proc|out_ipv4opt_options_s1[109] ;
; processing_generated:u_proc|out_tcpopt_options_s1[110]              ; Merged with processing_generated:u_proc|out_ipv4opt_options_s1[110] ;
; processing_generated:u_proc|out_tcpopt_options_s1[111]              ; Merged with processing_generated:u_proc|out_ipv4opt_options_s1[111] ;
; processing_generated:u_proc|out_tcpopt_options_s1[112]              ; Merged with processing_generated:u_proc|out_ipv4opt_options_s1[112] ;
; processing_generated:u_proc|out_tcpopt_options_s1[113]              ; Merged with processing_generated:u_proc|out_ipv4opt_options_s1[113] ;
; processing_generated:u_proc|out_tcpopt_options_s1[114]              ; Merged with processing_generated:u_proc|out_ipv4opt_options_s1[114] ;
; processing_generated:u_proc|out_tcpopt_options_s1[115]              ; Merged with processing_generated:u_proc|out_ipv4opt_options_s1[115] ;
; processing_generated:u_proc|out_tcpopt_options_s1[116]              ; Merged with processing_generated:u_proc|out_ipv4opt_options_s1[116] ;
; processing_generated:u_proc|out_tcpopt_options_s1[117]              ; Merged with processing_generated:u_proc|out_ipv4opt_options_s1[117] ;
; processing_generated:u_proc|out_tcpopt_options_s1[118]              ; Merged with processing_generated:u_proc|out_ipv4opt_options_s1[118] ;
; processing_generated:u_proc|out_tcpopt_options_s1[119]              ; Merged with processing_generated:u_proc|out_ipv4opt_options_s1[119] ;
; processing_generated:u_proc|out_tcpopt_options_s1[120]              ; Merged with processing_generated:u_proc|out_ipv4opt_options_s1[120] ;
; processing_generated:u_proc|out_tcpopt_options_s1[121]              ; Merged with processing_generated:u_proc|out_ipv4opt_options_s1[121] ;
; processing_generated:u_proc|out_tcpopt_options_s1[122]              ; Merged with processing_generated:u_proc|out_ipv4opt_options_s1[122] ;
; processing_generated:u_proc|out_tcpopt_options_s1[123]              ; Merged with processing_generated:u_proc|out_ipv4opt_options_s1[123] ;
; processing_generated:u_proc|out_tcpopt_options_s1[124]              ; Merged with processing_generated:u_proc|out_ipv4opt_options_s1[124] ;
; processing_generated:u_proc|out_tcpopt_options_s1[125]              ; Merged with processing_generated:u_proc|out_ipv4opt_options_s1[125] ;
; processing_generated:u_proc|out_tcpopt_options_s1[126]              ; Merged with processing_generated:u_proc|out_ipv4opt_options_s1[126] ;
; processing_generated:u_proc|out_tcpopt_options_s1[127]              ; Merged with processing_generated:u_proc|out_ipv4opt_options_s1[127] ;
; processing_generated:u_proc|out_tcp_checksum_s1[0]                  ; Merged with processing_generated:u_proc|out_ipv4opt_options_s1[176] ;
; processing_generated:u_proc|out_tcpopt_options_s1[176]              ; Merged with processing_generated:u_proc|out_ipv4opt_options_s1[176] ;
; processing_generated:u_proc|out_tcp_checksum_s1[1]                  ; Merged with processing_generated:u_proc|out_ipv4opt_options_s1[177] ;
; processing_generated:u_proc|out_tcpopt_options_s1[177]              ; Merged with processing_generated:u_proc|out_ipv4opt_options_s1[177] ;
; processing_generated:u_proc|out_tcp_checksum_s1[2]                  ; Merged with processing_generated:u_proc|out_ipv4opt_options_s1[178] ;
; processing_generated:u_proc|out_tcpopt_options_s1[178]              ; Merged with processing_generated:u_proc|out_ipv4opt_options_s1[178] ;
; processing_generated:u_proc|out_tcp_checksum_s1[3]                  ; Merged with processing_generated:u_proc|out_ipv4opt_options_s1[179] ;
; processing_generated:u_proc|out_tcpopt_options_s1[179]              ; Merged with processing_generated:u_proc|out_ipv4opt_options_s1[179] ;
; processing_generated:u_proc|out_tcp_checksum_s1[4]                  ; Merged with processing_generated:u_proc|out_ipv4opt_options_s1[180] ;
; processing_generated:u_proc|out_tcpopt_options_s1[180]              ; Merged with processing_generated:u_proc|out_ipv4opt_options_s1[180] ;
; processing_generated:u_proc|out_tcp_checksum_s1[5]                  ; Merged with processing_generated:u_proc|out_ipv4opt_options_s1[181] ;
; processing_generated:u_proc|out_tcpopt_options_s1[181]              ; Merged with processing_generated:u_proc|out_ipv4opt_options_s1[181] ;
; processing_generated:u_proc|out_tcp_checksum_s1[6]                  ; Merged with processing_generated:u_proc|out_ipv4opt_options_s1[182] ;
; processing_generated:u_proc|out_tcpopt_options_s1[182]              ; Merged with processing_generated:u_proc|out_ipv4opt_options_s1[182] ;
; processing_generated:u_proc|out_tcp_checksum_s1[7]                  ; Merged with processing_generated:u_proc|out_ipv4opt_options_s1[183] ;
; processing_generated:u_proc|out_tcpopt_options_s1[183]              ; Merged with processing_generated:u_proc|out_ipv4opt_options_s1[183] ;
; processing_generated:u_proc|out_tcp_checksum_s1[8]                  ; Merged with processing_generated:u_proc|out_ipv4opt_options_s1[184] ;
; processing_generated:u_proc|out_tcpopt_options_s1[184]              ; Merged with processing_generated:u_proc|out_ipv4opt_options_s1[184] ;
; processing_generated:u_proc|out_tcp_checksum_s1[9]                  ; Merged with processing_generated:u_proc|out_ipv4opt_options_s1[185] ;
; processing_generated:u_proc|out_tcpopt_options_s1[185]              ; Merged with processing_generated:u_proc|out_ipv4opt_options_s1[185] ;
; processing_generated:u_proc|out_tcp_checksum_s1[10]                 ; Merged with processing_generated:u_proc|out_ipv4opt_options_s1[186] ;
; processing_generated:u_proc|out_tcpopt_options_s1[186]              ; Merged with processing_generated:u_proc|out_ipv4opt_options_s1[186] ;
; processing_generated:u_proc|out_tcp_checksum_s1[11]                 ; Merged with processing_generated:u_proc|out_ipv4opt_options_s1[187] ;
; processing_generated:u_proc|out_tcpopt_options_s1[187]              ; Merged with processing_generated:u_proc|out_ipv4opt_options_s1[187] ;
; processing_generated:u_proc|out_tcp_checksum_s1[12]                 ; Merged with processing_generated:u_proc|out_ipv4opt_options_s1[188] ;
; processing_generated:u_proc|out_tcpopt_options_s1[188]              ; Merged with processing_generated:u_proc|out_ipv4opt_options_s1[188] ;
; processing_generated:u_proc|out_tcp_checksum_s1[13]                 ; Merged with processing_generated:u_proc|out_ipv4opt_options_s1[189] ;
; processing_generated:u_proc|out_tcpopt_options_s1[189]              ; Merged with processing_generated:u_proc|out_ipv4opt_options_s1[189] ;
; processing_generated:u_proc|out_tcp_checksum_s1[14]                 ; Merged with processing_generated:u_proc|out_ipv4opt_options_s1[190] ;
; processing_generated:u_proc|out_tcpopt_options_s1[190]              ; Merged with processing_generated:u_proc|out_ipv4opt_options_s1[190] ;
; processing_generated:u_proc|out_tcp_checksum_s1[15]                 ; Merged with processing_generated:u_proc|out_ipv4opt_options_s1[191] ;
; processing_generated:u_proc|out_tcpopt_options_s1[191]              ; Merged with processing_generated:u_proc|out_ipv4opt_options_s1[191] ;
; processing_generated:u_proc|out_tcp_ackNum_s1[16]                   ; Merged with processing_generated:u_proc|out_ipv4opt_options_s1[240] ;
; processing_generated:u_proc|out_tcpopt_options_s1[240]              ; Merged with processing_generated:u_proc|out_ipv4opt_options_s1[240] ;
; processing_generated:u_proc|out_tcp_ackNum_s1[17]                   ; Merged with processing_generated:u_proc|out_ipv4opt_options_s1[241] ;
; processing_generated:u_proc|out_tcpopt_options_s1[241]              ; Merged with processing_generated:u_proc|out_ipv4opt_options_s1[241] ;
; processing_generated:u_proc|out_tcp_ackNum_s1[18]                   ; Merged with processing_generated:u_proc|out_ipv4opt_options_s1[242] ;
; processing_generated:u_proc|out_tcpopt_options_s1[242]              ; Merged with processing_generated:u_proc|out_ipv4opt_options_s1[242] ;
; processing_generated:u_proc|out_tcp_ackNum_s1[19]                   ; Merged with processing_generated:u_proc|out_ipv4opt_options_s1[243] ;
; processing_generated:u_proc|out_tcpopt_options_s1[243]              ; Merged with processing_generated:u_proc|out_ipv4opt_options_s1[243] ;
; processing_generated:u_proc|out_tcp_ackNum_s1[20]                   ; Merged with processing_generated:u_proc|out_ipv4opt_options_s1[244] ;
; processing_generated:u_proc|out_tcpopt_options_s1[244]              ; Merged with processing_generated:u_proc|out_ipv4opt_options_s1[244] ;
; processing_generated:u_proc|out_tcp_ackNum_s1[21]                   ; Merged with processing_generated:u_proc|out_ipv4opt_options_s1[245] ;
; processing_generated:u_proc|out_tcpopt_options_s1[245]              ; Merged with processing_generated:u_proc|out_ipv4opt_options_s1[245] ;
; processing_generated:u_proc|out_tcp_ackNum_s1[22]                   ; Merged with processing_generated:u_proc|out_ipv4opt_options_s1[246] ;
; processing_generated:u_proc|out_tcpopt_options_s1[246]              ; Merged with processing_generated:u_proc|out_ipv4opt_options_s1[246] ;
; processing_generated:u_proc|out_tcp_ackNum_s1[23]                   ; Merged with processing_generated:u_proc|out_ipv4opt_options_s1[247] ;
; processing_generated:u_proc|out_tcpopt_options_s1[247]              ; Merged with processing_generated:u_proc|out_ipv4opt_options_s1[247] ;
; processing_generated:u_proc|out_tcp_ackNum_s1[24]                   ; Merged with processing_generated:u_proc|out_ipv4opt_options_s1[248] ;
; processing_generated:u_proc|out_tcpopt_options_s1[248]              ; Merged with processing_generated:u_proc|out_ipv4opt_options_s1[248] ;
; processing_generated:u_proc|out_tcp_ackNum_s1[25]                   ; Merged with processing_generated:u_proc|out_ipv4opt_options_s1[249] ;
; processing_generated:u_proc|out_tcpopt_options_s1[249]              ; Merged with processing_generated:u_proc|out_ipv4opt_options_s1[249] ;
; processing_generated:u_proc|out_tcp_ackNum_s1[26]                   ; Merged with processing_generated:u_proc|out_ipv4opt_options_s1[250] ;
; processing_generated:u_proc|out_tcpopt_options_s1[250]              ; Merged with processing_generated:u_proc|out_ipv4opt_options_s1[250] ;
; processing_generated:u_proc|out_tcp_ackNum_s1[27]                   ; Merged with processing_generated:u_proc|out_ipv4opt_options_s1[251] ;
; processing_generated:u_proc|out_tcpopt_options_s1[251]              ; Merged with processing_generated:u_proc|out_ipv4opt_options_s1[251] ;
; processing_generated:u_proc|out_tcp_ackNum_s1[28]                   ; Merged with processing_generated:u_proc|out_ipv4opt_options_s1[252] ;
; processing_generated:u_proc|out_tcpopt_options_s1[252]              ; Merged with processing_generated:u_proc|out_ipv4opt_options_s1[252] ;
; processing_generated:u_proc|out_tcp_ackNum_s1[29]                   ; Merged with processing_generated:u_proc|out_ipv4opt_options_s1[253] ;
; processing_generated:u_proc|out_tcpopt_options_s1[253]              ; Merged with processing_generated:u_proc|out_ipv4opt_options_s1[253] ;
; processing_generated:u_proc|out_tcp_ackNum_s1[30]                   ; Merged with processing_generated:u_proc|out_ipv4opt_options_s1[254] ;
; processing_generated:u_proc|out_tcpopt_options_s1[254]              ; Merged with processing_generated:u_proc|out_ipv4opt_options_s1[254] ;
; processing_generated:u_proc|out_tcp_ackNum_s1[31]                   ; Merged with processing_generated:u_proc|out_ipv4opt_options_s1[255] ;
; processing_generated:u_proc|out_tcpopt_options_s1[255]              ; Merged with processing_generated:u_proc|out_ipv4opt_options_s1[255] ;
; processing_generated:u_proc|out_tcp_seqNum_s1[0]                    ; Merged with processing_generated:u_proc|out_ipv4opt_options_s1[256] ;
; processing_generated:u_proc|out_tcpopt_options_s1[256]              ; Merged with processing_generated:u_proc|out_ipv4opt_options_s1[256] ;
; processing_generated:u_proc|out_udp_checksum_s1[0]                  ; Merged with processing_generated:u_proc|out_ipv4opt_options_s1[256] ;
; processing_generated:u_proc|out_tcp_seqNum_s1[1]                    ; Merged with processing_generated:u_proc|out_ipv4opt_options_s1[257] ;
; processing_generated:u_proc|out_tcpopt_options_s1[257]              ; Merged with processing_generated:u_proc|out_ipv4opt_options_s1[257] ;
; processing_generated:u_proc|out_udp_checksum_s1[1]                  ; Merged with processing_generated:u_proc|out_ipv4opt_options_s1[257] ;
; processing_generated:u_proc|out_tcp_seqNum_s1[2]                    ; Merged with processing_generated:u_proc|out_ipv4opt_options_s1[258] ;
; processing_generated:u_proc|out_tcpopt_options_s1[258]              ; Merged with processing_generated:u_proc|out_ipv4opt_options_s1[258] ;
; processing_generated:u_proc|out_udp_checksum_s1[2]                  ; Merged with processing_generated:u_proc|out_ipv4opt_options_s1[258] ;
; processing_generated:u_proc|out_tcp_seqNum_s1[3]                    ; Merged with processing_generated:u_proc|out_ipv4opt_options_s1[259] ;
; processing_generated:u_proc|out_tcpopt_options_s1[259]              ; Merged with processing_generated:u_proc|out_ipv4opt_options_s1[259] ;
; processing_generated:u_proc|out_udp_checksum_s1[3]                  ; Merged with processing_generated:u_proc|out_ipv4opt_options_s1[259] ;
; processing_generated:u_proc|out_tcp_seqNum_s1[4]                    ; Merged with processing_generated:u_proc|out_ipv4opt_options_s1[260] ;
; processing_generated:u_proc|out_tcpopt_options_s1[260]              ; Merged with processing_generated:u_proc|out_ipv4opt_options_s1[260] ;
; processing_generated:u_proc|out_udp_checksum_s1[4]                  ; Merged with processing_generated:u_proc|out_ipv4opt_options_s1[260] ;
; processing_generated:u_proc|out_tcp_seqNum_s1[5]                    ; Merged with processing_generated:u_proc|out_ipv4opt_options_s1[261] ;
; processing_generated:u_proc|out_tcpopt_options_s1[261]              ; Merged with processing_generated:u_proc|out_ipv4opt_options_s1[261] ;
; processing_generated:u_proc|out_udp_checksum_s1[5]                  ; Merged with processing_generated:u_proc|out_ipv4opt_options_s1[261] ;
; processing_generated:u_proc|out_tcp_seqNum_s1[6]                    ; Merged with processing_generated:u_proc|out_ipv4opt_options_s1[262] ;
; processing_generated:u_proc|out_tcpopt_options_s1[262]              ; Merged with processing_generated:u_proc|out_ipv4opt_options_s1[262] ;
; processing_generated:u_proc|out_udp_checksum_s1[6]                  ; Merged with processing_generated:u_proc|out_ipv4opt_options_s1[262] ;
; processing_generated:u_proc|out_tcp_seqNum_s1[7]                    ; Merged with processing_generated:u_proc|out_ipv4opt_options_s1[263] ;
; processing_generated:u_proc|out_tcpopt_options_s1[263]              ; Merged with processing_generated:u_proc|out_ipv4opt_options_s1[263] ;
; processing_generated:u_proc|out_udp_checksum_s1[7]                  ; Merged with processing_generated:u_proc|out_ipv4opt_options_s1[263] ;
; processing_generated:u_proc|out_tcp_seqNum_s1[8]                    ; Merged with processing_generated:u_proc|out_ipv4opt_options_s1[264] ;
; processing_generated:u_proc|out_tcpopt_options_s1[264]              ; Merged with processing_generated:u_proc|out_ipv4opt_options_s1[264] ;
; processing_generated:u_proc|out_udp_checksum_s1[8]                  ; Merged with processing_generated:u_proc|out_ipv4opt_options_s1[264] ;
; processing_generated:u_proc|out_tcp_seqNum_s1[9]                    ; Merged with processing_generated:u_proc|out_ipv4opt_options_s1[265] ;
; processing_generated:u_proc|out_tcpopt_options_s1[265]              ; Merged with processing_generated:u_proc|out_ipv4opt_options_s1[265] ;
; processing_generated:u_proc|out_udp_checksum_s1[9]                  ; Merged with processing_generated:u_proc|out_ipv4opt_options_s1[265] ;
; processing_generated:u_proc|out_tcp_seqNum_s1[10]                   ; Merged with processing_generated:u_proc|out_ipv4opt_options_s1[266] ;
; processing_generated:u_proc|out_tcpopt_options_s1[266]              ; Merged with processing_generated:u_proc|out_ipv4opt_options_s1[266] ;
; processing_generated:u_proc|out_udp_checksum_s1[10]                 ; Merged with processing_generated:u_proc|out_ipv4opt_options_s1[266] ;
; processing_generated:u_proc|out_tcp_seqNum_s1[11]                   ; Merged with processing_generated:u_proc|out_ipv4opt_options_s1[267] ;
; processing_generated:u_proc|out_tcpopt_options_s1[267]              ; Merged with processing_generated:u_proc|out_ipv4opt_options_s1[267] ;
; processing_generated:u_proc|out_udp_checksum_s1[11]                 ; Merged with processing_generated:u_proc|out_ipv4opt_options_s1[267] ;
; processing_generated:u_proc|out_tcp_seqNum_s1[12]                   ; Merged with processing_generated:u_proc|out_ipv4opt_options_s1[268] ;
; processing_generated:u_proc|out_tcpopt_options_s1[268]              ; Merged with processing_generated:u_proc|out_ipv4opt_options_s1[268] ;
; processing_generated:u_proc|out_udp_checksum_s1[12]                 ; Merged with processing_generated:u_proc|out_ipv4opt_options_s1[268] ;
; processing_generated:u_proc|out_tcp_seqNum_s1[13]                   ; Merged with processing_generated:u_proc|out_ipv4opt_options_s1[269] ;
; processing_generated:u_proc|out_tcpopt_options_s1[269]              ; Merged with processing_generated:u_proc|out_ipv4opt_options_s1[269] ;
; processing_generated:u_proc|out_udp_checksum_s1[13]                 ; Merged with processing_generated:u_proc|out_ipv4opt_options_s1[269] ;
; processing_generated:u_proc|out_tcp_seqNum_s1[14]                   ; Merged with processing_generated:u_proc|out_ipv4opt_options_s1[270] ;
; processing_generated:u_proc|out_tcpopt_options_s1[270]              ; Merged with processing_generated:u_proc|out_ipv4opt_options_s1[270] ;
; processing_generated:u_proc|out_udp_checksum_s1[14]                 ; Merged with processing_generated:u_proc|out_ipv4opt_options_s1[270] ;
; processing_generated:u_proc|out_tcp_seqNum_s1[15]                   ; Merged with processing_generated:u_proc|out_ipv4opt_options_s1[271] ;
; processing_generated:u_proc|out_tcpopt_options_s1[271]              ; Merged with processing_generated:u_proc|out_ipv4opt_options_s1[271] ;
; processing_generated:u_proc|out_udp_checksum_s1[15]                 ; Merged with processing_generated:u_proc|out_ipv4opt_options_s1[271] ;
; processing_generated:u_proc|out_tcp_seqNum_s1[16]                   ; Merged with processing_generated:u_proc|out_ipv4opt_options_s1[272] ;
; processing_generated:u_proc|out_tcpopt_options_s1[272]              ; Merged with processing_generated:u_proc|out_ipv4opt_options_s1[272] ;
; processing_generated:u_proc|out_udp_length_s1[0]                    ; Merged with processing_generated:u_proc|out_ipv4opt_options_s1[272] ;
; processing_generated:u_proc|out_tcp_seqNum_s1[17]                   ; Merged with processing_generated:u_proc|out_ipv4opt_options_s1[273] ;
; processing_generated:u_proc|out_tcpopt_options_s1[273]              ; Merged with processing_generated:u_proc|out_ipv4opt_options_s1[273] ;
; processing_generated:u_proc|out_udp_length_s1[1]                    ; Merged with processing_generated:u_proc|out_ipv4opt_options_s1[273] ;
; processing_generated:u_proc|out_tcp_seqNum_s1[18]                   ; Merged with processing_generated:u_proc|out_ipv4opt_options_s1[274] ;
; processing_generated:u_proc|out_tcpopt_options_s1[274]              ; Merged with processing_generated:u_proc|out_ipv4opt_options_s1[274] ;
; processing_generated:u_proc|out_udp_length_s1[2]                    ; Merged with processing_generated:u_proc|out_ipv4opt_options_s1[274] ;
; processing_generated:u_proc|out_tcp_seqNum_s1[19]                   ; Merged with processing_generated:u_proc|out_ipv4opt_options_s1[275] ;
; processing_generated:u_proc|out_tcpopt_options_s1[275]              ; Merged with processing_generated:u_proc|out_ipv4opt_options_s1[275] ;
; processing_generated:u_proc|out_udp_length_s1[3]                    ; Merged with processing_generated:u_proc|out_ipv4opt_options_s1[275] ;
; processing_generated:u_proc|out_tcp_seqNum_s1[20]                   ; Merged with processing_generated:u_proc|out_ipv4opt_options_s1[276] ;
; processing_generated:u_proc|out_tcpopt_options_s1[276]              ; Merged with processing_generated:u_proc|out_ipv4opt_options_s1[276] ;
; processing_generated:u_proc|out_udp_length_s1[4]                    ; Merged with processing_generated:u_proc|out_ipv4opt_options_s1[276] ;
; processing_generated:u_proc|out_tcp_seqNum_s1[21]                   ; Merged with processing_generated:u_proc|out_ipv4opt_options_s1[277] ;
; processing_generated:u_proc|out_tcpopt_options_s1[277]              ; Merged with processing_generated:u_proc|out_ipv4opt_options_s1[277] ;
; processing_generated:u_proc|out_udp_length_s1[5]                    ; Merged with processing_generated:u_proc|out_ipv4opt_options_s1[277] ;
; processing_generated:u_proc|out_tcp_seqNum_s1[22]                   ; Merged with processing_generated:u_proc|out_ipv4opt_options_s1[278] ;
; processing_generated:u_proc|out_tcpopt_options_s1[278]              ; Merged with processing_generated:u_proc|out_ipv4opt_options_s1[278] ;
; processing_generated:u_proc|out_udp_length_s1[6]                    ; Merged with processing_generated:u_proc|out_ipv4opt_options_s1[278] ;
; processing_generated:u_proc|out_tcp_seqNum_s1[23]                   ; Merged with processing_generated:u_proc|out_ipv4opt_options_s1[279] ;
; processing_generated:u_proc|out_tcpopt_options_s1[279]              ; Merged with processing_generated:u_proc|out_ipv4opt_options_s1[279] ;
; processing_generated:u_proc|out_udp_length_s1[7]                    ; Merged with processing_generated:u_proc|out_ipv4opt_options_s1[279] ;
; processing_generated:u_proc|out_tcp_seqNum_s1[24]                   ; Merged with processing_generated:u_proc|out_ipv4opt_options_s1[280] ;
; processing_generated:u_proc|out_tcpopt_options_s1[280]              ; Merged with processing_generated:u_proc|out_ipv4opt_options_s1[280] ;
; processing_generated:u_proc|out_udp_length_s1[8]                    ; Merged with processing_generated:u_proc|out_ipv4opt_options_s1[280] ;
; processing_generated:u_proc|out_tcp_seqNum_s1[25]                   ; Merged with processing_generated:u_proc|out_ipv4opt_options_s1[281] ;
; processing_generated:u_proc|out_tcpopt_options_s1[281]              ; Merged with processing_generated:u_proc|out_ipv4opt_options_s1[281] ;
; processing_generated:u_proc|out_udp_length_s1[9]                    ; Merged with processing_generated:u_proc|out_ipv4opt_options_s1[281] ;
; processing_generated:u_proc|out_tcp_seqNum_s1[26]                   ; Merged with processing_generated:u_proc|out_ipv4opt_options_s1[282] ;
; processing_generated:u_proc|out_tcpopt_options_s1[282]              ; Merged with processing_generated:u_proc|out_ipv4opt_options_s1[282] ;
; processing_generated:u_proc|out_udp_length_s1[10]                   ; Merged with processing_generated:u_proc|out_ipv4opt_options_s1[282] ;
; processing_generated:u_proc|out_tcp_seqNum_s1[27]                   ; Merged with processing_generated:u_proc|out_ipv4opt_options_s1[283] ;
; processing_generated:u_proc|out_tcpopt_options_s1[283]              ; Merged with processing_generated:u_proc|out_ipv4opt_options_s1[283] ;
; processing_generated:u_proc|out_udp_length_s1[11]                   ; Merged with processing_generated:u_proc|out_ipv4opt_options_s1[283] ;
; processing_generated:u_proc|out_tcp_seqNum_s1[28]                   ; Merged with processing_generated:u_proc|out_ipv4opt_options_s1[284] ;
; processing_generated:u_proc|out_tcpopt_options_s1[284]              ; Merged with processing_generated:u_proc|out_ipv4opt_options_s1[284] ;
; processing_generated:u_proc|out_udp_length_s1[12]                   ; Merged with processing_generated:u_proc|out_ipv4opt_options_s1[284] ;
; processing_generated:u_proc|out_tcp_seqNum_s1[29]                   ; Merged with processing_generated:u_proc|out_ipv4opt_options_s1[285] ;
; processing_generated:u_proc|out_tcpopt_options_s1[285]              ; Merged with processing_generated:u_proc|out_ipv4opt_options_s1[285] ;
; processing_generated:u_proc|out_udp_length_s1[13]                   ; Merged with processing_generated:u_proc|out_ipv4opt_options_s1[285] ;
; processing_generated:u_proc|out_tcp_seqNum_s1[30]                   ; Merged with processing_generated:u_proc|out_ipv4opt_options_s1[286] ;
; processing_generated:u_proc|out_tcpopt_options_s1[286]              ; Merged with processing_generated:u_proc|out_ipv4opt_options_s1[286] ;
; processing_generated:u_proc|out_udp_length_s1[14]                   ; Merged with processing_generated:u_proc|out_ipv4opt_options_s1[286] ;
; processing_generated:u_proc|out_tcp_seqNum_s1[31]                   ; Merged with processing_generated:u_proc|out_ipv4opt_options_s1[287] ;
; processing_generated:u_proc|out_tcpopt_options_s1[287]              ; Merged with processing_generated:u_proc|out_ipv4opt_options_s1[287] ;
; processing_generated:u_proc|out_udp_length_s1[15]                   ; Merged with processing_generated:u_proc|out_ipv4opt_options_s1[287] ;
; processing_generated:u_proc|out_tcp_dst_port_s1[0]                  ; Merged with processing_generated:u_proc|out_ipv4opt_options_s1[288] ;
; processing_generated:u_proc|out_tcpopt_options_s1[288]              ; Merged with processing_generated:u_proc|out_ipv4opt_options_s1[288] ;
; processing_generated:u_proc|out_udp_dst_port_s1[0]                  ; Merged with processing_generated:u_proc|out_ipv4opt_options_s1[288] ;
; processing_generated:u_proc|out_tcp_dst_port_s1[1]                  ; Merged with processing_generated:u_proc|out_ipv4opt_options_s1[289] ;
; processing_generated:u_proc|out_tcpopt_options_s1[289]              ; Merged with processing_generated:u_proc|out_ipv4opt_options_s1[289] ;
; processing_generated:u_proc|out_udp_dst_port_s1[1]                  ; Merged with processing_generated:u_proc|out_ipv4opt_options_s1[289] ;
; processing_generated:u_proc|out_tcp_dst_port_s1[2]                  ; Merged with processing_generated:u_proc|out_ipv4opt_options_s1[290] ;
; processing_generated:u_proc|out_tcpopt_options_s1[290]              ; Merged with processing_generated:u_proc|out_ipv4opt_options_s1[290] ;
; processing_generated:u_proc|out_udp_dst_port_s1[2]                  ; Merged with processing_generated:u_proc|out_ipv4opt_options_s1[290] ;
; processing_generated:u_proc|out_tcp_dst_port_s1[3]                  ; Merged with processing_generated:u_proc|out_ipv4opt_options_s1[291] ;
; processing_generated:u_proc|out_tcpopt_options_s1[291]              ; Merged with processing_generated:u_proc|out_ipv4opt_options_s1[291] ;
; processing_generated:u_proc|out_udp_dst_port_s1[3]                  ; Merged with processing_generated:u_proc|out_ipv4opt_options_s1[291] ;
; processing_generated:u_proc|out_tcp_dst_port_s1[4]                  ; Merged with processing_generated:u_proc|out_ipv4opt_options_s1[292] ;
; processing_generated:u_proc|out_tcpopt_options_s1[292]              ; Merged with processing_generated:u_proc|out_ipv4opt_options_s1[292] ;
; processing_generated:u_proc|out_udp_dst_port_s1[4]                  ; Merged with processing_generated:u_proc|out_ipv4opt_options_s1[292] ;
; processing_generated:u_proc|out_tcp_dst_port_s1[5]                  ; Merged with processing_generated:u_proc|out_ipv4opt_options_s1[293] ;
; processing_generated:u_proc|out_tcpopt_options_s1[293]              ; Merged with processing_generated:u_proc|out_ipv4opt_options_s1[293] ;
; processing_generated:u_proc|out_udp_dst_port_s1[5]                  ; Merged with processing_generated:u_proc|out_ipv4opt_options_s1[293] ;
; processing_generated:u_proc|out_tcp_dst_port_s1[6]                  ; Merged with processing_generated:u_proc|out_ipv4opt_options_s1[294] ;
; processing_generated:u_proc|out_tcpopt_options_s1[294]              ; Merged with processing_generated:u_proc|out_ipv4opt_options_s1[294] ;
; processing_generated:u_proc|out_udp_dst_port_s1[6]                  ; Merged with processing_generated:u_proc|out_ipv4opt_options_s1[294] ;
; processing_generated:u_proc|out_tcp_dst_port_s1[7]                  ; Merged with processing_generated:u_proc|out_ipv4opt_options_s1[295] ;
; processing_generated:u_proc|out_tcpopt_options_s1[295]              ; Merged with processing_generated:u_proc|out_ipv4opt_options_s1[295] ;
; processing_generated:u_proc|out_udp_dst_port_s1[7]                  ; Merged with processing_generated:u_proc|out_ipv4opt_options_s1[295] ;
; processing_generated:u_proc|out_tcp_dst_port_s1[8]                  ; Merged with processing_generated:u_proc|out_ipv4opt_options_s1[296] ;
; processing_generated:u_proc|out_tcpopt_options_s1[296]              ; Merged with processing_generated:u_proc|out_ipv4opt_options_s1[296] ;
; processing_generated:u_proc|out_udp_dst_port_s1[8]                  ; Merged with processing_generated:u_proc|out_ipv4opt_options_s1[296] ;
; processing_generated:u_proc|out_tcp_dst_port_s1[9]                  ; Merged with processing_generated:u_proc|out_ipv4opt_options_s1[297] ;
; processing_generated:u_proc|out_tcpopt_options_s1[297]              ; Merged with processing_generated:u_proc|out_ipv4opt_options_s1[297] ;
; processing_generated:u_proc|out_udp_dst_port_s1[9]                  ; Merged with processing_generated:u_proc|out_ipv4opt_options_s1[297] ;
; processing_generated:u_proc|out_tcp_dst_port_s1[10]                 ; Merged with processing_generated:u_proc|out_ipv4opt_options_s1[298] ;
; processing_generated:u_proc|out_tcpopt_options_s1[298]              ; Merged with processing_generated:u_proc|out_ipv4opt_options_s1[298] ;
; processing_generated:u_proc|out_udp_dst_port_s1[10]                 ; Merged with processing_generated:u_proc|out_ipv4opt_options_s1[298] ;
; processing_generated:u_proc|out_tcp_dst_port_s1[11]                 ; Merged with processing_generated:u_proc|out_ipv4opt_options_s1[299] ;
; processing_generated:u_proc|out_tcpopt_options_s1[299]              ; Merged with processing_generated:u_proc|out_ipv4opt_options_s1[299] ;
; processing_generated:u_proc|out_udp_dst_port_s1[11]                 ; Merged with processing_generated:u_proc|out_ipv4opt_options_s1[299] ;
; processing_generated:u_proc|out_tcp_dst_port_s1[12]                 ; Merged with processing_generated:u_proc|out_ipv4opt_options_s1[300] ;
; processing_generated:u_proc|out_tcpopt_options_s1[300]              ; Merged with processing_generated:u_proc|out_ipv4opt_options_s1[300] ;
; processing_generated:u_proc|out_udp_dst_port_s1[12]                 ; Merged with processing_generated:u_proc|out_ipv4opt_options_s1[300] ;
; processing_generated:u_proc|out_tcp_dst_port_s1[13]                 ; Merged with processing_generated:u_proc|out_ipv4opt_options_s1[301] ;
; processing_generated:u_proc|out_tcpopt_options_s1[301]              ; Merged with processing_generated:u_proc|out_ipv4opt_options_s1[301] ;
; processing_generated:u_proc|out_udp_dst_port_s1[13]                 ; Merged with processing_generated:u_proc|out_ipv4opt_options_s1[301] ;
; processing_generated:u_proc|out_tcp_dst_port_s1[14]                 ; Merged with processing_generated:u_proc|out_ipv4opt_options_s1[302] ;
; processing_generated:u_proc|out_tcpopt_options_s1[302]              ; Merged with processing_generated:u_proc|out_ipv4opt_options_s1[302] ;
; processing_generated:u_proc|out_udp_dst_port_s1[14]                 ; Merged with processing_generated:u_proc|out_ipv4opt_options_s1[302] ;
; processing_generated:u_proc|out_tcp_dst_port_s1[15]                 ; Merged with processing_generated:u_proc|out_ipv4opt_options_s1[303] ;
; processing_generated:u_proc|out_tcpopt_options_s1[303]              ; Merged with processing_generated:u_proc|out_ipv4opt_options_s1[303] ;
; processing_generated:u_proc|out_udp_dst_port_s1[15]                 ; Merged with processing_generated:u_proc|out_ipv4opt_options_s1[303] ;
; processing_generated:u_proc|out_tcp_src_port_s1[0]                  ; Merged with processing_generated:u_proc|out_ipv4opt_options_s1[304] ;
; processing_generated:u_proc|out_tcpopt_options_s1[304]              ; Merged with processing_generated:u_proc|out_ipv4opt_options_s1[304] ;
; processing_generated:u_proc|out_udp_src_port_s1[0]                  ; Merged with processing_generated:u_proc|out_ipv4opt_options_s1[304] ;
; processing_generated:u_proc|out_tcp_src_port_s1[1]                  ; Merged with processing_generated:u_proc|out_ipv4opt_options_s1[305] ;
; processing_generated:u_proc|out_tcpopt_options_s1[305]              ; Merged with processing_generated:u_proc|out_ipv4opt_options_s1[305] ;
; processing_generated:u_proc|out_udp_src_port_s1[1]                  ; Merged with processing_generated:u_proc|out_ipv4opt_options_s1[305] ;
; processing_generated:u_proc|out_tcp_src_port_s1[2]                  ; Merged with processing_generated:u_proc|out_ipv4opt_options_s1[306] ;
; processing_generated:u_proc|out_tcpopt_options_s1[306]              ; Merged with processing_generated:u_proc|out_ipv4opt_options_s1[306] ;
; processing_generated:u_proc|out_udp_src_port_s1[2]                  ; Merged with processing_generated:u_proc|out_ipv4opt_options_s1[306] ;
; processing_generated:u_proc|out_tcp_src_port_s1[3]                  ; Merged with processing_generated:u_proc|out_ipv4opt_options_s1[307] ;
; processing_generated:u_proc|out_tcpopt_options_s1[307]              ; Merged with processing_generated:u_proc|out_ipv4opt_options_s1[307] ;
; processing_generated:u_proc|out_udp_src_port_s1[3]                  ; Merged with processing_generated:u_proc|out_ipv4opt_options_s1[307] ;
; processing_generated:u_proc|out_tcp_src_port_s1[4]                  ; Merged with processing_generated:u_proc|out_ipv4opt_options_s1[308] ;
; processing_generated:u_proc|out_tcpopt_options_s1[308]              ; Merged with processing_generated:u_proc|out_ipv4opt_options_s1[308] ;
; processing_generated:u_proc|out_udp_src_port_s1[4]                  ; Merged with processing_generated:u_proc|out_ipv4opt_options_s1[308] ;
; processing_generated:u_proc|out_tcp_src_port_s1[5]                  ; Merged with processing_generated:u_proc|out_ipv4opt_options_s1[309] ;
; processing_generated:u_proc|out_tcpopt_options_s1[309]              ; Merged with processing_generated:u_proc|out_ipv4opt_options_s1[309] ;
; processing_generated:u_proc|out_udp_src_port_s1[5]                  ; Merged with processing_generated:u_proc|out_ipv4opt_options_s1[309] ;
; processing_generated:u_proc|out_tcp_src_port_s1[6]                  ; Merged with processing_generated:u_proc|out_ipv4opt_options_s1[310] ;
; processing_generated:u_proc|out_tcpopt_options_s1[310]              ; Merged with processing_generated:u_proc|out_ipv4opt_options_s1[310] ;
; processing_generated:u_proc|out_udp_src_port_s1[6]                  ; Merged with processing_generated:u_proc|out_ipv4opt_options_s1[310] ;
; processing_generated:u_proc|out_tcp_src_port_s1[7]                  ; Merged with processing_generated:u_proc|out_ipv4opt_options_s1[311] ;
; processing_generated:u_proc|out_tcpopt_options_s1[311]              ; Merged with processing_generated:u_proc|out_ipv4opt_options_s1[311] ;
; processing_generated:u_proc|out_udp_src_port_s1[7]                  ; Merged with processing_generated:u_proc|out_ipv4opt_options_s1[311] ;
; processing_generated:u_proc|out_tcp_src_port_s1[8]                  ; Merged with processing_generated:u_proc|out_ipv4opt_options_s1[312] ;
; processing_generated:u_proc|out_tcpopt_options_s1[312]              ; Merged with processing_generated:u_proc|out_ipv4opt_options_s1[312] ;
; processing_generated:u_proc|out_udp_src_port_s1[8]                  ; Merged with processing_generated:u_proc|out_ipv4opt_options_s1[312] ;
; processing_generated:u_proc|out_tcp_src_port_s1[9]                  ; Merged with processing_generated:u_proc|out_ipv4opt_options_s1[313] ;
; processing_generated:u_proc|out_tcpopt_options_s1[313]              ; Merged with processing_generated:u_proc|out_ipv4opt_options_s1[313] ;
; processing_generated:u_proc|out_udp_src_port_s1[9]                  ; Merged with processing_generated:u_proc|out_ipv4opt_options_s1[313] ;
; processing_generated:u_proc|out_tcp_src_port_s1[10]                 ; Merged with processing_generated:u_proc|out_ipv4opt_options_s1[314] ;
; processing_generated:u_proc|out_tcpopt_options_s1[314]              ; Merged with processing_generated:u_proc|out_ipv4opt_options_s1[314] ;
; processing_generated:u_proc|out_udp_src_port_s1[10]                 ; Merged with processing_generated:u_proc|out_ipv4opt_options_s1[314] ;
; processing_generated:u_proc|out_tcp_src_port_s1[11]                 ; Merged with processing_generated:u_proc|out_ipv4opt_options_s1[315] ;
; processing_generated:u_proc|out_tcpopt_options_s1[315]              ; Merged with processing_generated:u_proc|out_ipv4opt_options_s1[315] ;
; processing_generated:u_proc|out_udp_src_port_s1[11]                 ; Merged with processing_generated:u_proc|out_ipv4opt_options_s1[315] ;
; processing_generated:u_proc|out_tcp_src_port_s1[12]                 ; Merged with processing_generated:u_proc|out_ipv4opt_options_s1[316] ;
; processing_generated:u_proc|out_tcpopt_options_s1[316]              ; Merged with processing_generated:u_proc|out_ipv4opt_options_s1[316] ;
; processing_generated:u_proc|out_udp_src_port_s1[12]                 ; Merged with processing_generated:u_proc|out_ipv4opt_options_s1[316] ;
; processing_generated:u_proc|out_tcp_src_port_s1[13]                 ; Merged with processing_generated:u_proc|out_ipv4opt_options_s1[317] ;
; processing_generated:u_proc|out_tcpopt_options_s1[317]              ; Merged with processing_generated:u_proc|out_ipv4opt_options_s1[317] ;
; processing_generated:u_proc|out_udp_src_port_s1[13]                 ; Merged with processing_generated:u_proc|out_ipv4opt_options_s1[317] ;
; processing_generated:u_proc|out_tcp_src_port_s1[14]                 ; Merged with processing_generated:u_proc|out_ipv4opt_options_s1[318] ;
; processing_generated:u_proc|out_tcpopt_options_s1[318]              ; Merged with processing_generated:u_proc|out_ipv4opt_options_s1[318] ;
; processing_generated:u_proc|out_udp_src_port_s1[14]                 ; Merged with processing_generated:u_proc|out_ipv4opt_options_s1[318] ;
; processing_generated:u_proc|out_tcp_src_port_s1[15]                 ; Merged with processing_generated:u_proc|out_ipv4opt_options_s1[319] ;
; processing_generated:u_proc|out_tcpopt_options_s1[319]              ; Merged with processing_generated:u_proc|out_ipv4opt_options_s1[319] ;
; processing_generated:u_proc|out_udp_src_port_s1[15]                 ; Merged with processing_generated:u_proc|out_ipv4opt_options_s1[319] ;
; processing_generated:u_proc|out_eth_type_s1[0]                      ; Merged with processing_generated:u_proc|eth_type_s1[0]              ;
; processing_generated:u_proc|out_eth_type_s1[1]                      ; Merged with processing_generated:u_proc|eth_type_s1[1]              ;
; processing_generated:u_proc|out_eth_type_s1[2]                      ; Merged with processing_generated:u_proc|eth_type_s1[2]              ;
; processing_generated:u_proc|out_eth_type_s1[3]                      ; Merged with processing_generated:u_proc|eth_type_s1[3]              ;
; processing_generated:u_proc|out_eth_type_s1[4]                      ; Merged with processing_generated:u_proc|eth_type_s1[4]              ;
; processing_generated:u_proc|out_eth_type_s1[5]                      ; Merged with processing_generated:u_proc|eth_type_s1[5]              ;
; processing_generated:u_proc|out_eth_type_s1[6]                      ; Merged with processing_generated:u_proc|eth_type_s1[6]              ;
; processing_generated:u_proc|out_eth_type_s1[7]                      ; Merged with processing_generated:u_proc|eth_type_s1[7]              ;
; processing_generated:u_proc|out_eth_type_s1[8]                      ; Merged with processing_generated:u_proc|eth_type_s1[8]              ;
; processing_generated:u_proc|out_eth_type_s1[9]                      ; Merged with processing_generated:u_proc|eth_type_s1[9]              ;
; processing_generated:u_proc|out_eth_type_s1[10]                     ; Merged with processing_generated:u_proc|eth_type_s1[10]             ;
; processing_generated:u_proc|out_eth_type_s1[11]                     ; Merged with processing_generated:u_proc|eth_type_s1[11]             ;
; processing_generated:u_proc|out_eth_type_s1[12]                     ; Merged with processing_generated:u_proc|eth_type_s1[12]             ;
; processing_generated:u_proc|out_eth_type_s1[13]                     ; Merged with processing_generated:u_proc|eth_type_s1[13]             ;
; processing_generated:u_proc|out_eth_type_s1[14]                     ; Merged with processing_generated:u_proc|eth_type_s1[14]             ;
; processing_generated:u_proc|out_eth_type_s1[15]                     ; Merged with processing_generated:u_proc|eth_type_s1[15]             ;
; slot_cnt_PacketCounter_en[0]                                        ; Merged with slot_cnt_ByteCounter_en[0]                              ;
; slot_cnt_PacketCounter_en[1]                                        ; Merged with slot_cnt_ByteCounter_en[1]                              ;
; slot_cnt_PacketCounter_en[2]                                        ; Merged with slot_cnt_ByteCounter_en[2]                              ;
; slot_cnt_PacketCounter_en[3]                                        ; Merged with slot_cnt_ByteCounter_en[3]                              ;
; PacketCounter_counter:u_PacketCounter|pkt_a_idx[12]                 ; Merged with ByteCounter_counter:u_ByteCounter|byte_a_idx[12]        ;
; PacketCounter_counter:u_PacketCounter|pkt_a_idx[11]                 ; Merged with ByteCounter_counter:u_ByteCounter|byte_a_idx[11]        ;
; PacketCounter_counter:u_PacketCounter|pkt_a_idx[10]                 ; Merged with ByteCounter_counter:u_ByteCounter|byte_a_idx[10]        ;
; PacketCounter_counter:u_PacketCounter|pkt_a_idx[9]                  ; Merged with ByteCounter_counter:u_ByteCounter|byte_a_idx[9]         ;
; PacketCounter_counter:u_PacketCounter|pkt_a_idx[8]                  ; Merged with ByteCounter_counter:u_ByteCounter|byte_a_idx[8]         ;
; PacketCounter_counter:u_PacketCounter|pkt_a_idx[7]                  ; Merged with ByteCounter_counter:u_ByteCounter|byte_a_idx[7]         ;
; PacketCounter_counter:u_PacketCounter|pkt_a_idx[6]                  ; Merged with ByteCounter_counter:u_ByteCounter|byte_a_idx[6]         ;
; PacketCounter_counter:u_PacketCounter|pkt_a_idx[5]                  ; Merged with ByteCounter_counter:u_ByteCounter|byte_a_idx[5]         ;
; PacketCounter_counter:u_PacketCounter|pkt_a_idx[4]                  ; Merged with ByteCounter_counter:u_ByteCounter|byte_a_idx[4]         ;
; PacketCounter_counter:u_PacketCounter|pkt_a_idx[3]                  ; Merged with ByteCounter_counter:u_ByteCounter|byte_a_idx[3]         ;
; PacketCounter_counter:u_PacketCounter|pkt_a_idx[2]                  ; Merged with ByteCounter_counter:u_ByteCounter|byte_a_idx[2]         ;
; PacketCounter_counter:u_PacketCounter|pkt_a_idx[1]                  ; Merged with ByteCounter_counter:u_ByteCounter|byte_a_idx[1]         ;
; PacketCounter_counter:u_PacketCounter|pkt_a_idx[0]                  ; Merged with ByteCounter_counter:u_ByteCounter|byte_a_idx[0]         ;
; PacketCounter_counter:u_PacketCounter|pkt_b_idx[12]                 ; Merged with ByteCounter_counter:u_ByteCounter|byte_b_idx[12]        ;
; PacketCounter_counter:u_PacketCounter|pkt_b_idx[11]                 ; Merged with ByteCounter_counter:u_ByteCounter|byte_b_idx[11]        ;
; PacketCounter_counter:u_PacketCounter|pkt_b_idx[10]                 ; Merged with ByteCounter_counter:u_ByteCounter|byte_b_idx[10]        ;
; PacketCounter_counter:u_PacketCounter|pkt_b_idx[9]                  ; Merged with ByteCounter_counter:u_ByteCounter|byte_b_idx[9]         ;
; PacketCounter_counter:u_PacketCounter|pkt_b_idx[8]                  ; Merged with ByteCounter_counter:u_ByteCounter|byte_b_idx[8]         ;
; PacketCounter_counter:u_PacketCounter|pkt_b_idx[7]                  ; Merged with ByteCounter_counter:u_ByteCounter|byte_b_idx[7]         ;
; PacketCounter_counter:u_PacketCounter|pkt_b_idx[6]                  ; Merged with ByteCounter_counter:u_ByteCounter|byte_b_idx[6]         ;
; PacketCounter_counter:u_PacketCounter|pkt_b_idx[5]                  ; Merged with ByteCounter_counter:u_ByteCounter|byte_b_idx[5]         ;
; PacketCounter_counter:u_PacketCounter|pkt_b_idx[4]                  ; Merged with ByteCounter_counter:u_ByteCounter|byte_b_idx[4]         ;
; PacketCounter_counter:u_PacketCounter|pkt_b_idx[3]                  ; Merged with ByteCounter_counter:u_ByteCounter|byte_b_idx[3]         ;
; PacketCounter_counter:u_PacketCounter|pkt_b_idx[2]                  ; Merged with ByteCounter_counter:u_ByteCounter|byte_b_idx[2]         ;
; PacketCounter_counter:u_PacketCounter|pkt_b_idx[1]                  ; Merged with ByteCounter_counter:u_ByteCounter|byte_b_idx[1]         ;
; PacketCounter_counter:u_PacketCounter|pkt_b_idx[0]                  ; Merged with ByteCounter_counter:u_ByteCounter|byte_b_idx[0]         ;
; PacketCounter_counter:u_PacketCounter|pkt_b_v                       ; Merged with ByteCounter_counter:u_ByteCounter|byte_b_v              ;
; slot_cnt_PacketCounter_idx[0][0]                                    ; Merged with slot_cnt_ByteCounter_idx[0][0]                          ;
; slot_cnt_PacketCounter_idx[1][0]                                    ; Merged with slot_cnt_ByteCounter_idx[1][0]                          ;
; slot_cnt_PacketCounter_idx[2][0]                                    ; Merged with slot_cnt_ByteCounter_idx[2][0]                          ;
; slot_cnt_PacketCounter_idx[3][0]                                    ; Merged with slot_cnt_ByteCounter_idx[3][0]                          ;
; slot_cnt_PacketCounter_idx[0][1]                                    ; Merged with slot_cnt_ByteCounter_idx[0][1]                          ;
; slot_cnt_PacketCounter_idx[1][1]                                    ; Merged with slot_cnt_ByteCounter_idx[1][1]                          ;
; slot_cnt_PacketCounter_idx[2][1]                                    ; Merged with slot_cnt_ByteCounter_idx[2][1]                          ;
; slot_cnt_PacketCounter_idx[3][1]                                    ; Merged with slot_cnt_ByteCounter_idx[3][1]                          ;
; slot_cnt_PacketCounter_idx[0][2]                                    ; Merged with slot_cnt_ByteCounter_idx[0][2]                          ;
; slot_cnt_PacketCounter_idx[1][2]                                    ; Merged with slot_cnt_ByteCounter_idx[1][2]                          ;
; slot_cnt_PacketCounter_idx[2][2]                                    ; Merged with slot_cnt_ByteCounter_idx[2][2]                          ;
; slot_cnt_PacketCounter_idx[3][2]                                    ; Merged with slot_cnt_ByteCounter_idx[3][2]                          ;
; slot_cnt_PacketCounter_idx[0][3]                                    ; Merged with slot_cnt_ByteCounter_idx[0][3]                          ;
; slot_cnt_PacketCounter_idx[1][3]                                    ; Merged with slot_cnt_ByteCounter_idx[1][3]                          ;
; slot_cnt_PacketCounter_idx[2][3]                                    ; Merged with slot_cnt_ByteCounter_idx[2][3]                          ;
; slot_cnt_PacketCounter_idx[3][3]                                    ; Merged with slot_cnt_ByteCounter_idx[3][3]                          ;
; slot_cnt_PacketCounter_idx[0][4]                                    ; Merged with slot_cnt_ByteCounter_idx[0][4]                          ;
; slot_cnt_PacketCounter_idx[1][4]                                    ; Merged with slot_cnt_ByteCounter_idx[1][4]                          ;
; slot_cnt_PacketCounter_idx[2][4]                                    ; Merged with slot_cnt_ByteCounter_idx[2][4]                          ;
; slot_cnt_PacketCounter_idx[3][4]                                    ; Merged with slot_cnt_ByteCounter_idx[3][4]                          ;
; slot_cnt_PacketCounter_idx[0][5]                                    ; Merged with slot_cnt_ByteCounter_idx[0][5]                          ;
; slot_cnt_PacketCounter_idx[1][5]                                    ; Merged with slot_cnt_ByteCounter_idx[1][5]                          ;
; slot_cnt_PacketCounter_idx[2][5]                                    ; Merged with slot_cnt_ByteCounter_idx[2][5]                          ;
; slot_cnt_PacketCounter_idx[3][5]                                    ; Merged with slot_cnt_ByteCounter_idx[3][5]                          ;
; slot_cnt_PacketCounter_idx[0][6]                                    ; Merged with slot_cnt_ByteCounter_idx[0][6]                          ;
; slot_cnt_PacketCounter_idx[1][6]                                    ; Merged with slot_cnt_ByteCounter_idx[1][6]                          ;
; slot_cnt_PacketCounter_idx[2][6]                                    ; Merged with slot_cnt_ByteCounter_idx[2][6]                          ;
; slot_cnt_PacketCounter_idx[3][6]                                    ; Merged with slot_cnt_ByteCounter_idx[3][6]                          ;
; slot_cnt_PacketCounter_idx[0][7]                                    ; Merged with slot_cnt_ByteCounter_idx[0][7]                          ;
; slot_cnt_PacketCounter_idx[1][7]                                    ; Merged with slot_cnt_ByteCounter_idx[1][7]                          ;
; slot_cnt_PacketCounter_idx[2][7]                                    ; Merged with slot_cnt_ByteCounter_idx[2][7]                          ;
; slot_cnt_PacketCounter_idx[3][7]                                    ; Merged with slot_cnt_ByteCounter_idx[3][7]                          ;
; slot_cnt_PacketCounter_idx[0][8]                                    ; Merged with slot_cnt_ByteCounter_idx[0][8]                          ;
; slot_cnt_PacketCounter_idx[1][8]                                    ; Merged with slot_cnt_ByteCounter_idx[1][8]                          ;
; slot_cnt_PacketCounter_idx[2][8]                                    ; Merged with slot_cnt_ByteCounter_idx[2][8]                          ;
; slot_cnt_PacketCounter_idx[3][8]                                    ; Merged with slot_cnt_ByteCounter_idx[3][8]                          ;
; slot_cnt_PacketCounter_idx[0][9]                                    ; Merged with slot_cnt_ByteCounter_idx[0][9]                          ;
; slot_cnt_PacketCounter_idx[1][9]                                    ; Merged with slot_cnt_ByteCounter_idx[1][9]                          ;
; slot_cnt_PacketCounter_idx[2][9]                                    ; Merged with slot_cnt_ByteCounter_idx[2][9]                          ;
; slot_cnt_PacketCounter_idx[3][9]                                    ; Merged with slot_cnt_ByteCounter_idx[3][9]                          ;
; slot_cnt_PacketCounter_idx[0][10]                                   ; Merged with slot_cnt_ByteCounter_idx[0][10]                         ;
; slot_cnt_PacketCounter_idx[1][10]                                   ; Merged with slot_cnt_ByteCounter_idx[1][10]                         ;
; slot_cnt_PacketCounter_idx[2][10]                                   ; Merged with slot_cnt_ByteCounter_idx[2][10]                         ;
; slot_cnt_PacketCounter_idx[3][10]                                   ; Merged with slot_cnt_ByteCounter_idx[3][10]                         ;
; slot_cnt_PacketCounter_idx[0][11]                                   ; Merged with slot_cnt_ByteCounter_idx[0][11]                         ;
; slot_cnt_PacketCounter_idx[1][11]                                   ; Merged with slot_cnt_ByteCounter_idx[1][11]                         ;
; slot_cnt_PacketCounter_idx[2][11]                                   ; Merged with slot_cnt_ByteCounter_idx[2][11]                         ;
; slot_cnt_PacketCounter_idx[3][11]                                   ; Merged with slot_cnt_ByteCounter_idx[3][11]                         ;
; slot_cnt_PacketCounter_idx[0][12]                                   ; Merged with slot_cnt_ByteCounter_idx[0][12]                         ;
; slot_cnt_PacketCounter_idx[1][12]                                   ; Merged with slot_cnt_ByteCounter_idx[1][12]                         ;
; slot_cnt_PacketCounter_idx[2][12]                                   ; Merged with slot_cnt_ByteCounter_idx[2][12]                         ;
; slot_cnt_PacketCounter_idx[3][12]                                   ; Merged with slot_cnt_ByteCounter_idx[3][12]                         ;
; processing_generated:u_proc|out_udp_valid_s1                        ; Merged with processing_generated:u_proc|__stage_cond_1_r            ;
; processing_generated:u_proc|out_tcpopt_options_s1[128]              ; Merged with processing_generated:u_proc|out_ipv4opt_options_s1[128] ;
; processing_generated:u_proc|out_tcpopt_options_s1[129]              ; Merged with processing_generated:u_proc|out_ipv4opt_options_s1[129] ;
; processing_generated:u_proc|out_tcpopt_options_s1[130]              ; Merged with processing_generated:u_proc|out_ipv4opt_options_s1[130] ;
; processing_generated:u_proc|out_tcpopt_options_s1[131]              ; Merged with processing_generated:u_proc|out_ipv4opt_options_s1[131] ;
; processing_generated:u_proc|out_tcpopt_options_s1[132]              ; Merged with processing_generated:u_proc|out_ipv4opt_options_s1[132] ;
; processing_generated:u_proc|out_tcpopt_options_s1[133]              ; Merged with processing_generated:u_proc|out_ipv4opt_options_s1[133] ;
; processing_generated:u_proc|out_tcpopt_options_s1[134]              ; Merged with processing_generated:u_proc|out_ipv4opt_options_s1[134] ;
; processing_generated:u_proc|out_tcpopt_options_s1[135]              ; Merged with processing_generated:u_proc|out_ipv4opt_options_s1[135] ;
; processing_generated:u_proc|out_tcpopt_options_s1[136]              ; Merged with processing_generated:u_proc|out_ipv4opt_options_s1[136] ;
; processing_generated:u_proc|out_tcpopt_options_s1[137]              ; Merged with processing_generated:u_proc|out_ipv4opt_options_s1[137] ;
; processing_generated:u_proc|out_tcpopt_options_s1[138]              ; Merged with processing_generated:u_proc|out_ipv4opt_options_s1[138] ;
; processing_generated:u_proc|out_tcpopt_options_s1[139]              ; Merged with processing_generated:u_proc|out_ipv4opt_options_s1[139] ;
; processing_generated:u_proc|out_tcpopt_options_s1[140]              ; Merged with processing_generated:u_proc|out_ipv4opt_options_s1[140] ;
; processing_generated:u_proc|out_tcpopt_options_s1[141]              ; Merged with processing_generated:u_proc|out_ipv4opt_options_s1[141] ;
; processing_generated:u_proc|out_tcpopt_options_s1[142]              ; Merged with processing_generated:u_proc|out_ipv4opt_options_s1[142] ;
; processing_generated:u_proc|out_tcpopt_options_s1[143]              ; Merged with processing_generated:u_proc|out_ipv4opt_options_s1[143] ;
; processing_generated:u_proc|out_tcpopt_options_s1[144]              ; Merged with processing_generated:u_proc|out_ipv4opt_options_s1[144] ;
; processing_generated:u_proc|out_tcpopt_options_s1[145]              ; Merged with processing_generated:u_proc|out_ipv4opt_options_s1[145] ;
; processing_generated:u_proc|out_tcpopt_options_s1[146]              ; Merged with processing_generated:u_proc|out_ipv4opt_options_s1[146] ;
; processing_generated:u_proc|out_tcpopt_options_s1[147]              ; Merged with processing_generated:u_proc|out_ipv4opt_options_s1[147] ;
; processing_generated:u_proc|out_tcpopt_options_s1[148]              ; Merged with processing_generated:u_proc|out_ipv4opt_options_s1[148] ;
; processing_generated:u_proc|out_tcpopt_options_s1[149]              ; Merged with processing_generated:u_proc|out_ipv4opt_options_s1[149] ;
; processing_generated:u_proc|out_tcpopt_options_s1[150]              ; Merged with processing_generated:u_proc|out_ipv4opt_options_s1[150] ;
; processing_generated:u_proc|out_tcpopt_options_s1[151]              ; Merged with processing_generated:u_proc|out_ipv4opt_options_s1[151] ;
; processing_generated:u_proc|out_tcpopt_options_s1[152]              ; Merged with processing_generated:u_proc|out_ipv4opt_options_s1[152] ;
; processing_generated:u_proc|out_tcpopt_options_s1[153]              ; Merged with processing_generated:u_proc|out_ipv4opt_options_s1[153] ;
; processing_generated:u_proc|out_tcpopt_options_s1[154]              ; Merged with processing_generated:u_proc|out_ipv4opt_options_s1[154] ;
; processing_generated:u_proc|out_tcpopt_options_s1[155]              ; Merged with processing_generated:u_proc|out_ipv4opt_options_s1[155] ;
; processing_generated:u_proc|out_tcpopt_options_s1[156]              ; Merged with processing_generated:u_proc|out_ipv4opt_options_s1[156] ;
; processing_generated:u_proc|out_tcpopt_options_s1[157]              ; Merged with processing_generated:u_proc|out_ipv4opt_options_s1[157] ;
; processing_generated:u_proc|out_tcpopt_options_s1[158]              ; Merged with processing_generated:u_proc|out_ipv4opt_options_s1[158] ;
; processing_generated:u_proc|out_tcpopt_options_s1[159]              ; Merged with processing_generated:u_proc|out_ipv4opt_options_s1[159] ;
; processing_generated:u_proc|out_tcp_urgPtr_s1[0]                    ; Merged with processing_generated:u_proc|out_ipv4opt_options_s1[160] ;
; processing_generated:u_proc|out_tcpopt_options_s1[160]              ; Merged with processing_generated:u_proc|out_ipv4opt_options_s1[160] ;
; processing_generated:u_proc|out_tcp_urgPtr_s1[1]                    ; Merged with processing_generated:u_proc|out_ipv4opt_options_s1[161] ;
; processing_generated:u_proc|out_tcpopt_options_s1[161]              ; Merged with processing_generated:u_proc|out_ipv4opt_options_s1[161] ;
; processing_generated:u_proc|out_tcp_urgPtr_s1[2]                    ; Merged with processing_generated:u_proc|out_ipv4opt_options_s1[162] ;
; processing_generated:u_proc|out_tcpopt_options_s1[162]              ; Merged with processing_generated:u_proc|out_ipv4opt_options_s1[162] ;
; processing_generated:u_proc|out_tcp_urgPtr_s1[3]                    ; Merged with processing_generated:u_proc|out_ipv4opt_options_s1[163] ;
; processing_generated:u_proc|out_tcpopt_options_s1[163]              ; Merged with processing_generated:u_proc|out_ipv4opt_options_s1[163] ;
; processing_generated:u_proc|out_tcp_urgPtr_s1[4]                    ; Merged with processing_generated:u_proc|out_ipv4opt_options_s1[164] ;
; processing_generated:u_proc|out_tcpopt_options_s1[164]              ; Merged with processing_generated:u_proc|out_ipv4opt_options_s1[164] ;
; processing_generated:u_proc|out_tcp_urgPtr_s1[5]                    ; Merged with processing_generated:u_proc|out_ipv4opt_options_s1[165] ;
; processing_generated:u_proc|out_tcpopt_options_s1[165]              ; Merged with processing_generated:u_proc|out_ipv4opt_options_s1[165] ;
; processing_generated:u_proc|out_tcp_urgPtr_s1[6]                    ; Merged with processing_generated:u_proc|out_ipv4opt_options_s1[166] ;
; processing_generated:u_proc|out_tcpopt_options_s1[166]              ; Merged with processing_generated:u_proc|out_ipv4opt_options_s1[166] ;
; processing_generated:u_proc|out_tcp_urgPtr_s1[7]                    ; Merged with processing_generated:u_proc|out_ipv4opt_options_s1[167] ;
; processing_generated:u_proc|out_tcpopt_options_s1[167]              ; Merged with processing_generated:u_proc|out_ipv4opt_options_s1[167] ;
; processing_generated:u_proc|out_tcp_urgPtr_s1[8]                    ; Merged with processing_generated:u_proc|out_ipv4opt_options_s1[168] ;
; processing_generated:u_proc|out_tcpopt_options_s1[168]              ; Merged with processing_generated:u_proc|out_ipv4opt_options_s1[168] ;
; processing_generated:u_proc|out_tcp_urgPtr_s1[9]                    ; Merged with processing_generated:u_proc|out_ipv4opt_options_s1[169] ;
; processing_generated:u_proc|out_tcpopt_options_s1[169]              ; Merged with processing_generated:u_proc|out_ipv4opt_options_s1[169] ;
; processing_generated:u_proc|out_tcp_urgPtr_s1[10]                   ; Merged with processing_generated:u_proc|out_ipv4opt_options_s1[170] ;
; processing_generated:u_proc|out_tcpopt_options_s1[170]              ; Merged with processing_generated:u_proc|out_ipv4opt_options_s1[170] ;
; processing_generated:u_proc|out_tcp_urgPtr_s1[11]                   ; Merged with processing_generated:u_proc|out_ipv4opt_options_s1[171] ;
; processing_generated:u_proc|out_tcpopt_options_s1[171]              ; Merged with processing_generated:u_proc|out_ipv4opt_options_s1[171] ;
; processing_generated:u_proc|out_tcp_urgPtr_s1[12]                   ; Merged with processing_generated:u_proc|out_ipv4opt_options_s1[172] ;
; processing_generated:u_proc|out_tcpopt_options_s1[172]              ; Merged with processing_generated:u_proc|out_ipv4opt_options_s1[172] ;
; processing_generated:u_proc|out_tcp_urgPtr_s1[13]                   ; Merged with processing_generated:u_proc|out_ipv4opt_options_s1[173] ;
; processing_generated:u_proc|out_tcpopt_options_s1[173]              ; Merged with processing_generated:u_proc|out_ipv4opt_options_s1[173] ;
; processing_generated:u_proc|out_tcp_urgPtr_s1[14]                   ; Merged with processing_generated:u_proc|out_ipv4opt_options_s1[174] ;
; processing_generated:u_proc|out_tcpopt_options_s1[174]              ; Merged with processing_generated:u_proc|out_ipv4opt_options_s1[174] ;
; processing_generated:u_proc|out_tcp_urgPtr_s1[15]                   ; Merged with processing_generated:u_proc|out_ipv4opt_options_s1[175] ;
; processing_generated:u_proc|out_tcpopt_options_s1[175]              ; Merged with processing_generated:u_proc|out_ipv4opt_options_s1[175] ;
; processing_generated:u_proc|out_tcp_window_s1[0]                    ; Merged with processing_generated:u_proc|out_ipv4opt_options_s1[192] ;
; processing_generated:u_proc|out_tcpopt_options_s1[192]              ; Merged with processing_generated:u_proc|out_ipv4opt_options_s1[192] ;
; processing_generated:u_proc|out_tcp_window_s1[1]                    ; Merged with processing_generated:u_proc|out_ipv4opt_options_s1[193] ;
; processing_generated:u_proc|out_tcpopt_options_s1[193]              ; Merged with processing_generated:u_proc|out_ipv4opt_options_s1[193] ;
; processing_generated:u_proc|out_tcp_window_s1[2]                    ; Merged with processing_generated:u_proc|out_ipv4opt_options_s1[194] ;
; processing_generated:u_proc|out_tcpopt_options_s1[194]              ; Merged with processing_generated:u_proc|out_ipv4opt_options_s1[194] ;
; processing_generated:u_proc|out_tcp_window_s1[3]                    ; Merged with processing_generated:u_proc|out_ipv4opt_options_s1[195] ;
; processing_generated:u_proc|out_tcpopt_options_s1[195]              ; Merged with processing_generated:u_proc|out_ipv4opt_options_s1[195] ;
; processing_generated:u_proc|out_tcp_window_s1[4]                    ; Merged with processing_generated:u_proc|out_ipv4opt_options_s1[196] ;
; processing_generated:u_proc|out_tcpopt_options_s1[196]              ; Merged with processing_generated:u_proc|out_ipv4opt_options_s1[196] ;
; processing_generated:u_proc|out_tcp_window_s1[5]                    ; Merged with processing_generated:u_proc|out_ipv4opt_options_s1[197] ;
; processing_generated:u_proc|out_tcpopt_options_s1[197]              ; Merged with processing_generated:u_proc|out_ipv4opt_options_s1[197] ;
; processing_generated:u_proc|out_tcp_window_s1[6]                    ; Merged with processing_generated:u_proc|out_ipv4opt_options_s1[198] ;
; processing_generated:u_proc|out_tcpopt_options_s1[198]              ; Merged with processing_generated:u_proc|out_ipv4opt_options_s1[198] ;
; processing_generated:u_proc|out_tcp_window_s1[7]                    ; Merged with processing_generated:u_proc|out_ipv4opt_options_s1[199] ;
; processing_generated:u_proc|out_tcpopt_options_s1[199]              ; Merged with processing_generated:u_proc|out_ipv4opt_options_s1[199] ;
; processing_generated:u_proc|out_tcp_window_s1[8]                    ; Merged with processing_generated:u_proc|out_ipv4opt_options_s1[200] ;
; processing_generated:u_proc|out_tcpopt_options_s1[200]              ; Merged with processing_generated:u_proc|out_ipv4opt_options_s1[200] ;
; processing_generated:u_proc|out_tcp_window_s1[9]                    ; Merged with processing_generated:u_proc|out_ipv4opt_options_s1[201] ;
; processing_generated:u_proc|out_tcpopt_options_s1[201]              ; Merged with processing_generated:u_proc|out_ipv4opt_options_s1[201] ;
; processing_generated:u_proc|out_tcp_window_s1[10]                   ; Merged with processing_generated:u_proc|out_ipv4opt_options_s1[202] ;
; processing_generated:u_proc|out_tcpopt_options_s1[202]              ; Merged with processing_generated:u_proc|out_ipv4opt_options_s1[202] ;
; processing_generated:u_proc|out_tcp_window_s1[11]                   ; Merged with processing_generated:u_proc|out_ipv4opt_options_s1[203] ;
; processing_generated:u_proc|out_tcpopt_options_s1[203]              ; Merged with processing_generated:u_proc|out_ipv4opt_options_s1[203] ;
; processing_generated:u_proc|out_tcp_window_s1[12]                   ; Merged with processing_generated:u_proc|out_ipv4opt_options_s1[204] ;
; processing_generated:u_proc|out_tcpopt_options_s1[204]              ; Merged with processing_generated:u_proc|out_ipv4opt_options_s1[204] ;
; processing_generated:u_proc|out_tcp_window_s1[13]                   ; Merged with processing_generated:u_proc|out_ipv4opt_options_s1[205] ;
; processing_generated:u_proc|out_tcpopt_options_s1[205]              ; Merged with processing_generated:u_proc|out_ipv4opt_options_s1[205] ;
; processing_generated:u_proc|out_tcp_window_s1[14]                   ; Merged with processing_generated:u_proc|out_ipv4opt_options_s1[206] ;
; processing_generated:u_proc|out_tcpopt_options_s1[206]              ; Merged with processing_generated:u_proc|out_ipv4opt_options_s1[206] ;
; processing_generated:u_proc|out_tcp_window_s1[15]                   ; Merged with processing_generated:u_proc|out_ipv4opt_options_s1[207] ;
; processing_generated:u_proc|out_tcpopt_options_s1[207]              ; Merged with processing_generated:u_proc|out_ipv4opt_options_s1[207] ;
; processing_generated:u_proc|out_tcp_flags_s1[0]                     ; Merged with processing_generated:u_proc|out_ipv4opt_options_s1[208] ;
; processing_generated:u_proc|out_tcpopt_options_s1[208]              ; Merged with processing_generated:u_proc|out_ipv4opt_options_s1[208] ;
; processing_generated:u_proc|out_tcp_flags_s1[1]                     ; Merged with processing_generated:u_proc|out_ipv4opt_options_s1[209] ;
; processing_generated:u_proc|out_tcpopt_options_s1[209]              ; Merged with processing_generated:u_proc|out_ipv4opt_options_s1[209] ;
; processing_generated:u_proc|out_tcp_flags_s1[2]                     ; Merged with processing_generated:u_proc|out_ipv4opt_options_s1[210] ;
; processing_generated:u_proc|out_tcpopt_options_s1[210]              ; Merged with processing_generated:u_proc|out_ipv4opt_options_s1[210] ;
; processing_generated:u_proc|out_tcp_flags_s1[3]                     ; Merged with processing_generated:u_proc|out_ipv4opt_options_s1[211] ;
; processing_generated:u_proc|out_tcpopt_options_s1[211]              ; Merged with processing_generated:u_proc|out_ipv4opt_options_s1[211] ;
; processing_generated:u_proc|out_tcp_flags_s1[4]                     ; Merged with processing_generated:u_proc|out_ipv4opt_options_s1[212] ;
; processing_generated:u_proc|out_tcpopt_options_s1[212]              ; Merged with processing_generated:u_proc|out_ipv4opt_options_s1[212] ;
; processing_generated:u_proc|out_tcp_flags_s1[5]                     ; Merged with processing_generated:u_proc|out_ipv4opt_options_s1[213] ;
; processing_generated:u_proc|out_tcpopt_options_s1[213]              ; Merged with processing_generated:u_proc|out_ipv4opt_options_s1[213] ;
; processing_generated:u_proc|out_tcp_resv_s1[0]                      ; Merged with processing_generated:u_proc|out_ipv4opt_options_s1[214] ;
; processing_generated:u_proc|out_tcpopt_options_s1[214]              ; Merged with processing_generated:u_proc|out_ipv4opt_options_s1[214] ;
; processing_generated:u_proc|out_tcp_resv_s1[1]                      ; Merged with processing_generated:u_proc|out_ipv4opt_options_s1[215] ;
; processing_generated:u_proc|out_tcpopt_options_s1[215]              ; Merged with processing_generated:u_proc|out_ipv4opt_options_s1[215] ;
; processing_generated:u_proc|out_tcp_resv_s1[2]                      ; Merged with processing_generated:u_proc|out_ipv4opt_options_s1[216] ;
; processing_generated:u_proc|out_tcpopt_options_s1[216]              ; Merged with processing_generated:u_proc|out_ipv4opt_options_s1[216] ;
; processing_generated:u_proc|out_tcp_resv_s1[3]                      ; Merged with processing_generated:u_proc|out_ipv4opt_options_s1[217] ;
; processing_generated:u_proc|out_tcpopt_options_s1[217]              ; Merged with processing_generated:u_proc|out_ipv4opt_options_s1[217] ;
; processing_generated:u_proc|out_tcp_resv_s1[4]                      ; Merged with processing_generated:u_proc|out_ipv4opt_options_s1[218] ;
; processing_generated:u_proc|out_tcpopt_options_s1[218]              ; Merged with processing_generated:u_proc|out_ipv4opt_options_s1[218] ;
; processing_generated:u_proc|out_tcp_resv_s1[5]                      ; Merged with processing_generated:u_proc|out_ipv4opt_options_s1[219] ;
; processing_generated:u_proc|out_tcpopt_options_s1[219]              ; Merged with processing_generated:u_proc|out_ipv4opt_options_s1[219] ;
; processing_generated:u_proc|out_tcp_dataOffset_s1[0]                ; Merged with processing_generated:u_proc|out_ipv4opt_options_s1[220] ;
; processing_generated:u_proc|out_tcpopt_options_s1[220]              ; Merged with processing_generated:u_proc|out_ipv4opt_options_s1[220] ;
; processing_generated:u_proc|out_tcp_dataOffset_s1[1]                ; Merged with processing_generated:u_proc|out_ipv4opt_options_s1[221] ;
; processing_generated:u_proc|out_tcpopt_options_s1[221]              ; Merged with processing_generated:u_proc|out_ipv4opt_options_s1[221] ;
; processing_generated:u_proc|out_tcp_dataOffset_s1[2]                ; Merged with processing_generated:u_proc|out_ipv4opt_options_s1[222] ;
; processing_generated:u_proc|out_tcpopt_options_s1[222]              ; Merged with processing_generated:u_proc|out_ipv4opt_options_s1[222] ;
; processing_generated:u_proc|out_tcp_dataOffset_s1[3]                ; Merged with processing_generated:u_proc|out_ipv4opt_options_s1[223] ;
; processing_generated:u_proc|out_tcpopt_options_s1[223]              ; Merged with processing_generated:u_proc|out_ipv4opt_options_s1[223] ;
; processing_generated:u_proc|out_tcp_ackNum_s1[0]                    ; Merged with processing_generated:u_proc|out_ipv4opt_options_s1[224] ;
; processing_generated:u_proc|out_tcpopt_options_s1[224]              ; Merged with processing_generated:u_proc|out_ipv4opt_options_s1[224] ;
; processing_generated:u_proc|out_tcp_ackNum_s1[1]                    ; Merged with processing_generated:u_proc|out_ipv4opt_options_s1[225] ;
; processing_generated:u_proc|out_tcpopt_options_s1[225]              ; Merged with processing_generated:u_proc|out_ipv4opt_options_s1[225] ;
; processing_generated:u_proc|out_tcp_ackNum_s1[2]                    ; Merged with processing_generated:u_proc|out_ipv4opt_options_s1[226] ;
; processing_generated:u_proc|out_tcpopt_options_s1[226]              ; Merged with processing_generated:u_proc|out_ipv4opt_options_s1[226] ;
; processing_generated:u_proc|out_tcp_ackNum_s1[3]                    ; Merged with processing_generated:u_proc|out_ipv4opt_options_s1[227] ;
; processing_generated:u_proc|out_tcpopt_options_s1[227]              ; Merged with processing_generated:u_proc|out_ipv4opt_options_s1[227] ;
; processing_generated:u_proc|out_tcp_ackNum_s1[4]                    ; Merged with processing_generated:u_proc|out_ipv4opt_options_s1[228] ;
; processing_generated:u_proc|out_tcpopt_options_s1[228]              ; Merged with processing_generated:u_proc|out_ipv4opt_options_s1[228] ;
; processing_generated:u_proc|out_tcp_ackNum_s1[5]                    ; Merged with processing_generated:u_proc|out_ipv4opt_options_s1[229] ;
; processing_generated:u_proc|out_tcpopt_options_s1[229]              ; Merged with processing_generated:u_proc|out_ipv4opt_options_s1[229] ;
; processing_generated:u_proc|out_tcp_ackNum_s1[6]                    ; Merged with processing_generated:u_proc|out_ipv4opt_options_s1[230] ;
; processing_generated:u_proc|out_tcpopt_options_s1[230]              ; Merged with processing_generated:u_proc|out_ipv4opt_options_s1[230] ;
; processing_generated:u_proc|out_tcp_ackNum_s1[7]                    ; Merged with processing_generated:u_proc|out_ipv4opt_options_s1[231] ;
; processing_generated:u_proc|out_tcpopt_options_s1[231]              ; Merged with processing_generated:u_proc|out_ipv4opt_options_s1[231] ;
; processing_generated:u_proc|out_tcp_ackNum_s1[8]                    ; Merged with processing_generated:u_proc|out_ipv4opt_options_s1[232] ;
; processing_generated:u_proc|out_tcpopt_options_s1[232]              ; Merged with processing_generated:u_proc|out_ipv4opt_options_s1[232] ;
; processing_generated:u_proc|out_tcp_ackNum_s1[9]                    ; Merged with processing_generated:u_proc|out_ipv4opt_options_s1[233] ;
; processing_generated:u_proc|out_tcpopt_options_s1[233]              ; Merged with processing_generated:u_proc|out_ipv4opt_options_s1[233] ;
; processing_generated:u_proc|out_tcp_ackNum_s1[10]                   ; Merged with processing_generated:u_proc|out_ipv4opt_options_s1[234] ;
; processing_generated:u_proc|out_tcpopt_options_s1[234]              ; Merged with processing_generated:u_proc|out_ipv4opt_options_s1[234] ;
; processing_generated:u_proc|out_tcp_ackNum_s1[11]                   ; Merged with processing_generated:u_proc|out_ipv4opt_options_s1[235] ;
; processing_generated:u_proc|out_tcpopt_options_s1[235]              ; Merged with processing_generated:u_proc|out_ipv4opt_options_s1[235] ;
; processing_generated:u_proc|out_tcp_ackNum_s1[12]                   ; Merged with processing_generated:u_proc|out_ipv4opt_options_s1[236] ;
; processing_generated:u_proc|out_tcpopt_options_s1[236]              ; Merged with processing_generated:u_proc|out_ipv4opt_options_s1[236] ;
; processing_generated:u_proc|out_tcp_ackNum_s1[13]                   ; Merged with processing_generated:u_proc|out_ipv4opt_options_s1[237] ;
; processing_generated:u_proc|out_tcpopt_options_s1[237]              ; Merged with processing_generated:u_proc|out_ipv4opt_options_s1[237] ;
; processing_generated:u_proc|out_tcp_ackNum_s1[14]                   ; Merged with processing_generated:u_proc|out_ipv4opt_options_s1[238] ;
; processing_generated:u_proc|out_tcpopt_options_s1[238]              ; Merged with processing_generated:u_proc|out_ipv4opt_options_s1[238] ;
; processing_generated:u_proc|out_tcp_ackNum_s1[15]                   ; Merged with processing_generated:u_proc|out_ipv4opt_options_s1[239] ;
; processing_generated:u_proc|out_tcpopt_options_s1[239]              ; Merged with processing_generated:u_proc|out_ipv4opt_options_s1[239] ;
; processing_generated:u_proc|out_udp_valid_s2                        ; Merged with processing_generated:u_proc|__stage_cond_1_r_p1         ;
; processing_generated:u_proc|out_tcpopt_options_s2[128]              ; Merged with processing_generated:u_proc|out_ipv4opt_options_s2[128] ;
; processing_generated:u_proc|out_tcpopt_options_s2[129]              ; Merged with processing_generated:u_proc|out_ipv4opt_options_s2[129] ;
; processing_generated:u_proc|out_tcpopt_options_s2[130]              ; Merged with processing_generated:u_proc|out_ipv4opt_options_s2[130] ;
; processing_generated:u_proc|out_tcpopt_options_s2[131]              ; Merged with processing_generated:u_proc|out_ipv4opt_options_s2[131] ;
; processing_generated:u_proc|out_tcpopt_options_s2[132]              ; Merged with processing_generated:u_proc|out_ipv4opt_options_s2[132] ;
; processing_generated:u_proc|out_tcpopt_options_s2[133]              ; Merged with processing_generated:u_proc|out_ipv4opt_options_s2[133] ;
; processing_generated:u_proc|out_tcpopt_options_s2[134]              ; Merged with processing_generated:u_proc|out_ipv4opt_options_s2[134] ;
; processing_generated:u_proc|out_tcpopt_options_s2[135]              ; Merged with processing_generated:u_proc|out_ipv4opt_options_s2[135] ;
; processing_generated:u_proc|out_tcpopt_options_s2[136]              ; Merged with processing_generated:u_proc|out_ipv4opt_options_s2[136] ;
; processing_generated:u_proc|out_tcpopt_options_s2[137]              ; Merged with processing_generated:u_proc|out_ipv4opt_options_s2[137] ;
; processing_generated:u_proc|out_tcpopt_options_s2[138]              ; Merged with processing_generated:u_proc|out_ipv4opt_options_s2[138] ;
; processing_generated:u_proc|out_tcpopt_options_s2[139]              ; Merged with processing_generated:u_proc|out_ipv4opt_options_s2[139] ;
; processing_generated:u_proc|out_tcpopt_options_s2[140]              ; Merged with processing_generated:u_proc|out_ipv4opt_options_s2[140] ;
; processing_generated:u_proc|out_tcpopt_options_s2[141]              ; Merged with processing_generated:u_proc|out_ipv4opt_options_s2[141] ;
; processing_generated:u_proc|out_tcpopt_options_s2[142]              ; Merged with processing_generated:u_proc|out_ipv4opt_options_s2[142] ;
; processing_generated:u_proc|out_tcpopt_options_s2[143]              ; Merged with processing_generated:u_proc|out_ipv4opt_options_s2[143] ;
; processing_generated:u_proc|out_tcpopt_options_s2[144]              ; Merged with processing_generated:u_proc|out_ipv4opt_options_s2[144] ;
; processing_generated:u_proc|out_tcpopt_options_s2[145]              ; Merged with processing_generated:u_proc|out_ipv4opt_options_s2[145] ;
; processing_generated:u_proc|out_tcpopt_options_s2[146]              ; Merged with processing_generated:u_proc|out_ipv4opt_options_s2[146] ;
; processing_generated:u_proc|out_tcpopt_options_s2[147]              ; Merged with processing_generated:u_proc|out_ipv4opt_options_s2[147] ;
; processing_generated:u_proc|out_tcpopt_options_s2[148]              ; Merged with processing_generated:u_proc|out_ipv4opt_options_s2[148] ;
; processing_generated:u_proc|out_tcpopt_options_s2[149]              ; Merged with processing_generated:u_proc|out_ipv4opt_options_s2[149] ;
; processing_generated:u_proc|out_tcpopt_options_s2[150]              ; Merged with processing_generated:u_proc|out_ipv4opt_options_s2[150] ;
; processing_generated:u_proc|out_tcpopt_options_s2[151]              ; Merged with processing_generated:u_proc|out_ipv4opt_options_s2[151] ;
; processing_generated:u_proc|out_tcpopt_options_s2[152]              ; Merged with processing_generated:u_proc|out_ipv4opt_options_s2[152] ;
; processing_generated:u_proc|out_tcpopt_options_s2[153]              ; Merged with processing_generated:u_proc|out_ipv4opt_options_s2[153] ;
; processing_generated:u_proc|out_tcpopt_options_s2[154]              ; Merged with processing_generated:u_proc|out_ipv4opt_options_s2[154] ;
; processing_generated:u_proc|out_tcpopt_options_s2[155]              ; Merged with processing_generated:u_proc|out_ipv4opt_options_s2[155] ;
; processing_generated:u_proc|out_tcpopt_options_s2[156]              ; Merged with processing_generated:u_proc|out_ipv4opt_options_s2[156] ;
; processing_generated:u_proc|out_tcpopt_options_s2[157]              ; Merged with processing_generated:u_proc|out_ipv4opt_options_s2[157] ;
; processing_generated:u_proc|out_tcpopt_options_s2[158]              ; Merged with processing_generated:u_proc|out_ipv4opt_options_s2[158] ;
; processing_generated:u_proc|out_tcpopt_options_s2[159]              ; Merged with processing_generated:u_proc|out_ipv4opt_options_s2[159] ;
; processing_generated:u_proc|out_tcp_urgPtr_s2[0]                    ; Merged with processing_generated:u_proc|out_ipv4opt_options_s2[160] ;
; processing_generated:u_proc|out_tcpopt_options_s2[160]              ; Merged with processing_generated:u_proc|out_ipv4opt_options_s2[160] ;
; processing_generated:u_proc|out_tcp_urgPtr_s2[1]                    ; Merged with processing_generated:u_proc|out_ipv4opt_options_s2[161] ;
; processing_generated:u_proc|out_tcpopt_options_s2[161]              ; Merged with processing_generated:u_proc|out_ipv4opt_options_s2[161] ;
; processing_generated:u_proc|out_tcp_urgPtr_s2[2]                    ; Merged with processing_generated:u_proc|out_ipv4opt_options_s2[162] ;
; processing_generated:u_proc|out_tcpopt_options_s2[162]              ; Merged with processing_generated:u_proc|out_ipv4opt_options_s2[162] ;
; processing_generated:u_proc|out_tcp_urgPtr_s2[3]                    ; Merged with processing_generated:u_proc|out_ipv4opt_options_s2[163] ;
; processing_generated:u_proc|out_tcpopt_options_s2[163]              ; Merged with processing_generated:u_proc|out_ipv4opt_options_s2[163] ;
; processing_generated:u_proc|out_tcp_urgPtr_s2[4]                    ; Merged with processing_generated:u_proc|out_ipv4opt_options_s2[164] ;
; processing_generated:u_proc|out_tcpopt_options_s2[164]              ; Merged with processing_generated:u_proc|out_ipv4opt_options_s2[164] ;
; processing_generated:u_proc|out_tcp_urgPtr_s2[5]                    ; Merged with processing_generated:u_proc|out_ipv4opt_options_s2[165] ;
; processing_generated:u_proc|out_tcpopt_options_s2[165]              ; Merged with processing_generated:u_proc|out_ipv4opt_options_s2[165] ;
; processing_generated:u_proc|out_tcp_urgPtr_s2[6]                    ; Merged with processing_generated:u_proc|out_ipv4opt_options_s2[166] ;
; processing_generated:u_proc|out_tcpopt_options_s2[166]              ; Merged with processing_generated:u_proc|out_ipv4opt_options_s2[166] ;
; processing_generated:u_proc|out_tcp_urgPtr_s2[7]                    ; Merged with processing_generated:u_proc|out_ipv4opt_options_s2[167] ;
; processing_generated:u_proc|out_tcpopt_options_s2[167]              ; Merged with processing_generated:u_proc|out_ipv4opt_options_s2[167] ;
; processing_generated:u_proc|out_tcp_urgPtr_s2[8]                    ; Merged with processing_generated:u_proc|out_ipv4opt_options_s2[168] ;
; processing_generated:u_proc|out_tcpopt_options_s2[168]              ; Merged with processing_generated:u_proc|out_ipv4opt_options_s2[168] ;
; processing_generated:u_proc|out_tcp_urgPtr_s2[9]                    ; Merged with processing_generated:u_proc|out_ipv4opt_options_s2[169] ;
; processing_generated:u_proc|out_tcpopt_options_s2[169]              ; Merged with processing_generated:u_proc|out_ipv4opt_options_s2[169] ;
; processing_generated:u_proc|out_tcp_urgPtr_s2[10]                   ; Merged with processing_generated:u_proc|out_ipv4opt_options_s2[170] ;
; processing_generated:u_proc|out_tcpopt_options_s2[170]              ; Merged with processing_generated:u_proc|out_ipv4opt_options_s2[170] ;
; processing_generated:u_proc|out_tcp_urgPtr_s2[11]                   ; Merged with processing_generated:u_proc|out_ipv4opt_options_s2[171] ;
; processing_generated:u_proc|out_tcpopt_options_s2[171]              ; Merged with processing_generated:u_proc|out_ipv4opt_options_s2[171] ;
; processing_generated:u_proc|out_tcp_urgPtr_s2[12]                   ; Merged with processing_generated:u_proc|out_ipv4opt_options_s2[172] ;
; processing_generated:u_proc|out_tcpopt_options_s2[172]              ; Merged with processing_generated:u_proc|out_ipv4opt_options_s2[172] ;
; processing_generated:u_proc|out_tcp_urgPtr_s2[13]                   ; Merged with processing_generated:u_proc|out_ipv4opt_options_s2[173] ;
; processing_generated:u_proc|out_tcpopt_options_s2[173]              ; Merged with processing_generated:u_proc|out_ipv4opt_options_s2[173] ;
; processing_generated:u_proc|out_tcp_urgPtr_s2[14]                   ; Merged with processing_generated:u_proc|out_ipv4opt_options_s2[174] ;
; processing_generated:u_proc|out_tcpopt_options_s2[174]              ; Merged with processing_generated:u_proc|out_ipv4opt_options_s2[174] ;
; processing_generated:u_proc|out_tcp_urgPtr_s2[15]                   ; Merged with processing_generated:u_proc|out_ipv4opt_options_s2[175] ;
; processing_generated:u_proc|out_tcpopt_options_s2[175]              ; Merged with processing_generated:u_proc|out_ipv4opt_options_s2[175] ;
; processing_generated:u_proc|out_tcp_window_s2[0]                    ; Merged with processing_generated:u_proc|out_ipv4opt_options_s2[192] ;
; processing_generated:u_proc|out_tcpopt_options_s2[192]              ; Merged with processing_generated:u_proc|out_ipv4opt_options_s2[192] ;
; processing_generated:u_proc|out_tcp_window_s2[1]                    ; Merged with processing_generated:u_proc|out_ipv4opt_options_s2[193] ;
; processing_generated:u_proc|out_tcpopt_options_s2[193]              ; Merged with processing_generated:u_proc|out_ipv4opt_options_s2[193] ;
; processing_generated:u_proc|out_tcp_window_s2[2]                    ; Merged with processing_generated:u_proc|out_ipv4opt_options_s2[194] ;
; processing_generated:u_proc|out_tcpopt_options_s2[194]              ; Merged with processing_generated:u_proc|out_ipv4opt_options_s2[194] ;
; processing_generated:u_proc|out_tcp_window_s2[3]                    ; Merged with processing_generated:u_proc|out_ipv4opt_options_s2[195] ;
; processing_generated:u_proc|out_tcpopt_options_s2[195]              ; Merged with processing_generated:u_proc|out_ipv4opt_options_s2[195] ;
; processing_generated:u_proc|out_tcp_window_s2[4]                    ; Merged with processing_generated:u_proc|out_ipv4opt_options_s2[196] ;
; processing_generated:u_proc|out_tcpopt_options_s2[196]              ; Merged with processing_generated:u_proc|out_ipv4opt_options_s2[196] ;
; processing_generated:u_proc|out_tcp_window_s2[5]                    ; Merged with processing_generated:u_proc|out_ipv4opt_options_s2[197] ;
; processing_generated:u_proc|out_tcpopt_options_s2[197]              ; Merged with processing_generated:u_proc|out_ipv4opt_options_s2[197] ;
; processing_generated:u_proc|out_tcp_window_s2[6]                    ; Merged with processing_generated:u_proc|out_ipv4opt_options_s2[198] ;
; processing_generated:u_proc|out_tcpopt_options_s2[198]              ; Merged with processing_generated:u_proc|out_ipv4opt_options_s2[198] ;
; processing_generated:u_proc|out_tcp_window_s2[7]                    ; Merged with processing_generated:u_proc|out_ipv4opt_options_s2[199] ;
; processing_generated:u_proc|out_tcpopt_options_s2[199]              ; Merged with processing_generated:u_proc|out_ipv4opt_options_s2[199] ;
; processing_generated:u_proc|out_tcp_window_s2[8]                    ; Merged with processing_generated:u_proc|out_ipv4opt_options_s2[200] ;
; processing_generated:u_proc|out_tcpopt_options_s2[200]              ; Merged with processing_generated:u_proc|out_ipv4opt_options_s2[200] ;
; processing_generated:u_proc|out_tcp_window_s2[9]                    ; Merged with processing_generated:u_proc|out_ipv4opt_options_s2[201] ;
; processing_generated:u_proc|out_tcpopt_options_s2[201]              ; Merged with processing_generated:u_proc|out_ipv4opt_options_s2[201] ;
; processing_generated:u_proc|out_tcp_window_s2[10]                   ; Merged with processing_generated:u_proc|out_ipv4opt_options_s2[202] ;
; processing_generated:u_proc|out_tcpopt_options_s2[202]              ; Merged with processing_generated:u_proc|out_ipv4opt_options_s2[202] ;
; processing_generated:u_proc|out_tcp_window_s2[11]                   ; Merged with processing_generated:u_proc|out_ipv4opt_options_s2[203] ;
; processing_generated:u_proc|out_tcpopt_options_s2[203]              ; Merged with processing_generated:u_proc|out_ipv4opt_options_s2[203] ;
; processing_generated:u_proc|out_tcp_window_s2[12]                   ; Merged with processing_generated:u_proc|out_ipv4opt_options_s2[204] ;
; processing_generated:u_proc|out_tcpopt_options_s2[204]              ; Merged with processing_generated:u_proc|out_ipv4opt_options_s2[204] ;
; processing_generated:u_proc|out_tcp_window_s2[13]                   ; Merged with processing_generated:u_proc|out_ipv4opt_options_s2[205] ;
; processing_generated:u_proc|out_tcpopt_options_s2[205]              ; Merged with processing_generated:u_proc|out_ipv4opt_options_s2[205] ;
; processing_generated:u_proc|out_tcp_window_s2[14]                   ; Merged with processing_generated:u_proc|out_ipv4opt_options_s2[206] ;
; processing_generated:u_proc|out_tcpopt_options_s2[206]              ; Merged with processing_generated:u_proc|out_ipv4opt_options_s2[206] ;
; processing_generated:u_proc|out_tcp_window_s2[15]                   ; Merged with processing_generated:u_proc|out_ipv4opt_options_s2[207] ;
; processing_generated:u_proc|out_tcpopt_options_s2[207]              ; Merged with processing_generated:u_proc|out_ipv4opt_options_s2[207] ;
; processing_generated:u_proc|out_tcp_flags_s2[0]                     ; Merged with processing_generated:u_proc|out_ipv4opt_options_s2[208] ;
; processing_generated:u_proc|out_tcpopt_options_s2[208]              ; Merged with processing_generated:u_proc|out_ipv4opt_options_s2[208] ;
; processing_generated:u_proc|out_tcp_flags_s2[1]                     ; Merged with processing_generated:u_proc|out_ipv4opt_options_s2[209] ;
; processing_generated:u_proc|out_tcpopt_options_s2[209]              ; Merged with processing_generated:u_proc|out_ipv4opt_options_s2[209] ;
; processing_generated:u_proc|out_tcp_flags_s2[2]                     ; Merged with processing_generated:u_proc|out_ipv4opt_options_s2[210] ;
; processing_generated:u_proc|out_tcpopt_options_s2[210]              ; Merged with processing_generated:u_proc|out_ipv4opt_options_s2[210] ;
; processing_generated:u_proc|out_tcp_flags_s2[3]                     ; Merged with processing_generated:u_proc|out_ipv4opt_options_s2[211] ;
; processing_generated:u_proc|out_tcpopt_options_s2[211]              ; Merged with processing_generated:u_proc|out_ipv4opt_options_s2[211] ;
; processing_generated:u_proc|out_tcp_flags_s2[4]                     ; Merged with processing_generated:u_proc|out_ipv4opt_options_s2[212] ;
; processing_generated:u_proc|out_tcpopt_options_s2[212]              ; Merged with processing_generated:u_proc|out_ipv4opt_options_s2[212] ;
; processing_generated:u_proc|out_tcp_flags_s2[5]                     ; Merged with processing_generated:u_proc|out_ipv4opt_options_s2[213] ;
; processing_generated:u_proc|out_tcpopt_options_s2[213]              ; Merged with processing_generated:u_proc|out_ipv4opt_options_s2[213] ;
; processing_generated:u_proc|out_tcp_resv_s2[0]                      ; Merged with processing_generated:u_proc|out_ipv4opt_options_s2[214] ;
; processing_generated:u_proc|out_tcpopt_options_s2[214]              ; Merged with processing_generated:u_proc|out_ipv4opt_options_s2[214] ;
; processing_generated:u_proc|out_tcp_resv_s2[1]                      ; Merged with processing_generated:u_proc|out_ipv4opt_options_s2[215] ;
; processing_generated:u_proc|out_tcpopt_options_s2[215]              ; Merged with processing_generated:u_proc|out_ipv4opt_options_s2[215] ;
; processing_generated:u_proc|out_tcp_resv_s2[2]                      ; Merged with processing_generated:u_proc|out_ipv4opt_options_s2[216] ;
; processing_generated:u_proc|out_tcpopt_options_s2[216]              ; Merged with processing_generated:u_proc|out_ipv4opt_options_s2[216] ;
; processing_generated:u_proc|out_tcp_resv_s2[3]                      ; Merged with processing_generated:u_proc|out_ipv4opt_options_s2[217] ;
; processing_generated:u_proc|out_tcpopt_options_s2[217]              ; Merged with processing_generated:u_proc|out_ipv4opt_options_s2[217] ;
; processing_generated:u_proc|out_tcp_resv_s2[4]                      ; Merged with processing_generated:u_proc|out_ipv4opt_options_s2[218] ;
; processing_generated:u_proc|out_tcpopt_options_s2[218]              ; Merged with processing_generated:u_proc|out_ipv4opt_options_s2[218] ;
; processing_generated:u_proc|out_tcp_resv_s2[5]                      ; Merged with processing_generated:u_proc|out_ipv4opt_options_s2[219] ;
; processing_generated:u_proc|out_tcpopt_options_s2[219]              ; Merged with processing_generated:u_proc|out_ipv4opt_options_s2[219] ;
; processing_generated:u_proc|out_tcp_dataOffset_s2[0]                ; Merged with processing_generated:u_proc|out_ipv4opt_options_s2[220] ;
; processing_generated:u_proc|out_tcpopt_options_s2[220]              ; Merged with processing_generated:u_proc|out_ipv4opt_options_s2[220] ;
; processing_generated:u_proc|out_tcp_dataOffset_s2[1]                ; Merged with processing_generated:u_proc|out_ipv4opt_options_s2[221] ;
; processing_generated:u_proc|out_tcpopt_options_s2[221]              ; Merged with processing_generated:u_proc|out_ipv4opt_options_s2[221] ;
; processing_generated:u_proc|out_tcp_dataOffset_s2[2]                ; Merged with processing_generated:u_proc|out_ipv4opt_options_s2[222] ;
; processing_generated:u_proc|out_tcpopt_options_s2[222]              ; Merged with processing_generated:u_proc|out_ipv4opt_options_s2[222] ;
; processing_generated:u_proc|out_tcp_dataOffset_s2[3]                ; Merged with processing_generated:u_proc|out_ipv4opt_options_s2[223] ;
; processing_generated:u_proc|out_tcpopt_options_s2[223]              ; Merged with processing_generated:u_proc|out_ipv4opt_options_s2[223] ;
; processing_generated:u_proc|out_tcp_ackNum_s2[0]                    ; Merged with processing_generated:u_proc|out_ipv4opt_options_s2[224] ;
; processing_generated:u_proc|out_tcpopt_options_s2[224]              ; Merged with processing_generated:u_proc|out_ipv4opt_options_s2[224] ;
; processing_generated:u_proc|out_tcp_ackNum_s2[1]                    ; Merged with processing_generated:u_proc|out_ipv4opt_options_s2[225] ;
; processing_generated:u_proc|out_tcpopt_options_s2[225]              ; Merged with processing_generated:u_proc|out_ipv4opt_options_s2[225] ;
; processing_generated:u_proc|out_tcp_ackNum_s2[2]                    ; Merged with processing_generated:u_proc|out_ipv4opt_options_s2[226] ;
; processing_generated:u_proc|out_tcpopt_options_s2[226]              ; Merged with processing_generated:u_proc|out_ipv4opt_options_s2[226] ;
; processing_generated:u_proc|out_tcp_ackNum_s2[3]                    ; Merged with processing_generated:u_proc|out_ipv4opt_options_s2[227] ;
; processing_generated:u_proc|out_tcpopt_options_s2[227]              ; Merged with processing_generated:u_proc|out_ipv4opt_options_s2[227] ;
; processing_generated:u_proc|out_tcp_ackNum_s2[4]                    ; Merged with processing_generated:u_proc|out_ipv4opt_options_s2[228] ;
; processing_generated:u_proc|out_tcpopt_options_s2[228]              ; Merged with processing_generated:u_proc|out_ipv4opt_options_s2[228] ;
; processing_generated:u_proc|out_tcp_ackNum_s2[5]                    ; Merged with processing_generated:u_proc|out_ipv4opt_options_s2[229] ;
; processing_generated:u_proc|out_tcpopt_options_s2[229]              ; Merged with processing_generated:u_proc|out_ipv4opt_options_s2[229] ;
; processing_generated:u_proc|out_tcp_ackNum_s2[6]                    ; Merged with processing_generated:u_proc|out_ipv4opt_options_s2[230] ;
; processing_generated:u_proc|out_tcpopt_options_s2[230]              ; Merged with processing_generated:u_proc|out_ipv4opt_options_s2[230] ;
; processing_generated:u_proc|out_tcp_ackNum_s2[7]                    ; Merged with processing_generated:u_proc|out_ipv4opt_options_s2[231] ;
; processing_generated:u_proc|out_tcpopt_options_s2[231]              ; Merged with processing_generated:u_proc|out_ipv4opt_options_s2[231] ;
; processing_generated:u_proc|out_tcp_ackNum_s2[8]                    ; Merged with processing_generated:u_proc|out_ipv4opt_options_s2[232] ;
; processing_generated:u_proc|out_tcpopt_options_s2[232]              ; Merged with processing_generated:u_proc|out_ipv4opt_options_s2[232] ;
; processing_generated:u_proc|out_tcp_ackNum_s2[9]                    ; Merged with processing_generated:u_proc|out_ipv4opt_options_s2[233] ;
; processing_generated:u_proc|out_tcpopt_options_s2[233]              ; Merged with processing_generated:u_proc|out_ipv4opt_options_s2[233] ;
; processing_generated:u_proc|out_tcp_ackNum_s2[10]                   ; Merged with processing_generated:u_proc|out_ipv4opt_options_s2[234] ;
; processing_generated:u_proc|out_tcpopt_options_s2[234]              ; Merged with processing_generated:u_proc|out_ipv4opt_options_s2[234] ;
; processing_generated:u_proc|out_tcp_ackNum_s2[11]                   ; Merged with processing_generated:u_proc|out_ipv4opt_options_s2[235] ;
; processing_generated:u_proc|out_tcpopt_options_s2[235]              ; Merged with processing_generated:u_proc|out_ipv4opt_options_s2[235] ;
; processing_generated:u_proc|out_tcp_ackNum_s2[12]                   ; Merged with processing_generated:u_proc|out_ipv4opt_options_s2[236] ;
; processing_generated:u_proc|out_tcpopt_options_s2[236]              ; Merged with processing_generated:u_proc|out_ipv4opt_options_s2[236] ;
; processing_generated:u_proc|out_tcp_ackNum_s2[13]                   ; Merged with processing_generated:u_proc|out_ipv4opt_options_s2[237] ;
; processing_generated:u_proc|out_tcpopt_options_s2[237]              ; Merged with processing_generated:u_proc|out_ipv4opt_options_s2[237] ;
; processing_generated:u_proc|out_tcp_ackNum_s2[14]                   ; Merged with processing_generated:u_proc|out_ipv4opt_options_s2[238] ;
; processing_generated:u_proc|out_tcpopt_options_s2[238]              ; Merged with processing_generated:u_proc|out_ipv4opt_options_s2[238] ;
; processing_generated:u_proc|out_tcp_ackNum_s2[15]                   ; Merged with processing_generated:u_proc|out_ipv4opt_options_s2[239] ;
; processing_generated:u_proc|out_tcpopt_options_s2[239]              ; Merged with processing_generated:u_proc|out_ipv4opt_options_s2[239] ;
; tx_out_byte[0]                                                      ; Stuck at GND due to stuck port data_in                              ;
; slot_in_valid_new_vlan~0                                            ; Stuck at GND due to stuck port data_in                              ;
; slot_in_valid_new_vlan~1                                            ; Stuck at GND due to stuck port data_in                              ;
; slot_in_valid_new_vlan~2                                            ; Stuck at GND due to stuck port data_in                              ;
; slot_in_valid_new_vlan~3                                            ; Stuck at GND due to stuck port data_in                              ;
; slot_phv_eth_valid~1                                                ; Stuck at VCC due to stuck port data_in                              ;
; slot_phv_eth_valid~2                                                ; Stuck at VCC due to stuck port data_in                              ;
; slot_phv_eth_valid~0                                                ; Stuck at VCC due to stuck port data_in                              ;
; slot_phv_eth_valid~3                                                ; Stuck at VCC due to stuck port data_in                              ;
; slot_in_valid_eth~2                                                 ; Stuck at VCC due to stuck port data_in                              ;
; slot_in_valid_eth~1                                                 ; Stuck at VCC due to stuck port data_in                              ;
; slot_in_valid_eth~0                                                 ; Stuck at VCC due to stuck port data_in                              ;
; slot_in_valid_eth~3                                                 ; Stuck at VCC due to stuck port data_in                              ;
; slot_hdr_delta~16                                                   ; Stuck at GND due to stuck port data_in                              ;
; slot_hdr_delta~8                                                    ; Stuck at GND due to stuck port data_in                              ;
; slot_hdr_delta~0                                                    ; Stuck at GND due to stuck port data_in                              ;
; slot_hdr_delta~24                                                   ; Stuck at GND due to stuck port data_in                              ;
; Total Number of Removed Registers = 1350                            ;                                                                     ;
+---------------------------------------------------------------------+---------------------------------------------------------------------+


+-----------------------------------------------------------------------------------------------------------------------------------------------------------------------+
; Removed Registers Triggering Further Register Optimizations                                                                                                           ;
+------------------------------------------------------+---------------------------+------------------------------------------------------------------------------------+
; Register name                                        ; Reason for Removal        ; Registers Removed due to This Register                                             ;
+------------------------------------------------------+---------------------------+------------------------------------------------------------------------------------+
; processing_generated:u_proc|drop_s1                  ; Stuck at GND              ; processing_generated:u_proc|drop_s2, pkt_beat_buf:g_pfifo[3].u_pbuf|o1[288],       ;
;                                                      ; due to stuck port data_in ; pkt_beat_buf:g_pfifo[3].u_pbuf|mem_q[288], pkt_beat_buf:g_pfifo[2].u_pbuf|o1[288], ;
;                                                      ;                           ; pkt_beat_buf:g_pfifo[2].u_pbuf|o0[288], pkt_beat_buf:g_pfifo[2].u_pbuf|mem_q[288], ;
;                                                      ;                           ; pkt_beat_buf:g_pfifo[1].u_pbuf|o1[288], pkt_beat_buf:g_pfifo[1].u_pbuf|o0[288],    ;
;                                                      ;                           ; pkt_beat_buf:g_pfifo[1].u_pbuf|mem_q[288], pkt_beat_buf:g_pfifo[0].u_pbuf|o1[288], ;
;                                                      ;                           ; pkt_beat_buf:g_pfifo[0].u_pbuf|o0[288], pkt_beat_buf:g_pfifo[0].u_pbuf|mem_q[288], ;
;                                                      ;                           ; tx_out_byte[0]                                                                     ;
; slot_in_valid_eth~2                                  ; Stuck at VCC              ; slot_hdr_delta~16, slot_hdr_delta~8, slot_hdr_delta~0, slot_hdr_delta~24           ;
;                                                      ; due to stuck port data_in ;                                                                                    ;
; processing_generated:u_proc|out_new_vlan_tpid_s1[12] ; Stuck at GND              ; processing_generated:u_proc|out_new_vlan_tpid_s2[12]                               ;
;                                                      ; due to stuck port data_in ;                                                                                    ;
; processing_generated:u_proc|out_new_vlan_tpid_s1[13] ; Stuck at GND              ; processing_generated:u_proc|out_new_vlan_tpid_s2[13]                               ;
;                                                      ; due to stuck port data_in ;                                                                                    ;
; processing_generated:u_proc|out_new_vlan_tpid_s1[11] ; Stuck at GND              ; processing_generated:u_proc|out_new_vlan_tpid_s2[11]                               ;
;                                                      ; due to stuck port data_in ;                                                                                    ;
; processing_generated:u_proc|out_new_vlan_tpid_s1[10] ; Stuck at GND              ; processing_generated:u_proc|out_new_vlan_tpid_s2[10]                               ;
;                                                      ; due to stuck port data_in ;                                                                                    ;
; processing_generated:u_proc|out_new_vlan_tpid_s1[9]  ; Stuck at GND              ; processing_generated:u_proc|out_new_vlan_tpid_s2[9]                                ;
;                                                      ; due to stuck port data_in ;                                                                                    ;
; processing_generated:u_proc|out_new_vlan_tpid_s1[8]  ; Stuck at GND              ; processing_generated:u_proc|out_new_vlan_tpid_s2[8]                                ;
;                                                      ; due to stuck port data_in ;                                                                                    ;
; processing_generated:u_proc|out_new_vlan_tpid_s1[7]  ; Stuck at GND              ; processing_generated:u_proc|out_new_vlan_tpid_s2[7]                                ;
;                                                      ; due to stuck port data_in ;                                                                                    ;
; processing_generated:u_proc|out_new_vlan_tpid_s1[6]  ; Stuck at GND              ; processing_generated:u_proc|out_new_vlan_tpid_s2[6]                                ;
;                                                      ; due to stuck port data_in ;                                                                                    ;
; processing_generated:u_proc|out_new_vlan_tpid_s1[5]  ; Stuck at GND              ; processing_generated:u_proc|out_new_vlan_tpid_s2[5]                                ;
;                                                      ; due to stuck port data_in ;                                                                                    ;
; processing_generated:u_proc|out_new_vlan_tpid_s1[4]  ; Stuck at GND              ; processing_generated:u_proc|out_new_vlan_tpid_s2[4]                                ;
;                                                      ; due to stuck port data_in ;                                                                                    ;
; processing_generated:u_proc|out_new_vlan_tpid_s1[3]  ; Stuck at GND              ; processing_generated:u_proc|out_new_vlan_tpid_s2[3]                                ;
;                                                      ; due to stuck port data_in ;                                                                                    ;
; processing_generated:u_proc|out_new_vlan_tpid_s1[2]  ; Stuck at GND              ; processing_generated:u_proc|out_new_vlan_tpid_s2[2]                                ;
;                                                      ; due to stuck port data_in ;                                                                                    ;
; processing_generated:u_proc|out_new_vlan_tpid_s1[1]  ; Stuck at GND              ; processing_generated:u_proc|out_new_vlan_tpid_s2[1]                                ;
;                                                      ; due to stuck port data_in ;                                                                                    ;
; processing_generated:u_proc|out_new_vlan_tpid_s1[0]  ; Stuck at GND              ; processing_generated:u_proc|out_new_vlan_tpid_s2[0]                                ;
;                                                      ; due to stuck port data_in ;                                                                                    ;
; processing_generated:u_proc|out_new_vlan_valid_s1    ; Stuck at GND              ; processing_generated:u_proc|out_new_vlan_valid_s2                                  ;
;                                                      ; due to stuck port data_in ;                                                                                    ;
; processing_generated:u_proc|out_eth_valid_s1         ; Stuck at VCC              ; processing_generated:u_proc|out_eth_valid_s2                                       ;
;                                                      ; due to stuck port data_in ;                                                                                    ;
; processing_generated:u_proc|hit_s1[0]                ; Stuck at GND              ; processing_generated:u_proc|hit_s2[0]                                              ;
;                                                      ; due to stuck port data_in ;                                                                                    ;
; processing_generated:u_proc|out_new_vlan_vid_s1[6]   ; Stuck at GND              ; processing_generated:u_proc|out_new_vlan_vid_s2[6]                                 ;
;                                                      ; due to stuck port data_in ;                                                                                    ;
; processing_generated:u_proc|out_new_vlan_pcp_s1[1]   ; Stuck at GND              ; processing_generated:u_proc|out_new_vlan_pcp_s2[1]                                 ;
;                                                      ; due to stuck port data_in ;                                                                                    ;
; processing_generated:u_proc|out_new_vlan_pcp_s1[0]   ; Stuck at GND              ; processing_generated:u_proc|out_new_vlan_pcp_s2[0]                                 ;
;                                                      ; due to stuck port data_in ;                                                                                    ;
; processing_generated:u_proc|out_new_vlan_cfi_s1[0]   ; Stuck at GND              ; processing_generated:u_proc|out_new_vlan_cfi_s2[0]                                 ;
;                                                      ; due to stuck port data_in ;                                                                                    ;
; processing_generated:u_proc|out_new_vlan_vid_s1[11]  ; Stuck at GND              ; processing_generated:u_proc|out_new_vlan_vid_s2[11]                                ;
;                                                      ; due to stuck port data_in ;                                                                                    ;
; processing_generated:u_proc|out_new_vlan_vid_s1[10]  ; Stuck at GND              ; processing_generated:u_proc|out_new_vlan_vid_s2[10]                                ;
;                                                      ; due to stuck port data_in ;                                                                                    ;
; processing_generated:u_proc|out_new_vlan_vid_s1[9]   ; Stuck at GND              ; processing_generated:u_proc|out_new_vlan_vid_s2[9]                                 ;
;                                                      ; due to stuck port data_in ;                                                                                    ;
; processing_generated:u_proc|out_new_vlan_vid_s1[8]   ; Stuck at GND              ; processing_generated:u_proc|out_new_vlan_vid_s2[8]                                 ;
;                                                      ; due to stuck port data_in ;                                                                                    ;
; processing_generated:u_proc|out_new_vlan_vid_s1[7]   ; Stuck at GND              ; processing_generated:u_proc|out_new_vlan_vid_s2[7]                                 ;
;                                                      ; due to stuck port data_in ;                                                                                    ;
; processing_generated:u_proc|out_new_vlan_pcp_s1[2]   ; Stuck at GND              ; processing_generated:u_proc|out_new_vlan_pcp_s2[2]                                 ;
;                                                      ; due to stuck port data_in ;                                                                                    ;
; processing_generated:u_proc|out_new_vlan_vid_s1[5]   ; Stuck at GND              ; processing_generated:u_proc|out_new_vlan_vid_s2[5]                                 ;
;                                                      ; due to stuck port data_in ;                                                                                    ;
; processing_generated:u_proc|out_new_vlan_vid_s1[4]   ; Stuck at GND              ; processing_generated:u_proc|out_new_vlan_vid_s2[4]                                 ;
;                                                      ; due to stuck port data_in ;                                                                                    ;
; processing_generated:u_proc|out_new_vlan_vid_s1[3]   ; Stuck at GND              ; processing_generated:u_proc|out_new_vlan_vid_s2[3]                                 ;
;                                                      ; due to stuck port data_in ;                                                                                    ;
; processing_generated:u_proc|out_new_vlan_vid_s1[2]   ; Stuck at GND              ; processing_generated:u_proc|out_new_vlan_vid_s2[2]                                 ;
;                                                      ; due to stuck port data_in ;                                                                                    ;
; processing_generated:u_proc|out_new_vlan_vid_s1[1]   ; Stuck at GND              ; processing_generated:u_proc|out_new_vlan_vid_s2[1]                                 ;
;                                                      ; due to stuck port data_in ;                                                                                    ;
; processing_generated:u_proc|out_new_vlan_vid_s1[0]   ; Stuck at GND              ; processing_generated:u_proc|out_new_vlan_vid_s2[0]                                 ;
;                                                      ; due to stuck port data_in ;                                                                                    ;
; processing_generated:u_proc|out_new_vlan_tpid_s1[15] ; Stuck at GND              ; processing_generated:u_proc|out_new_vlan_tpid_s2[15]                               ;
;                                                      ; due to stuck port data_in ;                                                                                    ;
; processing_generated:u_proc|out_new_vlan_tpid_s1[14] ; Stuck at GND              ; processing_generated:u_proc|out_new_vlan_tpid_s2[14]                               ;
;                                                      ; due to stuck port data_in ;                                                                                    ;
+------------------------------------------------------+---------------------------+------------------------------------------------------------------------------------+


+------------------------------------------------------+
; General Register Statistics                          ;
+----------------------------------------------+-------+
; Statistic                                    ; Value ;
+----------------------------------------------+-------+
; Total registers                              ; 22247 ;
; Number of registers using Synchronous Clear  ; 255   ;
; Number of registers using Synchronous Load   ; 312   ;
; Number of registers using Asynchronous Clear ; 0     ;
; Number of registers using Asynchronous Load  ; 0     ;
; Number of registers using Clock Enable       ; 13877 ;
; Number of registers using Preset             ; 0     ;
+----------------------------------------------+-------+


+-----------------------------------------------------------+
; Inverted Register Statistics                              ;
+-------------------------------------------------+---------+
; Inverted Register                               ; Fan out ;
+-------------------------------------------------+---------+
; ByteCounter_counter:u_ByteCounter|byte_clearing ; 223     ;
; Total number of inverted registers = 1          ;         ;
+-------------------------------------------------+---------+


+-----------------------------------------------------------------------------------------------------------------------------------------------------------------------------------------+
; Registers Packed Into Inferred Megafunctions                                                                                                                                            ;
+------------------------------------------------------------------------------------------+---------------------------------------------------------------------------------------+------+
; Register Name                                                                            ; Megafunction                                                                          ; Type ;
+------------------------------------------------------------------------------------------+---------------------------------------------------------------------------------------+------+
; pkt_beat_buf:g_pfifo[0].u_pbuf|mem_q[0..255]                                             ; pkt_beat_buf:g_pfifo[0].u_pbuf|mem_rtl_0                                              ; RAM  ;
; pkt_beat_buf:g_pfifo[1].u_pbuf|mem_q[0..255]                                             ; pkt_beat_buf:g_pfifo[1].u_pbuf|mem_rtl_0                                              ; RAM  ;
; pkt_beat_buf:g_pfifo[2].u_pbuf|mem_q[0..255]                                             ; pkt_beat_buf:g_pfifo[2].u_pbuf|mem_rtl_0                                              ; RAM  ;
; pkt_beat_buf:g_pfifo[3].u_pbuf|mem_q[0..255]                                             ; pkt_beat_buf:g_pfifo[3].u_pbuf|mem_rtl_0                                              ; RAM  ;
; processing_generated:u_proc|FiveTuple_table:u_FiveTuple|q_rd_action[0]                   ; processing_generated:u_proc|FiveTuple_table:u_FiveTuple|mem_action_rtl_0              ; RAM  ;
; processing_generated:u_proc|FiveTuple_table:u_FiveTuple|action_id_r[0]                   ; processing_generated:u_proc|FiveTuple_table:u_FiveTuple|mem_action_rtl_0              ; RAM  ;
; processing_generated:u_proc|FiveTuple_table:u_FiveTuple|q_rd_key_src[0..31]              ; processing_generated:u_proc|FiveTuple_table:u_FiveTuple|mem_key_src_rtl_0             ; RAM  ;
; processing_generated:u_proc|FiveTuple_table:u_FiveTuple|mem_key_r_src[0..31]             ; processing_generated:u_proc|FiveTuple_table:u_FiveTuple|mem_key_src_rtl_0             ; RAM  ;
; processing_generated:u_proc|FiveTuple_table:u_FiveTuple|q_rd_key_dst[0..31]              ; processing_generated:u_proc|FiveTuple_table:u_FiveTuple|mem_key_dst_rtl_0             ; RAM  ;
; processing_generated:u_proc|FiveTuple_table:u_FiveTuple|mem_key_r_dst[0..31]             ; processing_generated:u_proc|FiveTuple_table:u_FiveTuple|mem_key_dst_rtl_0             ; RAM  ;
; processing_generated:u_proc|FiveTuple_table:u_FiveTuple|q_rd_key_protocol[0..7]          ; processing_generated:u_proc|FiveTuple_table:u_FiveTuple|mem_key_protocol_rtl_0        ; RAM  ;
; processing_generated:u_proc|FiveTuple_table:u_FiveTuple|mem_key_r_protocol[0..7]         ; processing_generated:u_proc|FiveTuple_table:u_FiveTuple|mem_key_protocol_rtl_0        ; RAM  ;
; processing_generated:u_proc|FiveTuple_table:u_FiveTuple|q_rd_key_table_key_sport[0..15]  ; processing_generated:u_proc|FiveTuple_table:u_FiveTuple|mem_key_table_key_sport_rtl_0 ; RAM  ;
; processing_generated:u_proc|FiveTuple_table:u_FiveTuple|mem_key_r_table_key_sport[0..15] ; processing_generated:u_proc|FiveTuple_table:u_FiveTuple|mem_key_table_key_sport_rtl_0 ; RAM  ;
; processing_generated:u_proc|FiveTuple_table:u_FiveTuple|q_rd_key_table_key_dport[0..15]  ; processing_generated:u_proc|FiveTuple_table:u_FiveTuple|mem_key_table_key_dport_rtl_0 ; RAM  ;
; processing_generated:u_proc|FiveTuple_table:u_FiveTuple|mem_key_r_table_key_dport[0..15] ; processing_generated:u_proc|FiveTuple_table:u_FiveTuple|mem_key_table_key_dport_rtl_0 ; RAM  ;
; processing_generated:u_proc|FiveTuple_table:u_FiveTuple|q_rd_valid                       ; processing_generated:u_proc|FiveTuple_table:u_FiveTuple|mem_valid_rtl_0               ; RAM  ;
; processing_generated:u_proc|FiveTuple_table:u_FiveTuple|q_rd_p_counter_index[0..12]      ; processing_generated:u_proc|FiveTuple_table:u_FiveTuple|mem_p_counter_index_rtl_0     ; RAM  ;
; processing_generated:u_proc|FiveTuple_table:u_FiveTuple|p_r_counter_index[0..12]         ; processing_generated:u_proc|FiveTuple_table:u_FiveTuple|mem_p_counter_index_rtl_0     ; RAM  ;
; processing_generated:u_proc|FiveTuple_table:u_FiveTuple|q_rd_p_pcp[0..2]                 ; processing_generated:u_proc|FiveTuple_table:u_FiveTuple|mem_p_pcp_rtl_0               ; RAM  ;
; processing_generated:u_proc|FiveTuple_table:u_FiveTuple|p_r_pcp[0..2]                    ; processing_generated:u_proc|FiveTuple_table:u_FiveTuple|mem_p_pcp_rtl_0               ; RAM  ;
; processing_generated:u_proc|FiveTuple_table:u_FiveTuple|q_rd_p_cfi[0]                    ; processing_generated:u_proc|FiveTuple_table:u_FiveTuple|mem_p_cfi_rtl_0               ; RAM  ;
; processing_generated:u_proc|FiveTuple_table:u_FiveTuple|p_r_cfi[0]                       ; processing_generated:u_proc|FiveTuple_table:u_FiveTuple|mem_p_cfi_rtl_0               ; RAM  ;
; processing_generated:u_proc|FiveTuple_table:u_FiveTuple|q_rd_p_vid[0..11]                ; processing_generated:u_proc|FiveTuple_table:u_FiveTuple|mem_p_vid_rtl_0               ; RAM  ;
; processing_generated:u_proc|FiveTuple_table:u_FiveTuple|p_r_vid[0..11]                   ; processing_generated:u_proc|FiveTuple_table:u_FiveTuple|mem_p_vid_rtl_0               ; RAM  ;
; PacketCounter_counter:u_PacketCounter|q_rd_pkt[0..63]                                    ; PacketCounter_counter:u_PacketCounter|pkt_mem_rtl_0                                   ; RAM  ;
; PacketCounter_counter:u_PacketCounter|pkt_mem_q[0..63]                                   ; PacketCounter_counter:u_PacketCounter|pkt_mem_rtl_0                                   ; RAM  ;
; ByteCounter_counter:u_ByteCounter|q_rd_byte[0..63]                                       ; ByteCounter_counter:u_ByteCounter|byte_mem_rtl_0                                      ; RAM  ;
; ByteCounter_counter:u_ByteCounter|byte_mem_q[0..63]                                      ; ByteCounter_counter:u_ByteCounter|byte_mem_rtl_0                                      ; RAM  ;
+------------------------------------------------------------------------------------------+---------------------------------------------------------------------------------------+------+


+-------------------------------------------------------------------------------------------------------------------------------------------------------------+
; Registers Added for RAM Pass-Through Logic                                                                                                                  ;
+-----------------------------------------------------------------------------------+-------------------------------------------------------------------------+
; Register Name                                                                     ; RAM Name                                                                ;
+-----------------------------------------------------------------------------------+-------------------------------------------------------------------------+
; processing_generated:u_proc|FiveTuple_table:u_FiveTuple|mem_valid_rtl_0_bypass[0] ; processing_generated:u_proc|FiveTuple_table:u_FiveTuple|mem_valid_rtl_0 ;
; processing_generated:u_proc|FiveTuple_table:u_FiveTuple|mem_valid_rtl_0_bypass[1] ; processing_generated:u_proc|FiveTuple_table:u_FiveTuple|mem_valid_rtl_0 ;
+-----------------------------------------------------------------------------------+-------------------------------------------------------------------------+


+--------------------------------------------------------------------------------------------------------------------------------------------------------------------------------------------------------------+
; Multiplexer Restructuring Statistics (Restructuring Performed)                                                                                                                                               ;
+--------------------+-----------+---------------+----------------------+------------------------+------------+------------------------------------------------------------------------------------------------+
; Multiplexer Inputs ; Bus Width ; Baseline Area ; Area if Restructured ; Saving if Restructured ; Registered ; Example Multiplexer Output                                                                     ;
+--------------------+-----------+---------------+----------------------+------------------------+------------+------------------------------------------------------------------------------------------------+
; 4:1                ; 16 bits   ; 32 LEs        ; 32 LEs               ; 0 LEs                  ; Yes        ; |fiveTuple_top|ByteCounter_counter:u_ByteCounter|byte_a_len[7]                                 ;
; 3:1                ; 3 bits    ; 6 LEs         ; 3 LEs                ; 3 LEs                  ; Yes        ; |fiveTuple_top|rel_ptr[2]                                                                      ;
; 3:1                ; 3 bits    ; 6 LEs         ; 3 LEs                ; 3 LEs                  ; Yes        ; |fiveTuple_top|wr_ptr[2]                                                                       ;
; 3:1                ; 33 bits   ; 66 LEs        ; 33 LEs               ; 33 LEs                 ; Yes        ; |fiveTuple_top|tx_out_keep[8]                                                                  ;
; 3:1                ; 3 bits    ; 6 LEs         ; 3 LEs                ; 3 LEs                  ; Yes        ; |fiveTuple_top|txq_rd[0]                                                                       ;
; 3:1                ; 256 bits  ; 512 LEs       ; 256 LEs              ; 256 LEs                ; Yes        ; |fiveTuple_top|pl_prev[42]                                                                     ;
; 3:1                ; 256 bits  ; 512 LEs       ; 256 LEs              ; 256 LEs                ; Yes        ; |fiveTuple_top|pkt_beat_buf:g_pfifo[0].u_pbuf|o0[100]                                          ;
; 3:1                ; 256 bits  ; 512 LEs       ; 256 LEs              ; 256 LEs                ; Yes        ; |fiveTuple_top|pkt_beat_buf:g_pfifo[1].u_pbuf|o0[25]                                           ;
; 3:1                ; 256 bits  ; 512 LEs       ; 256 LEs              ; 256 LEs                ; Yes        ; |fiveTuple_top|pkt_beat_buf:g_pfifo[2].u_pbuf|o0[83]                                           ;
; 3:1                ; 256 bits  ; 512 LEs       ; 256 LEs              ; 256 LEs                ; Yes        ; |fiveTuple_top|pkt_beat_buf:g_pfifo[3].u_pbuf|o0[189]                                          ;
; 4:1                ; 8 bits    ; 16 LEs        ; 16 LEs               ; 0 LEs                  ; Yes        ; |fiveTuple_top|processing_generated:u_proc|out_ipv4opt_options_s1[62]                          ;
; 3:1                ; 3 bits    ; 6 LEs         ; 3 LEs                ; 3 LEs                  ; Yes        ; |fiveTuple_top|iss_ptr[0]                                                                      ;
; 4:1                ; 8 bits    ; 16 LEs        ; 16 LEs               ; 0 LEs                  ; Yes        ; |fiveTuple_top|processing_generated:u_proc|out_ipv4opt_options_s1[54]                          ;
; 4:1                ; 4 bits    ; 8 LEs         ; 4 LEs                ; 4 LEs                  ; Yes        ; |fiveTuple_top|r_FiveTuple_cp_query_en                                                         ;
; 4:1                ; 9 bits    ; 18 LEs        ; 9 LEs                ; 9 LEs                  ; Yes        ; |fiveTuple_top|pkt_beat_buf:g_pfifo[3].u_pbuf|wr_ptr[4]                                        ;
; 4:1                ; 9 bits    ; 18 LEs        ; 9 LEs                ; 9 LEs                  ; Yes        ; |fiveTuple_top|pkt_beat_buf:g_pfifo[2].u_pbuf|wr_ptr[5]                                        ;
; 4:1                ; 9 bits    ; 18 LEs        ; 9 LEs                ; 9 LEs                  ; Yes        ; |fiveTuple_top|pkt_beat_buf:g_pfifo[1].u_pbuf|wr_ptr[7]                                        ;
; 4:1                ; 9 bits    ; 18 LEs        ; 9 LEs                ; 9 LEs                  ; Yes        ; |fiveTuple_top|pkt_beat_buf:g_pfifo[0].u_pbuf|wr_ptr[3]                                        ;
; 4:1                ; 11 bits   ; 22 LEs        ; 11 LEs               ; 11 LEs                 ; Yes        ; |fiveTuple_top|tx_out_byte[5]                                                                  ;
; 4:1                ; 24 bits   ; 48 LEs        ; 48 LEs               ; 0 LEs                  ; Yes        ; |fiveTuple_top|processing_generated:u_proc|out_ipv4opt_options_s1[251]                         ;
; 4:1                ; 24 bits   ; 48 LEs        ; 48 LEs               ; 0 LEs                  ; Yes        ; |fiveTuple_top|processing_generated:u_proc|out_ipv4opt_options_s1[24]                          ;
; 4:1                ; 16 bits   ; 32 LEs        ; 16 LEs               ; 16 LEs                 ; Yes        ; |fiveTuple_top|slot_byte_len[0][8]                                                             ;
; 4:1                ; 16 bits   ; 32 LEs        ; 16 LEs               ; 16 LEs                 ; Yes        ; |fiveTuple_top|slot_byte_len[1][15]                                                            ;
; 4:1                ; 16 bits   ; 32 LEs        ; 16 LEs               ; 16 LEs                 ; Yes        ; |fiveTuple_top|slot_byte_len[2][2]                                                             ;
; 4:1                ; 16 bits   ; 32 LEs        ; 16 LEs               ; 16 LEs                 ; Yes        ; |fiveTuple_top|slot_byte_len[3][0]                                                             ;
; 4:1                ; 30 bits   ; 60 LEs        ; 30 LEs               ; 30 LEs                 ; Yes        ; |fiveTuple_top|processing_generated:u_proc|FiveTuple_table:u_FiveTuple|q_p_counter_index_r[11] ;
; 8:1                ; 8 bits    ; 40 LEs        ; 40 LEs               ; 0 LEs                  ; Yes        ; |fiveTuple_top|processing_generated:u_proc|out_ipv4opt_options_s1[182]                         ;
; 4:1                ; 9 bits    ; 18 LEs        ; 9 LEs                ; 9 LEs                  ; Yes        ; |fiveTuple_top|pkt_beat_buf:g_pfifo[3].u_pbuf|rd_ptr[6]                                        ;
; 4:1                ; 9 bits    ; 18 LEs        ; 9 LEs                ; 9 LEs                  ; Yes        ; |fiveTuple_top|pkt_beat_buf:g_pfifo[2].u_pbuf|rd_ptr[2]                                        ;
; 4:1                ; 9 bits    ; 18 LEs        ; 9 LEs                ; 9 LEs                  ; Yes        ; |fiveTuple_top|pkt_beat_buf:g_pfifo[1].u_pbuf|rd_ptr[0]                                        ;
; 4:1                ; 9 bits    ; 18 LEs        ; 9 LEs                ; 9 LEs                  ; Yes        ; |fiveTuple_top|pkt_beat_buf:g_pfifo[0].u_pbuf|rd_ptr[0]                                        ;
; 5:1                ; 9 bits    ; 27 LEs        ; 9 LEs                ; 18 LEs                 ; Yes        ; |fiveTuple_top|slot_beat_cnt[3][6]                                                             ;
; 5:1                ; 9 bits    ; 27 LEs        ; 9 LEs                ; 18 LEs                 ; Yes        ; |fiveTuple_top|slot_beat_cnt[2][6]                                                             ;
; 5:1                ; 9 bits    ; 27 LEs        ; 9 LEs                ; 18 LEs                 ; Yes        ; |fiveTuple_top|slot_beat_cnt[1][4]                                                             ;
; 5:1                ; 9 bits    ; 27 LEs        ; 9 LEs                ; 18 LEs                 ; Yes        ; |fiveTuple_top|slot_beat_cnt[0][4]                                                             ;
; 5:1                ; 8 bits    ; 24 LEs        ; 24 LEs               ; 0 LEs                  ; Yes        ; |fiveTuple_top|processing_generated:u_proc|out_ipv4opt_options_s1[275]                         ;
; 5:1                ; 8 bits    ; 24 LEs        ; 24 LEs               ; 0 LEs                  ; Yes        ; |fiveTuple_top|processing_generated:u_proc|out_ipv4opt_options_s1[17]                          ;
; 16:1               ; 8 bits    ; 80 LEs        ; 80 LEs               ; 0 LEs                  ; Yes        ; |fiveTuple_top|processing_generated:u_proc|out_ipv4opt_options_s1[242]                         ;
; 16:1               ; 8 bits    ; 80 LEs        ; 80 LEs               ; 0 LEs                  ; Yes        ; |fiveTuple_top|processing_generated:u_proc|out_ipv4opt_options_s1[119]                         ;
; 5:1                ; 19 bits   ; 57 LEs        ; 57 LEs               ; 0 LEs                  ; Yes        ; |fiveTuple_top|r_rdata[30]                                                                     ;
; 6:1                ; 16 bits   ; 64 LEs        ; 64 LEs               ; 0 LEs                  ; Yes        ; |fiveTuple_top|processing_generated:u_proc|out_ipv4opt_options_s1[1]                           ;
; 8:1                ; 8 bits    ; 40 LEs        ; 40 LEs               ; 0 LEs                  ; Yes        ; |fiveTuple_top|processing_generated:u_proc|out_ipv4opt_options_s1[187]                         ;
; 7:1                ; 9 bits    ; 36 LEs        ; 36 LEs               ; 0 LEs                  ; Yes        ; |fiveTuple_top|r_rdata[6]                                                                      ;
; 30:1               ; 8 bits    ; 160 LEs       ; 64 LEs               ; 96 LEs                 ; Yes        ; |fiveTuple_top|tx_out_data[246]                                                                ;
; 30:1               ; 8 bits    ; 160 LEs       ; 64 LEs               ; 96 LEs                 ; Yes        ; |fiveTuple_top|tx_out_data[251]                                                                ;
; 32:1               ; 8 bits    ; 168 LEs       ; 80 LEs               ; 88 LEs                 ; Yes        ; |fiveTuple_top|tx_out_data[227]                                                                ;
; 38:1               ; 8 bits    ; 200 LEs       ; 112 LEs              ; 88 LEs                 ; Yes        ; |fiveTuple_top|tx_out_data[234]                                                                ;
; 38:1               ; 8 bits    ; 200 LEs       ; 104 LEs              ; 96 LEs                 ; Yes        ; |fiveTuple_top|tx_out_data[19]                                                                 ;
; 38:1               ; 8 bits    ; 200 LEs       ; 104 LEs              ; 96 LEs                 ; Yes        ; |fiveTuple_top|tx_out_data[31]                                                                 ;
; 35:1               ; 8 bits    ; 184 LEs       ; 88 LEs               ; 96 LEs                 ; Yes        ; |fiveTuple_top|tx_out_data[165]                                                                ;
; 35:1               ; 8 bits    ; 184 LEs       ; 88 LEs               ; 96 LEs                 ; Yes        ; |fiveTuple_top|tx_out_data[176]                                                                ;
; 35:1               ; 8 bits    ; 184 LEs       ; 88 LEs               ; 96 LEs                 ; Yes        ; |fiveTuple_top|tx_out_data[191]                                                                ;
; 36:1               ; 8 bits    ; 192 LEs       ; 88 LEs               ; 104 LEs                ; Yes        ; |fiveTuple_top|tx_out_data[34]                                                                 ;
; 36:1               ; 8 bits    ; 192 LEs       ; 88 LEs               ; 104 LEs                ; Yes        ; |fiveTuple_top|tx_out_data[49]                                                                 ;
; 36:1               ; 8 bits    ; 192 LEs       ; 88 LEs               ; 104 LEs                ; Yes        ; |fiveTuple_top|tx_out_data[57]                                                                 ;
; 36:1               ; 8 bits    ; 192 LEs       ; 88 LEs               ; 104 LEs                ; Yes        ; |fiveTuple_top|tx_out_data[102]                                                                ;
; 37:1               ; 8 bits    ; 192 LEs       ; 96 LEs               ; 96 LEs                 ; Yes        ; |fiveTuple_top|tx_out_data[148]                                                                ;
; 37:1               ; 8 bits    ; 192 LEs       ; 96 LEs               ; 96 LEs                 ; Yes        ; |fiveTuple_top|tx_out_data[152]                                                                ;
; 37:1               ; 8 bits    ; 192 LEs       ; 96 LEs               ; 96 LEs                 ; Yes        ; |fiveTuple_top|tx_out_data[213]                                                                ;
; 37:1               ; 8 bits    ; 192 LEs       ; 96 LEs               ; 96 LEs                 ; Yes        ; |fiveTuple_top|tx_out_data[223]                                                                ;
; 42:1               ; 8 bits    ; 224 LEs       ; 128 LEs              ; 96 LEs                 ; Yes        ; |fiveTuple_top|tx_out_data[0]                                                                  ;
; 42:1               ; 8 bits    ; 224 LEs       ; 128 LEs              ; 96 LEs                 ; Yes        ; |fiveTuple_top|tx_out_data[13]                                                                 ;
; 38:1               ; 8 bits    ; 200 LEs       ; 96 LEs               ; 104 LEs                ; Yes        ; |fiveTuple_top|tx_out_data[83]                                                                 ;
; 38:1               ; 8 bits    ; 200 LEs       ; 96 LEs               ; 104 LEs                ; Yes        ; |fiveTuple_top|tx_out_data[93]                                                                 ;
; 41:1               ; 8 bits    ; 216 LEs       ; 120 LEs              ; 96 LEs                 ; Yes        ; |fiveTuple_top|tx_out_data[170]                                                                ;
; 41:1               ; 8 bits    ; 216 LEs       ; 120 LEs              ; 96 LEs                 ; Yes        ; |fiveTuple_top|tx_out_data[193]                                                                ;
; 38:1               ; 8 bits    ; 200 LEs       ; 104 LEs              ; 96 LEs                 ; Yes        ; |fiveTuple_top|tx_out_data[115]                                                                ;
; 38:1               ; 8 bits    ; 200 LEs       ; 104 LEs              ; 96 LEs                 ; Yes        ; |fiveTuple_top|tx_out_data[127]                                                                ;
; 42:1               ; 8 bits    ; 224 LEs       ; 120 LEs              ; 104 LEs                ; Yes        ; |fiveTuple_top|tx_out_data[41]                                                                 ;
; 42:1               ; 8 bits    ; 224 LEs       ; 120 LEs              ; 104 LEs                ; Yes        ; |fiveTuple_top|tx_out_data[68]                                                                 ;
; 42:1               ; 8 bits    ; 224 LEs       ; 120 LEs              ; 104 LEs                ; Yes        ; |fiveTuple_top|tx_out_data[104]                                                                ;
; 42:1               ; 8 bits    ; 224 LEs       ; 128 LEs              ; 96 LEs                 ; Yes        ; |fiveTuple_top|tx_out_data[138]                                                                ;
; 43:1               ; 8 bits    ; 224 LEs       ; 128 LEs              ; 96 LEs                 ; Yes        ; |fiveTuple_top|tx_out_data[206]                                                                ;
; 42:1               ; 8 bits    ; 224 LEs       ; 128 LEs              ; 96 LEs                 ; Yes        ; |fiveTuple_top|tx_out_data[129]                                                                ;
; 44:1               ; 8 bits    ; 232 LEs       ; 128 LEs              ; 104 LEs                ; Yes        ; |fiveTuple_top|tx_out_data[79]                                                                 ;
; 4:1                ; 16 bits   ; 32 LEs        ; 32 LEs               ; 0 LEs                  ; No         ; |fiveTuple_top|Mux4055                                                                         ;
; 4:1                ; 26 bits   ; 52 LEs        ; 52 LEs               ; 0 LEs                  ; No         ; |fiveTuple_top|Mux1024                                                                         ;
; 4:1                ; 363 bits  ; 726 LEs       ; 726 LEs              ; 0 LEs                  ; No         ; |fiveTuple_top|Mux3273                                                                         ;
; 4:1                ; 826 bits  ; 1652 LEs      ; 1652 LEs             ; 0 LEs                  ; No         ; |fiveTuple_top|Mux79                                                                           ;
; 4:1                ; 16 bits   ; 32 LEs        ; 32 LEs               ; 0 LEs                  ; No         ; |fiveTuple_top|Mux1773                                                                         ;
; 3:1                ; 88 bits   ; 176 LEs       ; 176 LEs              ; 0 LEs                  ; No         ; |fiveTuple_top|Mux1793                                                                         ;
; 3:1                ; 88 bits   ; 176 LEs       ; 176 LEs              ; 0 LEs                  ; No         ; |fiveTuple_top|Mux1485                                                                         ;
; 3:1                ; 26 bits   ; 52 LEs        ; 52 LEs               ; 0 LEs                  ; No         ; |fiveTuple_top|ByteCounter_counter:u_ByteCounter|byte_mem.raddr_a[12]                          ;
; 3:1                ; 32 bits   ; 64 LEs        ; 32 LEs               ; 32 LEs                 ; No         ; |fiveTuple_top|processing_generated:u_proc|table_key_dport[0]                                  ;
; 4:1                ; 64 bits   ; 128 LEs       ; 128 LEs              ; 0 LEs                  ; No         ; |fiveTuple_top|Mux3390                                                                         ;
; 4:1                ; 45 bits   ; 90 LEs        ; 45 LEs               ; 45 LEs                 ; No         ; |fiveTuple_top|processing_generated:u_proc|out_new_vlan_tpid[10]                               ;
; 5:1                ; 16 bits   ; 48 LEs        ; 48 LEs               ; 0 LEs                  ; No         ; |fiveTuple_top|Mux1786                                                                         ;
; 4:1                ; 64 bits   ; 128 LEs       ; 128 LEs              ; 0 LEs                  ; No         ; |fiveTuple_top|Mux1490                                                                         ;
; 4:1                ; 40 bits   ; 80 LEs        ; 80 LEs               ; 0 LEs                  ; No         ; |fiveTuple_top|Mux1484                                                                         ;
; 4:1                ; 40 bits   ; 80 LEs        ; 80 LEs               ; 0 LEs                  ; No         ; |fiveTuple_top|Mux1485                                                                         ;
; 5:1                ; 16 bits   ; 48 LEs        ; 48 LEs               ; 0 LEs                  ; No         ; |fiveTuple_top|Mux1779                                                                         ;
; 5:1                ; 16 bits   ; 48 LEs        ; 48 LEs               ; 0 LEs                  ; No         ; |fiveTuple_top|Mux1780                                                                         ;
; 4:1                ; 13 bits   ; 26 LEs        ; 26 LEs               ; 0 LEs                  ; No         ; |fiveTuple_top|processing_generated:u_proc|FiveTuple_table:u_FiveTuple|mem_p_vid.raddr_a[11]   ;
; 8:1                ; 96 bits   ; 480 LEs       ; 480 LEs              ; 0 LEs                  ; No         ; |fiveTuple_top|Mux1786                                                                         ;
; 6:1                ; 16 bits   ; 64 LEs        ; 64 LEs               ; 0 LEs                  ; No         ; |fiveTuple_top|Mux1794                                                                         ;
; 7:1                ; 3 bits    ; 12 LEs        ; 9 LEs                ; 3 LEs                  ; No         ; |fiveTuple_top|axil_st                                                                         ;
; 8:1                ; 16 bits   ; 80 LEs        ; 80 LEs               ; 0 LEs                  ; No         ; |fiveTuple_top|Mux1514                                                                         ;
; 10:1               ; 16 bits   ; 96 LEs        ; 96 LEs               ; 0 LEs                  ; No         ; |fiveTuple_top|hdr_out[17][7]                                                                  ;
; 10:1               ; 15 bits   ; 90 LEs        ; 90 LEs               ; 0 LEs                  ; No         ; |fiveTuple_top|hdr_out[14][2]                                                                  ;
; 6:1                ; 16 bits   ; 64 LEs        ; 64 LEs               ; 0 LEs                  ; No         ; |fiveTuple_top|hdr_out                                                                         ;
; 8:1                ; 32 bits   ; 160 LEs       ; 160 LEs              ; 0 LEs                  ; No         ; |fiveTuple_top|hdr_out                                                                         ;
; 8:1                ; 32 bits   ; 160 LEs       ; 160 LEs              ; 0 LEs                  ; No         ; |fiveTuple_top|hdr_out                                                                         ;
; 10:1               ; 32 bits   ; 192 LEs       ; 192 LEs              ; 0 LEs                  ; No         ; |fiveTuple_top|hdr_out                                                                         ;
; 8:1                ; 32 bits   ; 160 LEs       ; 160 LEs              ; 0 LEs                  ; No         ; |fiveTuple_top|hdr_out                                                                         ;
; 6:1                ; 16 bits   ; 64 LEs        ; 64 LEs               ; 0 LEs                  ; No         ; |fiveTuple_top|hdr_out                                                                         ;
; 11:1               ; 16 bits   ; 112 LEs       ; 112 LEs              ; 0 LEs                  ; No         ; |fiveTuple_top|hdr_out                                                                         ;
; 12:1               ; 16 bits   ; 128 LEs       ; 128 LEs              ; 0 LEs                  ; No         ; |fiveTuple_top|hdr_out                                                                         ;
; 15:1               ; 16 bits   ; 160 LEs       ; 160 LEs              ; 0 LEs                  ; No         ; |fiveTuple_top|hdr_out                                                                         ;
; 12:1               ; 16 bits   ; 128 LEs       ; 128 LEs              ; 0 LEs                  ; No         ; |fiveTuple_top|hdr_out                                                                         ;
; 14:1               ; 16 bits   ; 144 LEs       ; 144 LEs              ; 0 LEs                  ; No         ; |fiveTuple_top|hdr_out                                                                         ;
; 12:1               ; 16 bits   ; 128 LEs       ; 128 LEs              ; 0 LEs                  ; No         ; |fiveTuple_top|hdr_out[83][1]                                                                  ;
; 13:1               ; 16 bits   ; 128 LEs       ; 128 LEs              ; 0 LEs                  ; No         ; |fiveTuple_top|hdr_out[84][1]                                                                  ;
; 14:1               ; 16 bits   ; 144 LEs       ; 144 LEs              ; 0 LEs                  ; No         ; |fiveTuple_top|hdr_out[78][7]                                                                  ;
; 14:1               ; 16 bits   ; 144 LEs       ; 144 LEs              ; 0 LEs                  ; No         ; |fiveTuple_top|hdr_out[20][2]                                                                  ;
; 19:1               ; 16 bits   ; 192 LEs       ; 208 LEs              ; -16 LEs                ; No         ; |fiveTuple_top|hdr_out[44][5]                                                                  ;
; 17:1               ; 16 bits   ; 176 LEs       ; 192 LEs              ; -16 LEs                ; No         ; |fiveTuple_top|hdr_out[52][0]                                                                  ;
; 17:1               ; 16 bits   ; 176 LEs       ; 192 LEs              ; -16 LEs                ; No         ; |fiveTuple_top|hdr_out[41][5]                                                                  ;
; 17:1               ; 16 bits   ; 176 LEs       ; 192 LEs              ; -16 LEs                ; No         ; |fiveTuple_top|hdr_out[80][4]                                                                  ;
; 15:1               ; 16 bits   ; 160 LEs       ; 160 LEs              ; 0 LEs                  ; No         ; |fiveTuple_top|hdr_out[49][6]                                                                  ;
; 15:1               ; 16 bits   ; 160 LEs       ; 160 LEs              ; 0 LEs                  ; No         ; |fiveTuple_top|hdr_out[25][3]                                                                  ;
; 14:1               ; 15 bits   ; 135 LEs       ; 135 LEs              ; 0 LEs                  ; No         ; |fiveTuple_top|hdr_out[30][1]                                                                  ;
; 17:1               ; 15 bits   ; 165 LEs       ; 165 LEs              ; 0 LEs                  ; No         ; |fiveTuple_top|hdr_out[26][1]                                                                  ;
; 14:1               ; 15 bits   ; 135 LEs       ; 135 LEs              ; 0 LEs                  ; No         ; |fiveTuple_top|hdr_out[23][6]                                                                  ;
; 18:1               ; 16 bits   ; 192 LEs       ; 192 LEs              ; 0 LEs                  ; No         ; |fiveTuple_top|hdr_out[28][0]                                                                  ;
; 14:1               ; 15 bits   ; 135 LEs       ; 135 LEs              ; 0 LEs                  ; No         ; |fiveTuple_top|hdr_out[19][1]                                                                  ;
; 19:1               ; 16 bits   ; 192 LEs       ; 192 LEs              ; 0 LEs                  ; No         ; |fiveTuple_top|hdr_out[43][0]                                                                  ;
; 17:1               ; 16 bits   ; 176 LEs       ; 176 LEs              ; 0 LEs                  ; No         ; |fiveTuple_top|hdr_out[51][3]                                                                  ;
; 16:1               ; 16 bits   ; 160 LEs       ; 160 LEs              ; 0 LEs                  ; No         ; |fiveTuple_top|hdr_out[38][4]                                                                  ;
; 13:1               ; 16 bits   ; 128 LEs       ; 128 LEs              ; 0 LEs                  ; No         ; |fiveTuple_top|hdr_out[46][0]                                                                  ;
; 18:1               ; 16 bits   ; 192 LEs       ; 192 LEs              ; 0 LEs                  ; No         ; |fiveTuple_top|hdr_out[37][6]                                                                  ;
; 17:1               ; 16 bits   ; 176 LEs       ; 192 LEs              ; -16 LEs                ; No         ; |fiveTuple_top|hdr_out[33][2]                                                                  ;
; 18:1               ; 16 bits   ; 192 LEs       ; 192 LEs              ; 0 LEs                  ; No         ; |fiveTuple_top|hdr_out[34][3]                                                                  ;
; 23:1               ; 16 bits   ; 240 LEs       ; 256 LEs              ; -16 LEs                ; No         ; |fiveTuple_top|hdr_out[61][4]                                                                  ;
; 23:1               ; 16 bits   ; 240 LEs       ; 256 LEs              ; -16 LEs                ; No         ; |fiveTuple_top|hdr_out[77][3]                                                                  ;
; 23:1               ; 16 bits   ; 240 LEs       ; 256 LEs              ; -16 LEs                ; No         ; |fiveTuple_top|hdr_out[57][2]                                                                  ;
; 23:1               ; 16 bits   ; 240 LEs       ; 256 LEs              ; -16 LEs                ; No         ; |fiveTuple_top|hdr_out[73][4]                                                                  ;
; 21:1               ; 16 bits   ; 224 LEs       ; 224 LEs              ; 0 LEs                  ; No         ; |fiveTuple_top|hdr_out[69][3]                                                                  ;
; 21:1               ; 16 bits   ; 224 LEs       ; 224 LEs              ; 0 LEs                  ; No         ; |fiveTuple_top|hdr_out[64][1]                                                                  ;
; 23:1               ; 16 bits   ; 240 LEs       ; 240 LEs              ; 0 LEs                  ; No         ; |fiveTuple_top|hdr_out[59][1]                                                                  ;
; 23:1               ; 16 bits   ; 240 LEs       ; 240 LEs              ; 0 LEs                  ; No         ; |fiveTuple_top|hdr_out[75][0]                                                                  ;
; 22:1               ; 16 bits   ; 224 LEs       ; 224 LEs              ; 0 LEs                  ; No         ; |fiveTuple_top|hdr_out[70][1]                                                                  ;
; 22:1               ; 16 bits   ; 224 LEs       ; 224 LEs              ; 0 LEs                  ; No         ; |fiveTuple_top|hdr_out[54][0]                                                                  ;
; 21:1               ; 16 bits   ; 224 LEs       ; 224 LEs              ; 0 LEs                  ; No         ; |fiveTuple_top|hdr_out[66][6]                                                                  ;
; 19:1               ; 16 bits   ; 192 LEs       ; 192 LEs              ; 0 LEs                  ; No         ; |fiveTuple_top|hdr_out[62][1]                                                                  ;
+--------------------+-----------+---------------+----------------------+------------------------+------------+------------------------------------------------------------------------------------------------+


+-----------------------------------------------------+
; Source assignments for processing_generated:u_proc  ;
+---------------------------------+-------+------+----+
; Assignment                      ; Value ; From ; To ;
+---------------------------------+-------+------+----+
; AUTO_SHIFT_REGISTER_RECOGNITION ; OFF   ; -    ; -  ;
+---------------------------------+-------+------+----+


+-----------------------------------------------------------------------------------------------------------+
; Source assignments for pkt_beat_buf:g_pfifo[0].u_pbuf|altsyncram:mem_rtl_0|altsyncram_hvi1:auto_generated ;
+---------------------------------+--------------------+------+---------------------------------------------+
; Assignment                      ; Value              ; From ; To                                          ;
+---------------------------------+--------------------+------+---------------------------------------------+
; OPTIMIZE_POWER_DURING_SYNTHESIS ; NORMAL_COMPILATION ; -    ; -                                           ;
+---------------------------------+--------------------+------+---------------------------------------------+


+-----------------------------------------------------------------------------------------------------------+
; Source assignments for pkt_beat_buf:g_pfifo[1].u_pbuf|altsyncram:mem_rtl_0|altsyncram_hvi1:auto_generated ;
+---------------------------------+--------------------+------+---------------------------------------------+
; Assignment                      ; Value              ; From ; To                                          ;
+---------------------------------+--------------------+------+---------------------------------------------+
; OPTIMIZE_POWER_DURING_SYNTHESIS ; NORMAL_COMPILATION ; -    ; -                                           ;
+---------------------------------+--------------------+------+---------------------------------------------+


+-----------------------------------------------------------------------------------------------------------+
; Source assignments for pkt_beat_buf:g_pfifo[2].u_pbuf|altsyncram:mem_rtl_0|altsyncram_hvi1:auto_generated ;
+---------------------------------+--------------------+------+---------------------------------------------+
; Assignment                      ; Value              ; From ; To                                          ;
+---------------------------------+--------------------+------+---------------------------------------------+
; OPTIMIZE_POWER_DURING_SYNTHESIS ; NORMAL_COMPILATION ; -    ; -                                           ;
+---------------------------------+--------------------+------+---------------------------------------------+


+-----------------------------------------------------------------------------------------------------------+
; Source assignments for pkt_beat_buf:g_pfifo[3].u_pbuf|altsyncram:mem_rtl_0|altsyncram_hvi1:auto_generated ;
+---------------------------------+--------------------+------+---------------------------------------------+
; Assignment                      ; Value              ; From ; To                                          ;
+---------------------------------+--------------------+------+---------------------------------------------+
; OPTIMIZE_POWER_DURING_SYNTHESIS ; NORMAL_COMPILATION ; -    ; -                                           ;
+---------------------------------+--------------------+------+---------------------------------------------+


+-------------------------------------------------------------------------------------------------------------------------------------------+
; Source assignments for processing_generated:u_proc|FiveTuple_table:u_FiveTuple|altsyncram:mem_action_rtl_0|altsyncram_nkq1:auto_generated ;
+---------------------------------+--------------------+------+-----------------------------------------------------------------------------+
; Assignment                      ; Value              ; From ; To                                                                          ;
+---------------------------------+--------------------+------+-----------------------------------------------------------------------------+
; OPTIMIZE_POWER_DURING_SYNTHESIS ; NORMAL_COMPILATION ; -    ; -                                                                           ;
+---------------------------------+--------------------+------+-----------------------------------------------------------------------------+


+--------------------------------------------------------------------------------------------------------------------------------------------+
; Source assignments for processing_generated:u_proc|FiveTuple_table:u_FiveTuple|altsyncram:mem_key_src_rtl_0|altsyncram_vnq1:auto_generated ;
+---------------------------------+--------------------+------+------------------------------------------------------------------------------+
; Assignment                      ; Value              ; From ; To                                                                           ;
+---------------------------------+--------------------+------+------------------------------------------------------------------------------+
; OPTIMIZE_POWER_DURING_SYNTHESIS ; NORMAL_COMPILATION ; -    ; -                                                                            ;
+---------------------------------+--------------------+------+------------------------------------------------------------------------------+


+--------------------------------------------------------------------------------------------------------------------------------------------+
; Source assignments for processing_generated:u_proc|FiveTuple_table:u_FiveTuple|altsyncram:mem_key_dst_rtl_0|altsyncram_vnq1:auto_generated ;
+---------------------------------+--------------------+------+------------------------------------------------------------------------------+
; Assignment                      ; Value              ; From ; To                                                                           ;
+---------------------------------+--------------------+------+------------------------------------------------------------------------------+
; OPTIMIZE_POWER_DURING_SYNTHESIS ; NORMAL_COMPILATION ; -    ; -                                                                            ;
+---------------------------------+--------------------+------+------------------------------------------------------------------------------+


+-------------------------------------------------------------------------------------------------------------------------------------------------+
; Source assignments for processing_generated:u_proc|FiveTuple_table:u_FiveTuple|altsyncram:mem_key_protocol_rtl_0|altsyncram_5lq1:auto_generated ;
+---------------------------------+--------------------+------+-----------------------------------------------------------------------------------+
; Assignment                      ; Value              ; From ; To                                                                                ;
+---------------------------------+--------------------+------+-----------------------------------------------------------------------------------+
; OPTIMIZE_POWER_DURING_SYNTHESIS ; NORMAL_COMPILATION ; -    ; -                                                                                 ;
+---------------------------------+--------------------+------+-----------------------------------------------------------------------------------+


+--------------------------------------------------------------------------------------------------------------------------------------------------------+
; Source assignments for processing_generated:u_proc|FiveTuple_table:u_FiveTuple|altsyncram:mem_key_table_key_sport_rtl_0|altsyncram_3oq1:auto_generated ;
+---------------------------------+--------------------+------+------------------------------------------------------------------------------------------+
; Assignment                      ; Value              ; From ; To                                                                                       ;
+---------------------------------+--------------------+------+------------------------------------------------------------------------------------------+
; OPTIMIZE_POWER_DURING_SYNTHESIS ; NORMAL_COMPILATION ; -    ; -                                                                                        ;
+---------------------------------+--------------------+------+------------------------------------------------------------------------------------------+


+--------------------------------------------------------------------------------------------------------------------------------------------------------+
; Source assignments for processing_generated:u_proc|FiveTuple_table:u_FiveTuple|altsyncram:mem_key_table_key_dport_rtl_0|altsyncram_3oq1:auto_generated ;
+---------------------------------+--------------------+------+------------------------------------------------------------------------------------------+
; Assignment                      ; Value              ; From ; To                                                                                       ;
+---------------------------------+--------------------+------+------------------------------------------------------------------------------------------+
; OPTIMIZE_POWER_DURING_SYNTHESIS ; NORMAL_COMPILATION ; -    ; -                                                                                        ;
+---------------------------------+--------------------+------+------------------------------------------------------------------------------------------+


+------------------------------------------------------------------------------------------------------------------------------------------+
; Source assignments for processing_generated:u_proc|FiveTuple_table:u_FiveTuple|altsyncram:mem_valid_rtl_0|altsyncram_ajc1:auto_generated ;
+---------------------------------+--------------------+------+----------------------------------------------------------------------------+
; Assignment                      ; Value              ; From ; To                                                                         ;
+---------------------------------+--------------------+------+----------------------------------------------------------------------------+
; OPTIMIZE_POWER_DURING_SYNTHESIS ; NORMAL_COMPILATION ; -    ; -                                                                          ;
+---------------------------------+--------------------+------+----------------------------------------------------------------------------+


+----------------------------------------------------------------------------------------------------------------------------------------------------+
; Source assignments for processing_generated:u_proc|FiveTuple_table:u_FiveTuple|altsyncram:mem_p_counter_index_rtl_0|altsyncram_tnq1:auto_generated ;
+---------------------------------+--------------------+------+--------------------------------------------------------------------------------------+
; Assignment                      ; Value              ; From ; To                                                                                   ;
+---------------------------------+--------------------+------+--------------------------------------------------------------------------------------+
; OPTIMIZE_POWER_DURING_SYNTHESIS ; NORMAL_COMPILATION ; -    ; -                                                                                    ;
+---------------------------------+--------------------+------+--------------------------------------------------------------------------------------+


+------------------------------------------------------------------------------------------------------------------------------------------+
; Source assignments for processing_generated:u_proc|FiveTuple_table:u_FiveTuple|altsyncram:mem_p_pcp_rtl_0|altsyncram_rkq1:auto_generated ;
+---------------------------------+--------------------+------+----------------------------------------------------------------------------+
; Assignment                      ; Value              ; From ; To                                                                         ;
+---------------------------------+--------------------+------+----------------------------------------------------------------------------+
; OPTIMIZE_POWER_DURING_SYNTHESIS ; NORMAL_COMPILATION ; -    ; -                                                                          ;
+---------------------------------+--------------------+------+----------------------------------------------------------------------------+


+------------------------------------------------------------------------------------------------------------------------------------------+
; Source assignments for processing_generated:u_proc|FiveTuple_table:u_FiveTuple|altsyncram:mem_p_cfi_rtl_0|altsyncram_nkq1:auto_generated ;
+---------------------------------+--------------------+------+----------------------------------------------------------------------------+
; Assignment                      ; Value              ; From ; To                                                                         ;
+---------------------------------+--------------------+------+----------------------------------------------------------------------------+
; OPTIMIZE_POWER_DURING_SYNTHESIS ; NORMAL_COMPILATION ; -    ; -                                                                          ;
+---------------------------------+--------------------+------+----------------------------------------------------------------------------+


+------------------------------------------------------------------------------------------------------------------------------------------+
; Source assignments for processing_generated:u_proc|FiveTuple_table:u_FiveTuple|altsyncram:mem_p_vid_rtl_0|altsyncram_rnq1:auto_generated ;
+---------------------------------+--------------------+------+----------------------------------------------------------------------------+
; Assignment                      ; Value              ; From ; To                                                                         ;
+---------------------------------+--------------------+------+----------------------------------------------------------------------------+
; OPTIMIZE_POWER_DURING_SYNTHESIS ; NORMAL_COMPILATION ; -    ; -                                                                          ;
+---------------------------------+--------------------+------+----------------------------------------------------------------------------+


+----------------------------------------------------------------------------------------------------------------------+
; Source assignments for PacketCounter_counter:u_PacketCounter|altsyncram:pkt_mem_rtl_0|altsyncram_9oq1:auto_generated ;
+---------------------------------+--------------------+------+--------------------------------------------------------+
; Assignment                      ; Value              ; From ; To                                                     ;
+---------------------------------+--------------------+------+--------------------------------------------------------+
; OPTIMIZE_POWER_DURING_SYNTHESIS ; NORMAL_COMPILATION ; -    ; -                                                      ;
+---------------------------------+--------------------+------+--------------------------------------------------------+


+-------------------------------------------------------------------------------------------------------------------+
; Source assignments for ByteCounter_counter:u_ByteCounter|altsyncram:byte_mem_rtl_0|altsyncram_9oq1:auto_generated ;
+---------------------------------+--------------------+------+-----------------------------------------------------+
; Assignment                      ; Value              ; From ; To                                                  ;
+---------------------------------+--------------------+------+-----------------------------------------------------+
; OPTIMIZE_POWER_DURING_SYNTHESIS ; NORMAL_COMPILATION ; -    ; -                                                   ;
+---------------------------------+--------------------+------+-----------------------------------------------------+


+-------------------------------------------------------------------------------+
; Parameter Settings for User Entity Instance: Top-level Entity: |fiveTuple_top ;
+----------------+-------+------------------------------------------------------+
; Parameter Name ; Value ; Type                                                 ;
+----------------+-------+------------------------------------------------------+
; AXI_DATA_W     ; 256   ; Signed Integer                                       ;
; AXIL_ADDR_W    ; 16    ; Signed Integer                                       ;
+----------------+-------+------------------------------------------------------+
Note: In order to hide this table in the UI and the text report file, please set the "Show Parameter Settings in Synthesis Report" option in "Analysis and Synthesis Settings -> More Settings" to "Off".


+-----------------------------------------------------------------------------+
; Parameter Settings for User Entity Instance: pkt_beat_buf:g_pfifo[0].u_pbuf ;
+----------------+-------+----------------------------------------------------+
; Parameter Name ; Value ; Type                                               ;
+----------------+-------+----------------------------------------------------+
; W              ; 289   ; Signed Integer                                     ;
; DEPTH          ; 256   ; Signed Integer                                     ;
; AW             ; 8     ; Signed Integer                                     ;
+----------------+-------+----------------------------------------------------+
Note: In order to hide this table in the UI and the text report file, please set the "Show Parameter Settings in Synthesis Report" option in "Analysis and Synthesis Settings -> More Settings" to "Off".


+-----------------------------------------------------------------------------+
; Parameter Settings for User Entity Instance: pkt_beat_buf:g_pfifo[1].u_pbuf ;
+----------------+-------+----------------------------------------------------+
; Parameter Name ; Value ; Type                                               ;
+----------------+-------+----------------------------------------------------+
; W              ; 289   ; Signed Integer                                     ;
; DEPTH          ; 256   ; Signed Integer                                     ;
; AW             ; 8     ; Signed Integer                                     ;
+----------------+-------+----------------------------------------------------+
Note: In order to hide this table in the UI and the text report file, please set the "Show Parameter Settings in Synthesis Report" option in "Analysis and Synthesis Settings -> More Settings" to "Off".


+-----------------------------------------------------------------------------+
; Parameter Settings for User Entity Instance: pkt_beat_buf:g_pfifo[2].u_pbuf ;
+----------------+-------+----------------------------------------------------+
; Parameter Name ; Value ; Type                                               ;
+----------------+-------+----------------------------------------------------+
; W              ; 289   ; Signed Integer                                     ;
; DEPTH          ; 256   ; Signed Integer                                     ;
; AW             ; 8     ; Signed Integer                                     ;
+----------------+-------+----------------------------------------------------+
Note: In order to hide this table in the UI and the text report file, please set the "Show Parameter Settings in Synthesis Report" option in "Analysis and Synthesis Settings -> More Settings" to "Off".


+-----------------------------------------------------------------------------+
; Parameter Settings for User Entity Instance: pkt_beat_buf:g_pfifo[3].u_pbuf ;
+----------------+-------+----------------------------------------------------+
; Parameter Name ; Value ; Type                                               ;
+----------------+-------+----------------------------------------------------+
; W              ; 289   ; Signed Integer                                     ;
; DEPTH          ; 256   ; Signed Integer                                     ;
; AW             ; 8     ; Signed Integer                                     ;
+----------------+-------+----------------------------------------------------+
Note: In order to hide this table in the UI and the text report file, please set the "Show Parameter Settings in Synthesis Report" option in "Analysis and Synthesis Settings -> More Settings" to "Off".


+------------------------------------------------------------------------------------------------------+
; Parameter Settings for User Entity Instance: processing_generated:u_proc|FiveTuple_table:u_FiveTuple ;
+----------------+-------+-----------------------------------------------------------------------------+
; Parameter Name ; Value ; Type                                                                        ;
+----------------+-------+-----------------------------------------------------------------------------+
; DEPTH          ; 8192  ; Signed Integer                                                              ;
+----------------+-------+-----------------------------------------------------------------------------+
Note: In order to hide this table in the UI and the text report file, please set the "Show Parameter Settings in Synthesis Report" option in "Analysis and Synthesis Settings -> More Settings" to "Off".


+------------------------------------------------------------------------------------+
; Parameter Settings for User Entity Instance: PacketCounter_counter:u_PacketCounter ;
+----------------+-------+-----------------------------------------------------------+
; Parameter Name ; Value ; Type                                                      ;
+----------------+-------+-----------------------------------------------------------+
; DEPTH          ; 8192  ; Signed Integer                                            ;
+----------------+-------+-----------------------------------------------------------+
Note: In order to hide this table in the UI and the text report file, please set the "Show Parameter Settings in Synthesis Report" option in "Analysis and Synthesis Settings -> More Settings" to "Off".


+--------------------------------------------------------------------------------+
; Parameter Settings for User Entity Instance: ByteCounter_counter:u_ByteCounter ;
+----------------+-------+-------------------------------------------------------+
; Parameter Name ; Value ; Type                                                  ;
+----------------+-------+-------------------------------------------------------+
; DEPTH          ; 8192  ; Signed Integer                                        ;
+----------------+-------+-------------------------------------------------------+
Note: In order to hide this table in the UI and the text report file, please set the "Show Parameter Settings in Synthesis Report" option in "Analysis and Synthesis Settings -> More Settings" to "Off".


+------------------------------------------------------------------------------------------------------+
; Parameter Settings for Inferred Entity Instance: pkt_beat_buf:g_pfifo[0].u_pbuf|altsyncram:mem_rtl_0 ;
+------------------------------------+----------------------+------------------------------------------+
; Parameter Name                     ; Value                ; Type                                     ;
+------------------------------------+----------------------+------------------------------------------+
; BYTE_SIZE_BLOCK                    ; 8                    ; Untyped                                  ;
; AUTO_CARRY_CHAINS                  ; ON                   ; AUTO_CARRY                               ;
; IGNORE_CARRY_BUFFERS               ; OFF                  ; IGNORE_CARRY                             ;
; AUTO_CASCADE_CHAINS                ; ON                   ; AUTO_CASCADE                             ;
; IGNORE_CASCADE_BUFFERS             ; OFF                  ; IGNORE_CASCADE                           ;
; WIDTH_BYTEENA                      ; 1                    ; Untyped                                  ;
; OPERATION_MODE                     ; DUAL_PORT            ; Untyped                                  ;
; WIDTH_A                            ; 256                  ; Untyped                                  ;
; WIDTHAD_A                          ; 8                    ; Untyped                                  ;
; NUMWORDS_A                         ; 256                  ; Untyped                                  ;
; OUTDATA_REG_A                      ; UNREGISTERED         ; Untyped                                  ;
; ADDRESS_ACLR_A                     ; NONE                 ; Untyped                                  ;
; OUTDATA_ACLR_A                     ; NONE                 ; Untyped                                  ;
; WRCONTROL_ACLR_A                   ; NONE                 ; Untyped                                  ;
; INDATA_ACLR_A                      ; NONE                 ; Untyped                                  ;
; BYTEENA_ACLR_A                     ; NONE                 ; Untyped                                  ;
; WIDTH_B                            ; 256                  ; Untyped                                  ;
; WIDTHAD_B                          ; 8                    ; Untyped                                  ;
; NUMWORDS_B                         ; 256                  ; Untyped                                  ;
; INDATA_REG_B                       ; CLOCK1               ; Untyped                                  ;
; WRCONTROL_WRADDRESS_REG_B          ; CLOCK1               ; Untyped                                  ;
; RDCONTROL_REG_B                    ; CLOCK1               ; Untyped                                  ;
; ADDRESS_REG_B                      ; CLOCK0               ; Untyped                                  ;
; OUTDATA_REG_B                      ; UNREGISTERED         ; Untyped                                  ;
; BYTEENA_REG_B                      ; CLOCK1               ; Untyped                                  ;
; INDATA_ACLR_B                      ; NONE                 ; Untyped                                  ;
; WRCONTROL_ACLR_B                   ; NONE                 ; Untyped                                  ;
; ADDRESS_ACLR_B                     ; NONE                 ; Untyped                                  ;
; OUTDATA_ACLR_B                     ; NONE                 ; Untyped                                  ;
; RDCONTROL_ACLR_B                   ; NONE                 ; Untyped                                  ;
; BYTEENA_ACLR_B                     ; NONE                 ; Untyped                                  ;
; WIDTH_BYTEENA_A                    ; 1                    ; Untyped                                  ;
; WIDTH_BYTEENA_B                    ; 1                    ; Untyped                                  ;
; RAM_BLOCK_TYPE                     ; M9K                  ; Untyped                                  ;
; BYTE_SIZE                          ; 8                    ; Untyped                                  ;
; READ_DURING_WRITE_MODE_MIXED_PORTS ; OLD_DATA             ; Untyped                                  ;
; READ_DURING_WRITE_MODE_PORT_A      ; NEW_DATA_NO_NBE_READ ; Untyped                                  ;
; READ_DURING_WRITE_MODE_PORT_B      ; NEW_DATA_NO_NBE_READ ; Untyped                                  ;
; INIT_FILE                          ; UNUSED               ; Untyped                                  ;
; INIT_FILE_LAYOUT                   ; PORT_A               ; Untyped                                  ;
; MAXIMUM_DEPTH                      ; 0                    ; Untyped                                  ;
; CLOCK_ENABLE_INPUT_A               ; NORMAL               ; Untyped                                  ;
; CLOCK_ENABLE_INPUT_B               ; NORMAL               ; Untyped                                  ;
; CLOCK_ENABLE_OUTPUT_A              ; NORMAL               ; Untyped                                  ;
; CLOCK_ENABLE_OUTPUT_B              ; NORMAL               ; Untyped                                  ;
; CLOCK_ENABLE_CORE_A                ; USE_INPUT_CLKEN      ; Untyped                                  ;
; CLOCK_ENABLE_CORE_B                ; USE_INPUT_CLKEN      ; Untyped                                  ;
; ENABLE_ECC                         ; FALSE                ; Untyped                                  ;
; ECC_PIPELINE_STAGE_ENABLED         ; FALSE                ; Untyped                                  ;
; WIDTH_ECCSTATUS                    ; 3                    ; Untyped                                  ;
; DEVICE_FAMILY                      ; Cyclone IV E         ; Untyped                                  ;
; CBXI_PARAMETER                     ; altsyncram_hvi1      ; Untyped                                  ;
+------------------------------------+----------------------+------------------------------------------+
Note: In order to hide this table in the UI and the text report file, please set the "Show Parameter Settings in Synthesis Report" option in "Analysis and Synthesis Settings -> More Settings" to "Off".


+------------------------------------------------------------------------------------------------------+
; Parameter Settings for Inferred Entity Instance: pkt_beat_buf:g_pfifo[1].u_pbuf|altsyncram:mem_rtl_0 ;
+------------------------------------+----------------------+------------------------------------------+
; Parameter Name                     ; Value                ; Type                                     ;
+------------------------------------+----------------------+------------------------------------------+
; BYTE_SIZE_BLOCK                    ; 8                    ; Untyped                                  ;
; AUTO_CARRY_CHAINS                  ; ON                   ; AUTO_CARRY                               ;
; IGNORE_CARRY_BUFFERS               ; OFF                  ; IGNORE_CARRY                             ;
; AUTO_CASCADE_CHAINS                ; ON                   ; AUTO_CASCADE                             ;
; IGNORE_CASCADE_BUFFERS             ; OFF                  ; IGNORE_CASCADE                           ;
; WIDTH_BYTEENA                      ; 1                    ; Untyped                                  ;
; OPERATION_MODE                     ; DUAL_PORT            ; Untyped                                  ;
; WIDTH_A                            ; 256                  ; Untyped                                  ;
; WIDTHAD_A                          ; 8                    ; Untyped                                  ;
; NUMWORDS_A                         ; 256                  ; Untyped                                  ;
; OUTDATA_REG_A                      ; UNREGISTERED         ; Untyped                                  ;
; ADDRESS_ACLR_A                     ; NONE                 ; Untyped                                  ;
; OUTDATA_ACLR_A                     ; NONE                 ; Untyped                                  ;
; WRCONTROL_ACLR_A                   ; NONE                 ; Untyped                                  ;
; INDATA_ACLR_A                      ; NONE                 ; Untyped                                  ;
; BYTEENA_ACLR_A                     ; NONE                 ; Untyped                                  ;
; WIDTH_B                            ; 256                  ; Untyped                                  ;
; WIDTHAD_B                          ; 8                    ; Untyped                                  ;
; NUMWORDS_B                         ; 256                  ; Untyped                                  ;
; INDATA_REG_B                       ; CLOCK1               ; Untyped                                  ;
; WRCONTROL_WRADDRESS_REG_B          ; CLOCK1               ; Untyped                                  ;
; RDCONTROL_REG_B                    ; CLOCK1               ; Untyped                                  ;
; ADDRESS_REG_B                      ; CLOCK0               ; Untyped                                  ;
; OUTDATA_REG_B                      ; UNREGISTERED         ; Untyped                                  ;
; BYTEENA_REG_B                      ; CLOCK1               ; Untyped                                  ;
; INDATA_ACLR_B                      ; NONE                 ; Untyped                                  ;
; WRCONTROL_ACLR_B                   ; NONE                 ; Untyped                                  ;
; ADDRESS_ACLR_B                     ; NONE                 ; Untyped                                  ;
; OUTDATA_ACLR_B                     ; NONE                 ; Untyped                                  ;
; RDCONTROL_ACLR_B                   ; NONE                 ; Untyped                                  ;
; BYTEENA_ACLR_B                     ; NONE                 ; Untyped                                  ;
; WIDTH_BYTEENA_A                    ; 1                    ; Untyped                                  ;
; WIDTH_BYTEENA_B                    ; 1                    ; Untyped                                  ;
; RAM_BLOCK_TYPE                     ; M9K                  ; Untyped                                  ;
; BYTE_SIZE                          ; 8                    ; Untyped                                  ;
; READ_DURING_WRITE_MODE_MIXED_PORTS ; OLD_DATA             ; Untyped                                  ;
; READ_DURING_WRITE_MODE_PORT_A      ; NEW_DATA_NO_NBE_READ ; Untyped                                  ;
; READ_DURING_WRITE_MODE_PORT_B      ; NEW_DATA_NO_NBE_READ ; Untyped                                  ;
; INIT_FILE                          ; UNUSED               ; Untyped                                  ;
; INIT_FILE_LAYOUT                   ; PORT_A               ; Untyped                                  ;
; MAXIMUM_DEPTH                      ; 0                    ; Untyped                                  ;
; CLOCK_ENABLE_INPUT_A               ; NORMAL               ; Untyped                                  ;
; CLOCK_ENABLE_INPUT_B               ; NORMAL               ; Untyped                                  ;
; CLOCK_ENABLE_OUTPUT_A              ; NORMAL               ; Untyped                                  ;
; CLOCK_ENABLE_OUTPUT_B              ; NORMAL               ; Untyped                                  ;
; CLOCK_ENABLE_CORE_A                ; USE_INPUT_CLKEN      ; Untyped                                  ;
; CLOCK_ENABLE_CORE_B                ; USE_INPUT_CLKEN      ; Untyped                                  ;
; ENABLE_ECC                         ; FALSE                ; Untyped                                  ;
; ECC_PIPELINE_STAGE_ENABLED         ; FALSE                ; Untyped                                  ;
; WIDTH_ECCSTATUS                    ; 3                    ; Untyped                                  ;
; DEVICE_FAMILY                      ; Cyclone IV E         ; Untyped                                  ;
; CBXI_PARAMETER                     ; altsyncram_hvi1      ; Untyped                                  ;
+------------------------------------+----------------------+------------------------------------------+
Note: In order to hide this table in the UI and the text report file, please set the "Show Parameter Settings in Synthesis Report" option in "Analysis and Synthesis Settings -> More Settings" to "Off".


+------------------------------------------------------------------------------------------------------+
; Parameter Settings for Inferred Entity Instance: pkt_beat_buf:g_pfifo[2].u_pbuf|altsyncram:mem_rtl_0 ;
+------------------------------------+----------------------+------------------------------------------+
; Parameter Name                     ; Value                ; Type                                     ;
+------------------------------------+----------------------+------------------------------------------+
; BYTE_SIZE_BLOCK                    ; 8                    ; Untyped                                  ;
; AUTO_CARRY_CHAINS                  ; ON                   ; AUTO_CARRY                               ;
; IGNORE_CARRY_BUFFERS               ; OFF                  ; IGNORE_CARRY                             ;
; AUTO_CASCADE_CHAINS                ; ON                   ; AUTO_CASCADE                             ;
; IGNORE_CASCADE_BUFFERS             ; OFF                  ; IGNORE_CASCADE                           ;
; WIDTH_BYTEENA                      ; 1                    ; Untyped                                  ;
; OPERATION_MODE                     ; DUAL_PORT            ; Untyped                                  ;
; WIDTH_A                            ; 256                  ; Untyped                                  ;
; WIDTHAD_A                          ; 8                    ; Untyped                                  ;
; NUMWORDS_A                         ; 256                  ; Untyped                                  ;
; OUTDATA_REG_A                      ; UNREGISTERED         ; Untyped                                  ;
; ADDRESS_ACLR_A                     ; NONE                 ; Untyped                                  ;
; OUTDATA_ACLR_A                     ; NONE                 ; Untyped                                  ;
; WRCONTROL_ACLR_A                   ; NONE                 ; Untyped                                  ;
; INDATA_ACLR_A                      ; NONE                 ; Untyped                                  ;
; BYTEENA_ACLR_A                     ; NONE                 ; Untyped                                  ;
; WIDTH_B                            ; 256                  ; Untyped                                  ;
; WIDTHAD_B                          ; 8                    ; Untyped                                  ;
; NUMWORDS_B                         ; 256                  ; Untyped                                  ;
; INDATA_REG_B                       ; CLOCK1               ; Untyped                                  ;
; WRCONTROL_WRADDRESS_REG_B          ; CLOCK1               ; Untyped                                  ;
; RDCONTROL_REG_B                    ; CLOCK1               ; Untyped                                  ;
; ADDRESS_REG_B                      ; CLOCK0               ; Untyped                                  ;
; OUTDATA_REG_B                      ; UNREGISTERED         ; Untyped                                  ;
; BYTEENA_REG_B                      ; CLOCK1               ; Untyped                                  ;
; INDATA_ACLR_B                      ; NONE                 ; Untyped                                  ;
; WRCONTROL_ACLR_B                   ; NONE                 ; Untyped                                  ;
; ADDRESS_ACLR_B                     ; NONE                 ; Untyped                                  ;
; OUTDATA_ACLR_B                     ; NONE                 ; Untyped                                  ;
; RDCONTROL_ACLR_B                   ; NONE                 ; Untyped                                  ;
; BYTEENA_ACLR_B                     ; NONE                 ; Untyped                                  ;
; WIDTH_BYTEENA_A                    ; 1                    ; Untyped                                  ;
; WIDTH_BYTEENA_B                    ; 1                    ; Untyped                                  ;
; RAM_BLOCK_TYPE                     ; M9K                  ; Untyped                                  ;
; BYTE_SIZE                          ; 8                    ; Untyped                                  ;
; READ_DURING_WRITE_MODE_MIXED_PORTS ; OLD_DATA             ; Untyped                                  ;
; READ_DURING_WRITE_MODE_PORT_A      ; NEW_DATA_NO_NBE_READ ; Untyped                                  ;
; READ_DURING_WRITE_MODE_PORT_B      ; NEW_DATA_NO_NBE_READ ; Untyped                                  ;
; INIT_FILE                          ; UNUSED               ; Untyped                                  ;
; INIT_FILE_LAYOUT                   ; PORT_A               ; Untyped                                  ;
; MAXIMUM_DEPTH                      ; 0                    ; Untyped                                  ;
; CLOCK_ENABLE_INPUT_A               ; NORMAL               ; Untyped                                  ;
; CLOCK_ENABLE_INPUT_B               ; NORMAL               ; Untyped                                  ;
; CLOCK_ENABLE_OUTPUT_A              ; NORMAL               ; Untyped                                  ;
; CLOCK_ENABLE_OUTPUT_B              ; NORMAL               ; Untyped                                  ;
; CLOCK_ENABLE_CORE_A                ; USE_INPUT_CLKEN      ; Untyped                                  ;
; CLOCK_ENABLE_CORE_B                ; USE_INPUT_CLKEN      ; Untyped                                  ;
; ENABLE_ECC                         ; FALSE                ; Untyped                                  ;
; ECC_PIPELINE_STAGE_ENABLED         ; FALSE                ; Untyped                                  ;
; WIDTH_ECCSTATUS                    ; 3                    ; Untyped                                  ;
; DEVICE_FAMILY                      ; Cyclone IV E         ; Untyped                                  ;
; CBXI_PARAMETER                     ; altsyncram_hvi1      ; Untyped                                  ;
+------------------------------------+----------------------+------------------------------------------+
Note: In order to hide this table in the UI and the text report file, please set the "Show Parameter Settings in Synthesis Report" option in "Analysis and Synthesis Settings -> More Settings" to "Off".


+------------------------------------------------------------------------------------------------------+
; Parameter Settings for Inferred Entity Instance: pkt_beat_buf:g_pfifo[3].u_pbuf|altsyncram:mem_rtl_0 ;
+------------------------------------+----------------------+------------------------------------------+
; Parameter Name                     ; Value                ; Type                                     ;
+------------------------------------+----------------------+------------------------------------------+
; BYTE_SIZE_BLOCK                    ; 8                    ; Untyped                                  ;
; AUTO_CARRY_CHAINS                  ; ON                   ; AUTO_CARRY                               ;
; IGNORE_CARRY_BUFFERS               ; OFF                  ; IGNORE_CARRY                             ;
; AUTO_CASCADE_CHAINS                ; ON                   ; AUTO_CASCADE                             ;
; IGNORE_CASCADE_BUFFERS             ; OFF                  ; IGNORE_CASCADE                           ;
; WIDTH_BYTEENA                      ; 1                    ; Untyped                                  ;
; OPERATION_MODE                     ; DUAL_PORT            ; Untyped                                  ;
; WIDTH_A                            ; 256                  ; Untyped                                  ;
; WIDTHAD_A                          ; 8                    ; Untyped                                  ;
; NUMWORDS_A                         ; 256                  ; Untyped                                  ;
; OUTDATA_REG_A                      ; UNREGISTERED         ; Untyped                                  ;
; ADDRESS_ACLR_A                     ; NONE                 ; Untyped                                  ;
; OUTDATA_ACLR_A                     ; NONE                 ; Untyped                                  ;
; WRCONTROL_ACLR_A                   ; NONE                 ; Untyped                                  ;
; INDATA_ACLR_A                      ; NONE                 ; Untyped                                  ;
; BYTEENA_ACLR_A                     ; NONE                 ; Untyped                                  ;
; WIDTH_B                            ; 256                  ; Untyped                                  ;
; WIDTHAD_B                          ; 8                    ; Untyped                                  ;
; NUMWORDS_B                         ; 256                  ; Untyped                                  ;
; INDATA_REG_B                       ; CLOCK1               ; Untyped                                  ;
; WRCONTROL_WRADDRESS_REG_B          ; CLOCK1               ; Untyped                                  ;
; RDCONTROL_REG_B                    ; CLOCK1               ; Untyped                                  ;
; ADDRESS_REG_B                      ; CLOCK0               ; Untyped                                  ;
; OUTDATA_REG_B                      ; UNREGISTERED         ; Untyped                                  ;
; BYTEENA_REG_B                      ; CLOCK1               ; Untyped                                  ;
; INDATA_ACLR_B                      ; NONE                 ; Untyped                                  ;
; WRCONTROL_ACLR_B                   ; NONE                 ; Untyped                                  ;
; ADDRESS_ACLR_B                     ; NONE                 ; Untyped                                  ;
; OUTDATA_ACLR_B                     ; NONE                 ; Untyped                                  ;
; RDCONTROL_ACLR_B                   ; NONE                 ; Untyped                                  ;
; BYTEENA_ACLR_B                     ; NONE                 ; Untyped                                  ;
; WIDTH_BYTEENA_A                    ; 1                    ; Untyped                                  ;
; WIDTH_BYTEENA_B                    ; 1                    ; Untyped                                  ;
; RAM_BLOCK_TYPE                     ; M9K                  ; Untyped                                  ;
; BYTE_SIZE                          ; 8                    ; Untyped                                  ;
; READ_DURING_WRITE_MODE_MIXED_PORTS ; OLD_DATA             ; Untyped                                  ;
; READ_DURING_WRITE_MODE_PORT_A      ; NEW_DATA_NO_NBE_READ ; Untyped                                  ;
; READ_DURING_WRITE_MODE_PORT_B      ; NEW_DATA_NO_NBE_READ ; Untyped                                  ;
; INIT_FILE                          ; UNUSED               ; Untyped                                  ;
; INIT_FILE_LAYOUT                   ; PORT_A               ; Untyped                                  ;
; MAXIMUM_DEPTH                      ; 0                    ; Untyped                                  ;
; CLOCK_ENABLE_INPUT_A               ; NORMAL               ; Untyped                                  ;
; CLOCK_ENABLE_INPUT_B               ; NORMAL               ; Untyped                                  ;
; CLOCK_ENABLE_OUTPUT_A              ; NORMAL               ; Untyped                                  ;
; CLOCK_ENABLE_OUTPUT_B              ; NORMAL               ; Untyped                                  ;
; CLOCK_ENABLE_CORE_A                ; USE_INPUT_CLKEN      ; Untyped                                  ;
; CLOCK_ENABLE_CORE_B                ; USE_INPUT_CLKEN      ; Untyped                                  ;
; ENABLE_ECC                         ; FALSE                ; Untyped                                  ;
; ECC_PIPELINE_STAGE_ENABLED         ; FALSE                ; Untyped                                  ;
; WIDTH_ECCSTATUS                    ; 3                    ; Untyped                                  ;
; DEVICE_FAMILY                      ; Cyclone IV E         ; Untyped                                  ;
; CBXI_PARAMETER                     ; altsyncram_hvi1      ; Untyped                                  ;
+------------------------------------+----------------------+------------------------------------------+
Note: In order to hide this table in the UI and the text report file, please set the "Show Parameter Settings in Synthesis Report" option in "Analysis and Synthesis Settings -> More Settings" to "Off".


+--------------------------------------------------------------------------------------------------------------------------------------+
; Parameter Settings for Inferred Entity Instance: processing_generated:u_proc|FiveTuple_table:u_FiveTuple|altsyncram:mem_action_rtl_0 ;
+------------------------------------+----------------------+--------------------------------------------------------------------------+
; Parameter Name                     ; Value                ; Type                                                                     ;
+------------------------------------+----------------------+--------------------------------------------------------------------------+
; BYTE_SIZE_BLOCK                    ; 8                    ; Untyped                                                                  ;
; AUTO_CARRY_CHAINS                  ; ON                   ; AUTO_CARRY                                                               ;
; IGNORE_CARRY_BUFFERS               ; OFF                  ; IGNORE_CARRY                                                             ;
; AUTO_CASCADE_CHAINS                ; ON                   ; AUTO_CASCADE                                                             ;
; IGNORE_CASCADE_BUFFERS             ; OFF                  ; IGNORE_CASCADE                                                           ;
; WIDTH_BYTEENA                      ; 1                    ; Untyped                                                                  ;
; OPERATION_MODE                     ; BIDIR_DUAL_PORT      ; Untyped                                                                  ;
; WIDTH_A                            ; 1                    ; Untyped                                                                  ;
; WIDTHAD_A                          ; 13                   ; Untyped                                                                  ;
; NUMWORDS_A                         ; 8192                 ; Untyped                                                                  ;
; OUTDATA_REG_A                      ; UNREGISTERED         ; Untyped                                                                  ;
; ADDRESS_ACLR_A                     ; NONE                 ; Untyped                                                                  ;
; OUTDATA_ACLR_A                     ; NONE                 ; Untyped                                                                  ;
; WRCONTROL_ACLR_A                   ; NONE                 ; Untyped                                                                  ;
; INDATA_ACLR_A                      ; NONE                 ; Untyped                                                                  ;
; BYTEENA_ACLR_A                     ; NONE                 ; Untyped                                                                  ;
; WIDTH_B                            ; 1                    ; Untyped                                                                  ;
; WIDTHAD_B                          ; 13                   ; Untyped                                                                  ;
; NUMWORDS_B                         ; 8192                 ; Untyped                                                                  ;
; INDATA_REG_B                       ; CLOCK0               ; Untyped                                                                  ;
; WRCONTROL_WRADDRESS_REG_B          ; CLOCK0               ; Untyped                                                                  ;
; RDCONTROL_REG_B                    ; CLOCK1               ; Untyped                                                                  ;
; ADDRESS_REG_B                      ; CLOCK0               ; Untyped                                                                  ;
; OUTDATA_REG_B                      ; UNREGISTERED         ; Untyped                                                                  ;
; BYTEENA_REG_B                      ; CLOCK1               ; Untyped                                                                  ;
; INDATA_ACLR_B                      ; NONE                 ; Untyped                                                                  ;
; WRCONTROL_ACLR_B                   ; NONE                 ; Untyped                                                                  ;
; ADDRESS_ACLR_B                     ; NONE                 ; Untyped                                                                  ;
; OUTDATA_ACLR_B                     ; NONE                 ; Untyped                                                                  ;
; RDCONTROL_ACLR_B                   ; NONE                 ; Untyped                                                                  ;
; BYTEENA_ACLR_B                     ; NONE                 ; Untyped                                                                  ;
; WIDTH_BYTEENA_A                    ; 1                    ; Untyped                                                                  ;
; WIDTH_BYTEENA_B                    ; 1                    ; Untyped                                                                  ;
; RAM_BLOCK_TYPE                     ; AUTO                 ; Untyped                                                                  ;
; BYTE_SIZE                          ; 8                    ; Untyped                                                                  ;
; READ_DURING_WRITE_MODE_MIXED_PORTS ; OLD_DATA             ; Untyped                                                                  ;
; READ_DURING_WRITE_MODE_PORT_A      ; NEW_DATA_NO_NBE_READ ; Untyped                                                                  ;
; READ_DURING_WRITE_MODE_PORT_B      ; NEW_DATA_NO_NBE_READ ; Untyped                                                                  ;
; INIT_FILE                          ; UNUSED               ; Untyped                                                                  ;
; INIT_FILE_LAYOUT                   ; PORT_A               ; Untyped                                                                  ;
; MAXIMUM_DEPTH                      ; 0                    ; Untyped                                                                  ;
; CLOCK_ENABLE_INPUT_A               ; NORMAL               ; Untyped                                                                  ;
; CLOCK_ENABLE_INPUT_B               ; NORMAL               ; Untyped                                                                  ;
; CLOCK_ENABLE_OUTPUT_A              ; NORMAL               ; Untyped                                                                  ;
; CLOCK_ENABLE_OUTPUT_B              ; NORMAL               ; Untyped                                                                  ;
; CLOCK_ENABLE_CORE_A                ; USE_INPUT_CLKEN      ; Untyped                                                                  ;
; CLOCK_ENABLE_CORE_B                ; USE_INPUT_CLKEN      ; Untyped                                                                  ;
; ENABLE_ECC                         ; FALSE                ; Untyped                                                                  ;
; ECC_PIPELINE_STAGE_ENABLED         ; FALSE                ; Untyped                                                                  ;
; WIDTH_ECCSTATUS                    ; 3                    ; Untyped                                                                  ;
; DEVICE_FAMILY                      ; Cyclone IV E         ; Untyped                                                                  ;
; CBXI_PARAMETER                     ; altsyncram_nkq1      ; Untyped                                                                  ;
+------------------------------------+----------------------+--------------------------------------------------------------------------+
Note: In order to hide this table in the UI and the text report file, please set the "Show Parameter Settings in Synthesis Report" option in "Analysis and Synthesis Settings -> More Settings" to "Off".


+---------------------------------------------------------------------------------------------------------------------------------------+
; Parameter Settings for Inferred Entity Instance: processing_generated:u_proc|FiveTuple_table:u_FiveTuple|altsyncram:mem_key_src_rtl_0 ;
+------------------------------------+----------------------+---------------------------------------------------------------------------+
; Parameter Name                     ; Value                ; Type                                                                      ;
+------------------------------------+----------------------+---------------------------------------------------------------------------+
; BYTE_SIZE_BLOCK                    ; 8                    ; Untyped                                                                   ;
; AUTO_CARRY_CHAINS                  ; ON                   ; AUTO_CARRY                                                                ;
; IGNORE_CARRY_BUFFERS               ; OFF                  ; IGNORE_CARRY                                                              ;
; AUTO_CASCADE_CHAINS                ; ON                   ; AUTO_CASCADE                                                              ;
; IGNORE_CASCADE_BUFFERS             ; OFF                  ; IGNORE_CASCADE                                                            ;
; WIDTH_BYTEENA                      ; 1                    ; Untyped                                                                   ;
; OPERATION_MODE                     ; BIDIR_DUAL_PORT      ; Untyped                                                                   ;
; WIDTH_A                            ; 32                   ; Untyped                                                                   ;
; WIDTHAD_A                          ; 13                   ; Untyped                                                                   ;
; NUMWORDS_A                         ; 8192                 ; Untyped                                                                   ;
; OUTDATA_REG_A                      ; UNREGISTERED         ; Untyped                                                                   ;
; ADDRESS_ACLR_A                     ; NONE                 ; Untyped                                                                   ;
; OUTDATA_ACLR_A                     ; NONE                 ; Untyped                                                                   ;
; WRCONTROL_ACLR_A                   ; NONE                 ; Untyped                                                                   ;
; INDATA_ACLR_A                      ; NONE                 ; Untyped                                                                   ;
; BYTEENA_ACLR_A                     ; NONE                 ; Untyped                                                                   ;
; WIDTH_B                            ; 32                   ; Untyped                                                                   ;
; WIDTHAD_B                          ; 13                   ; Untyped                                                                   ;
; NUMWORDS_B                         ; 8192                 ; Untyped                                                                   ;
; INDATA_REG_B                       ; CLOCK0               ; Untyped                                                                   ;
; WRCONTROL_WRADDRESS_REG_B          ; CLOCK0               ; Untyped                                                                   ;
; RDCONTROL_REG_B                    ; CLOCK1               ; Untyped                                                                   ;
; ADDRESS_REG_B                      ; CLOCK0               ; Untyped                                                                   ;
; OUTDATA_REG_B                      ; UNREGISTERED         ; Untyped                                                                   ;
; BYTEENA_REG_B                      ; CLOCK1               ; Untyped                                                                   ;
; INDATA_ACLR_B                      ; NONE                 ; Untyped                                                                   ;
; WRCONTROL_ACLR_B                   ; NONE                 ; Untyped                                                                   ;
; ADDRESS_ACLR_B                     ; NONE                 ; Untyped                                                                   ;
; OUTDATA_ACLR_B                     ; NONE                 ; Untyped                                                                   ;
; RDCONTROL_ACLR_B                   ; NONE                 ; Untyped                                                                   ;
; BYTEENA_ACLR_B                     ; NONE                 ; Untyped                                                                   ;
; WIDTH_BYTEENA_A                    ; 1                    ; Untyped                                                                   ;
; WIDTH_BYTEENA_B                    ; 1                    ; Untyped                                                                   ;
; RAM_BLOCK_TYPE                     ; AUTO                 ; Untyped                                                                   ;
; BYTE_SIZE                          ; 8                    ; Untyped                                                                   ;
; READ_DURING_WRITE_MODE_MIXED_PORTS ; OLD_DATA             ; Untyped                                                                   ;
; READ_DURING_WRITE_MODE_PORT_A      ; NEW_DATA_NO_NBE_READ ; Untyped                                                                   ;
; READ_DURING_WRITE_MODE_PORT_B      ; NEW_DATA_NO_NBE_READ ; Untyped                                                                   ;
; INIT_FILE                          ; UNUSED               ; Untyped                                                                   ;
; INIT_FILE_LAYOUT                   ; PORT_A               ; Untyped                                                                   ;
; MAXIMUM_DEPTH                      ; 0                    ; Untyped                                                                   ;
; CLOCK_ENABLE_INPUT_A               ; NORMAL               ; Untyped                                                                   ;
; CLOCK_ENABLE_INPUT_B               ; NORMAL               ; Untyped                                                                   ;
; CLOCK_ENABLE_OUTPUT_A              ; NORMAL               ; Untyped                                                                   ;
; CLOCK_ENABLE_OUTPUT_B              ; NORMAL               ; Untyped                                                                   ;
; CLOCK_ENABLE_CORE_A                ; USE_INPUT_CLKEN      ; Untyped                                                                   ;
; CLOCK_ENABLE_CORE_B                ; USE_INPUT_CLKEN      ; Untyped                                                                   ;
; ENABLE_ECC                         ; FALSE                ; Untyped                                                                   ;
; ECC_PIPELINE_STAGE_ENABLED         ; FALSE                ; Untyped                                                                   ;
; WIDTH_ECCSTATUS                    ; 3                    ; Untyped                                                                   ;
; DEVICE_FAMILY                      ; Cyclone IV E         ; Untyped                                                                   ;
; CBXI_PARAMETER                     ; altsyncram_vnq1      ; Untyped                                                                   ;
+------------------------------------+----------------------+---------------------------------------------------------------------------+
Note: In order to hide this table in the UI and the text report file, please set the "Show Parameter Settings in Synthesis Report" option in "Analysis and Synthesis Settings -> More Settings" to "Off".


+---------------------------------------------------------------------------------------------------------------------------------------+
; Parameter Settings for Inferred Entity Instance: processing_generated:u_proc|FiveTuple_table:u_FiveTuple|altsyncram:mem_key_dst_rtl_0 ;
+------------------------------------+----------------------+---------------------------------------------------------------------------+
; Parameter Name                     ; Value                ; Type                                                                      ;
+------------------------------------+----------------------+---------------------------------------------------------------------------+
; BYTE_SIZE_BLOCK                    ; 8                    ; Untyped                                                                   ;
; AUTO_CARRY_CHAINS                  ; ON                   ; AUTO_CARRY                                                                ;
; IGNORE_CARRY_BUFFERS               ; OFF                  ; IGNORE_CARRY                                                              ;
; AUTO_CASCADE_CHAINS                ; ON                   ; AUTO_CASCADE                                                              ;
; IGNORE_CASCADE_BUFFERS             ; OFF                  ; IGNORE_CASCADE                                                            ;
; WIDTH_BYTEENA                      ; 1                    ; Untyped                                                                   ;
; OPERATION_MODE                     ; BIDIR_DUAL_PORT      ; Untyped                                                                   ;
; WIDTH_A                            ; 32                   ; Untyped                                                                   ;
; WIDTHAD_A                          ; 13                   ; Untyped                                                                   ;
; NUMWORDS_A                         ; 8192                 ; Untyped                                                                   ;
; OUTDATA_REG_A                      ; UNREGISTERED         ; Untyped                                                                   ;
; ADDRESS_ACLR_A                     ; NONE                 ; Untyped                                                                   ;
; OUTDATA_ACLR_A                     ; NONE                 ; Untyped                                                                   ;
; WRCONTROL_ACLR_A                   ; NONE                 ; Untyped                                                                   ;
; INDATA_ACLR_A                      ; NONE                 ; Untyped                                                                   ;
; BYTEENA_ACLR_A                     ; NONE                 ; Untyped                                                                   ;
; WIDTH_B                            ; 32                   ; Untyped                                                                   ;
; WIDTHAD_B                          ; 13                   ; Untyped                                                                   ;
; NUMWORDS_B                         ; 8192                 ; Untyped                                                                   ;
; INDATA_REG_B                       ; CLOCK0               ; Untyped                                                                   ;
; WRCONTROL_WRADDRESS_REG_B          ; CLOCK0               ; Untyped                                                                   ;
; RDCONTROL_REG_B                    ; CLOCK1               ; Untyped                                                                   ;
; ADDRESS_REG_B                      ; CLOCK0               ; Untyped                                                                   ;
; OUTDATA_REG_B                      ; UNREGISTERED         ; Untyped                                                                   ;
; BYTEENA_REG_B                      ; CLOCK1               ; Untyped                                                                   ;
; INDATA_ACLR_B                      ; NONE                 ; Untyped                                                                   ;
; WRCONTROL_ACLR_B                   ; NONE                 ; Untyped                                                                   ;
; ADDRESS_ACLR_B                     ; NONE                 ; Untyped                                                                   ;
; OUTDATA_ACLR_B                     ; NONE                 ; Untyped                                                                   ;
; RDCONTROL_ACLR_B                   ; NONE                 ; Untyped                                                                   ;
; BYTEENA_ACLR_B                     ; NONE                 ; Untyped                                                                   ;
; WIDTH_BYTEENA_A                    ; 1                    ; Untyped                                                                   ;
; WIDTH_BYTEENA_B                    ; 1                    ; Untyped                                                                   ;
; RAM_BLOCK_TYPE                     ; AUTO                 ; Untyped                                                                   ;
; BYTE_SIZE                          ; 8                    ; Untyped                                                                   ;
; READ_DURING_WRITE_MODE_MIXED_PORTS ; OLD_DATA             ; Untyped                                                                   ;
; READ_DURING_WRITE_MODE_PORT_A      ; NEW_DATA_NO_NBE_READ ; Untyped                                                                   ;
; READ_DURING_WRITE_MODE_PORT_B      ; NEW_DATA_NO_NBE_READ ; Untyped                                                                   ;
; INIT_FILE                          ; UNUSED               ; Untyped                                                                   ;
; INIT_FILE_LAYOUT                   ; PORT_A               ; Untyped                                                                   ;
; MAXIMUM_DEPTH                      ; 0                    ; Untyped                                                                   ;
; CLOCK_ENABLE_INPUT_A               ; NORMAL               ; Untyped                                                                   ;
; CLOCK_ENABLE_INPUT_B               ; NORMAL               ; Untyped                                                                   ;
; CLOCK_ENABLE_OUTPUT_A              ; NORMAL               ; Untyped                                                                   ;
; CLOCK_ENABLE_OUTPUT_B              ; NORMAL               ; Untyped                                                                   ;
; CLOCK_ENABLE_CORE_A                ; USE_INPUT_CLKEN      ; Untyped                                                                   ;
; CLOCK_ENABLE_CORE_B                ; USE_INPUT_CLKEN      ; Untyped                                                                   ;
; ENABLE_ECC                         ; FALSE                ; Untyped                                                                   ;
; ECC_PIPELINE_STAGE_ENABLED         ; FALSE                ; Untyped                                                                   ;
; WIDTH_ECCSTATUS                    ; 3                    ; Untyped                                                                   ;
; DEVICE_FAMILY                      ; Cyclone IV E         ; Untyped                                                                   ;
; CBXI_PARAMETER                     ; altsyncram_vnq1      ; Untyped                                                                   ;
+------------------------------------+----------------------+---------------------------------------------------------------------------+
Note: In order to hide this table in the UI and the text report file, please set the "Show Parameter Settings in Synthesis Report" option in "Analysis and Synthesis Settings -> More Settings" to "Off".


+--------------------------------------------------------------------------------------------------------------------------------------------+
; Parameter Settings for Inferred Entity Instance: processing_generated:u_proc|FiveTuple_table:u_FiveTuple|altsyncram:mem_key_protocol_rtl_0 ;
+------------------------------------+----------------------+--------------------------------------------------------------------------------+
; Parameter Name                     ; Value                ; Type                                                                           ;
+------------------------------------+----------------------+--------------------------------------------------------------------------------+
; BYTE_SIZE_BLOCK                    ; 8                    ; Untyped                                                                        ;
; AUTO_CARRY_CHAINS                  ; ON                   ; AUTO_CARRY                                                                     ;
; IGNORE_CARRY_BUFFERS               ; OFF                  ; IGNORE_CARRY                                                                   ;
; AUTO_CASCADE_CHAINS                ; ON                   ; AUTO_CASCADE                                                                   ;
; IGNORE_CASCADE_BUFFERS             ; OFF                  ; IGNORE_CASCADE                                                                 ;
; WIDTH_BYTEENA                      ; 1                    ; Untyped                                                                        ;
; OPERATION_MODE                     ; BIDIR_DUAL_PORT      ; Untyped                                                                        ;
; WIDTH_A                            ; 8                    ; Untyped                                                                        ;
; WIDTHAD_A                          ; 13                   ; Untyped                                                                        ;
; NUMWORDS_A                         ; 8192                 ; Untyped                                                                        ;
; OUTDATA_REG_A                      ; UNREGISTERED         ; Untyped                                                                        ;
; ADDRESS_ACLR_A                     ; NONE                 ; Untyped                                                                        ;
; OUTDATA_ACLR_A                     ; NONE                 ; Untyped                                                                        ;
; WRCONTROL_ACLR_A                   ; NONE                 ; Untyped                                                                        ;
; INDATA_ACLR_A                      ; NONE                 ; Untyped                                                                        ;
; BYTEENA_ACLR_A                     ; NONE                 ; Untyped                                                                        ;
; WIDTH_B                            ; 8                    ; Untyped                                                                        ;
; WIDTHAD_B                          ; 13                   ; Untyped                                                                        ;
; NUMWORDS_B                         ; 8192                 ; Untyped                                                                        ;
; INDATA_REG_B                       ; CLOCK0               ; Untyped                                                                        ;
; WRCONTROL_WRADDRESS_REG_B          ; CLOCK0               ; Untyped                                                                        ;
; RDCONTROL_REG_B                    ; CLOCK1               ; Untyped                                                                        ;
; ADDRESS_REG_B                      ; CLOCK0               ; Untyped                                                                        ;
; OUTDATA_REG_B                      ; UNREGISTERED         ; Untyped                                                                        ;
; BYTEENA_REG_B                      ; CLOCK1               ; Untyped                                                                        ;
; INDATA_ACLR_B                      ; NONE                 ; Untyped                                                                        ;
; WRCONTROL_ACLR_B                   ; NONE                 ; Untyped                                                                        ;
; ADDRESS_ACLR_B                     ; NONE                 ; Untyped                                                                        ;
; OUTDATA_ACLR_B                     ; NONE                 ; Untyped                                                                        ;
; RDCONTROL_ACLR_B                   ; NONE                 ; Untyped                                                                        ;
; BYTEENA_ACLR_B                     ; NONE                 ; Untyped                                                                        ;
; WIDTH_BYTEENA_A                    ; 1                    ; Untyped                                                                        ;
; WIDTH_BYTEENA_B                    ; 1                    ; Untyped                                                                        ;
; RAM_BLOCK_TYPE                     ; AUTO                 ; Untyped                                                                        ;
; BYTE_SIZE                          ; 8                    ; Untyped                                                                        ;
; READ_DURING_WRITE_MODE_MIXED_PORTS ; OLD_DATA             ; Untyped                                                                        ;
; READ_DURING_WRITE_MODE_PORT_A      ; NEW_DATA_NO_NBE_READ ; Untyped                                                                        ;
; READ_DURING_WRITE_MODE_PORT_B      ; NEW_DATA_NO_NBE_READ ; Untyped                                                                        ;
; INIT_FILE                          ; UNUSED               ; Untyped                                                                        ;
; INIT_FILE_LAYOUT                   ; PORT_A               ; Untyped                                                                        ;
; MAXIMUM_DEPTH                      ; 0                    ; Untyped                                                                        ;
; CLOCK_ENABLE_INPUT_A               ; NORMAL               ; Untyped                                                                        ;
; CLOCK_ENABLE_INPUT_B               ; NORMAL               ; Untyped                                                                        ;
; CLOCK_ENABLE_OUTPUT_A              ; NORMAL               ; Untyped                                                                        ;
; CLOCK_ENABLE_OUTPUT_B              ; NORMAL               ; Untyped                                                                        ;
; CLOCK_ENABLE_CORE_A                ; USE_INPUT_CLKEN      ; Untyped                                                                        ;
; CLOCK_ENABLE_CORE_B                ; USE_INPUT_CLKEN      ; Untyped                                                                        ;
; ENABLE_ECC                         ; FALSE                ; Untyped                                                                        ;
; ECC_PIPELINE_STAGE_ENABLED         ; FALSE                ; Untyped                                                                        ;
; WIDTH_ECCSTATUS                    ; 3                    ; Untyped                                                                        ;
; DEVICE_FAMILY                      ; Cyclone IV E         ; Untyped                                                                        ;
; CBXI_PARAMETER                     ; altsyncram_5lq1      ; Untyped                                                                        ;
+------------------------------------+----------------------+--------------------------------------------------------------------------------+
Note: In order to hide this table in the UI and the text report file, please set the "Show Parameter Settings in Synthesis Report" option in "Analysis and Synthesis Settings -> More Settings" to "Off".


+---------------------------------------------------------------------------------------------------------------------------------------------------+
; Parameter Settings for Inferred Entity Instance: processing_generated:u_proc|FiveTuple_table:u_FiveTuple|altsyncram:mem_key_table_key_sport_rtl_0 ;
+------------------------------------+----------------------+---------------------------------------------------------------------------------------+
; Parameter Name                     ; Value                ; Type                                                                                  ;
+------------------------------------+----------------------+---------------------------------------------------------------------------------------+
; BYTE_SIZE_BLOCK                    ; 8                    ; Untyped                                                                               ;
; AUTO_CARRY_CHAINS                  ; ON                   ; AUTO_CARRY                                                                            ;
; IGNORE_CARRY_BUFFERS               ; OFF                  ; IGNORE_CARRY                                                                          ;
; AUTO_CASCADE_CHAINS                ; ON                   ; AUTO_CASCADE                                                                          ;
; IGNORE_CASCADE_BUFFERS             ; OFF                  ; IGNORE_CASCADE                                                                        ;
; WIDTH_BYTEENA                      ; 1                    ; Untyped                                                                               ;
; OPERATION_MODE                     ; BIDIR_DUAL_PORT      ; Untyped                                                                               ;
; WIDTH_A                            ; 16                   ; Untyped                                                                               ;
; WIDTHAD_A                          ; 13                   ; Untyped                                                                               ;
; NUMWORDS_A                         ; 8192                 ; Untyped                                                                               ;
; OUTDATA_REG_A                      ; UNREGISTERED         ; Untyped                                                                               ;
; ADDRESS_ACLR_A                     ; NONE                 ; Untyped                                                                               ;
; OUTDATA_ACLR_A                     ; NONE                 ; Untyped                                                                               ;
; WRCONTROL_ACLR_A                   ; NONE                 ; Untyped                                                                               ;
; INDATA_ACLR_A                      ; NONE                 ; Untyped                                                                               ;
; BYTEENA_ACLR_A                     ; NONE                 ; Untyped                                                                               ;
; WIDTH_B                            ; 16                   ; Untyped                                                                               ;
; WIDTHAD_B                          ; 13                   ; Untyped                                                                               ;
; NUMWORDS_B                         ; 8192                 ; Untyped                                                                               ;
; INDATA_REG_B                       ; CLOCK0               ; Untyped                                                                               ;
; WRCONTROL_WRADDRESS_REG_B          ; CLOCK0               ; Untyped                                                                               ;
; RDCONTROL_REG_B                    ; CLOCK1               ; Untyped                                                                               ;
; ADDRESS_REG_B                      ; CLOCK0               ; Untyped                                                                               ;
; OUTDATA_REG_B                      ; UNREGISTERED         ; Untyped                                                                               ;
; BYTEENA_REG_B                      ; CLOCK1               ; Untyped                                                                               ;
; INDATA_ACLR_B                      ; NONE                 ; Untyped                                                                               ;
; WRCONTROL_ACLR_B                   ; NONE                 ; Untyped                                                                               ;
; ADDRESS_ACLR_B                     ; NONE                 ; Untyped                                                                               ;
; OUTDATA_ACLR_B                     ; NONE                 ; Untyped                                                                               ;
; RDCONTROL_ACLR_B                   ; NONE                 ; Untyped                                                                               ;
; BYTEENA_ACLR_B                     ; NONE                 ; Untyped                                                                               ;
; WIDTH_BYTEENA_A                    ; 1                    ; Untyped                                                                               ;
; WIDTH_BYTEENA_B                    ; 1                    ; Untyped                                                                               ;
; RAM_BLOCK_TYPE                     ; AUTO                 ; Untyped                                                                               ;
; BYTE_SIZE                          ; 8                    ; Untyped                                                                               ;
; READ_DURING_WRITE_MODE_MIXED_PORTS ; OLD_DATA             ; Untyped                                                                               ;
; READ_DURING_WRITE_MODE_PORT_A      ; NEW_DATA_NO_NBE_READ ; Untyped                                                                               ;
; READ_DURING_WRITE_MODE_PORT_B      ; NEW_DATA_NO_NBE_READ ; Untyped                                                                               ;
; INIT_FILE                          ; UNUSED               ; Untyped                                                                               ;
; INIT_FILE_LAYOUT                   ; PORT_A               ; Untyped                                                                               ;
; MAXIMUM_DEPTH                      ; 0                    ; Untyped                                                                               ;
; CLOCK_ENABLE_INPUT_A               ; NORMAL               ; Untyped                                                                               ;
; CLOCK_ENABLE_INPUT_B               ; NORMAL               ; Untyped                                                                               ;
; CLOCK_ENABLE_OUTPUT_A              ; NORMAL               ; Untyped                                                                               ;
; CLOCK_ENABLE_OUTPUT_B              ; NORMAL               ; Untyped                                                                               ;
; CLOCK_ENABLE_CORE_A                ; USE_INPUT_CLKEN      ; Untyped                                                                               ;
; CLOCK_ENABLE_CORE_B                ; USE_INPUT_CLKEN      ; Untyped                                                                               ;
; ENABLE_ECC                         ; FALSE                ; Untyped                                                                               ;
; ECC_PIPELINE_STAGE_ENABLED         ; FALSE                ; Untyped                                                                               ;
; WIDTH_ECCSTATUS                    ; 3                    ; Untyped                                                                               ;
; DEVICE_FAMILY                      ; Cyclone IV E         ; Untyped                                                                               ;
; CBXI_PARAMETER                     ; altsyncram_3oq1      ; Untyped                                                                               ;
+------------------------------------+----------------------+---------------------------------------------------------------------------------------+
Note: In order to hide this table in the UI and the text report file, please set the "Show Parameter Settings in Synthesis Report" option in "Analysis and Synthesis Settings -> More Settings" to "Off".


+---------------------------------------------------------------------------------------------------------------------------------------------------+
; Parameter Settings for Inferred Entity Instance: processing_generated:u_proc|FiveTuple_table:u_FiveTuple|altsyncram:mem_key_table_key_dport_rtl_0 ;
+------------------------------------+----------------------+---------------------------------------------------------------------------------------+
; Parameter Name                     ; Value                ; Type                                                                                  ;
+------------------------------------+----------------------+---------------------------------------------------------------------------------------+
; BYTE_SIZE_BLOCK                    ; 8                    ; Untyped                                                                               ;
; AUTO_CARRY_CHAINS                  ; ON                   ; AUTO_CARRY                                                                            ;
; IGNORE_CARRY_BUFFERS               ; OFF                  ; IGNORE_CARRY                                                                          ;
; AUTO_CASCADE_CHAINS                ; ON                   ; AUTO_CASCADE                                                                          ;
; IGNORE_CASCADE_BUFFERS             ; OFF                  ; IGNORE_CASCADE                                                                        ;
; WIDTH_BYTEENA                      ; 1                    ; Untyped                                                                               ;
; OPERATION_MODE                     ; BIDIR_DUAL_PORT      ; Untyped                                                                               ;
; WIDTH_A                            ; 16                   ; Untyped                                                                               ;
; WIDTHAD_A                          ; 13                   ; Untyped                                                                               ;
; NUMWORDS_A                         ; 8192                 ; Untyped                                                                               ;
; OUTDATA_REG_A                      ; UNREGISTERED         ; Untyped                                                                               ;
; ADDRESS_ACLR_A                     ; NONE                 ; Untyped                                                                               ;
; OUTDATA_ACLR_A                     ; NONE                 ; Untyped                                                                               ;
; WRCONTROL_ACLR_A                   ; NONE                 ; Untyped                                                                               ;
; INDATA_ACLR_A                      ; NONE                 ; Untyped                                                                               ;
; BYTEENA_ACLR_A                     ; NONE                 ; Untyped                                                                               ;
; WIDTH_B                            ; 16                   ; Untyped                                                                               ;
; WIDTHAD_B                          ; 13                   ; Untyped                                                                               ;
; NUMWORDS_B                         ; 8192                 ; Untyped                                                                               ;
; INDATA_REG_B                       ; CLOCK0               ; Untyped                                                                               ;
; WRCONTROL_WRADDRESS_REG_B          ; CLOCK0               ; Untyped                                                                               ;
; RDCONTROL_REG_B                    ; CLOCK1               ; Untyped                                                                               ;
; ADDRESS_REG_B                      ; CLOCK0               ; Untyped                                                                               ;
; OUTDATA_REG_B                      ; UNREGISTERED         ; Untyped                                                                               ;
; BYTEENA_REG_B                      ; CLOCK1               ; Untyped                                                                               ;
; INDATA_ACLR_B                      ; NONE                 ; Untyped                                                                               ;
; WRCONTROL_ACLR_B                   ; NONE                 ; Untyped                                                                               ;
; ADDRESS_ACLR_B                     ; NONE                 ; Untyped                                                                               ;
; OUTDATA_ACLR_B                     ; NONE                 ; Untyped                                                                               ;
; RDCONTROL_ACLR_B                   ; NONE                 ; Untyped                                                                               ;
; BYTEENA_ACLR_B                     ; NONE                 ; Untyped                                                                               ;
; WIDTH_BYTEENA_A                    ; 1                    ; Untyped                                                                               ;
; WIDTH_BYTEENA_B                    ; 1                    ; Untyped                                                                               ;
; RAM_BLOCK_TYPE                     ; AUTO                 ; Untyped                                                                               ;
; BYTE_SIZE                          ; 8                    ; Untyped                                                                               ;
; READ_DURING_WRITE_MODE_MIXED_PORTS ; OLD_DATA             ; Untyped                                                                               ;
; READ_DURING_WRITE_MODE_PORT_A      ; NEW_DATA_NO_NBE_READ ; Untyped                                                                               ;
; READ_DURING_WRITE_MODE_PORT_B      ; NEW_DATA_NO_NBE_READ ; Untyped                                                                               ;
; INIT_FILE                          ; UNUSED               ; Untyped                                                                               ;
; INIT_FILE_LAYOUT                   ; PORT_A               ; Untyped                                                                               ;
; MAXIMUM_DEPTH                      ; 0                    ; Untyped                                                                               ;
; CLOCK_ENABLE_INPUT_A               ; NORMAL               ; Untyped                                                                               ;
; CLOCK_ENABLE_INPUT_B               ; NORMAL               ; Untyped                                                                               ;
; CLOCK_ENABLE_OUTPUT_A              ; NORMAL               ; Untyped                                                                               ;
; CLOCK_ENABLE_OUTPUT_B              ; NORMAL               ; Untyped                                                                               ;
; CLOCK_ENABLE_CORE_A                ; USE_INPUT_CLKEN      ; Untyped                                                                               ;
; CLOCK_ENABLE_CORE_B                ; USE_INPUT_CLKEN      ; Untyped                                                                               ;
; ENABLE_ECC                         ; FALSE                ; Untyped                                                                               ;
; ECC_PIPELINE_STAGE_ENABLED         ; FALSE                ; Untyped                                                                               ;
; WIDTH_ECCSTATUS                    ; 3                    ; Untyped                                                                               ;
; DEVICE_FAMILY                      ; Cyclone IV E         ; Untyped                                                                               ;
; CBXI_PARAMETER                     ; altsyncram_3oq1      ; Untyped                                                                               ;
+------------------------------------+----------------------+---------------------------------------------------------------------------------------+
Note: In order to hide this table in the UI and the text report file, please set the "Show Parameter Settings in Synthesis Report" option in "Analysis and Synthesis Settings -> More Settings" to "Off".


+-------------------------------------------------------------------------------------------------------------------------------------+
; Parameter Settings for Inferred Entity Instance: processing_generated:u_proc|FiveTuple_table:u_FiveTuple|altsyncram:mem_valid_rtl_0 ;
+------------------------------------+----------------------+-------------------------------------------------------------------------+
; Parameter Name                     ; Value                ; Type                                                                    ;
+------------------------------------+----------------------+-------------------------------------------------------------------------+
; BYTE_SIZE_BLOCK                    ; 8                    ; Untyped                                                                 ;
; AUTO_CARRY_CHAINS                  ; ON                   ; AUTO_CARRY                                                              ;
; IGNORE_CARRY_BUFFERS               ; OFF                  ; IGNORE_CARRY                                                            ;
; AUTO_CASCADE_CHAINS                ; ON                   ; AUTO_CASCADE                                                            ;
; IGNORE_CASCADE_BUFFERS             ; OFF                  ; IGNORE_CASCADE                                                          ;
; WIDTH_BYTEENA                      ; 1                    ; Untyped                                                                 ;
; OPERATION_MODE                     ; DUAL_PORT            ; Untyped                                                                 ;
; WIDTH_A                            ; 1                    ; Untyped                                                                 ;
; WIDTHAD_A                          ; 13                   ; Untyped                                                                 ;
; NUMWORDS_A                         ; 8192                 ; Untyped                                                                 ;
; OUTDATA_REG_A                      ; UNREGISTERED         ; Untyped                                                                 ;
; ADDRESS_ACLR_A                     ; NONE                 ; Untyped                                                                 ;
; OUTDATA_ACLR_A                     ; NONE                 ; Untyped                                                                 ;
; WRCONTROL_ACLR_A                   ; NONE                 ; Untyped                                                                 ;
; INDATA_ACLR_A                      ; NONE                 ; Untyped                                                                 ;
; BYTEENA_ACLR_A                     ; NONE                 ; Untyped                                                                 ;
; WIDTH_B                            ; 1                    ; Untyped                                                                 ;
; WIDTHAD_B                          ; 13                   ; Untyped                                                                 ;
; NUMWORDS_B                         ; 8192                 ; Untyped                                                                 ;
; INDATA_REG_B                       ; CLOCK1               ; Untyped                                                                 ;
; WRCONTROL_WRADDRESS_REG_B          ; CLOCK1               ; Untyped                                                                 ;
; RDCONTROL_REG_B                    ; CLOCK1               ; Untyped                                                                 ;
; ADDRESS_REG_B                      ; CLOCK0               ; Untyped                                                                 ;
; OUTDATA_REG_B                      ; UNREGISTERED         ; Untyped                                                                 ;
; BYTEENA_REG_B                      ; CLOCK1               ; Untyped                                                                 ;
; INDATA_ACLR_B                      ; NONE                 ; Untyped                                                                 ;
; WRCONTROL_ACLR_B                   ; NONE                 ; Untyped                                                                 ;
; ADDRESS_ACLR_B                     ; NONE                 ; Untyped                                                                 ;
; OUTDATA_ACLR_B                     ; NONE                 ; Untyped                                                                 ;
; RDCONTROL_ACLR_B                   ; NONE                 ; Untyped                                                                 ;
; BYTEENA_ACLR_B                     ; NONE                 ; Untyped                                                                 ;
; WIDTH_BYTEENA_A                    ; 1                    ; Untyped                                                                 ;
; WIDTH_BYTEENA_B                    ; 1                    ; Untyped                                                                 ;
; RAM_BLOCK_TYPE                     ; AUTO                 ; Untyped                                                                 ;
; BYTE_SIZE                          ; 8                    ; Untyped                                                                 ;
; READ_DURING_WRITE_MODE_MIXED_PORTS ; DONT_CARE            ; Untyped                                                                 ;
; READ_DURING_WRITE_MODE_PORT_A      ; NEW_DATA_NO_NBE_READ ; Untyped                                                                 ;
; READ_DURING_WRITE_MODE_PORT_B      ; NEW_DATA_NO_NBE_READ ; Untyped                                                                 ;
; INIT_FILE                          ; UNUSED               ; Untyped                                                                 ;
; INIT_FILE_LAYOUT                   ; PORT_A               ; Untyped                                                                 ;
; MAXIMUM_DEPTH                      ; 0                    ; Untyped                                                                 ;
; CLOCK_ENABLE_INPUT_A               ; NORMAL               ; Untyped                                                                 ;
; CLOCK_ENABLE_INPUT_B               ; NORMAL               ; Untyped                                                                 ;
; CLOCK_ENABLE_OUTPUT_A              ; NORMAL               ; Untyped                                                                 ;
; CLOCK_ENABLE_OUTPUT_B              ; NORMAL               ; Untyped                                                                 ;
; CLOCK_ENABLE_CORE_A                ; USE_INPUT_CLKEN      ; Untyped                                                                 ;
; CLOCK_ENABLE_CORE_B                ; USE_INPUT_CLKEN      ; Untyped                                                                 ;
; ENABLE_ECC                         ; FALSE                ; Untyped                                                                 ;
; ECC_PIPELINE_STAGE_ENABLED         ; FALSE                ; Untyped                                                                 ;
; WIDTH_ECCSTATUS                    ; 3                    ; Untyped                                                                 ;
; DEVICE_FAMILY                      ; Cyclone IV E         ; Untyped                                                                 ;
; CBXI_PARAMETER                     ; altsyncram_ajc1      ; Untyped                                                                 ;
+------------------------------------+----------------------+-------------------------------------------------------------------------+
Note: In order to hide this table in the UI and the text report file, please set the "Show Parameter Settings in Synthesis Report" option in "Analysis and Synthesis Settings -> More Settings" to "Off".


+-----------------------------------------------------------------------------------------------------------------------------------------------+
; Parameter Settings for Inferred Entity Instance: processing_generated:u_proc|FiveTuple_table:u_FiveTuple|altsyncram:mem_p_counter_index_rtl_0 ;
+------------------------------------+----------------------+-----------------------------------------------------------------------------------+
; Parameter Name                     ; Value                ; Type                                                                              ;
+------------------------------------+----------------------+-----------------------------------------------------------------------------------+
; BYTE_SIZE_BLOCK                    ; 8                    ; Untyped                                                                           ;
; AUTO_CARRY_CHAINS                  ; ON                   ; AUTO_CARRY                                                                        ;
; IGNORE_CARRY_BUFFERS               ; OFF                  ; IGNORE_CARRY                                                                      ;
; AUTO_CASCADE_CHAINS                ; ON                   ; AUTO_CASCADE                                                                      ;
; IGNORE_CASCADE_BUFFERS             ; OFF                  ; IGNORE_CASCADE                                                                    ;
; WIDTH_BYTEENA                      ; 1                    ; Untyped                                                                           ;
; OPERATION_MODE                     ; BIDIR_DUAL_PORT      ; Untyped                                                                           ;
; WIDTH_A                            ; 13                   ; Untyped                                                                           ;
; WIDTHAD_A                          ; 13                   ; Untyped                                                                           ;
; NUMWORDS_A                         ; 8192                 ; Untyped                                                                           ;
; OUTDATA_REG_A                      ; UNREGISTERED         ; Untyped                                                                           ;
; ADDRESS_ACLR_A                     ; NONE                 ; Untyped                                                                           ;
; OUTDATA_ACLR_A                     ; NONE                 ; Untyped                                                                           ;
; WRCONTROL_ACLR_A                   ; NONE                 ; Untyped                                                                           ;
; INDATA_ACLR_A                      ; NONE                 ; Untyped                                                                           ;
; BYTEENA_ACLR_A                     ; NONE                 ; Untyped                                                                           ;
; WIDTH_B                            ; 13                   ; Untyped                                                                           ;
; WIDTHAD_B                          ; 13                   ; Untyped                                                                           ;
; NUMWORDS_B                         ; 8192                 ; Untyped                                                                           ;
; INDATA_REG_B                       ; CLOCK0               ; Untyped                                                                           ;
; WRCONTROL_WRADDRESS_REG_B          ; CLOCK0               ; Untyped                                                                           ;
; RDCONTROL_REG_B                    ; CLOCK1               ; Untyped                                                                           ;
; ADDRESS_REG_B                      ; CLOCK0               ; Untyped                                                                           ;
; OUTDATA_REG_B                      ; UNREGISTERED         ; Untyped                                                                           ;
; BYTEENA_REG_B                      ; CLOCK1               ; Untyped                                                                           ;
; INDATA_ACLR_B                      ; NONE                 ; Untyped                                                                           ;
; WRCONTROL_ACLR_B                   ; NONE                 ; Untyped                                                                           ;
; ADDRESS_ACLR_B                     ; NONE                 ; Untyped                                                                           ;
; OUTDATA_ACLR_B                     ; NONE                 ; Untyped                                                                           ;
; RDCONTROL_ACLR_B                   ; NONE                 ; Untyped                                                                           ;
; BYTEENA_ACLR_B                     ; NONE                 ; Untyped                                                                           ;
; WIDTH_BYTEENA_A                    ; 1                    ; Untyped                                                                           ;
; WIDTH_BYTEENA_B                    ; 1                    ; Untyped                                                                           ;
; RAM_BLOCK_TYPE                     ; AUTO                 ; Untyped                                                                           ;
; BYTE_SIZE                          ; 8                    ; Untyped                                                                           ;
; READ_DURING_WRITE_MODE_MIXED_PORTS ; OLD_DATA             ; Untyped                                                                           ;
; READ_DURING_WRITE_MODE_PORT_A      ; NEW_DATA_NO_NBE_READ ; Untyped                                                                           ;
; READ_DURING_WRITE_MODE_PORT_B      ; NEW_DATA_NO_NBE_READ ; Untyped                                                                           ;
; INIT_FILE                          ; UNUSED               ; Untyped                                                                           ;
; INIT_FILE_LAYOUT                   ; PORT_A               ; Untyped                                                                           ;
; MAXIMUM_DEPTH                      ; 0                    ; Untyped                                                                           ;
; CLOCK_ENABLE_INPUT_A               ; NORMAL               ; Untyped                                                                           ;
; CLOCK_ENABLE_INPUT_B               ; NORMAL               ; Untyped                                                                           ;
; CLOCK_ENABLE_OUTPUT_A              ; NORMAL               ; Untyped                                                                           ;
; CLOCK_ENABLE_OUTPUT_B              ; NORMAL               ; Untyped                                                                           ;
; CLOCK_ENABLE_CORE_A                ; USE_INPUT_CLKEN      ; Untyped                                                                           ;
; CLOCK_ENABLE_CORE_B                ; USE_INPUT_CLKEN      ; Untyped                                                                           ;
; ENABLE_ECC                         ; FALSE                ; Untyped                                                                           ;
; ECC_PIPELINE_STAGE_ENABLED         ; FALSE                ; Untyped                                                                           ;
; WIDTH_ECCSTATUS                    ; 3                    ; Untyped                                                                           ;
; DEVICE_FAMILY                      ; Cyclone IV E         ; Untyped                                                                           ;
; CBXI_PARAMETER                     ; altsyncram_tnq1      ; Untyped                                                                           ;
+------------------------------------+----------------------+-----------------------------------------------------------------------------------+
Note: In order to hide this table in the UI and the text report file, please set the "Show Parameter Settings in Synthesis Report" option in "Analysis and Synthesis Settings -> More Settings" to "Off".


+-------------------------------------------------------------------------------------------------------------------------------------+
; Parameter Settings for Inferred Entity Instance: processing_generated:u_proc|FiveTuple_table:u_FiveTuple|altsyncram:mem_p_pcp_rtl_0 ;
+------------------------------------+----------------------+-------------------------------------------------------------------------+
; Parameter Name                     ; Value                ; Type                                                                    ;
+------------------------------------+----------------------+-------------------------------------------------------------------------+
; BYTE_SIZE_BLOCK                    ; 8                    ; Untyped                                                                 ;
; AUTO_CARRY_CHAINS                  ; ON                   ; AUTO_CARRY                                                              ;
; IGNORE_CARRY_BUFFERS               ; OFF                  ; IGNORE_CARRY                                                            ;
; AUTO_CASCADE_CHAINS                ; ON                   ; AUTO_CASCADE                                                            ;
; IGNORE_CASCADE_BUFFERS             ; OFF                  ; IGNORE_CASCADE                                                          ;
; WIDTH_BYTEENA                      ; 1                    ; Untyped                                                                 ;
; OPERATION_MODE                     ; BIDIR_DUAL_PORT      ; Untyped                                                                 ;
; WIDTH_A                            ; 3                    ; Untyped                                                                 ;
; WIDTHAD_A                          ; 13                   ; Untyped                                                                 ;
; NUMWORDS_A                         ; 8192                 ; Untyped                                                                 ;
; OUTDATA_REG_A                      ; UNREGISTERED         ; Untyped                                                                 ;
; ADDRESS_ACLR_A                     ; NONE                 ; Untyped                                                                 ;
; OUTDATA_ACLR_A                     ; NONE                 ; Untyped                                                                 ;
; WRCONTROL_ACLR_A                   ; NONE                 ; Untyped                                                                 ;
; INDATA_ACLR_A                      ; NONE                 ; Untyped                                                                 ;
; BYTEENA_ACLR_A                     ; NONE                 ; Untyped                                                                 ;
; WIDTH_B                            ; 3                    ; Untyped                                                                 ;
; WIDTHAD_B                          ; 13                   ; Untyped                                                                 ;
; NUMWORDS_B                         ; 8192                 ; Untyped                                                                 ;
; INDATA_REG_B                       ; CLOCK0               ; Untyped                                                                 ;
; WRCONTROL_WRADDRESS_REG_B          ; CLOCK0               ; Untyped                                                                 ;
; RDCONTROL_REG_B                    ; CLOCK1               ; Untyped                                                                 ;
; ADDRESS_REG_B                      ; CLOCK0               ; Untyped                                                                 ;
; OUTDATA_REG_B                      ; UNREGISTERED         ; Untyped                                                                 ;
; BYTEENA_REG_B                      ; CLOCK1               ; Untyped                                                                 ;
; INDATA_ACLR_B                      ; NONE                 ; Untyped                                                                 ;
; WRCONTROL_ACLR_B                   ; NONE                 ; Untyped                                                                 ;
; ADDRESS_ACLR_B                     ; NONE                 ; Untyped                                                                 ;
; OUTDATA_ACLR_B                     ; NONE                 ; Untyped                                                                 ;
; RDCONTROL_ACLR_B                   ; NONE                 ; Untyped                                                                 ;
; BYTEENA_ACLR_B                     ; NONE                 ; Untyped                                                                 ;
; WIDTH_BYTEENA_A                    ; 1                    ; Untyped                                                                 ;
; WIDTH_BYTEENA_B                    ; 1                    ; Untyped                                                                 ;
; RAM_BLOCK_TYPE                     ; AUTO                 ; Untyped                                                                 ;
; BYTE_SIZE                          ; 8                    ; Untyped                                                                 ;
; READ_DURING_WRITE_MODE_MIXED_PORTS ; OLD_DATA             ; Untyped                                                                 ;
; READ_DURING_WRITE_MODE_PORT_A      ; NEW_DATA_NO_NBE_READ ; Untyped                                                                 ;
; READ_DURING_WRITE_MODE_PORT_B      ; NEW_DATA_NO_NBE_READ ; Untyped                                                                 ;
; INIT_FILE                          ; UNUSED               ; Untyped                                                                 ;
; INIT_FILE_LAYOUT                   ; PORT_A               ; Untyped                                                                 ;
; MAXIMUM_DEPTH                      ; 0                    ; Untyped                                                                 ;
; CLOCK_ENABLE_INPUT_A               ; NORMAL               ; Untyped                                                                 ;
; CLOCK_ENABLE_INPUT_B               ; NORMAL               ; Untyped                                                                 ;
; CLOCK_ENABLE_OUTPUT_A              ; NORMAL               ; Untyped                                                                 ;
; CLOCK_ENABLE_OUTPUT_B              ; NORMAL               ; Untyped                                                                 ;
; CLOCK_ENABLE_CORE_A                ; USE_INPUT_CLKEN      ; Untyped                                                                 ;
; CLOCK_ENABLE_CORE_B                ; USE_INPUT_CLKEN      ; Untyped                                                                 ;
; ENABLE_ECC                         ; FALSE                ; Untyped                                                                 ;
; ECC_PIPELINE_STAGE_ENABLED         ; FALSE                ; Untyped                                                                 ;
; WIDTH_ECCSTATUS                    ; 3                    ; Untyped                                                                 ;
; DEVICE_FAMILY                      ; Cyclone IV E         ; Untyped                                                                 ;
; CBXI_PARAMETER                     ; altsyncram_rkq1      ; Untyped                                                                 ;
+------------------------------------+----------------------+-------------------------------------------------------------------------+
Note: In order to hide this table in the UI and the text report file, please set the "Show Parameter Settings in Synthesis Report" option in "Analysis and Synthesis Settings -> More Settings" to "Off".


+-------------------------------------------------------------------------------------------------------------------------------------+
; Parameter Settings for Inferred Entity Instance: processing_generated:u_proc|FiveTuple_table:u_FiveTuple|altsyncram:mem_p_cfi_rtl_0 ;
+------------------------------------+----------------------+-------------------------------------------------------------------------+
; Parameter Name                     ; Value                ; Type                                                                    ;
+------------------------------------+----------------------+-------------------------------------------------------------------------+
; BYTE_SIZE_BLOCK                    ; 8                    ; Untyped                                                                 ;
; AUTO_CARRY_CHAINS                  ; ON                   ; AUTO_CARRY                                                              ;
; IGNORE_CARRY_BUFFERS               ; OFF                  ; IGNORE_CARRY                                                            ;
; AUTO_CASCADE_CHAINS                ; ON                   ; AUTO_CASCADE                                                            ;
; IGNORE_CASCADE_BUFFERS             ; OFF                  ; IGNORE_CASCADE                                                          ;
; WIDTH_BYTEENA                      ; 1                    ; Untyped                                                                 ;
; OPERATION_MODE                     ; BIDIR_DUAL_PORT      ; Untyped                                                                 ;
; WIDTH_A                            ; 1                    ; Untyped                                                                 ;
; WIDTHAD_A                          ; 13                   ; Untyped                                                                 ;
; NUMWORDS_A                         ; 8192                 ; Untyped                                                                 ;
; OUTDATA_REG_A                      ; UNREGISTERED         ; Untyped                                                                 ;
; ADDRESS_ACLR_A                     ; NONE                 ; Untyped                                                                 ;
; OUTDATA_ACLR_A                     ; NONE                 ; Untyped                                                                 ;
; WRCONTROL_ACLR_A                   ; NONE                 ; Untyped                                                                 ;
; INDATA_ACLR_A                      ; NONE                 ; Untyped                                                                 ;
; BYTEENA_ACLR_A                     ; NONE                 ; Untyped                                                                 ;
; WIDTH_B                            ; 1                    ; Untyped                                                                 ;
; WIDTHAD_B                          ; 13                   ; Untyped                                                                 ;
; NUMWORDS_B                         ; 8192                 ; Untyped                                                                 ;
; INDATA_REG_B                       ; CLOCK0               ; Untyped                                                                 ;
; WRCONTROL_WRADDRESS_REG_B          ; CLOCK0               ; Untyped                                                                 ;
; RDCONTROL_REG_B                    ; CLOCK1               ; Untyped                                                                 ;
; ADDRESS_REG_B                      ; CLOCK0               ; Untyped                                                                 ;
; OUTDATA_REG_B                      ; UNREGISTERED         ; Untyped                                                                 ;
; BYTEENA_REG_B                      ; CLOCK1               ; Untyped                                                                 ;
; INDATA_ACLR_B                      ; NONE                 ; Untyped                                                                 ;
; WRCONTROL_ACLR_B                   ; NONE                 ; Untyped                                                                 ;
; ADDRESS_ACLR_B                     ; NONE                 ; Untyped                                                                 ;
; OUTDATA_ACLR_B                     ; NONE                 ; Untyped                                                                 ;
; RDCONTROL_ACLR_B                   ; NONE                 ; Untyped                                                                 ;
; BYTEENA_ACLR_B                     ; NONE                 ; Untyped                                                                 ;
; WIDTH_BYTEENA_A                    ; 1                    ; Untyped                                                                 ;
; WIDTH_BYTEENA_B                    ; 1                    ; Untyped                                                                 ;
; RAM_BLOCK_TYPE                     ; AUTO                 ; Untyped                                                                 ;
; BYTE_SIZE                          ; 8                    ; Untyped                                                                 ;
; READ_DURING_WRITE_MODE_MIXED_PORTS ; OLD_DATA             ; Untyped                                                                 ;
; READ_DURING_WRITE_MODE_PORT_A      ; NEW_DATA_NO_NBE_READ ; Untyped                                                                 ;
; READ_DURING_WRITE_MODE_PORT_B      ; NEW_DATA_NO_NBE_READ ; Untyped                                                                 ;
; INIT_FILE                          ; UNUSED               ; Untyped                                                                 ;
; INIT_FILE_LAYOUT                   ; PORT_A               ; Untyped                                                                 ;
; MAXIMUM_DEPTH                      ; 0                    ; Untyped                                                                 ;
; CLOCK_ENABLE_INPUT_A               ; NORMAL               ; Untyped                                                                 ;
; CLOCK_ENABLE_INPUT_B               ; NORMAL               ; Untyped                                                                 ;
; CLOCK_ENABLE_OUTPUT_A              ; NORMAL               ; Untyped                                                                 ;
; CLOCK_ENABLE_OUTPUT_B              ; NORMAL               ; Untyped                                                                 ;
; CLOCK_ENABLE_CORE_A                ; USE_INPUT_CLKEN      ; Untyped                                                                 ;
; CLOCK_ENABLE_CORE_B                ; USE_INPUT_CLKEN      ; Untyped                                                                 ;
; ENABLE_ECC                         ; FALSE                ; Untyped                                                                 ;
; ECC_PIPELINE_STAGE_ENABLED         ; FALSE                ; Untyped                                                                 ;
; WIDTH_ECCSTATUS                    ; 3                    ; Untyped                                                                 ;
; DEVICE_FAMILY                      ; Cyclone IV E         ; Untyped                                                                 ;
; CBXI_PARAMETER                     ; altsyncram_nkq1      ; Untyped                                                                 ;
+------------------------------------+----------------------+-------------------------------------------------------------------------+
Note: In order to hide this table in the UI and the text report file, please set the "Show Parameter Settings in Synthesis Report" option in "Analysis and Synthesis Settings -> More Settings" to "Off".


+-------------------------------------------------------------------------------------------------------------------------------------+
; Parameter Settings for Inferred Entity Instance: processing_generated:u_proc|FiveTuple_table:u_FiveTuple|altsyncram:mem_p_vid_rtl_0 ;
+------------------------------------+----------------------+-------------------------------------------------------------------------+
; Parameter Name                     ; Value                ; Type                                                                    ;
+------------------------------------+----------------------+-------------------------------------------------------------------------+
; BYTE_SIZE_BLOCK                    ; 8                    ; Untyped                                                                 ;
; AUTO_CARRY_CHAINS                  ; ON                   ; AUTO_CARRY                                                              ;
; IGNORE_CARRY_BUFFERS               ; OFF                  ; IGNORE_CARRY                                                            ;
; AUTO_CASCADE_CHAINS                ; ON                   ; AUTO_CASCADE                                                            ;
; IGNORE_CASCADE_BUFFERS             ; OFF                  ; IGNORE_CASCADE                                                          ;
; WIDTH_BYTEENA                      ; 1                    ; Untyped                                                                 ;
; OPERATION_MODE                     ; BIDIR_DUAL_PORT      ; Untyped                                                                 ;
; WIDTH_A                            ; 12                   ; Untyped                                                                 ;
; WIDTHAD_A                          ; 13                   ; Untyped                                                                 ;
; NUMWORDS_A                         ; 8192                 ; Untyped                                                                 ;
; OUTDATA_REG_A                      ; UNREGISTERED         ; Untyped                                                                 ;
; ADDRESS_ACLR_A                     ; NONE                 ; Untyped                                                                 ;
; OUTDATA_ACLR_A                     ; NONE                 ; Untyped                                                                 ;
; WRCONTROL_ACLR_A                   ; NONE                 ; Untyped                                                                 ;
; INDATA_ACLR_A                      ; NONE                 ; Untyped                                                                 ;
; BYTEENA_ACLR_A                     ; NONE                 ; Untyped                                                                 ;
; WIDTH_B                            ; 12                   ; Untyped                                                                 ;
; WIDTHAD_B                          ; 13                   ; Untyped                                                                 ;
; NUMWORDS_B                         ; 8192                 ; Untyped                                                                 ;
; INDATA_REG_B                       ; CLOCK0               ; Untyped                                                                 ;
; WRCONTROL_WRADDRESS_REG_B          ; CLOCK0               ; Untyped                                                                 ;
; RDCONTROL_REG_B                    ; CLOCK1               ; Untyped                                                                 ;
; ADDRESS_REG_B                      ; CLOCK0               ; Untyped                                                                 ;
; OUTDATA_REG_B                      ; UNREGISTERED         ; Untyped                                                                 ;
; BYTEENA_REG_B                      ; CLOCK1               ; Untyped                                                                 ;
; INDATA_ACLR_B                      ; NONE                 ; Untyped                                                                 ;
; WRCONTROL_ACLR_B                   ; NONE                 ; Untyped                                                                 ;
; ADDRESS_ACLR_B                     ; NONE                 ; Untyped                                                                 ;
; OUTDATA_ACLR_B                     ; NONE                 ; Untyped                                                                 ;
; RDCONTROL_ACLR_B                   ; NONE                 ; Untyped                                                                 ;
; BYTEENA_ACLR_B                     ; NONE                 ; Untyped                                                                 ;
; WIDTH_BYTEENA_A                    ; 1                    ; Untyped                                                                 ;
; WIDTH_BYTEENA_B                    ; 1                    ; Untyped                                                                 ;
; RAM_BLOCK_TYPE                     ; AUTO                 ; Untyped                                                                 ;
; BYTE_SIZE                          ; 8                    ; Untyped                                                                 ;
; READ_DURING_WRITE_MODE_MIXED_PORTS ; OLD_DATA             ; Untyped                                                                 ;
; READ_DURING_WRITE_MODE_PORT_A      ; NEW_DATA_NO_NBE_READ ; Untyped                                                                 ;
; READ_DURING_WRITE_MODE_PORT_B      ; NEW_DATA_NO_NBE_READ ; Untyped                                                                 ;
; INIT_FILE                          ; UNUSED               ; Untyped                                                                 ;
; INIT_FILE_LAYOUT                   ; PORT_A               ; Untyped                                                                 ;
; MAXIMUM_DEPTH                      ; 0                    ; Untyped                                                                 ;
; CLOCK_ENABLE_INPUT_A               ; NORMAL               ; Untyped                                                                 ;
; CLOCK_ENABLE_INPUT_B               ; NORMAL               ; Untyped                                                                 ;
; CLOCK_ENABLE_OUTPUT_A              ; NORMAL               ; Untyped                                                                 ;
; CLOCK_ENABLE_OUTPUT_B              ; NORMAL               ; Untyped                                                                 ;
; CLOCK_ENABLE_CORE_A                ; USE_INPUT_CLKEN      ; Untyped                                                                 ;
; CLOCK_ENABLE_CORE_B                ; USE_INPUT_CLKEN      ; Untyped                                                                 ;
; ENABLE_ECC                         ; FALSE                ; Untyped                                                                 ;
; ECC_PIPELINE_STAGE_ENABLED         ; FALSE                ; Untyped                                                                 ;
; WIDTH_ECCSTATUS                    ; 3                    ; Untyped                                                                 ;
; DEVICE_FAMILY                      ; Cyclone IV E         ; Untyped                                                                 ;
; CBXI_PARAMETER                     ; altsyncram_rnq1      ; Untyped                                                                 ;
+------------------------------------+----------------------+-------------------------------------------------------------------------+
Note: In order to hide this table in the UI and the text report file, please set the "Show Parameter Settings in Synthesis Report" option in "Analysis and Synthesis Settings -> More Settings" to "Off".


+-----------------------------------------------------------------------------------------------------------------+
; Parameter Settings for Inferred Entity Instance: PacketCounter_counter:u_PacketCounter|altsyncram:pkt_mem_rtl_0 ;
+------------------------------------+----------------------+-----------------------------------------------------+
; Parameter Name                     ; Value                ; Type                                                ;
+------------------------------------+----------------------+-----------------------------------------------------+
; BYTE_SIZE_BLOCK                    ; 8                    ; Untyped                                             ;
; AUTO_CARRY_CHAINS                  ; ON                   ; AUTO_CARRY                                          ;
; IGNORE_CARRY_BUFFERS               ; OFF                  ; IGNORE_CARRY                                        ;
; AUTO_CASCADE_CHAINS                ; ON                   ; AUTO_CASCADE                                        ;
; IGNORE_CASCADE_BUFFERS             ; OFF                  ; IGNORE_CASCADE                                      ;
; WIDTH_BYTEENA                      ; 1                    ; Untyped                                             ;
; OPERATION_MODE                     ; BIDIR_DUAL_PORT      ; Untyped                                             ;
; WIDTH_A                            ; 64                   ; Untyped                                             ;
; WIDTHAD_A                          ; 13                   ; Untyped                                             ;
; NUMWORDS_A                         ; 8192                 ; Untyped                                             ;
; OUTDATA_REG_A                      ; UNREGISTERED         ; Untyped                                             ;
; ADDRESS_ACLR_A                     ; NONE                 ; Untyped                                             ;
; OUTDATA_ACLR_A                     ; NONE                 ; Untyped                                             ;
; WRCONTROL_ACLR_A                   ; NONE                 ; Untyped                                             ;
; INDATA_ACLR_A                      ; NONE                 ; Untyped                                             ;
; BYTEENA_ACLR_A                     ; NONE                 ; Untyped                                             ;
; WIDTH_B                            ; 64                   ; Untyped                                             ;
; WIDTHAD_B                          ; 13                   ; Untyped                                             ;
; NUMWORDS_B                         ; 8192                 ; Untyped                                             ;
; INDATA_REG_B                       ; CLOCK0               ; Untyped                                             ;
; WRCONTROL_WRADDRESS_REG_B          ; CLOCK0               ; Untyped                                             ;
; RDCONTROL_REG_B                    ; CLOCK1               ; Untyped                                             ;
; ADDRESS_REG_B                      ; CLOCK0               ; Untyped                                             ;
; OUTDATA_REG_B                      ; UNREGISTERED         ; Untyped                                             ;
; BYTEENA_REG_B                      ; CLOCK1               ; Untyped                                             ;
; INDATA_ACLR_B                      ; NONE                 ; Untyped                                             ;
; WRCONTROL_ACLR_B                   ; NONE                 ; Untyped                                             ;
; ADDRESS_ACLR_B                     ; NONE                 ; Untyped                                             ;
; OUTDATA_ACLR_B                     ; NONE                 ; Untyped                                             ;
; RDCONTROL_ACLR_B                   ; NONE                 ; Untyped                                             ;
; BYTEENA_ACLR_B                     ; NONE                 ; Untyped                                             ;
; WIDTH_BYTEENA_A                    ; 1                    ; Untyped                                             ;
; WIDTH_BYTEENA_B                    ; 1                    ; Untyped                                             ;
; RAM_BLOCK_TYPE                     ; AUTO                 ; Untyped                                             ;
; BYTE_SIZE                          ; 8                    ; Untyped                                             ;
; READ_DURING_WRITE_MODE_MIXED_PORTS ; OLD_DATA             ; Untyped                                             ;
; READ_DURING_WRITE_MODE_PORT_A      ; NEW_DATA_NO_NBE_READ ; Untyped                                             ;
; READ_DURING_WRITE_MODE_PORT_B      ; NEW_DATA_NO_NBE_READ ; Untyped                                             ;
; INIT_FILE                          ; UNUSED               ; Untyped                                             ;
; INIT_FILE_LAYOUT                   ; PORT_A               ; Untyped                                             ;
; MAXIMUM_DEPTH                      ; 0                    ; Untyped                                             ;
; CLOCK_ENABLE_INPUT_A               ; NORMAL               ; Untyped                                             ;
; CLOCK_ENABLE_INPUT_B               ; NORMAL               ; Untyped                                             ;
; CLOCK_ENABLE_OUTPUT_A              ; NORMAL               ; Untyped                                             ;
; CLOCK_ENABLE_OUTPUT_B              ; NORMAL               ; Untyped                                             ;
; CLOCK_ENABLE_CORE_A                ; USE_INPUT_CLKEN      ; Untyped                                             ;
; CLOCK_ENABLE_CORE_B                ; USE_INPUT_CLKEN      ; Untyped                                             ;
; ENABLE_ECC                         ; FALSE                ; Untyped                                             ;
; ECC_PIPELINE_STAGE_ENABLED         ; FALSE                ; Untyped                                             ;
; WIDTH_ECCSTATUS                    ; 3                    ; Untyped                                             ;
; DEVICE_FAMILY                      ; Cyclone IV E         ; Untyped                                             ;
; CBXI_PARAMETER                     ; altsyncram_9oq1      ; Untyped                                             ;
+------------------------------------+----------------------+-----------------------------------------------------+
Note: In order to hide this table in the UI and the text report file, please set the "Show Parameter Settings in Synthesis Report" option in "Analysis and Synthesis Settings -> More Settings" to "Off".


+--------------------------------------------------------------------------------------------------------------+
; Parameter Settings for Inferred Entity Instance: ByteCounter_counter:u_ByteCounter|altsyncram:byte_mem_rtl_0 ;
+------------------------------------+----------------------+--------------------------------------------------+
; Parameter Name                     ; Value                ; Type                                             ;
+------------------------------------+----------------------+--------------------------------------------------+
; BYTE_SIZE_BLOCK                    ; 8                    ; Untyped                                          ;
; AUTO_CARRY_CHAINS                  ; ON                   ; AUTO_CARRY                                       ;
; IGNORE_CARRY_BUFFERS               ; OFF                  ; IGNORE_CARRY                                     ;
; AUTO_CASCADE_CHAINS                ; ON                   ; AUTO_CASCADE                                     ;
; IGNORE_CASCADE_BUFFERS             ; OFF                  ; IGNORE_CASCADE                                   ;
; WIDTH_BYTEENA                      ; 1                    ; Untyped                                          ;
; OPERATION_MODE                     ; BIDIR_DUAL_PORT      ; Untyped                                          ;
; WIDTH_A                            ; 64                   ; Untyped                                          ;
; WIDTHAD_A                          ; 13                   ; Untyped                                          ;
; NUMWORDS_A                         ; 8192                 ; Untyped                                          ;
; OUTDATA_REG_A                      ; UNREGISTERED         ; Untyped                                          ;
; ADDRESS_ACLR_A                     ; NONE                 ; Untyped                                          ;
; OUTDATA_ACLR_A                     ; NONE                 ; Untyped                                          ;
; WRCONTROL_ACLR_A                   ; NONE                 ; Untyped                                          ;
; INDATA_ACLR_A                      ; NONE                 ; Untyped                                          ;
; BYTEENA_ACLR_A                     ; NONE                 ; Untyped                                          ;
; WIDTH_B                            ; 64                   ; Untyped                                          ;
; WIDTHAD_B                          ; 13                   ; Untyped                                          ;
; NUMWORDS_B                         ; 8192                 ; Untyped                                          ;
; INDATA_REG_B                       ; CLOCK0               ; Untyped                                          ;
; WRCONTROL_WRADDRESS_REG_B          ; CLOCK0               ; Untyped                                          ;
; RDCONTROL_REG_B                    ; CLOCK1               ; Untyped                                          ;
; ADDRESS_REG_B                      ; CLOCK0               ; Untyped                                          ;
; OUTDATA_REG_B                      ; UNREGISTERED         ; Untyped                                          ;
; BYTEENA_REG_B                      ; CLOCK1               ; Untyped                                          ;
; INDATA_ACLR_B                      ; NONE                 ; Untyped                                          ;
; WRCONTROL_ACLR_B                   ; NONE                 ; Untyped                                          ;
; ADDRESS_ACLR_B                     ; NONE                 ; Untyped                                          ;
; OUTDATA_ACLR_B                     ; NONE                 ; Untyped                                          ;
; RDCONTROL_ACLR_B                   ; NONE                 ; Untyped                                          ;
; BYTEENA_ACLR_B                     ; NONE                 ; Untyped                                          ;
; WIDTH_BYTEENA_A                    ; 1                    ; Untyped                                          ;
; WIDTH_BYTEENA_B                    ; 1                    ; Untyped                                          ;
; RAM_BLOCK_TYPE                     ; AUTO                 ; Untyped                                          ;
; BYTE_SIZE                          ; 8                    ; Untyped                                          ;
; READ_DURING_WRITE_MODE_MIXED_PORTS ; OLD_DATA             ; Untyped                                          ;
; READ_DURING_WRITE_MODE_PORT_A      ; NEW_DATA_NO_NBE_READ ; Untyped                                          ;
; READ_DURING_WRITE_MODE_PORT_B      ; NEW_DATA_NO_NBE_READ ; Untyped                                          ;
; INIT_FILE                          ; UNUSED               ; Untyped                                          ;
; INIT_FILE_LAYOUT                   ; PORT_A               ; Untyped                                          ;
; MAXIMUM_DEPTH                      ; 0                    ; Untyped                                          ;
; CLOCK_ENABLE_INPUT_A               ; NORMAL               ; Untyped                                          ;
; CLOCK_ENABLE_INPUT_B               ; NORMAL               ; Untyped                                          ;
; CLOCK_ENABLE_OUTPUT_A              ; NORMAL               ; Untyped                                          ;
; CLOCK_ENABLE_OUTPUT_B              ; NORMAL               ; Untyped                                          ;
; CLOCK_ENABLE_CORE_A                ; USE_INPUT_CLKEN      ; Untyped                                          ;
; CLOCK_ENABLE_CORE_B                ; USE_INPUT_CLKEN      ; Untyped                                          ;
; ENABLE_ECC                         ; FALSE                ; Untyped                                          ;
; ECC_PIPELINE_STAGE_ENABLED         ; FALSE                ; Untyped                                          ;
; WIDTH_ECCSTATUS                    ; 3                    ; Untyped                                          ;
; DEVICE_FAMILY                      ; Cyclone IV E         ; Untyped                                          ;
; CBXI_PARAMETER                     ; altsyncram_9oq1      ; Untyped                                          ;
+------------------------------------+----------------------+--------------------------------------------------+
Note: In order to hide this table in the UI and the text report file, please set the "Show Parameter Settings in Synthesis Report" option in "Analysis and Synthesis Settings -> More Settings" to "Off".


+----------------------------------------------------------------------------------------------------------------------------------------------+
; altsyncram Parameter Settings by Entity Instance                                                                                             ;
+-------------------------------------------+--------------------------------------------------------------------------------------------------+
; Name                                      ; Value                                                                                            ;
+-------------------------------------------+--------------------------------------------------------------------------------------------------+
; Number of entity instances                ; 17                                                                                               ;
; Entity Instance                           ; pkt_beat_buf:g_pfifo[0].u_pbuf|altsyncram:mem_rtl_0                                              ;
;     -- OPERATION_MODE                     ; DUAL_PORT                                                                                        ;
;     -- WIDTH_A                            ; 256                                                                                              ;
;     -- NUMWORDS_A                         ; 256                                                                                              ;
;     -- OUTDATA_REG_A                      ; UNREGISTERED                                                                                     ;
;     -- WIDTH_B                            ; 256                                                                                              ;
;     -- NUMWORDS_B                         ; 256                                                                                              ;
;     -- ADDRESS_REG_B                      ; CLOCK0                                                                                           ;
;     -- OUTDATA_REG_B                      ; UNREGISTERED                                                                                     ;
;     -- RAM_BLOCK_TYPE                     ; M9K                                                                                              ;
;     -- READ_DURING_WRITE_MODE_MIXED_PORTS ; OLD_DATA                                                                                         ;
; Entity Instance                           ; pkt_beat_buf:g_pfifo[1].u_pbuf|altsyncram:mem_rtl_0                                              ;
;     -- OPERATION_MODE                     ; DUAL_PORT                                                                                        ;
;     -- WIDTH_A                            ; 256                                                                                              ;
;     -- NUMWORDS_A                         ; 256                                                                                              ;
;     -- OUTDATA_REG_A                      ; UNREGISTERED                                                                                     ;
;     -- WIDTH_B                            ; 256                                                                                              ;
;     -- NUMWORDS_B                         ; 256                                                                                              ;
;     -- ADDRESS_REG_B                      ; CLOCK0                                                                                           ;
;     -- OUTDATA_REG_B                      ; UNREGISTERED                                                                                     ;
;     -- RAM_BLOCK_TYPE                     ; M9K                                                                                              ;
;     -- READ_DURING_WRITE_MODE_MIXED_PORTS ; OLD_DATA                                                                                         ;
; Entity Instance                           ; pkt_beat_buf:g_pfifo[2].u_pbuf|altsyncram:mem_rtl_0                                              ;
;     -- OPERATION_MODE                     ; DUAL_PORT                                                                                        ;
;     -- WIDTH_A                            ; 256                                                                                              ;
;     -- NUMWORDS_A                         ; 256                                                                                              ;
;     -- OUTDATA_REG_A                      ; UNREGISTERED                                                                                     ;
;     -- WIDTH_B                            ; 256                                                                                              ;
;     -- NUMWORDS_B                         ; 256                                                                                              ;
;     -- ADDRESS_REG_B                      ; CLOCK0                                                                                           ;
;     -- OUTDATA_REG_B                      ; UNREGISTERED                                                                                     ;
;     -- RAM_BLOCK_TYPE                     ; M9K                                                                                              ;
;     -- READ_DURING_WRITE_MODE_MIXED_PORTS ; OLD_DATA                                                                                         ;
; Entity Instance                           ; pkt_beat_buf:g_pfifo[3].u_pbuf|altsyncram:mem_rtl_0                                              ;
;     -- OPERATION_MODE                     ; DUAL_PORT                                                                                        ;
;     -- WIDTH_A                            ; 256                                                                                              ;
;     -- NUMWORDS_A                         ; 256                                                                                              ;
;     -- OUTDATA_REG_A                      ; UNREGISTERED                                                                                     ;
;     -- WIDTH_B                            ; 256                                                                                              ;
;     -- NUMWORDS_B                         ; 256                                                                                              ;
;     -- ADDRESS_REG_B                      ; CLOCK0                                                                                           ;
;     -- OUTDATA_REG_B                      ; UNREGISTERED                                                                                     ;
;     -- RAM_BLOCK_TYPE                     ; M9K                                                                                              ;
;     -- READ_DURING_WRITE_MODE_MIXED_PORTS ; OLD_DATA                                                                                         ;
; Entity Instance                           ; processing_generated:u_proc|FiveTuple_table:u_FiveTuple|altsyncram:mem_action_rtl_0              ;
;     -- OPERATION_MODE                     ; BIDIR_DUAL_PORT                                                                                  ;
;     -- WIDTH_A                            ; 1                                                                                                ;
;     -- NUMWORDS_A                         ; 8192                                                                                             ;
;     -- OUTDATA_REG_A                      ; UNREGISTERED                                                                                     ;
;     -- WIDTH_B                            ; 1                                                                                                ;
;     -- NUMWORDS_B                         ; 8192                                                                                             ;
;     -- ADDRESS_REG_B                      ; CLOCK0                                                                                           ;
;     -- OUTDATA_REG_B                      ; UNREGISTERED                                                                                     ;
;     -- RAM_BLOCK_TYPE                     ; AUTO                                                                                             ;
;     -- READ_DURING_WRITE_MODE_MIXED_PORTS ; OLD_DATA                                                                                         ;
; Entity Instance                           ; processing_generated:u_proc|FiveTuple_table:u_FiveTuple|altsyncram:mem_key_src_rtl_0             ;
;     -- OPERATION_MODE                     ; BIDIR_DUAL_PORT                                                                                  ;
;     -- WIDTH_A                            ; 32                                                                                               ;
;     -- NUMWORDS_A                         ; 8192                                                                                             ;
;     -- OUTDATA_REG_A                      ; UNREGISTERED                                                                                     ;
;     -- WIDTH_B                            ; 32                                                                                               ;
;     -- NUMWORDS_B                         ; 8192                                                                                             ;
;     -- ADDRESS_REG_B                      ; CLOCK0                                                                                           ;
;     -- OUTDATA_REG_B                      ; UNREGISTERED                                                                                     ;
;     -- RAM_BLOCK_TYPE                     ; AUTO                                                                                             ;
;     -- READ_DURING_WRITE_MODE_MIXED_PORTS ; OLD_DATA                                                                                         ;
; Entity Instance                           ; processing_generated:u_proc|FiveTuple_table:u_FiveTuple|altsyncram:mem_key_dst_rtl_0             ;
;     -- OPERATION_MODE                     ; BIDIR_DUAL_PORT                                                                                  ;
;     -- WIDTH_A                            ; 32                                                                                               ;
;     -- NUMWORDS_A                         ; 8192                                                                                             ;
;     -- OUTDATA_REG_A                      ; UNREGISTERED                                                                                     ;
;     -- WIDTH_B                            ; 32                                                                                               ;
;     -- NUMWORDS_B                         ; 8192                                                                                             ;
;     -- ADDRESS_REG_B                      ; CLOCK0                                                                                           ;
;     -- OUTDATA_REG_B                      ; UNREGISTERED                                                                                     ;
;     -- RAM_BLOCK_TYPE                     ; AUTO                                                                                             ;
;     -- READ_DURING_WRITE_MODE_MIXED_PORTS ; OLD_DATA                                                                                         ;
; Entity Instance                           ; processing_generated:u_proc|FiveTuple_table:u_FiveTuple|altsyncram:mem_key_protocol_rtl_0        ;
;     -- OPERATION_MODE                     ; BIDIR_DUAL_PORT                                                                                  ;
;     -- WIDTH_A                            ; 8                                                                                                ;
;     -- NUMWORDS_A                         ; 8192                                                                                             ;
;     -- OUTDATA_REG_A                      ; UNREGISTERED                                                                                     ;
;     -- WIDTH_B                            ; 8                                                                                                ;
;     -- NUMWORDS_B                         ; 8192                                                                                             ;
;     -- ADDRESS_REG_B                      ; CLOCK0                                                                                           ;
;     -- OUTDATA_REG_B                      ; UNREGISTERED                                                                                     ;
;     -- RAM_BLOCK_TYPE                     ; AUTO                                                                                             ;
;     -- READ_DURING_WRITE_MODE_MIXED_PORTS ; OLD_DATA                                                                                         ;
; Entity Instance                           ; processing_generated:u_proc|FiveTuple_table:u_FiveTuple|altsyncram:mem_key_table_key_sport_rtl_0 ;
;     -- OPERATION_MODE                     ; BIDIR_DUAL_PORT                                                                                  ;
;     -- WIDTH_A                            ; 16                                                                                               ;
;     -- NUMWORDS_A                         ; 8192                                                                                             ;
;     -- OUTDATA_REG_A                      ; UNREGISTERED                                                                                     ;
;     -- WIDTH_B                            ; 16                                                                                               ;
;     -- NUMWORDS_B                         ; 8192                                                                                             ;
;     -- ADDRESS_REG_B                      ; CLOCK0                                                                                           ;
;     -- OUTDATA_REG_B                      ; UNREGISTERED                                                                                     ;
;     -- RAM_BLOCK_TYPE                     ; AUTO                                                                                             ;
;     -- READ_DURING_WRITE_MODE_MIXED_PORTS ; OLD_DATA                                                                                         ;
; Entity Instance                           ; processing_generated:u_proc|FiveTuple_table:u_FiveTuple|altsyncram:mem_key_table_key_dport_rtl_0 ;
;     -- OPERATION_MODE                     ; BIDIR_DUAL_PORT                                                                                  ;
;     -- WIDTH_A                            ; 16                                                                                               ;
;     -- NUMWORDS_A                         ; 8192                                                                                             ;
;     -- OUTDATA_REG_A                      ; UNREGISTERED                                                                                     ;
;     -- WIDTH_B                            ; 16                                                                                               ;
;     -- NUMWORDS_B                         ; 8192                                                                                             ;
;     -- ADDRESS_REG_B                      ; CLOCK0                                                                                           ;
;     -- OUTDATA_REG_B                      ; UNREGISTERED                                                                                     ;
;     -- RAM_BLOCK_TYPE                     ; AUTO                                                                                             ;
;     -- READ_DURING_WRITE_MODE_MIXED_PORTS ; OLD_DATA                                                                                         ;
; Entity Instance                           ; processing_generated:u_proc|FiveTuple_table:u_FiveTuple|altsyncram:mem_valid_rtl_0               ;
;     -- OPERATION_MODE                     ; DUAL_PORT                                                                                        ;
;     -- WIDTH_A                            ; 1                                                                                                ;
;     -- NUMWORDS_A                         ; 8192                                                                                             ;
;     -- OUTDATA_REG_A                      ; UNREGISTERED                                                                                     ;
;     -- WIDTH_B                            ; 1                                                                                                ;
;     -- NUMWORDS_B                         ; 8192                                                                                             ;
;     -- ADDRESS_REG_B                      ; CLOCK0                                                                                           ;
;     -- OUTDATA_REG_B                      ; UNREGISTERED                                                                                     ;
;     -- RAM_BLOCK_TYPE                     ; AUTO                                                                                             ;
;     -- READ_DURING_WRITE_MODE_MIXED_PORTS ; DONT_CARE                                                                                        ;
; Entity Instance                           ; processing_generated:u_proc|FiveTuple_table:u_FiveTuple|altsyncram:mem_p_counter_index_rtl_0     ;
;     -- OPERATION_MODE                     ; BIDIR_DUAL_PORT                                                                                  ;
;     -- WIDTH_A                            ; 13                                                                                               ;
;     -- NUMWORDS_A                         ; 8192                                                                                             ;
;     -- OUTDATA_REG_A                      ; UNREGISTERED                                                                                     ;
;     -- WIDTH_B                            ; 13                                                                                               ;
;     -- NUMWORDS_B                         ; 8192                                                                                             ;
;     -- ADDRESS_REG_B                      ; CLOCK0                                                                                           ;
;     -- OUTDATA_REG_B                      ; UNREGISTERED                                                                                     ;
;     -- RAM_BLOCK_TYPE                     ; AUTO                                                                                             ;
;     -- READ_DURING_WRITE_MODE_MIXED_PORTS ; OLD_DATA                                                                                         ;
; Entity Instance                           ; processing_generated:u_proc|FiveTuple_table:u_FiveTuple|altsyncram:mem_p_pcp_rtl_0               ;
;     -- OPERATION_MODE                     ; BIDIR_DUAL_PORT                                                                                  ;
;     -- WIDTH_A                            ; 3                                                                                                ;
;     -- NUMWORDS_A                         ; 8192                                                                                             ;
;     -- OUTDATA_REG_A                      ; UNREGISTERED                                                                                     ;
;     -- WIDTH_B                            ; 3                                                                                                ;
;     -- NUMWORDS_B                         ; 8192                                                                                             ;
;     -- ADDRESS_REG_B                      ; CLOCK0                                                                                           ;
;     -- OUTDATA_REG_B                      ; UNREGISTERED                                                                                     ;
;     -- RAM_BLOCK_TYPE                     ; AUTO                                                                                             ;
;     -- READ_DURING_WRITE_MODE_MIXED_PORTS ; OLD_DATA                                                                                         ;
; Entity Instance                           ; processing_generated:u_proc|FiveTuple_table:u_FiveTuple|altsyncram:mem_p_cfi_rtl_0               ;
;     -- OPERATION_MODE                     ; BIDIR_DUAL_PORT                                                                                  ;
;     -- WIDTH_A                            ; 1                                                                                                ;
;     -- NUMWORDS_A                         ; 8192                                                                                             ;
;     -- OUTDATA_REG_A                      ; UNREGISTERED                                                                                     ;
;     -- WIDTH_B                            ; 1                                                                                                ;
;     -- NUMWORDS_B                         ; 8192                                                                                             ;
;     -- ADDRESS_REG_B                      ; CLOCK0                                                                                           ;
;     -- OUTDATA_REG_B                      ; UNREGISTERED                                                                                     ;
;     -- RAM_BLOCK_TYPE                     ; AUTO                                                                                             ;
;     -- READ_DURING_WRITE_MODE_MIXED_PORTS ; OLD_DATA                                                                                         ;
; Entity Instance                           ; processing_generated:u_proc|FiveTuple_table:u_FiveTuple|altsyncram:mem_p_vid_rtl_0               ;
;     -- OPERATION_MODE                     ; BIDIR_DUAL_PORT                                                                                  ;
;     -- WIDTH_A                            ; 12                                                                                               ;
;     -- NUMWORDS_A                         ; 8192                                                                                             ;
;     -- OUTDATA_REG_A                      ; UNREGISTERED                                                                                     ;
;     -- WIDTH_B                            ; 12                                                                                               ;
;     -- NUMWORDS_B                         ; 8192                                                                                             ;
;     -- ADDRESS_REG_B                      ; CLOCK0                                                                                           ;
;     -- OUTDATA_REG_B                      ; UNREGISTERED                                                                                     ;
;     -- RAM_BLOCK_TYPE                     ; AUTO                                                                                             ;
;     -- READ_DURING_WRITE_MODE_MIXED_PORTS ; OLD_DATA                                                                                         ;
; Entity Instance                           ; PacketCounter_counter:u_PacketCounter|altsyncram:pkt_mem_rtl_0                                   ;
;     -- OPERATION_MODE                     ; BIDIR_DUAL_PORT                                                                                  ;
;     -- WIDTH_A                            ; 64                                                                                               ;
;     -- NUMWORDS_A                         ; 8192                                                                                             ;
;     -- OUTDATA_REG_A                      ; UNREGISTERED                                                                                     ;
;     -- WIDTH_B                            ; 64                                                                                               ;
;     -- NUMWORDS_B                         ; 8192                                                                                             ;
;     -- ADDRESS_REG_B                      ; CLOCK0                                                                                           ;
;     -- OUTDATA_REG_B                      ; UNREGISTERED                                                                                     ;
;     -- RAM_BLOCK_TYPE                     ; AUTO                                                                                             ;
;     -- READ_DURING_WRITE_MODE_MIXED_PORTS ; OLD_DATA                                                                                         ;
; Entity Instance                           ; ByteCounter_counter:u_ByteCounter|altsyncram:byte_mem_rtl_0                                      ;
;     -- OPERATION_MODE                     ; BIDIR_DUAL_PORT                                                                                  ;
;     -- WIDTH_A                            ; 64                                                                                               ;
;     -- NUMWORDS_A                         ; 8192                                                                                             ;
;     -- OUTDATA_REG_A                      ; UNREGISTERED                                                                                     ;
;     -- WIDTH_B                            ; 64                                                                                               ;
;     -- NUMWORDS_B                         ; 8192                                                                                             ;
;     -- ADDRESS_REG_B                      ; CLOCK0                                                                                           ;
;     -- OUTDATA_REG_B                      ; UNREGISTERED                                                                                     ;
;     -- RAM_BLOCK_TYPE                     ; AUTO                                                                                             ;
;     -- READ_DURING_WRITE_MODE_MIXED_PORTS ; OLD_DATA                                                                                         ;
+-------------------------------------------+--------------------------------------------------------------------------------------------------+


+-----------------------------------------------------------------------------------------------------------------------------+
; Port Connectivity Checks: "processing_generated:u_proc"                                                                     ;
+-------------------+--------+----------+-------------------------------------------------------------------------------------+
; Port              ; Type   ; Severity ; Details                                                                             ;
+-------------------+--------+----------+-------------------------------------------------------------------------------------+
; eth_valid         ; Input  ; Info     ; Stuck at VCC                                                                        ;
; new_vlan_valid    ; Input  ; Info     ; Stuck at GND                                                                        ;
; new_vlan_pcp      ; Input  ; Info     ; Stuck at GND                                                                        ;
; new_vlan_cfi      ; Input  ; Info     ; Stuck at GND                                                                        ;
; new_vlan_vid      ; Input  ; Info     ; Stuck at GND                                                                        ;
; new_vlan_tpid     ; Input  ; Info     ; Stuck at GND                                                                        ;
; FiveTuple_hit_out ; Output ; Info     ; Connected to dangling logic. Logic that only feeds a dangling port will be removed. ;
; valid_out         ; Output ; Info     ; Connected to dangling logic. Logic that only feeds a dangling port will be removed. ;
+-------------------+--------+----------+-------------------------------------------------------------------------------------+


+-----------------------------------------------------------------------------------------------------------------------------+
; Port Connectivity Checks: "pkt_beat_buf:g_pfifo[3].u_pbuf"                                                                  ;
+-------------------+--------+----------+-------------------------------------------------------------------------------------+
; Port              ; Type   ; Severity ; Details                                                                             ;
+-------------------+--------+----------+-------------------------------------------------------------------------------------+
; rd_data[287..256] ; Output ; Info     ; Connected to dangling logic. Logic that only feeds a dangling port will be removed. ;
; rewind            ; Input  ; Info     ; Stuck at GND                                                                        ;
; occupancy         ; Output ; Info     ; Explicitly unconnected                                                              ;
+-------------------+--------+----------+-------------------------------------------------------------------------------------+


+-----------------------------------------------------------------------------------------------------------------------------+
; Port Connectivity Checks: "pkt_beat_buf:g_pfifo[2].u_pbuf"                                                                  ;
+-------------------+--------+----------+-------------------------------------------------------------------------------------+
; Port              ; Type   ; Severity ; Details                                                                             ;
+-------------------+--------+----------+-------------------------------------------------------------------------------------+
; rd_data[287..256] ; Output ; Info     ; Connected to dangling logic. Logic that only feeds a dangling port will be removed. ;
; rewind            ; Input  ; Info     ; Stuck at GND                                                                        ;
; occupancy         ; Output ; Info     ; Explicitly unconnected                                                              ;
+-------------------+--------+----------+-------------------------------------------------------------------------------------+


+-----------------------------------------------------------------------------------------------------------------------------+
; Port Connectivity Checks: "pkt_beat_buf:g_pfifo[1].u_pbuf"                                                                  ;
+-------------------+--------+----------+-------------------------------------------------------------------------------------+
; Port              ; Type   ; Severity ; Details                                                                             ;
+-------------------+--------+----------+-------------------------------------------------------------------------------------+
; rd_data[287..256] ; Output ; Info     ; Connected to dangling logic. Logic that only feeds a dangling port will be removed. ;
; rewind            ; Input  ; Info     ; Stuck at GND                                                                        ;
; occupancy         ; Output ; Info     ; Explicitly unconnected                                                              ;
+-------------------+--------+----------+-------------------------------------------------------------------------------------+


+-----------------------------------------------------------------------------------------------------------------------------+
; Port Connectivity Checks: "pkt_beat_buf:g_pfifo[0].u_pbuf"                                                                  ;
+-------------------+--------+----------+-------------------------------------------------------------------------------------+
; Port              ; Type   ; Severity ; Details                                                                             ;
+-------------------+--------+----------+-------------------------------------------------------------------------------------+
; rd_data[287..256] ; Output ; Info     ; Connected to dangling logic. Logic that only feeds a dangling port will be removed. ;
; rewind            ; Input  ; Info     ; Stuck at GND                                                                        ;
; occupancy         ; Output ; Info     ; Explicitly unconnected                                                              ;
+-------------------+--------+----------+-------------------------------------------------------------------------------------+


+-----------------------------------------------------+
; Post-Synthesis Netlist Statistics for Top Partition ;
+-----------------------+-----------------------------+
; Type                  ; Count                       ;
+-----------------------+-----------------------------+
; boundary_port         ; 698                         ;
; cycloneiii_ff         ; 22247                       ;
;     ENA               ; 13489                       ;
;     ENA SCLR          ; 76                          ;
;     ENA SCLR SLD      ; 144                         ;
;     ENA SLD           ; 168                         ;
;     SCLR              ; 35                          ;
;     plain             ; 8335                        ;
; cycloneiii_lcell_comb ; 40347                       ;
;     arith             ; 745                         ;
;         1 data inputs ; 4                           ;
;         2 data inputs ; 302                         ;
;         3 data inputs ; 439                         ;
;     normal            ; 39602                       ;
;         0 data inputs ; 11                          ;
;         1 data inputs ; 27                          ;
;         2 data inputs ; 1007                        ;
;         3 data inputs ; 5080                        ;
;         4 data inputs ; 33477                       ;
; cycloneiii_ram_block  ; 1287                        ;
;                       ;                             ;
; Max LUT depth         ; 25.00                       ;
; Average LUT depth     ; 12.68                       ;
+-----------------------+-----------------------------+


+-------------------------------+
; Elapsed Time Per Partition    ;
+----------------+--------------+
; Partition Name ; Elapsed Time ;
+----------------+--------------+
; Top            ; 00:02:26     ;
+----------------+--------------+


+-------------------------------+
; Analysis & Synthesis Messages ;
+-------------------------------+
Info: *******************************************************************
Info: Running Quartus Prime Analysis & Synthesis
    Info: Version 25.1std.0 Build 1129 10/21/2025 SC Lite Edition
    Info: Copyright (C) 2025  Altera Corporation. All rights reserved.
    Info: Your use of Altera Corporation's design tools, logic functions 
    Info: and other software and tools, and any partner logic 
    Info: functions, and any output files from any of the foregoing 
    Info: (including device programming or simulation files), and any 
    Info: associated documentation or information are expressly subject 
    Info: to the terms and conditions of the Altera Program License 
    Info: Subscription Agreement, the Altera Quartus Prime License Agreement,
    Info: the Altera IP License Agreement, or other applicable license
    Info: agreement, including, without limitation, that your use is for
    Info: the sole purpose of programming logic devices manufactured by
    Info: Altera and sold by Altera or its authorized distributors.  Please
    Info: refer to the Altera Software License Subscription Agreements 
    Info: on the Quartus Prime software download page.
    Info: Processing started: Wed Oct  7 15:04:34 2026
Info: Command: quartus_map --read_settings_files=on fiveTuple
Warning (18236): Number of processors has not been specified which may cause overloading on shared machines.  Set the global assignment NUM_PARALLEL_PROCESSORS in your QSF to an appropriate value for best performance.
Info (20030): Parallel compilation is enabled and will use 10 of the 10 processors detected
Warning (12125): Using design file fiveTuple_top.sv, which is not specified as a design file for the current project, but contains definitions for 1 design units and 1 entities in project
    Info (12023): Found entity 1: fiveTuple_top File: /media/nisitha/My_Passport/MOODLE/P4_Networking/Compiler_design/p4_to_rtl/generated/fiveTuple/fiveTuple_top.sv Line: 1
Info (12127): Elaborating entity "fiveTuple_top" for the top level hierarchy
Warning (10036): Verilog HDL or VHDL warning at fiveTuple_top.sv(67): object "slot_keep" assigned a value but never read File: /media/nisitha/My_Passport/MOODLE/P4_Networking/Compiler_design/p4_to_rtl/generated/fiveTuple/fiveTuple_top.sv Line: 67
Warning (10036): Verilog HDL or VHDL warning at fiveTuple_top.sv(70): object "slot_overflow" assigned a value but never read File: /media/nisitha/My_Passport/MOODLE/P4_Networking/Compiler_design/p4_to_rtl/generated/fiveTuple/fiveTuple_top.sv Line: 70
Warning (10036): Verilog HDL or VHDL warning at fiveTuple_top.sv(174): object "pfifo_head_keep" assigned a value but never read File: /media/nisitha/My_Passport/MOODLE/P4_Networking/Compiler_design/p4_to_rtl/generated/fiveTuple/fiveTuple_top.sv Line: 174
Warning (10036): Verilog HDL or VHDL warning at fiveTuple_top.sv(183): object "tx_in_payload" assigned a value but never read File: /media/nisitha/My_Passport/MOODLE/P4_Networking/Compiler_design/p4_to_rtl/generated/fiveTuple/fiveTuple_top.sv Line: 183
Warning (10036): Verilog HDL or VHDL warning at fiveTuple_top.sv(307): object "w_parser_error" assigned a value but never read File: /media/nisitha/My_Passport/MOODLE/P4_Networking/Compiler_design/p4_to_rtl/generated/fiveTuple/fiveTuple_top.sv Line: 307
Warning (10036): Verilog HDL or VHDL warning at fiveTuple_top.sv(421): object "r_PacketCounter_cp_wr_en" assigned a value but never read File: /media/nisitha/My_Passport/MOODLE/P4_Networking/Compiler_design/p4_to_rtl/generated/fiveTuple/fiveTuple_top.sv Line: 421
Warning (10036): Verilog HDL or VHDL warning at fiveTuple_top.sv(423): object "r_ByteCounter_cp_wr_en" assigned a value but never read File: /media/nisitha/My_Passport/MOODLE/P4_Networking/Compiler_design/p4_to_rtl/generated/fiveTuple/fiveTuple_top.sv Line: 423
Warning (10036): Verilog HDL or VHDL warning at fiveTuple_top.sv(1011): object "phv_in_valid_eth" assigned a value but never read File: /media/nisitha/My_Passport/MOODLE/P4_Networking/Compiler_design/p4_to_rtl/generated/fiveTuple/fiveTuple_top.sv Line: 1011
Warning (10036): Verilog HDL or VHDL warning at fiveTuple_top.sv(1013): object "phv_in_valid_ipv4" assigned a value but never read File: /media/nisitha/My_Passport/MOODLE/P4_Networking/Compiler_design/p4_to_rtl/generated/fiveTuple/fiveTuple_top.sv Line: 1013
Warning (10036): Verilog HDL or VHDL warning at fiveTuple_top.sv(1014): object "phv_in_valid_ipv4opt" assigned a value but never read File: /media/nisitha/My_Passport/MOODLE/P4_Networking/Compiler_design/p4_to_rtl/generated/fiveTuple/fiveTuple_top.sv Line: 1014
Warning (10036): Verilog HDL or VHDL warning at fiveTuple_top.sv(1015): object "phv_in_valid_tcp" assigned a value but never read File: /media/nisitha/My_Passport/MOODLE/P4_Networking/Compiler_design/p4_to_rtl/generated/fiveTuple/fiveTuple_top.sv Line: 1015
Warning (10036): Verilog HDL or VHDL warning at fiveTuple_top.sv(1016): object "phv_in_valid_tcpopt" assigned a value but never read File: /media/nisitha/My_Passport/MOODLE/P4_Networking/Compiler_design/p4_to_rtl/generated/fiveTuple/fiveTuple_top.sv Line: 1016
Warning (10036): Verilog HDL or VHDL warning at fiveTuple_top.sv(1017): object "phv_in_valid_udp" assigned a value but never read File: /media/nisitha/My_Passport/MOODLE/P4_Networking/Compiler_design/p4_to_rtl/generated/fiveTuple/fiveTuple_top.sv Line: 1017
Warning (10036): Verilog HDL or VHDL warning at fiveTuple_top.sv(1018): object "phv_in_valid_new_vlan" assigned a value but never read File: /media/nisitha/My_Passport/MOODLE/P4_Networking/Compiler_design/p4_to_rtl/generated/fiveTuple/fiveTuple_top.sv Line: 1018
Warning (10036): Verilog HDL or VHDL warning at fiveTuple_top.sv(1037): object "tx_splice" assigned a value but never read File: /media/nisitha/My_Passport/MOODLE/P4_Networking/Compiler_design/p4_to_rtl/generated/fiveTuple/fiveTuple_top.sv Line: 1037
Warning (10036): Verilog HDL or VHDL warning at fiveTuple_top.sv(1443): object "hdr_row_ready" assigned a value but never read File: /media/nisitha/My_Passport/MOODLE/P4_Networking/Compiler_design/p4_to_rtl/generated/fiveTuple/fiveTuple_top.sv Line: 1443
Warning (10036): Verilog HDL or VHDL warning at fiveTuple_top.sv(1444): object "hdr_row_is_last" assigned a value but never read File: /media/nisitha/My_Passport/MOODLE/P4_Networking/Compiler_design/p4_to_rtl/generated/fiveTuple/fiveTuple_top.sv Line: 1444
Warning (10230): Verilog HDL assignment warning at fiveTuple_top.sv(214): truncated value with size 32 to match size of target (14) File: /media/nisitha/My_Passport/MOODLE/P4_Networking/Compiler_design/p4_to_rtl/generated/fiveTuple/fiveTuple_top.sv Line: 214
Warning (10230): Verilog HDL assignment warning at fiveTuple_top.sv(310): truncated value with size 32 to match size of target (14) File: /media/nisitha/My_Passport/MOODLE/P4_Networking/Compiler_design/p4_to_rtl/generated/fiveTuple/fiveTuple_top.sv Line: 310
Warning (10230): Verilog HDL assignment warning at fiveTuple_top.sv(311): truncated value with size 32 to match size of target (14) File: /media/nisitha/My_Passport/MOODLE/P4_Networking/Compiler_design/p4_to_rtl/generated/fiveTuple/fiveTuple_top.sv Line: 311
Warning (10230): Verilog HDL assignment warning at fiveTuple_top.sv(312): truncated value with size 32 to match size of target (14) File: /media/nisitha/My_Passport/MOODLE/P4_Networking/Compiler_design/p4_to_rtl/generated/fiveTuple/fiveTuple_top.sv Line: 312
Warning (10230): Verilog HDL assignment warning at fiveTuple_top.sv(313): truncated value with size 32 to match size of target (14) File: /media/nisitha/My_Passport/MOODLE/P4_Networking/Compiler_design/p4_to_rtl/generated/fiveTuple/fiveTuple_top.sv Line: 313
Warning (10230): Verilog HDL assignment warning at fiveTuple_top.sv(314): truncated value with size 32 to match size of target (14) File: /media/nisitha/My_Passport/MOODLE/P4_Networking/Compiler_design/p4_to_rtl/generated/fiveTuple/fiveTuple_top.sv Line: 314
Warning (10230): Verilog HDL assignment warning at fiveTuple_top.sv(315): truncated value with size 32 to match size of target (14) File: /media/nisitha/My_Passport/MOODLE/P4_Networking/Compiler_design/p4_to_rtl/generated/fiveTuple/fiveTuple_top.sv Line: 315
Warning (10230): Verilog HDL assignment warning at fiveTuple_top.sv(316): truncated value with size 32 to match size of target (14) File: /media/nisitha/My_Passport/MOODLE/P4_Networking/Compiler_design/p4_to_rtl/generated/fiveTuple/fiveTuple_top.sv Line: 316
Warning (10230): Verilog HDL assignment warning at fiveTuple_top.sv(1249): truncated value with size 32 to match size of target (14) File: /media/nisitha/My_Passport/MOODLE/P4_Networking/Compiler_design/p4_to_rtl/generated/fiveTuple/fiveTuple_top.sv Line: 1249
Warning (10230): Verilog HDL assignment warning at fiveTuple_top.sv(1465): truncated value with size 32 to match size of target (18) File: /media/nisitha/My_Passport/MOODLE/P4_Networking/Compiler_design/p4_to_rtl/generated/fiveTuple/fiveTuple_top.sv Line: 1465
Warning (10230): Verilog HDL assignment warning at fiveTuple_top.sv(1477): truncated value with size 32 to match size of target (18) File: /media/nisitha/My_Passport/MOODLE/P4_Networking/Compiler_design/p4_to_rtl/generated/fiveTuple/fiveTuple_top.sv Line: 1477
Warning (10230): Verilog HDL assignment warning at fiveTuple_top.sv(1862): truncated value with size 32 to match size of target (16) File: /media/nisitha/My_Passport/MOODLE/P4_Networking/Compiler_design/p4_to_rtl/generated/fiveTuple/fiveTuple_top.sv Line: 1862
Warning (12125): Using design file pkt_beat_buf.sv, which is not specified as a design file for the current project, but contains definitions for 1 design units and 1 entities in project
    Info (12023): Found entity 1: pkt_beat_buf File: /media/nisitha/My_Passport/MOODLE/P4_Networking/Compiler_design/p4_to_rtl/generated/fiveTuple/pkt_beat_buf.sv Line: 27
Info (12128): Elaborating entity "pkt_beat_buf" for hierarchy "pkt_beat_buf:g_pfifo[0].u_pbuf" File: /media/nisitha/My_Passport/MOODLE/P4_Networking/Compiler_design/p4_to_rtl/generated/fiveTuple/fiveTuple_top.sv Line: 154
Warning (12125): Using design file processing_generated.sv, which is not specified as a design file for the current project, but contains definitions for 1 design units and 1 entities in project
    Info (12023): Found entity 1: processing_generated File: /media/nisitha/My_Passport/MOODLE/P4_Networking/Compiler_design/p4_to_rtl/generated/fiveTuple/processing_generated.sv Line: 2
Info (12128): Elaborating entity "processing_generated" for hierarchy "processing_generated:u_proc" File: /media/nisitha/My_Passport/MOODLE/P4_Networking/Compiler_design/p4_to_rtl/generated/fiveTuple/fiveTuple_top.sv Line: 726
Warning (10036): Verilog HDL or VHDL warning at processing_generated.sv(514): object "table_key_dport__st2" assigned a value but never read File: /media/nisitha/My_Passport/MOODLE/P4_Networking/Compiler_design/p4_to_rtl/generated/fiveTuple/processing_generated.sv Line: 514
Warning (10036): Verilog HDL or VHDL warning at processing_generated.sv(515): object "table_key_sport__st2" assigned a value but never read File: /media/nisitha/My_Passport/MOODLE/P4_Networking/Compiler_design/p4_to_rtl/generated/fiveTuple/processing_generated.sv Line: 515
Warning (10036): Verilog HDL or VHDL warning at processing_generated.sv(516): object "eth_valid__st2" assigned a value but never read File: /media/nisitha/My_Passport/MOODLE/P4_Networking/Compiler_design/p4_to_rtl/generated/fiveTuple/processing_generated.sv Line: 516
Warning (10036): Verilog HDL or VHDL warning at processing_generated.sv(517): object "new_vlan_valid__st2" assigned a value but never read File: /media/nisitha/My_Passport/MOODLE/P4_Networking/Compiler_design/p4_to_rtl/generated/fiveTuple/processing_generated.sv Line: 517
Warning (10036): Verilog HDL or VHDL warning at processing_generated.sv(519): object "ipv4_valid__st2" assigned a value but never read File: /media/nisitha/My_Passport/MOODLE/P4_Networking/Compiler_design/p4_to_rtl/generated/fiveTuple/processing_generated.sv Line: 519
Warning (10036): Verilog HDL or VHDL warning at processing_generated.sv(520): object "ipv4opt_valid__st2" assigned a value but never read File: /media/nisitha/My_Passport/MOODLE/P4_Networking/Compiler_design/p4_to_rtl/generated/fiveTuple/processing_generated.sv Line: 520
Warning (10036): Verilog HDL or VHDL warning at processing_generated.sv(521): object "tcp_valid__st2" assigned a value but never read File: /media/nisitha/My_Passport/MOODLE/P4_Networking/Compiler_design/p4_to_rtl/generated/fiveTuple/processing_generated.sv Line: 521
Warning (10036): Verilog HDL or VHDL warning at processing_generated.sv(522): object "tcpopt_valid__st2" assigned a value but never read File: /media/nisitha/My_Passport/MOODLE/P4_Networking/Compiler_design/p4_to_rtl/generated/fiveTuple/processing_generated.sv Line: 522
Warning (10036): Verilog HDL or VHDL warning at processing_generated.sv(523): object "udp_valid__st2" assigned a value but never read File: /media/nisitha/My_Passport/MOODLE/P4_Networking/Compiler_design/p4_to_rtl/generated/fiveTuple/processing_generated.sv Line: 523
Warning (10036): Verilog HDL or VHDL warning at processing_generated.sv(524): object "eth_dmac__st2" assigned a value but never read File: /media/nisitha/My_Passport/MOODLE/P4_Networking/Compiler_design/p4_to_rtl/generated/fiveTuple/processing_generated.sv Line: 524
Warning (10036): Verilog HDL or VHDL warning at processing_generated.sv(525): object "eth_smac__st2" assigned a value but never read File: /media/nisitha/My_Passport/MOODLE/P4_Networking/Compiler_design/p4_to_rtl/generated/fiveTuple/processing_generated.sv Line: 525
Warning (10036): Verilog HDL or VHDL warning at processing_generated.sv(527): object "new_vlan_pcp__st2" assigned a value but never read File: /media/nisitha/My_Passport/MOODLE/P4_Networking/Compiler_design/p4_to_rtl/generated/fiveTuple/processing_generated.sv Line: 527
Warning (10036): Verilog HDL or VHDL warning at processing_generated.sv(528): object "new_vlan_cfi__st2" assigned a value but never read File: /media/nisitha/My_Passport/MOODLE/P4_Networking/Compiler_design/p4_to_rtl/generated/fiveTuple/processing_generated.sv Line: 528
Warning (10036): Verilog HDL or VHDL warning at processing_generated.sv(529): object "new_vlan_vid__st2" assigned a value but never read File: /media/nisitha/My_Passport/MOODLE/P4_Networking/Compiler_design/p4_to_rtl/generated/fiveTuple/processing_generated.sv Line: 529
Warning (10036): Verilog HDL or VHDL warning at processing_generated.sv(530): object "new_vlan_tpid__st2" assigned a value but never read File: /media/nisitha/My_Passport/MOODLE/P4_Networking/Compiler_design/p4_to_rtl/generated/fiveTuple/processing_generated.sv Line: 530
Warning (10036): Verilog HDL or VHDL warning at processing_generated.sv(531): object "vlan_pcp__st2" assigned a value but never read File: /media/nisitha/My_Passport/MOODLE/P4_Networking/Compiler_design/p4_to_rtl/generated/fiveTuple/processing_generated.sv Line: 531
Warning (10036): Verilog HDL or VHDL warning at processing_generated.sv(532): object "vlan_cfi__st2" assigned a value but never read File: /media/nisitha/My_Passport/MOODLE/P4_Networking/Compiler_design/p4_to_rtl/generated/fiveTuple/processing_generated.sv Line: 532
Warning (10036): Verilog HDL or VHDL warning at processing_generated.sv(533): object "vlan_vid__st2" assigned a value but never read File: /media/nisitha/My_Passport/MOODLE/P4_Networking/Compiler_design/p4_to_rtl/generated/fiveTuple/processing_generated.sv Line: 533
Warning (10036): Verilog HDL or VHDL warning at processing_generated.sv(534): object "vlan_tpid__st2" assigned a value but never read File: /media/nisitha/My_Passport/MOODLE/P4_Networking/Compiler_design/p4_to_rtl/generated/fiveTuple/processing_generated.sv Line: 534
Warning (10036): Verilog HDL or VHDL warning at processing_generated.sv(535): object "ipv4_version__st2" assigned a value but never read File: /media/nisitha/My_Passport/MOODLE/P4_Networking/Compiler_design/p4_to_rtl/generated/fiveTuple/processing_generated.sv Line: 535
Warning (10036): Verilog HDL or VHDL warning at processing_generated.sv(536): object "ipv4_hdr_len__st2" assigned a value but never read File: /media/nisitha/My_Passport/MOODLE/P4_Networking/Compiler_design/p4_to_rtl/generated/fiveTuple/processing_generated.sv Line: 536
Warning (10036): Verilog HDL or VHDL warning at processing_generated.sv(537): object "ipv4_tos__st2" assigned a value but never read File: /media/nisitha/My_Passport/MOODLE/P4_Networking/Compiler_design/p4_to_rtl/generated/fiveTuple/processing_generated.sv Line: 537
Warning (10036): Verilog HDL or VHDL warning at processing_generated.sv(538): object "ipv4_length__st2" assigned a value but never read File: /media/nisitha/My_Passport/MOODLE/P4_Networking/Compiler_design/p4_to_rtl/generated/fiveTuple/processing_generated.sv Line: 538
Warning (10036): Verilog HDL or VHDL warning at processing_generated.sv(539): object "ipv4_id__st2" assigned a value but never read File: /media/nisitha/My_Passport/MOODLE/P4_Networking/Compiler_design/p4_to_rtl/generated/fiveTuple/processing_generated.sv Line: 539
Warning (10036): Verilog HDL or VHDL warning at processing_generated.sv(540): object "ipv4_flags__st2" assigned a value but never read File: /media/nisitha/My_Passport/MOODLE/P4_Networking/Compiler_design/p4_to_rtl/generated/fiveTuple/processing_generated.sv Line: 540
Warning (10036): Verilog HDL or VHDL warning at processing_generated.sv(541): object "ipv4_offset__st2" assigned a value but never read File: /media/nisitha/My_Passport/MOODLE/P4_Networking/Compiler_design/p4_to_rtl/generated/fiveTuple/processing_generated.sv Line: 541
Warning (10036): Verilog HDL or VHDL warning at processing_generated.sv(542): object "ipv4_ttl__st2" assigned a value but never read File: /media/nisitha/My_Passport/MOODLE/P4_Networking/Compiler_design/p4_to_rtl/generated/fiveTuple/processing_generated.sv Line: 542
Warning (10036): Verilog HDL or VHDL warning at processing_generated.sv(543): object "ipv4_protocol__st2" assigned a value but never read File: /media/nisitha/My_Passport/MOODLE/P4_Networking/Compiler_design/p4_to_rtl/generated/fiveTuple/processing_generated.sv Line: 543
Warning (10036): Verilog HDL or VHDL warning at processing_generated.sv(544): object "ipv4_hdr_chk__st2" assigned a value but never read File: /media/nisitha/My_Passport/MOODLE/P4_Networking/Compiler_design/p4_to_rtl/generated/fiveTuple/processing_generated.sv Line: 544
Warning (10036): Verilog HDL or VHDL warning at processing_generated.sv(545): object "ipv4_src__st2" assigned a value but never read File: /media/nisitha/My_Passport/MOODLE/P4_Networking/Compiler_design/p4_to_rtl/generated/fiveTuple/processing_generated.sv Line: 545
Warning (10036): Verilog HDL or VHDL warning at processing_generated.sv(546): object "ipv4_dst__st2" assigned a value but never read File: /media/nisitha/My_Passport/MOODLE/P4_Networking/Compiler_design/p4_to_rtl/generated/fiveTuple/processing_generated.sv Line: 546
Warning (10036): Verilog HDL or VHDL warning at processing_generated.sv(547): object "ipv4opt_options__st2" assigned a value but never read File: /media/nisitha/My_Passport/MOODLE/P4_Networking/Compiler_design/p4_to_rtl/generated/fiveTuple/processing_generated.sv Line: 547
Warning (10036): Verilog HDL or VHDL warning at processing_generated.sv(548): object "tcp_src_port__st2" assigned a value but never read File: /media/nisitha/My_Passport/MOODLE/P4_Networking/Compiler_design/p4_to_rtl/generated/fiveTuple/processing_generated.sv Line: 548
Warning (10036): Verilog HDL or VHDL warning at processing_generated.sv(549): object "tcp_dst_port__st2" assigned a value but never read File: /media/nisitha/My_Passport/MOODLE/P4_Networking/Compiler_design/p4_to_rtl/generated/fiveTuple/processing_generated.sv Line: 549
Warning (10036): Verilog HDL or VHDL warning at processing_generated.sv(550): object "tcp_seqNum__st2" assigned a value but never read File: /media/nisitha/My_Passport/MOODLE/P4_Networking/Compiler_design/p4_to_rtl/generated/fiveTuple/processing_generated.sv Line: 550
Warning (10036): Verilog HDL or VHDL warning at processing_generated.sv(551): object "tcp_ackNum__st2" assigned a value but never read File: /media/nisitha/My_Passport/MOODLE/P4_Networking/Compiler_design/p4_to_rtl/generated/fiveTuple/processing_generated.sv Line: 551
Warning (10036): Verilog HDL or VHDL warning at processing_generated.sv(552): object "tcp_dataOffset__st2" assigned a value but never read File: /media/nisitha/My_Passport/MOODLE/P4_Networking/Compiler_design/p4_to_rtl/generated/fiveTuple/processing_generated.sv Line: 552
Warning (10036): Verilog HDL or VHDL warning at processing_generated.sv(553): object "tcp_resv__st2" assigned a value but never read File: /media/nisitha/My_Passport/MOODLE/P4_Networking/Compiler_design/p4_to_rtl/generated/fiveTuple/processing_generated.sv Line: 553
Warning (10036): Verilog HDL or VHDL warning at processing_generated.sv(554): object "tcp_flags__st2" assigned a value but never read File: /media/nisitha/My_Passport/MOODLE/P4_Networking/Compiler_design/p4_to_rtl/generated/fiveTuple/processing_generated.sv Line: 554
Warning (10036): Verilog HDL or VHDL warning at processing_generated.sv(555): object "tcp_window__st2" assigned a value but never read File: /media/nisitha/My_Passport/MOODLE/P4_Networking/Compiler_design/p4_to_rtl/generated/fiveTuple/processing_generated.sv Line: 555
Warning (10036): Verilog HDL or VHDL warning at processing_generated.sv(556): object "tcp_checksum__st2" assigned a value but never read File: /media/nisitha/My_Passport/MOODLE/P4_Networking/Compiler_design/p4_to_rtl/generated/fiveTuple/processing_generated.sv Line: 556
Warning (10036): Verilog HDL or VHDL warning at processing_generated.sv(557): object "tcp_urgPtr__st2" assigned a value but never read File: /media/nisitha/My_Passport/MOODLE/P4_Networking/Compiler_design/p4_to_rtl/generated/fiveTuple/processing_generated.sv Line: 557
Warning (10036): Verilog HDL or VHDL warning at processing_generated.sv(558): object "tcpopt_options__st2" assigned a value but never read File: /media/nisitha/My_Passport/MOODLE/P4_Networking/Compiler_design/p4_to_rtl/generated/fiveTuple/processing_generated.sv Line: 558
Warning (10036): Verilog HDL or VHDL warning at processing_generated.sv(559): object "udp_src_port__st2" assigned a value but never read File: /media/nisitha/My_Passport/MOODLE/P4_Networking/Compiler_design/p4_to_rtl/generated/fiveTuple/processing_generated.sv Line: 559
Warning (10036): Verilog HDL or VHDL warning at processing_generated.sv(560): object "udp_dst_port__st2" assigned a value but never read File: /media/nisitha/My_Passport/MOODLE/P4_Networking/Compiler_design/p4_to_rtl/generated/fiveTuple/processing_generated.sv Line: 560
Warning (10036): Verilog HDL or VHDL warning at processing_generated.sv(561): object "udp_length__st2" assigned a value but never read File: /media/nisitha/My_Passport/MOODLE/P4_Networking/Compiler_design/p4_to_rtl/generated/fiveTuple/processing_generated.sv Line: 561
Warning (10036): Verilog HDL or VHDL warning at processing_generated.sv(562): object "udp_checksum__st2" assigned a value but never read File: /media/nisitha/My_Passport/MOODLE/P4_Networking/Compiler_design/p4_to_rtl/generated/fiveTuple/processing_generated.sv Line: 562
Warning (12125): Using design file FiveTuple_table.sv, which is not specified as a design file for the current project, but contains definitions for 1 design units and 1 entities in project
    Info (12023): Found entity 1: FiveTuple_table File: /media/nisitha/My_Passport/MOODLE/P4_Networking/Compiler_design/p4_to_rtl/generated/fiveTuple/FiveTuple_table.sv Line: 1
Info (12128): Elaborating entity "FiveTuple_table" for hierarchy "processing_generated:u_proc|FiveTuple_table:u_FiveTuple" File: /media/nisitha/My_Passport/MOODLE/P4_Networking/Compiler_design/p4_to_rtl/generated/fiveTuple/processing_generated.sv Line: 613
Warning (12125): Using design file PacketCounter_counter.sv, which is not specified as a design file for the current project, but contains definitions for 1 design units and 1 entities in project
    Info (12023): Found entity 1: PacketCounter_counter File: /media/nisitha/My_Passport/MOODLE/P4_Networking/Compiler_design/p4_to_rtl/generated/fiveTuple/PacketCounter_counter.sv Line: 1
Info (12128): Elaborating entity "PacketCounter_counter" for hierarchy "PacketCounter_counter:u_PacketCounter" File: /media/nisitha/My_Passport/MOODLE/P4_Networking/Compiler_design/p4_to_rtl/generated/fiveTuple/fiveTuple_top.sv Line: 1887
Warning (12125): Using design file ByteCounter_counter.sv, which is not specified as a design file for the current project, but contains definitions for 1 design units and 1 entities in project
    Info (12023): Found entity 1: ByteCounter_counter File: /media/nisitha/My_Passport/MOODLE/P4_Networking/Compiler_design/p4_to_rtl/generated/fiveTuple/ByteCounter_counter.sv Line: 1
Info (12128): Elaborating entity "ByteCounter_counter" for hierarchy "ByteCounter_counter:u_ByteCounter" File: /media/nisitha/My_Passport/MOODLE/P4_Networking/Compiler_design/p4_to_rtl/generated/fiveTuple/fiveTuple_top.sv Line: 1899
Warning (276020): Inferred RAM node "processing_generated:u_proc|FiveTuple_table:u_FiveTuple|mem_valid_rtl_0" from synchronous design logic.  Pass-through logic has been added to match the read-during-write behavior of the original design.
Info (276014): Found 56 instances of uninferred RAM logic
    Info (276004): RAM logic "slot_hdr_delta" is uninferred due to inappropriate RAM size File: /media/nisitha/My_Passport/MOODLE/P4_Networking/Compiler_design/p4_to_rtl/generated/fiveTuple/fiveTuple_top.sv Line: 89
    Info (276004): RAM logic "txq_mem" is uninferred due to inappropriate RAM size File: /media/nisitha/My_Passport/MOODLE/P4_Networking/Compiler_design/p4_to_rtl/generated/fiveTuple/fiveTuple_top.sv Line: 110
    Info (276004): RAM logic "slot_phv_eth_valid" is uninferred due to inappropriate RAM size File: /media/nisitha/My_Passport/MOODLE/P4_Networking/Compiler_design/p4_to_rtl/generated/fiveTuple/fiveTuple_top.sv Line: 733
    Info (276004): RAM logic "slot_phv_new_vlan_valid" is uninferred due to inappropriate RAM size File: /media/nisitha/My_Passport/MOODLE/P4_Networking/Compiler_design/p4_to_rtl/generated/fiveTuple/fiveTuple_top.sv Line: 740
    Info (276004): RAM logic "slot_phv_tcp_valid" is uninferred due to inappropriate RAM size File: /media/nisitha/My_Passport/MOODLE/P4_Networking/Compiler_design/p4_to_rtl/generated/fiveTuple/fiveTuple_top.sv Line: 737
    Info (276004): RAM logic "slot_phv_ipv4_hdr_len" is uninferred due to inappropriate RAM size File: /media/nisitha/My_Passport/MOODLE/P4_Networking/Compiler_design/p4_to_rtl/generated/fiveTuple/fiveTuple_top.sv Line: 749
    Info (276004): RAM logic "slot_in_valid_vlan" is uninferred due to inappropriate RAM size File: /media/nisitha/My_Passport/MOODLE/P4_Networking/Compiler_design/p4_to_rtl/generated/fiveTuple/fiveTuple_top.sv Line: 77
    Info (276004): RAM logic "slot_phv_eth_dmac" is uninferred due to inappropriate RAM size File: /media/nisitha/My_Passport/MOODLE/P4_Networking/Compiler_design/p4_to_rtl/generated/fiveTuple/fiveTuple_top.sv Line: 741
    Info (276004): RAM logic "slot_phv_tcp_urgPtr" is uninferred due to inappropriate RAM size File: /media/nisitha/My_Passport/MOODLE/P4_Networking/Compiler_design/p4_to_rtl/generated/fiveTuple/fiveTuple_top.sv Line: 770
    Info (276004): RAM logic "slot_phv_tcp_window" is uninferred due to inappropriate RAM size File: /media/nisitha/My_Passport/MOODLE/P4_Networking/Compiler_design/p4_to_rtl/generated/fiveTuple/fiveTuple_top.sv Line: 768
    Info (276004): RAM logic "slot_phv_tcp_ackNum" is uninferred due to inappropriate RAM size File: /media/nisitha/My_Passport/MOODLE/P4_Networking/Compiler_design/p4_to_rtl/generated/fiveTuple/fiveTuple_top.sv Line: 764
    Info (276004): RAM logic "slot_phv_tcp_seqNum" is uninferred due to inappropriate RAM size File: /media/nisitha/My_Passport/MOODLE/P4_Networking/Compiler_design/p4_to_rtl/generated/fiveTuple/fiveTuple_top.sv Line: 763
    Info (276004): RAM logic "slot_phv_tcp_dst_port" is uninferred due to inappropriate RAM size File: /media/nisitha/My_Passport/MOODLE/P4_Networking/Compiler_design/p4_to_rtl/generated/fiveTuple/fiveTuple_top.sv Line: 762
    Info (276004): RAM logic "slot_phv_udp_dst_port" is uninferred due to inappropriate RAM size File: /media/nisitha/My_Passport/MOODLE/P4_Networking/Compiler_design/p4_to_rtl/generated/fiveTuple/fiveTuple_top.sv Line: 773
    Info (276004): RAM logic "slot_phv_udp_checksum" is uninferred due to inappropriate RAM size File: /media/nisitha/My_Passport/MOODLE/P4_Networking/Compiler_design/p4_to_rtl/generated/fiveTuple/fiveTuple_top.sv Line: 775
    Info (276004): RAM logic "slot_phv_udp_valid" is uninferred due to inappropriate RAM size File: /media/nisitha/My_Passport/MOODLE/P4_Networking/Compiler_design/p4_to_rtl/generated/fiveTuple/fiveTuple_top.sv Line: 739
    Info (276004): RAM logic "slot_phv_new_vlan_vid" is uninferred due to inappropriate RAM size File: /media/nisitha/My_Passport/MOODLE/P4_Networking/Compiler_design/p4_to_rtl/generated/fiveTuple/fiveTuple_top.sv Line: 778
    Info (276004): RAM logic "slot_phv_tcpopt_options" is uninferred due to inappropriate RAM size File: /media/nisitha/My_Passport/MOODLE/P4_Networking/Compiler_design/p4_to_rtl/generated/fiveTuple/fiveTuple_top.sv Line: 771
    Info (276004): RAM logic "slot_phv_ipv4opt_options" is uninferred due to inappropriate RAM size File: /media/nisitha/My_Passport/MOODLE/P4_Networking/Compiler_design/p4_to_rtl/generated/fiveTuple/fiveTuple_top.sv Line: 760
    Info (276004): RAM logic "slot_phv_ipv4_hdr_chk" is uninferred due to inappropriate RAM size File: /media/nisitha/My_Passport/MOODLE/P4_Networking/Compiler_design/p4_to_rtl/generated/fiveTuple/fiveTuple_top.sv Line: 757
    Info (276004): RAM logic "slot_phv_ipv4_src" is uninferred due to inappropriate RAM size File: /media/nisitha/My_Passport/MOODLE/P4_Networking/Compiler_design/p4_to_rtl/generated/fiveTuple/fiveTuple_top.sv Line: 758
    Info (276004): RAM logic "slot_phv_ipv4_valid" is uninferred due to inappropriate RAM size File: /media/nisitha/My_Passport/MOODLE/P4_Networking/Compiler_design/p4_to_rtl/generated/fiveTuple/fiveTuple_top.sv Line: 735
    Info (276004): RAM logic "slot_phv_ipv4opt_valid" is uninferred due to inappropriate RAM size File: /media/nisitha/My_Passport/MOODLE/P4_Networking/Compiler_design/p4_to_rtl/generated/fiveTuple/fiveTuple_top.sv Line: 736
    Info (276004): RAM logic "slot_phv_tcpopt_valid" is uninferred due to inappropriate RAM size File: /media/nisitha/My_Passport/MOODLE/P4_Networking/Compiler_design/p4_to_rtl/generated/fiveTuple/fiveTuple_top.sv Line: 738
    Info (276004): RAM logic "slot_phv_ipv4_dst" is uninferred due to inappropriate RAM size File: /media/nisitha/My_Passport/MOODLE/P4_Networking/Compiler_design/p4_to_rtl/generated/fiveTuple/fiveTuple_top.sv Line: 759
    Info (276004): RAM logic "slot_phv_new_vlan_cfi" is uninferred due to inappropriate RAM size File: /media/nisitha/My_Passport/MOODLE/P4_Networking/Compiler_design/p4_to_rtl/generated/fiveTuple/fiveTuple_top.sv Line: 777
    Info (276004): RAM logic "slot_phv_new_vlan_pcp" is uninferred due to inappropriate RAM size File: /media/nisitha/My_Passport/MOODLE/P4_Networking/Compiler_design/p4_to_rtl/generated/fiveTuple/fiveTuple_top.sv Line: 776
    Info (276004): RAM logic "slot_phv_udp_src_port" is uninferred due to inappropriate RAM size File: /media/nisitha/My_Passport/MOODLE/P4_Networking/Compiler_design/p4_to_rtl/generated/fiveTuple/fiveTuple_top.sv Line: 772
    Info (276004): RAM logic "slot_phv_udp_length" is uninferred due to inappropriate RAM size File: /media/nisitha/My_Passport/MOODLE/P4_Networking/Compiler_design/p4_to_rtl/generated/fiveTuple/fiveTuple_top.sv Line: 774
    Info (276004): RAM logic "slot_phv_eth_smac" is uninferred due to inappropriate RAM size File: /media/nisitha/My_Passport/MOODLE/P4_Networking/Compiler_design/p4_to_rtl/generated/fiveTuple/fiveTuple_top.sv Line: 742
    Info (276004): RAM logic "slot_phv_new_vlan_tpid" is uninferred due to inappropriate RAM size File: /media/nisitha/My_Passport/MOODLE/P4_Networking/Compiler_design/p4_to_rtl/generated/fiveTuple/fiveTuple_top.sv Line: 779
    Info (276004): RAM logic "slot_phv_tcp_checksum" is uninferred due to inappropriate RAM size File: /media/nisitha/My_Passport/MOODLE/P4_Networking/Compiler_design/p4_to_rtl/generated/fiveTuple/fiveTuple_top.sv Line: 769
    Info (276004): RAM logic "slot_phv_tcp_resv" is uninferred due to inappropriate RAM size File: /media/nisitha/My_Passport/MOODLE/P4_Networking/Compiler_design/p4_to_rtl/generated/fiveTuple/fiveTuple_top.sv Line: 766
    Info (276004): RAM logic "slot_phv_tcp_src_port" is uninferred due to inappropriate RAM size File: /media/nisitha/My_Passport/MOODLE/P4_Networking/Compiler_design/p4_to_rtl/generated/fiveTuple/fiveTuple_top.sv Line: 761
    Info (276004): RAM logic "slot_phv_tcp_dataOffset" is uninferred due to inappropriate RAM size File: /media/nisitha/My_Passport/MOODLE/P4_Networking/Compiler_design/p4_to_rtl/generated/fiveTuple/fiveTuple_top.sv Line: 765
    Info (276004): RAM logic "slot_phv_tcp_flags" is uninferred due to inappropriate RAM size File: /media/nisitha/My_Passport/MOODLE/P4_Networking/Compiler_design/p4_to_rtl/generated/fiveTuple/fiveTuple_top.sv Line: 767
    Info (276004): RAM logic "slot_phv_eth_type" is uninferred due to inappropriate RAM size File: /media/nisitha/My_Passport/MOODLE/P4_Networking/Compiler_design/p4_to_rtl/generated/fiveTuple/fiveTuple_top.sv Line: 743
    Info (276004): RAM logic "slot_phv_vlan_vid" is uninferred due to inappropriate RAM size File: /media/nisitha/My_Passport/MOODLE/P4_Networking/Compiler_design/p4_to_rtl/generated/fiveTuple/fiveTuple_top.sv Line: 746
    Info (276004): RAM logic "slot_phv_vlan_valid" is uninferred due to inappropriate RAM size File: /media/nisitha/My_Passport/MOODLE/P4_Networking/Compiler_design/p4_to_rtl/generated/fiveTuple/fiveTuple_top.sv Line: 734
    Info (276004): RAM logic "slot_phv_vlan_cfi" is uninferred due to inappropriate RAM size File: /media/nisitha/My_Passport/MOODLE/P4_Networking/Compiler_design/p4_to_rtl/generated/fiveTuple/fiveTuple_top.sv Line: 745
    Info (276004): RAM logic "slot_phv_ipv4_version" is uninferred due to inappropriate RAM size File: /media/nisitha/My_Passport/MOODLE/P4_Networking/Compiler_design/p4_to_rtl/generated/fiveTuple/fiveTuple_top.sv Line: 748
    Info (276004): RAM logic "slot_phv_vlan_pcp" is uninferred due to inappropriate RAM size File: /media/nisitha/My_Passport/MOODLE/P4_Networking/Compiler_design/p4_to_rtl/generated/fiveTuple/fiveTuple_top.sv Line: 744
    Info (276004): RAM logic "slot_phv_ipv4_tos" is uninferred due to inappropriate RAM size File: /media/nisitha/My_Passport/MOODLE/P4_Networking/Compiler_design/p4_to_rtl/generated/fiveTuple/fiveTuple_top.sv Line: 750
    Info (276004): RAM logic "slot_phv_vlan_tpid" is uninferred due to inappropriate RAM size File: /media/nisitha/My_Passport/MOODLE/P4_Networking/Compiler_design/p4_to_rtl/generated/fiveTuple/fiveTuple_top.sv Line: 747
    Info (276004): RAM logic "slot_phv_ipv4_length" is uninferred due to inappropriate RAM size File: /media/nisitha/My_Passport/MOODLE/P4_Networking/Compiler_design/p4_to_rtl/generated/fiveTuple/fiveTuple_top.sv Line: 751
    Info (276004): RAM logic "slot_phv_ipv4_id" is uninferred due to inappropriate RAM size File: /media/nisitha/My_Passport/MOODLE/P4_Networking/Compiler_design/p4_to_rtl/generated/fiveTuple/fiveTuple_top.sv Line: 752
    Info (276004): RAM logic "slot_phv_ipv4_offset" is uninferred due to inappropriate RAM size File: /media/nisitha/My_Passport/MOODLE/P4_Networking/Compiler_design/p4_to_rtl/generated/fiveTuple/fiveTuple_top.sv Line: 754
    Info (276004): RAM logic "slot_phv_ipv4_flags" is uninferred due to inappropriate RAM size File: /media/nisitha/My_Passport/MOODLE/P4_Networking/Compiler_design/p4_to_rtl/generated/fiveTuple/fiveTuple_top.sv Line: 753
    Info (276004): RAM logic "slot_phv_ipv4_ttl" is uninferred due to inappropriate RAM size File: /media/nisitha/My_Passport/MOODLE/P4_Networking/Compiler_design/p4_to_rtl/generated/fiveTuple/fiveTuple_top.sv Line: 755
    Info (276004): RAM logic "slot_phv_ipv4_protocol" is uninferred due to inappropriate RAM size File: /media/nisitha/My_Passport/MOODLE/P4_Networking/Compiler_design/p4_to_rtl/generated/fiveTuple/fiveTuple_top.sv Line: 756
    Info (276004): RAM logic "slot_in_valid_eth" is uninferred due to inappropriate RAM size File: /media/nisitha/My_Passport/MOODLE/P4_Networking/Compiler_design/p4_to_rtl/generated/fiveTuple/fiveTuple_top.sv Line: 76
    Info (276004): RAM logic "slot_in_valid_new_vlan" is uninferred due to inappropriate RAM size File: /media/nisitha/My_Passport/MOODLE/P4_Networking/Compiler_design/p4_to_rtl/generated/fiveTuple/fiveTuple_top.sv Line: 83
    Info (276004): RAM logic "slot_in_valid_ipv4" is uninferred due to inappropriate RAM size File: /media/nisitha/My_Passport/MOODLE/P4_Networking/Compiler_design/p4_to_rtl/generated/fiveTuple/fiveTuple_top.sv Line: 78
    Info (276004): RAM logic "slot_in_valid_tcp" is uninferred due to inappropriate RAM size File: /media/nisitha/My_Passport/MOODLE/P4_Networking/Compiler_design/p4_to_rtl/generated/fiveTuple/fiveTuple_top.sv Line: 80
    Info (276004): RAM logic "slot_in_valid_udp" is uninferred due to inappropriate RAM size File: /media/nisitha/My_Passport/MOODLE/P4_Networking/Compiler_design/p4_to_rtl/generated/fiveTuple/fiveTuple_top.sv Line: 82
    Info (276007): RAM logic "processing_generated:u_proc|FiveTuple_table:u_FiveTuple|mem_valid" is uninferred due to asynchronous read logic File: /media/nisitha/My_Passport/MOODLE/P4_Networking/Compiler_design/p4_to_rtl/generated/fiveTuple/FiveTuple_table.sv Line: 59
Info (19000): Inferred 17 megafunctions from design logic
    Info (276029): Inferred altsyncram megafunction from the following design logic: "pkt_beat_buf:g_pfifo[0].u_pbuf|mem_rtl_0" 
        Info (286033): Parameter OPERATION_MODE set to DUAL_PORT
        Info (286033): Parameter WIDTH_A set to 256
        Info (286033): Parameter WIDTHAD_A set to 8
        Info (286033): Parameter NUMWORDS_A set to 256
        Info (286033): Parameter WIDTH_B set to 256
        Info (286033): Parameter WIDTHAD_B set to 8
        Info (286033): Parameter NUMWORDS_B set to 256
        Info (286033): Parameter ADDRESS_ACLR_A set to NONE
        Info (286033): Parameter OUTDATA_REG_B set to UNREGISTERED
        Info (286033): Parameter ADDRESS_ACLR_B set to NONE
        Info (286033): Parameter OUTDATA_ACLR_B set to NONE
        Info (286033): Parameter ADDRESS_REG_B set to CLOCK0
        Info (286033): Parameter INDATA_ACLR_A set to NONE
        Info (286033): Parameter WRCONTROL_ACLR_A set to NONE
        Info (286033): Parameter RAM_BLOCK_TYPE set to M9K
        Info (286033): Parameter READ_DURING_WRITE_MODE_MIXED_PORTS set to OLD_DATA
    Info (276029): Inferred altsyncram megafunction from the following design logic: "pkt_beat_buf:g_pfifo[1].u_pbuf|mem_rtl_0" 
        Info (286033): Parameter OPERATION_MODE set to DUAL_PORT
        Info (286033): Parameter WIDTH_A set to 256
        Info (286033): Parameter WIDTHAD_A set to 8
        Info (286033): Parameter NUMWORDS_A set to 256
        Info (286033): Parameter WIDTH_B set to 256
        Info (286033): Parameter WIDTHAD_B set to 8
        Info (286033): Parameter NUMWORDS_B set to 256
        Info (286033): Parameter ADDRESS_ACLR_A set to NONE
        Info (286033): Parameter OUTDATA_REG_B set to UNREGISTERED
        Info (286033): Parameter ADDRESS_ACLR_B set to NONE
        Info (286033): Parameter OUTDATA_ACLR_B set to NONE
        Info (286033): Parameter ADDRESS_REG_B set to CLOCK0
        Info (286033): Parameter INDATA_ACLR_A set to NONE
        Info (286033): Parameter WRCONTROL_ACLR_A set to NONE
        Info (286033): Parameter RAM_BLOCK_TYPE set to M9K
        Info (286033): Parameter READ_DURING_WRITE_MODE_MIXED_PORTS set to OLD_DATA
    Info (276029): Inferred altsyncram megafunction from the following design logic: "pkt_beat_buf:g_pfifo[2].u_pbuf|mem_rtl_0" 
        Info (286033): Parameter OPERATION_MODE set to DUAL_PORT
        Info (286033): Parameter WIDTH_A set to 256
        Info (286033): Parameter WIDTHAD_A set to 8
        Info (286033): Parameter NUMWORDS_A set to 256
        Info (286033): Parameter WIDTH_B set to 256
        Info (286033): Parameter WIDTHAD_B set to 8
        Info (286033): Parameter NUMWORDS_B set to 256
        Info (286033): Parameter ADDRESS_ACLR_A set to NONE
        Info (286033): Parameter OUTDATA_REG_B set to UNREGISTERED
        Info (286033): Parameter ADDRESS_ACLR_B set to NONE
        Info (286033): Parameter OUTDATA_ACLR_B set to NONE
        Info (286033): Parameter ADDRESS_REG_B set to CLOCK0
        Info (286033): Parameter INDATA_ACLR_A set to NONE
        Info (286033): Parameter WRCONTROL_ACLR_A set to NONE
        Info (286033): Parameter RAM_BLOCK_TYPE set to M9K
        Info (286033): Parameter READ_DURING_WRITE_MODE_MIXED_PORTS set to OLD_DATA
    Info (276029): Inferred altsyncram megafunction from the following design logic: "pkt_beat_buf:g_pfifo[3].u_pbuf|mem_rtl_0" 
        Info (286033): Parameter OPERATION_MODE set to DUAL_PORT
        Info (286033): Parameter WIDTH_A set to 256
        Info (286033): Parameter WIDTHAD_A set to 8
        Info (286033): Parameter NUMWORDS_A set to 256
        Info (286033): Parameter WIDTH_B set to 256
        Info (286033): Parameter WIDTHAD_B set to 8
        Info (286033): Parameter NUMWORDS_B set to 256
        Info (286033): Parameter ADDRESS_ACLR_A set to NONE
        Info (286033): Parameter OUTDATA_REG_B set to UNREGISTERED
        Info (286033): Parameter ADDRESS_ACLR_B set to NONE
        Info (286033): Parameter OUTDATA_ACLR_B set to NONE
        Info (286033): Parameter ADDRESS_REG_B set to CLOCK0
        Info (286033): Parameter INDATA_ACLR_A set to NONE
        Info (286033): Parameter WRCONTROL_ACLR_A set to NONE
        Info (286033): Parameter RAM_BLOCK_TYPE set to M9K
        Info (286033): Parameter READ_DURING_WRITE_MODE_MIXED_PORTS set to OLD_DATA
    Info (276029): Inferred altsyncram megafunction from the following design logic: "processing_generated:u_proc|FiveTuple_table:u_FiveTuple|mem_action_rtl_0" 
        Info (286033): Parameter OPERATION_MODE set to BIDIR_DUAL_PORT
        Info (286033): Parameter WIDTH_A set to 1
        Info (286033): Parameter WIDTH_B set to 1
        Info (286033): Parameter WIDTHAD_A set to 13
        Info (286033): Parameter WIDTHAD_B set to 13
        Info (286033): Parameter NUMWORDS_A set to 8192
        Info (286033): Parameter NUMWORDS_B set to 8192
        Info (286033): Parameter OUTDATA_REG_A set to UNREGISTERED
        Info (286033): Parameter OUTDATA_REG_B set to UNREGISTERED
        Info (286033): Parameter ADDRESS_REG_B set to CLOCK0
        Info (286033): Parameter INDATA_REG_B set to CLOCK0
        Info (286033): Parameter WRCONTROL_WRADDRESS_REG_B set to CLOCK0
        Info (286033): Parameter INDATA_ACLR_A set to NONE
        Info (286033): Parameter WRCONTROL_ACLR_A set to NONE
        Info (286033): Parameter ADDRESS_ACLR_A set to NONE
        Info (286033): Parameter ADDRESS_ACLR_B set to NONE
        Info (286033): Parameter OUTDATA_ACLR_B set to NONE
        Info (286033): Parameter READ_DURING_WRITE_MODE_MIXED_PORTS set to OLD_DATA
    Info (276029): Inferred altsyncram megafunction from the following design logic: "processing_generated:u_proc|FiveTuple_table:u_FiveTuple|mem_key_src_rtl_0" 
        Info (286033): Parameter OPERATION_MODE set to BIDIR_DUAL_PORT
        Info (286033): Parameter WIDTH_A set to 32
        Info (286033): Parameter WIDTH_B set to 32
        Info (286033): Parameter WIDTHAD_A set to 13
        Info (286033): Parameter WIDTHAD_B set to 13
        Info (286033): Parameter NUMWORDS_A set to 8192
        Info (286033): Parameter NUMWORDS_B set to 8192
        Info (286033): Parameter OUTDATA_REG_A set to UNREGISTERED
        Info (286033): Parameter OUTDATA_REG_B set to UNREGISTERED
        Info (286033): Parameter ADDRESS_REG_B set to CLOCK0
        Info (286033): Parameter INDATA_REG_B set to CLOCK0
        Info (286033): Parameter WRCONTROL_WRADDRESS_REG_B set to CLOCK0
        Info (286033): Parameter INDATA_ACLR_A set to NONE
        Info (286033): Parameter WRCONTROL_ACLR_A set to NONE
        Info (286033): Parameter ADDRESS_ACLR_A set to NONE
        Info (286033): Parameter ADDRESS_ACLR_B set to NONE
        Info (286033): Parameter OUTDATA_ACLR_B set to NONE
        Info (286033): Parameter READ_DURING_WRITE_MODE_MIXED_PORTS set to OLD_DATA
    Info (276029): Inferred altsyncram megafunction from the following design logic: "processing_generated:u_proc|FiveTuple_table:u_FiveTuple|mem_key_dst_rtl_0" 
        Info (286033): Parameter OPERATION_MODE set to BIDIR_DUAL_PORT
        Info (286033): Parameter WIDTH_A set to 32
        Info (286033): Parameter WIDTH_B set to 32
        Info (286033): Parameter WIDTHAD_A set to 13
        Info (286033): Parameter WIDTHAD_B set to 13
        Info (286033): Parameter NUMWORDS_A set to 8192
        Info (286033): Parameter NUMWORDS_B set to 8192
        Info (286033): Parameter OUTDATA_REG_A set to UNREGISTERED
        Info (286033): Parameter OUTDATA_REG_B set to UNREGISTERED
        Info (286033): Parameter ADDRESS_REG_B set to CLOCK0
        Info (286033): Parameter INDATA_REG_B set to CLOCK0
        Info (286033): Parameter WRCONTROL_WRADDRESS_REG_B set to CLOCK0
        Info (286033): Parameter INDATA_ACLR_A set to NONE
        Info (286033): Parameter WRCONTROL_ACLR_A set to NONE
        Info (286033): Parameter ADDRESS_ACLR_A set to NONE
        Info (286033): Parameter ADDRESS_ACLR_B set to NONE
        Info (286033): Parameter OUTDATA_ACLR_B set to NONE
        Info (286033): Parameter READ_DURING_WRITE_MODE_MIXED_PORTS set to OLD_DATA
    Info (276029): Inferred altsyncram megafunction from the following design logic: "processing_generated:u_proc|FiveTuple_table:u_FiveTuple|mem_key_protocol_rtl_0" 
        Info (286033): Parameter OPERATION_MODE set to BIDIR_DUAL_PORT
        Info (286033): Parameter WIDTH_A set to 8
        Info (286033): Parameter WIDTH_B set to 8
        Info (286033): Parameter WIDTHAD_A set to 13
        Info (286033): Parameter WIDTHAD_B set to 13
        Info (286033): Parameter NUMWORDS_A set to 8192
        Info (286033): Parameter NUMWORDS_B set to 8192
        Info (286033): Parameter OUTDATA_REG_A set to UNREGISTERED
        Info (286033): Parameter OUTDATA_REG_B set to UNREGISTERED
        Info (286033): Parameter ADDRESS_REG_B set to CLOCK0
        Info (286033): Parameter INDATA_REG_B set to CLOCK0
        Info (286033): Parameter WRCONTROL_WRADDRESS_REG_B set to CLOCK0
        Info (286033): Parameter INDATA_ACLR_A set to NONE
        Info (286033): Parameter WRCONTROL_ACLR_A set to NONE
        Info (286033): Parameter ADDRESS_ACLR_A set to NONE
        Info (286033): Parameter ADDRESS_ACLR_B set to NONE
        Info (286033): Parameter OUTDATA_ACLR_B set to NONE
        Info (286033): Parameter READ_DURING_WRITE_MODE_MIXED_PORTS set to OLD_DATA
    Info (276029): Inferred altsyncram megafunction from the following design logic: "processing_generated:u_proc|FiveTuple_table:u_FiveTuple|mem_key_table_key_sport_rtl_0" 
        Info (286033): Parameter OPERATION_MODE set to BIDIR_DUAL_PORT
        Info (286033): Parameter WIDTH_A set to 16
        Info (286033): Parameter WIDTH_B set to 16
        Info (286033): Parameter WIDTHAD_A set to 13
        Info (286033): Parameter WIDTHAD_B set to 13
        Info (286033): Parameter NUMWORDS_A set to 8192
        Info (286033): Parameter NUMWORDS_B set to 8192
        Info (286033): Parameter OUTDATA_REG_A set to UNREGISTERED
        Info (286033): Parameter OUTDATA_REG_B set to UNREGISTERED
        Info (286033): Parameter ADDRESS_REG_B set to CLOCK0
        Info (286033): Parameter INDATA_REG_B set to CLOCK0
        Info (286033): Parameter WRCONTROL_WRADDRESS_REG_B set to CLOCK0
        Info (286033): Parameter INDATA_ACLR_A set to NONE
        Info (286033): Parameter WRCONTROL_ACLR_A set to NONE
        Info (286033): Parameter ADDRESS_ACLR_A set to NONE
        Info (286033): Parameter ADDRESS_ACLR_B set to NONE
        Info (286033): Parameter OUTDATA_ACLR_B set to NONE
        Info (286033): Parameter READ_DURING_WRITE_MODE_MIXED_PORTS set to OLD_DATA
    Info (276029): Inferred altsyncram megafunction from the following design logic: "processing_generated:u_proc|FiveTuple_table:u_FiveTuple|mem_key_table_key_dport_rtl_0" 
        Info (286033): Parameter OPERATION_MODE set to BIDIR_DUAL_PORT
        Info (286033): Parameter WIDTH_A set to 16
        Info (286033): Parameter WIDTH_B set to 16
        Info (286033): Parameter WIDTHAD_A set to 13
        Info (286033): Parameter WIDTHAD_B set to 13
        Info (286033): Parameter NUMWORDS_A set to 8192
        Info (286033): Parameter NUMWORDS_B set to 8192
        Info (286033): Parameter OUTDATA_REG_A set to UNREGISTERED
        Info (286033): Parameter OUTDATA_REG_B set to UNREGISTERED
        Info (286033): Parameter ADDRESS_REG_B set to CLOCK0
        Info (286033): Parameter INDATA_REG_B set to CLOCK0
        Info (286033): Parameter WRCONTROL_WRADDRESS_REG_B set to CLOCK0
        Info (286033): Parameter INDATA_ACLR_A set to NONE
        Info (286033): Parameter WRCONTROL_ACLR_A set to NONE
        Info (286033): Parameter ADDRESS_ACLR_A set to NONE
        Info (286033): Parameter ADDRESS_ACLR_B set to NONE
        Info (286033): Parameter OUTDATA_ACLR_B set to NONE
        Info (286033): Parameter READ_DURING_WRITE_MODE_MIXED_PORTS set to OLD_DATA
    Info (276029): Inferred altsyncram megafunction from the following design logic: "processing_generated:u_proc|FiveTuple_table:u_FiveTuple|mem_valid_rtl_0" 
        Info (286033): Parameter OPERATION_MODE set to DUAL_PORT
        Info (286033): Parameter WIDTH_A set to 1
        Info (286033): Parameter WIDTHAD_A set to 13
        Info (286033): Parameter NUMWORDS_A set to 8192
        Info (286033): Parameter WIDTH_B set to 1
        Info (286033): Parameter WIDTHAD_B set to 13
        Info (286033): Parameter NUMWORDS_B set to 8192
        Info (286033): Parameter ADDRESS_ACLR_A set to NONE
        Info (286033): Parameter OUTDATA_REG_B set to UNREGISTERED
        Info (286033): Parameter ADDRESS_ACLR_B set to NONE
        Info (286033): Parameter OUTDATA_ACLR_B set to NONE
        Info (286033): Parameter ADDRESS_REG_B set to CLOCK0
        Info (286033): Parameter INDATA_ACLR_A set to NONE
        Info (286033): Parameter WRCONTROL_ACLR_A set to NONE
    Info (276029): Inferred altsyncram megafunction from the following design logic: "processing_generated:u_proc|FiveTuple_table:u_FiveTuple|mem_p_counter_index_rtl_0" 
        Info (286033): Parameter OPERATION_MODE set to BIDIR_DUAL_PORT
        Info (286033): Parameter WIDTH_A set to 13
        Info (286033): Parameter WIDTH_B set to 13
        Info (286033): Parameter WIDTHAD_A set to 13
        Info (286033): Parameter WIDTHAD_B set to 13
        Info (286033): Parameter NUMWORDS_A set to 8192
        Info (286033): Parameter NUMWORDS_B set to 8192
        Info (286033): Parameter OUTDATA_REG_A set to UNREGISTERED
        Info (286033): Parameter OUTDATA_REG_B set to UNREGISTERED
        Info (286033): Parameter ADDRESS_REG_B set to CLOCK0
        Info (286033): Parameter INDATA_REG_B set to CLOCK0
        Info (286033): Parameter WRCONTROL_WRADDRESS_REG_B set to CLOCK0
        Info (286033): Parameter INDATA_ACLR_A set to NONE
        Info (286033): Parameter WRCONTROL_ACLR_A set to NONE
        Info (286033): Parameter ADDRESS_ACLR_A set to NONE
        Info (286033): Parameter ADDRESS_ACLR_B set to NONE
        Info (286033): Parameter OUTDATA_ACLR_B set to NONE
        Info (286033): Parameter READ_DURING_WRITE_MODE_MIXED_PORTS set to OLD_DATA
    Info (276029): Inferred altsyncram megafunction from the following design logic: "processing_generated:u_proc|FiveTuple_table:u_FiveTuple|mem_p_pcp_rtl_0" 
        Info (286033): Parameter OPERATION_MODE set to BIDIR_DUAL_PORT
        Info (286033): Parameter WIDTH_A set to 3
        Info (286033): Parameter WIDTH_B set to 3
        Info (286033): Parameter WIDTHAD_A set to 13
        Info (286033): Parameter WIDTHAD_B set to 13
        Info (286033): Parameter NUMWORDS_A set to 8192
        Info (286033): Parameter NUMWORDS_B set to 8192
        Info (286033): Parameter OUTDATA_REG_A set to UNREGISTERED
        Info (286033): Parameter OUTDATA_REG_B set to UNREGISTERED
        Info (286033): Parameter ADDRESS_REG_B set to CLOCK0
        Info (286033): Parameter INDATA_REG_B set to CLOCK0
        Info (286033): Parameter WRCONTROL_WRADDRESS_REG_B set to CLOCK0
        Info (286033): Parameter INDATA_ACLR_A set to NONE
        Info (286033): Parameter WRCONTROL_ACLR_A set to NONE
        Info (286033): Parameter ADDRESS_ACLR_A set to NONE
        Info (286033): Parameter ADDRESS_ACLR_B set to NONE
        Info (286033): Parameter OUTDATA_ACLR_B set to NONE
        Info (286033): Parameter READ_DURING_WRITE_MODE_MIXED_PORTS set to OLD_DATA
    Info (276029): Inferred altsyncram megafunction from the following design logic: "processing_generated:u_proc|FiveTuple_table:u_FiveTuple|mem_p_cfi_rtl_0" 
        Info (286033): Parameter OPERATION_MODE set to BIDIR_DUAL_PORT
        Info (286033): Parameter WIDTH_A set to 1
        Info (286033): Parameter WIDTH_B set to 1
        Info (286033): Parameter WIDTHAD_A set to 13
        Info (286033): Parameter WIDTHAD_B set to 13
        Info (286033): Parameter NUMWORDS_A set to 8192
        Info (286033): Parameter NUMWORDS_B set to 8192
        Info (286033): Parameter OUTDATA_REG_A set to UNREGISTERED
        Info (286033): Parameter OUTDATA_REG_B set to UNREGISTERED
        Info (286033): Parameter ADDRESS_REG_B set to CLOCK0
        Info (286033): Parameter INDATA_REG_B set to CLOCK0
        Info (286033): Parameter WRCONTROL_WRADDRESS_REG_B set to CLOCK0
        Info (286033): Parameter INDATA_ACLR_A set to NONE
        Info (286033): Parameter WRCONTROL_ACLR_A set to NONE
        Info (286033): Parameter ADDRESS_ACLR_A set to NONE
        Info (286033): Parameter ADDRESS_ACLR_B set to NONE
        Info (286033): Parameter OUTDATA_ACLR_B set to NONE
        Info (286033): Parameter READ_DURING_WRITE_MODE_MIXED_PORTS set to OLD_DATA
    Info (276029): Inferred altsyncram megafunction from the following design logic: "processing_generated:u_proc|FiveTuple_table:u_FiveTuple|mem_p_vid_rtl_0" 
        Info (286033): Parameter OPERATION_MODE set to BIDIR_DUAL_PORT
        Info (286033): Parameter WIDTH_A set to 12
        Info (286033): Parameter WIDTH_B set to 12
        Info (286033): Parameter WIDTHAD_A set to 13
        Info (286033): Parameter WIDTHAD_B set to 13
        Info (286033): Parameter NUMWORDS_A set to 8192
        Info (286033): Parameter NUMWORDS_B set to 8192
        Info (286033): Parameter OUTDATA_REG_A set to UNREGISTERED
        Info (286033): Parameter OUTDATA_REG_B set to UNREGISTERED
        Info (286033): Parameter ADDRESS_REG_B set to CLOCK0
        Info (286033): Parameter INDATA_REG_B set to CLOCK0
        Info (286033): Parameter WRCONTROL_WRADDRESS_REG_B set to CLOCK0
        Info (286033): Parameter INDATA_ACLR_A set to NONE
        Info (286033): Parameter WRCONTROL_ACLR_A set to NONE
        Info (286033): Parameter ADDRESS_ACLR_A set to NONE
        Info (286033): Parameter ADDRESS_ACLR_B set to NONE
        Info (286033): Parameter OUTDATA_ACLR_B set to NONE
        Info (286033): Parameter READ_DURING_WRITE_MODE_MIXED_PORTS set to OLD_DATA
    Info (276029): Inferred altsyncram megafunction from the following design logic: "PacketCounter_counter:u_PacketCounter|pkt_mem_rtl_0" 
        Info (286033): Parameter OPERATION_MODE set to BIDIR_DUAL_PORT
        Info (286033): Parameter WIDTH_A set to 64
        Info (286033): Parameter WIDTH_B set to 64
        Info (286033): Parameter WIDTHAD_A set to 13
        Info (286033): Parameter WIDTHAD_B set to 13
        Info (286033): Parameter NUMWORDS_A set to 8192
        Info (286033): Parameter NUMWORDS_B set to 8192
        Info (286033): Parameter OUTDATA_REG_A set to UNREGISTERED
        Info (286033): Parameter OUTDATA_REG_B set to UNREGISTERED
        Info (286033): Parameter ADDRESS_REG_B set to CLOCK0
        Info (286033): Parameter INDATA_REG_B set to CLOCK0
        Info (286033): Parameter WRCONTROL_WRADDRESS_REG_B set to CLOCK0
        Info (286033): Parameter INDATA_ACLR_A set to NONE
        Info (286033): Parameter WRCONTROL_ACLR_A set to NONE
        Info (286033): Parameter ADDRESS_ACLR_A set to NONE
        Info (286033): Parameter ADDRESS_ACLR_B set to NONE
        Info (286033): Parameter OUTDATA_ACLR_B set to NONE
        Info (286033): Parameter READ_DURING_WRITE_MODE_MIXED_PORTS set to OLD_DATA
    Info (276029): Inferred altsyncram megafunction from the following design logic: "ByteCounter_counter:u_ByteCounter|byte_mem_rtl_0" 
        Info (286033): Parameter OPERATION_MODE set to BIDIR_DUAL_PORT
        Info (286033): Parameter WIDTH_A set to 64
        Info (286033): Parameter WIDTH_B set to 64
        Info (286033): Parameter WIDTHAD_A set to 13
        Info (286033): Parameter WIDTHAD_B set to 13
        Info (286033): Parameter NUMWORDS_A set to 8192
        Info (286033): Parameter NUMWORDS_B set to 8192
        Info (286033): Parameter OUTDATA_REG_A set to UNREGISTERED
        Info (286033): Parameter OUTDATA_REG_B set to UNREGISTERED
        Info (286033): Parameter ADDRESS_REG_B set to CLOCK0
        Info (286033): Parameter INDATA_REG_B set to CLOCK0
        Info (286033): Parameter WRCONTROL_WRADDRESS_REG_B set to CLOCK0
        Info (286033): Parameter INDATA_ACLR_A set to NONE
        Info (286033): Parameter WRCONTROL_ACLR_A set to NONE
        Info (286033): Parameter ADDRESS_ACLR_A set to NONE
        Info (286033): Parameter ADDRESS_ACLR_B set to NONE
        Info (286033): Parameter OUTDATA_ACLR_B set to NONE
        Info (286033): Parameter READ_DURING_WRITE_MODE_MIXED_PORTS set to OLD_DATA
Info (12130): Elaborated megafunction instantiation "pkt_beat_buf:g_pfifo[0].u_pbuf|altsyncram:mem_rtl_0"
Info (12133): Instantiated megafunction "pkt_beat_buf:g_pfifo[0].u_pbuf|altsyncram:mem_rtl_0" with the following parameter:
    Info (12134): Parameter "OPERATION_MODE" = "DUAL_PORT"
    Info (12134): Parameter "WIDTH_A" = "256"
    Info (12134): Parameter "WIDTHAD_A" = "8"
    Info (12134): Parameter "NUMWORDS_A" = "256"
    Info (12134): Parameter "WIDTH_B" = "256"
    Info (12134): Parameter "WIDTHAD_B" = "8"
    Info (12134): Parameter "NUMWORDS_B" = "256"
    Info (12134): Parameter "ADDRESS_ACLR_A" = "NONE"
    Info (12134): Parameter "OUTDATA_REG_B" = "UNREGISTERED"
    Info (12134): Parameter "ADDRESS_ACLR_B" = "NONE"
    Info (12134): Parameter "OUTDATA_ACLR_B" = "NONE"
    Info (12134): Parameter "ADDRESS_REG_B" = "CLOCK0"
    Info (12134): Parameter "INDATA_ACLR_A" = "NONE"
    Info (12134): Parameter "WRCONTROL_ACLR_A" = "NONE"
    Info (12134): Parameter "RAM_BLOCK_TYPE" = "M9K"
    Info (12134): Parameter "READ_DURING_WRITE_MODE_MIXED_PORTS" = "OLD_DATA"
Info (12021): Found 1 design units, including 1 entities, in source file db/altsyncram_hvi1.tdf
    Info (12023): Found entity 1: altsyncram_hvi1 File: /media/nisitha/My_Passport/MOODLE/P4_Networking/Compiler_design/p4_to_rtl/generated/fiveTuple/db/altsyncram_hvi1.tdf Line: 28
Info (12130): Elaborated megafunction instantiation "processing_generated:u_proc|FiveTuple_table:u_FiveTuple|altsyncram:mem_action_rtl_0"
Info (12133): Instantiated megafunction "processing_generated:u_proc|FiveTuple_table:u_FiveTuple|altsyncram:mem_action_rtl_0" with the following parameter:
    Info (12134): Parameter "OPERATION_MODE" = "BIDIR_DUAL_PORT"
    Info (12134): Parameter "WIDTH_A" = "1"
    Info (12134): Parameter "WIDTH_B" = "1"
    Info (12134): Parameter "WIDTHAD_A" = "13"
    Info (12134): Parameter "WIDTHAD_B" = "13"
    Info (12134): Parameter "NUMWORDS_A" = "8192"
    Info (12134): Parameter "NUMWORDS_B" = "8192"
    Info (12134): Parameter "OUTDATA_REG_A" = "UNREGISTERED"
    Info (12134): Parameter "OUTDATA_REG_B" = "UNREGISTERED"
    Info (12134): Parameter "ADDRESS_REG_B" = "CLOCK0"
    Info (12134): Parameter "INDATA_REG_B" = "CLOCK0"
    Info (12134): Parameter "WRCONTROL_WRADDRESS_REG_B" = "CLOCK0"
    Info (12134): Parameter "INDATA_ACLR_A" = "NONE"
    Info (12134): Parameter "WRCONTROL_ACLR_A" = "NONE"
    Info (12134): Parameter "ADDRESS_ACLR_A" = "NONE"
    Info (12134): Parameter "ADDRESS_ACLR_B" = "NONE"
    Info (12134): Parameter "OUTDATA_ACLR_B" = "NONE"
    Info (12134): Parameter "READ_DURING_WRITE_MODE_MIXED_PORTS" = "OLD_DATA"
Info (12021): Found 1 design units, including 1 entities, in source file db/altsyncram_nkq1.tdf
    Info (12023): Found entity 1: altsyncram_nkq1 File: /media/nisitha/My_Passport/MOODLE/P4_Networking/Compiler_design/p4_to_rtl/generated/fiveTuple/db/altsyncram_nkq1.tdf Line: 28
Info (12130): Elaborated megafunction instantiation "processing_generated:u_proc|FiveTuple_table:u_FiveTuple|altsyncram:mem_key_src_rtl_0"
Info (12133): Instantiated megafunction "processing_generated:u_proc|FiveTuple_table:u_FiveTuple|altsyncram:mem_key_src_rtl_0" with the following parameter:
    Info (12134): Parameter "OPERATION_MODE" = "BIDIR_DUAL_PORT"
    Info (12134): Parameter "WIDTH_A" = "32"
    Info (12134): Parameter "WIDTH_B" = "32"
    Info (12134): Parameter "WIDTHAD_A" = "13"
    Info (12134): Parameter "WIDTHAD_B" = "13"
    Info (12134): Parameter "NUMWORDS_A" = "8192"
    Info (12134): Parameter "NUMWORDS_B" = "8192"
    Info (12134): Parameter "OUTDATA_REG_A" = "UNREGISTERED"
    Info (12134): Parameter "OUTDATA_REG_B" = "UNREGISTERED"
    Info (12134): Parameter "ADDRESS_REG_B" = "CLOCK0"
    Info (12134): Parameter "INDATA_REG_B" = "CLOCK0"
    Info (12134): Parameter "WRCONTROL_WRADDRESS_REG_B" = "CLOCK0"
    Info (12134): Parameter "INDATA_ACLR_A" = "NONE"
    Info (12134): Parameter "WRCONTROL_ACLR_A" = "NONE"
    Info (12134): Parameter "ADDRESS_ACLR_A" = "NONE"
    Info (12134): Parameter "ADDRESS_ACLR_B" = "NONE"
    Info (12134): Parameter "OUTDATA_ACLR_B" = "NONE"
    Info (12134): Parameter "READ_DURING_WRITE_MODE_MIXED_PORTS" = "OLD_DATA"
Info (12021): Found 1 design units, including 1 entities, in source file db/altsyncram_vnq1.tdf
    Info (12023): Found entity 1: altsyncram_vnq1 File: /media/nisitha/My_Passport/MOODLE/P4_Networking/Compiler_design/p4_to_rtl/generated/fiveTuple/db/altsyncram_vnq1.tdf Line: 28
Info (12130): Elaborated megafunction instantiation "processing_generated:u_proc|FiveTuple_table:u_FiveTuple|altsyncram:mem_key_protocol_rtl_0"
Info (12133): Instantiated megafunction "processing_generated:u_proc|FiveTuple_table:u_FiveTuple|altsyncram:mem_key_protocol_rtl_0" with the following parameter:
    Info (12134): Parameter "OPERATION_MODE" = "BIDIR_DUAL_PORT"
    Info (12134): Parameter "WIDTH_A" = "8"
    Info (12134): Parameter "WIDTH_B" = "8"
    Info (12134): Parameter "WIDTHAD_A" = "13"
    Info (12134): Parameter "WIDTHAD_B" = "13"
    Info (12134): Parameter "NUMWORDS_A" = "8192"
    Info (12134): Parameter "NUMWORDS_B" = "8192"
    Info (12134): Parameter "OUTDATA_REG_A" = "UNREGISTERED"
    Info (12134): Parameter "OUTDATA_REG_B" = "UNREGISTERED"
    Info (12134): Parameter "ADDRESS_REG_B" = "CLOCK0"
    Info (12134): Parameter "INDATA_REG_B" = "CLOCK0"
    Info (12134): Parameter "WRCONTROL_WRADDRESS_REG_B" = "CLOCK0"
    Info (12134): Parameter "INDATA_ACLR_A" = "NONE"
    Info (12134): Parameter "WRCONTROL_ACLR_A" = "NONE"
    Info (12134): Parameter "ADDRESS_ACLR_A" = "NONE"
    Info (12134): Parameter "ADDRESS_ACLR_B" = "NONE"
    Info (12134): Parameter "OUTDATA_ACLR_B" = "NONE"
    Info (12134): Parameter "READ_DURING_WRITE_MODE_MIXED_PORTS" = "OLD_DATA"
Info (12021): Found 1 design units, including 1 entities, in source file db/altsyncram_5lq1.tdf
    Info (12023): Found entity 1: altsyncram_5lq1 File: /media/nisitha/My_Passport/MOODLE/P4_Networking/Compiler_design/p4_to_rtl/generated/fiveTuple/db/altsyncram_5lq1.tdf Line: 28
Info (12130): Elaborated megafunction instantiation "processing_generated:u_proc|FiveTuple_table:u_FiveTuple|altsyncram:mem_key_table_key_sport_rtl_0"
Info (12133): Instantiated megafunction "processing_generated:u_proc|FiveTuple_table:u_FiveTuple|altsyncram:mem_key_table_key_sport_rtl_0" with the following parameter:
    Info (12134): Parameter "OPERATION_MODE" = "BIDIR_DUAL_PORT"
    Info (12134): Parameter "WIDTH_A" = "16"
    Info (12134): Parameter "WIDTH_B" = "16"
    Info (12134): Parameter "WIDTHAD_A" = "13"
    Info (12134): Parameter "WIDTHAD_B" = "13"
    Info (12134): Parameter "NUMWORDS_A" = "8192"
    Info (12134): Parameter "NUMWORDS_B" = "8192"
    Info (12134): Parameter "OUTDATA_REG_A" = "UNREGISTERED"
    Info (12134): Parameter "OUTDATA_REG_B" = "UNREGISTERED"
    Info (12134): Parameter "ADDRESS_REG_B" = "CLOCK0"
    Info (12134): Parameter "INDATA_REG_B" = "CLOCK0"
    Info (12134): Parameter "WRCONTROL_WRADDRESS_REG_B" = "CLOCK0"
    Info (12134): Parameter "INDATA_ACLR_A" = "NONE"
    Info (12134): Parameter "WRCONTROL_ACLR_A" = "NONE"
    Info (12134): Parameter "ADDRESS_ACLR_A" = "NONE"
    Info (12134): Parameter "ADDRESS_ACLR_B" = "NONE"
    Info (12134): Parameter "OUTDATA_ACLR_B" = "NONE"
    Info (12134): Parameter "READ_DURING_WRITE_MODE_MIXED_PORTS" = "OLD_DATA"
Info (12021): Found 1 design units, including 1 entities, in source file db/altsyncram_3oq1.tdf
    Info (12023): Found entity 1: altsyncram_3oq1 File: /media/nisitha/My_Passport/MOODLE/P4_Networking/Compiler_design/p4_to_rtl/generated/fiveTuple/db/altsyncram_3oq1.tdf Line: 28
Info (12130): Elaborated megafunction instantiation "processing_generated:u_proc|FiveTuple_table:u_FiveTuple|altsyncram:mem_valid_rtl_0"
Info (12133): Instantiated megafunction "processing_generated:u_proc|FiveTuple_table:u_FiveTuple|altsyncram:mem_valid_rtl_0" with the following parameter:
    Info (12134): Parameter "OPERATION_MODE" = "DUAL_PORT"
    Info (12134): Parameter "WIDTH_A" = "1"
    Info (12134): Parameter "WIDTHAD_A" = "13"
    Info (12134): Parameter "NUMWORDS_A" = "8192"
    Info (12134): Parameter "WIDTH_B" = "1"
    Info (12134): Parameter "WIDTHAD_B" = "13"
    Info (12134): Parameter "NUMWORDS_B" = "8192"
    Info (12134): Parameter "ADDRESS_ACLR_A" = "NONE"
    Info (12134): Parameter "OUTDATA_REG_B" = "UNREGISTERED"
    Info (12134): Parameter "ADDRESS_ACLR_B" = "NONE"
    Info (12134): Parameter "OUTDATA_ACLR_B" = "NONE"
    Info (12134): Parameter "ADDRESS_REG_B" = "CLOCK0"
    Info (12134): Parameter "INDATA_ACLR_A" = "NONE"
    Info (12134): Parameter "WRCONTROL_ACLR_A" = "NONE"
Info (12021): Found 1 design units, including 1 entities, in source file db/altsyncram_ajc1.tdf
    Info (12023): Found entity 1: altsyncram_ajc1 File: /media/nisitha/My_Passport/MOODLE/P4_Networking/Compiler_design/p4_to_rtl/generated/fiveTuple/db/altsyncram_ajc1.tdf Line: 28
Info (12130): Elaborated megafunction instantiation "processing_generated:u_proc|FiveTuple_table:u_FiveTuple|altsyncram:mem_p_counter_index_rtl_0"
Info (12133): Instantiated megafunction "processing_generated:u_proc|FiveTuple_table:u_FiveTuple|altsyncram:mem_p_counter_index_rtl_0" with the following parameter:
    Info (12134): Parameter "OPERATION_MODE" = "BIDIR_DUAL_PORT"
    Info (12134): Parameter "WIDTH_A" = "13"
    Info (12134): Parameter "WIDTH_B" = "13"
    Info (12134): Parameter "WIDTHAD_A" = "13"
    Info (12134): Parameter "WIDTHAD_B" = "13"
    Info (12134): Parameter "NUMWORDS_A" = "8192"
    Info (12134): Parameter "NUMWORDS_B" = "8192"
    Info (12134): Parameter "OUTDATA_REG_A" = "UNREGISTERED"
    Info (12134): Parameter "OUTDATA_REG_B" = "UNREGISTERED"
    Info (12134): Parameter "ADDRESS_REG_B" = "CLOCK0"
    Info (12134): Parameter "INDATA_REG_B" = "CLOCK0"
    Info (12134): Parameter "WRCONTROL_WRADDRESS_REG_B" = "CLOCK0"
    Info (12134): Parameter "INDATA_ACLR_A" = "NONE"
    Info (12134): Parameter "WRCONTROL_ACLR_A" = "NONE"
    Info (12134): Parameter "ADDRESS_ACLR_A" = "NONE"
    Info (12134): Parameter "ADDRESS_ACLR_B" = "NONE"
    Info (12134): Parameter "OUTDATA_ACLR_B" = "NONE"
    Info (12134): Parameter "READ_DURING_WRITE_MODE_MIXED_PORTS" = "OLD_DATA"
Info (12021): Found 1 design units, including 1 entities, in source file db/altsyncram_tnq1.tdf
    Info (12023): Found entity 1: altsyncram_tnq1 File: /media/nisitha/My_Passport/MOODLE/P4_Networking/Compiler_design/p4_to_rtl/generated/fiveTuple/db/altsyncram_tnq1.tdf Line: 28
Info (12130): Elaborated megafunction instantiation "processing_generated:u_proc|FiveTuple_table:u_FiveTuple|altsyncram:mem_p_pcp_rtl_0"
Info (12133): Instantiated megafunction "processing_generated:u_proc|FiveTuple_table:u_FiveTuple|altsyncram:mem_p_pcp_rtl_0" with the following parameter:
    Info (12134): Parameter "OPERATION_MODE" = "BIDIR_DUAL_PORT"
    Info (12134): Parameter "WIDTH_A" = "3"
    Info (12134): Parameter "WIDTH_B" = "3"
    Info (12134): Parameter "WIDTHAD_A" = "13"
    Info (12134): Parameter "WIDTHAD_B" = "13"
    Info (12134): Parameter "NUMWORDS_A" = "8192"
    Info (12134): Parameter "NUMWORDS_B" = "8192"
    Info (12134): Parameter "OUTDATA_REG_A" = "UNREGISTERED"
    Info (12134): Parameter "OUTDATA_REG_B" = "UNREGISTERED"
    Info (12134): Parameter "ADDRESS_REG_B" = "CLOCK0"
    Info (12134): Parameter "INDATA_REG_B" = "CLOCK0"
    Info (12134): Parameter "WRCONTROL_WRADDRESS_REG_B" = "CLOCK0"
    Info (12134): Parameter "INDATA_ACLR_A" = "NONE"
    Info (12134): Parameter "WRCONTROL_ACLR_A" = "NONE"
    Info (12134): Parameter "ADDRESS_ACLR_A" = "NONE"
    Info (12134): Parameter "ADDRESS_ACLR_B" = "NONE"
    Info (12134): Parameter "OUTDATA_ACLR_B" = "NONE"
    Info (12134): Parameter "READ_DURING_WRITE_MODE_MIXED_PORTS" = "OLD_DATA"
Info (12021): Found 1 design units, including 1 entities, in source file db/altsyncram_rkq1.tdf
    Info (12023): Found entity 1: altsyncram_rkq1 File: /media/nisitha/My_Passport/MOODLE/P4_Networking/Compiler_design/p4_to_rtl/generated/fiveTuple/db/altsyncram_rkq1.tdf Line: 28
Info (12130): Elaborated megafunction instantiation "processing_generated:u_proc|FiveTuple_table:u_FiveTuple|altsyncram:mem_p_vid_rtl_0"
Info (12133): Instantiated megafunction "processing_generated:u_proc|FiveTuple_table:u_FiveTuple|altsyncram:mem_p_vid_rtl_0" with the following parameter:
    Info (12134): Parameter "OPERATION_MODE" = "BIDIR_DUAL_PORT"
    Info (12134): Parameter "WIDTH_A" = "12"
    Info (12134): Parameter "WIDTH_B" = "12"
    Info (12134): Parameter "WIDTHAD_A" = "13"
    Info (12134): Parameter "WIDTHAD_B" = "13"
    Info (12134): Parameter "NUMWORDS_A" = "8192"
    Info (12134): Parameter "NUMWORDS_B" = "8192"
    Info (12134): Parameter "OUTDATA_REG_A" = "UNREGISTERED"
    Info (12134): Parameter "OUTDATA_REG_B" = "UNREGISTERED"
    Info (12134): Parameter "ADDRESS_REG_B" = "CLOCK0"
    Info (12134): Parameter "INDATA_REG_B" = "CLOCK0"
    Info (12134): Parameter "WRCONTROL_WRADDRESS_REG_B" = "CLOCK0"
    Info (12134): Parameter "INDATA_ACLR_A" = "NONE"
    Info (12134): Parameter "WRCONTROL_ACLR_A" = "NONE"
    Info (12134): Parameter "ADDRESS_ACLR_A" = "NONE"
    Info (12134): Parameter "ADDRESS_ACLR_B" = "NONE"
    Info (12134): Parameter "OUTDATA_ACLR_B" = "NONE"
    Info (12134): Parameter "READ_DURING_WRITE_MODE_MIXED_PORTS" = "OLD_DATA"
Info (12021): Found 1 design units, including 1 entities, in source file db/altsyncram_rnq1.tdf
    Info (12023): Found entity 1: altsyncram_rnq1 File: /media/nisitha/My_Passport/MOODLE/P4_Networking/Compiler_design/p4_to_rtl/generated/fiveTuple/db/altsyncram_rnq1.tdf Line: 28
Info (12130): Elaborated megafunction instantiation "PacketCounter_counter:u_PacketCounter|altsyncram:pkt_mem_rtl_0"
Info (12133): Instantiated megafunction "PacketCounter_counter:u_PacketCounter|altsyncram:pkt_mem_rtl_0" with the following parameter:
    Info (12134): Parameter "OPERATION_MODE" = "BIDIR_DUAL_PORT"
    Info (12134): Parameter "WIDTH_A" = "64"
    Info (12134): Parameter "WIDTH_B" = "64"
    Info (12134): Parameter "WIDTHAD_A" = "13"
    Info (12134): Parameter "WIDTHAD_B" = "13"
    Info (12134): Parameter "NUMWORDS_A" = "8192"
    Info (12134): Parameter "NUMWORDS_B" = "8192"
    Info (12134): Parameter "OUTDATA_REG_A" = "UNREGISTERED"
    Info (12134): Parameter "OUTDATA_REG_B" = "UNREGISTERED"
    Info (12134): Parameter "ADDRESS_REG_B" = "CLOCK0"
    Info (12134): Parameter "INDATA_REG_B" = "CLOCK0"
    Info (12134): Parameter "WRCONTROL_WRADDRESS_REG_B" = "CLOCK0"
    Info (12134): Parameter "INDATA_ACLR_A" = "NONE"
    Info (12134): Parameter "WRCONTROL_ACLR_A" = "NONE"
    Info (12134): Parameter "ADDRESS_ACLR_A" = "NONE"
    Info (12134): Parameter "ADDRESS_ACLR_B" = "NONE"
    Info (12134): Parameter "OUTDATA_ACLR_B" = "NONE"
    Info (12134): Parameter "READ_DURING_WRITE_MODE_MIXED_PORTS" = "OLD_DATA"
Info (12021): Found 1 design units, including 1 entities, in source file db/altsyncram_9oq1.tdf
    Info (12023): Found entity 1: altsyncram_9oq1 File: /media/nisitha/My_Passport/MOODLE/P4_Networking/Compiler_design/p4_to_rtl/generated/fiveTuple/db/altsyncram_9oq1.tdf Line: 28
Warning (13024): Output pins are stuck at VCC or GND
    Warning (13410): Pin "s_axil_bresp[0]" is stuck at GND File: /media/nisitha/My_Passport/MOODLE/P4_Networking/Compiler_design/p4_to_rtl/generated/fiveTuple/fiveTuple_top.sv Line: 30
    Warning (13410): Pin "s_axil_bresp[1]" is stuck at GND File: /media/nisitha/My_Passport/MOODLE/P4_Networking/Compiler_design/p4_to_rtl/generated/fiveTuple/fiveTuple_top.sv Line: 30
    Warning (13410): Pin "s_axil_rresp[0]" is stuck at GND File: /media/nisitha/My_Passport/MOODLE/P4_Networking/Compiler_design/p4_to_rtl/generated/fiveTuple/fiveTuple_top.sv Line: 37
    Warning (13410): Pin "s_axil_rresp[1]" is stuck at GND File: /media/nisitha/My_Passport/MOODLE/P4_Networking/Compiler_design/p4_to_rtl/generated/fiveTuple/fiveTuple_top.sv Line: 37
Info (286030): Timing-Driven Synthesis is running
Info (17049): 12 registers lost all their fanouts during netlist optimizations.
Info (17016): Found the following redundant logic cells in design
    Info (17048): Logic cell "Add333~28" File: /media/nisitha/My_Passport/MOODLE/P4_Networking/Compiler_design/p4_to_rtl/generated/fiveTuple/fiveTuple_top.sv Line: 1463
Info (144001): Generated suppressed messages file /media/nisitha/My_Passport/MOODLE/P4_Networking/Compiler_design/p4_to_rtl/generated/fiveTuple/fiveTuple.map.smsg
Info (16010): Generating hard_block partition "hard_block:auto_generated_inst"
    Info (16011): Adding 0 node(s), including 0 DDIO, 0 PLL, 0 transceiver and 0 LCELL
Warning (21074): Design contains 8 input pin(s) that do not drive logic
    Warning (15610): No output dependent on input pin "s_axil_awaddr[0]" File: /media/nisitha/My_Passport/MOODLE/P4_Networking/Compiler_design/p4_to_rtl/generated/fiveTuple/fiveTuple_top.sv Line: 23
    Warning (15610): No output dependent on input pin "s_axil_awaddr[1]" File: /media/nisitha/My_Passport/MOODLE/P4_Networking/Compiler_design/p4_to_rtl/generated/fiveTuple/fiveTuple_top.sv Line: 23
    Warning (15610): No output dependent on input pin "s_axil_wstrb[0]" File: /media/nisitha/My_Passport/MOODLE/P4_Networking/Compiler_design/p4_to_rtl/generated/fiveTuple/fiveTuple_top.sv Line: 27
    Warning (15610): No output dependent on input pin "s_axil_wstrb[1]" File: /media/nisitha/My_Passport/MOODLE/P4_Networking/Compiler_design/p4_to_rtl/generated/fiveTuple/fiveTuple_top.sv Line: 27
    Warning (15610): No output dependent on input pin "s_axil_wstrb[2]" File: /media/nisitha/My_Passport/MOODLE/P4_Networking/Compiler_design/p4_to_rtl/generated/fiveTuple/fiveTuple_top.sv Line: 27
    Warning (15610): No output dependent on input pin "s_axil_wstrb[3]" File: /media/nisitha/My_Passport/MOODLE/P4_Networking/Compiler_design/p4_to_rtl/generated/fiveTuple/fiveTuple_top.sv Line: 27
    Warning (15610): No output dependent on input pin "s_axil_araddr[0]" File: /media/nisitha/My_Passport/MOODLE/P4_Networking/Compiler_design/p4_to_rtl/generated/fiveTuple/fiveTuple_top.sv Line: 33
    Warning (15610): No output dependent on input pin "s_axil_araddr[1]" File: /media/nisitha/My_Passport/MOODLE/P4_Networking/Compiler_design/p4_to_rtl/generated/fiveTuple/fiveTuple_top.sv Line: 33
Info (21057): Implemented 54206 device resources after synthesis - the final resource count might be different
    Info (21058): Implemented 366 input pins
    Info (21059): Implemented 332 output pins
    Info (21061): Implemented 52221 logic cells
    Info (21064): Implemented 1287 RAM segments
Info: Quartus Prime Analysis & Synthesis was successful. 0 errors, 98 warnings
    Info: Peak virtual memory: 1212 megabytes
    Info: Processing ended: Wed Oct  7 15:07:17 2026
    Info: Elapsed time: 00:02:43
    Info: Total CPU time (on all processors): 00:02:48


+------------------------------------------+
; Analysis & Synthesis Suppressed Messages ;
+------------------------------------------+
The suppressed messages can be found in /media/nisitha/My_Passport/MOODLE/P4_Networking/Compiler_design/p4_to_rtl/generated/fiveTuple/fiveTuple.map.smsg.


